"Source","Target","Size","SourceSHA256","TargetSHA256","Match"
"src\App.vue","frontend\src\App.vue","256","8DD94B009901D46AB8C5047794524A42BA5C29BED42D0203C483D39285C1CD96","8DD94B009901D46AB8C5047794524A42BA5C29BED42D0203C483D39285C1CD96","True"
"src\main.ts","frontend\src\main.ts","335","9D8CDCFCA2237C89DCF2551F3C790FAF1F7F3C61A470CA7669A34F0971025A27","9D8CDCFCA2237C89DCF2551F3C790FAF1F7F3C61A470CA7669A34F0971025A27","True"
"src\vite-env.d.ts","frontend\src\vite-env.d.ts","38","65996936FBB042915F7B74A200FCDDE7E410F32A669B1AB9597CFAA4B0FADDB5","65996936FBB042915F7B74A200FCDDE7E410F32A669B1AB9597CFAA4B0FADDB5","True"
"src\assets\vue.svg","frontend\src\assets\vue.svg","496","5532DB34F1C52841881BAB8AECA6C3E8D092BD21A689A65F4D8F8CF8041EEF9D","5532DB34F1C52841881BAB8AECA6C3E8D092BD21A689A65F4D8F8CF8041EEF9D","True"
"src\components\assistant\AssistantChatArea.vue","frontend\src\components\assistant\AssistantChatArea.vue","4285","C474C9958789537189A54B612052316766FE9836DE9215561DCC7FB5DA96AE0A","C474C9958789537189A54B612052316766FE9836DE9215561DCC7FB5DA96AE0A","True"
"src\components\assistant\AssistantDataDrawer.vue","frontend\src\components\assistant\AssistantDataDrawer.vue","6645","2F89BD2ECCAA0629E92EA63CD94B0FA20C83854316E986AA77DF4CE404AA76CB","2F89BD2ECCAA0629E92EA63CD94B0FA20C83854316E986AA77DF4CE404AA76CB","True"
"src\components\assistant\AssistantInput.vue","frontend\src\components\assistant\AssistantInput.vue","8398","D0542C53ECEFD94F5280F86A87333C262A054CCA11A6A3B7D9DCAD47354F6C51","D0542C53ECEFD94F5280F86A87333C262A054CCA11A6A3B7D9DCAD47354F6C51","True"
"src\components\assistant\AssistantMessage.vue","frontend\src\components\assistant\AssistantMessage.vue","27884","671EE69B86F259070948F63C41E8CEBCCE617452DFFB02C8FEEC81257765EA92","671EE69B86F259070948F63C41E8CEBCCE617452DFFB02C8FEEC81257765EA92","True"
"src\components\assistant\AssistantSidebar.vue","frontend\src\components\assistant\AssistantSidebar.vue","6185","E638DC180078762C64D22EAA9FA7311AAE80EA6DCEF0CC2DE9F2D9696D5EB953","E638DC180078762C64D22EAA9FA7311AAE80EA6DCEF0CC2DE9F2D9696D5EB953","True"
"src\components\assistant\AssistantWelcome.vue","frontend\src\components\assistant\AssistantWelcome.vue","3299","812C5E28571FFBB569D16F897AB99BDE8FAF69E0727E4470E407F058E4270561","812C5E28571FFBB569D16F897AB99BDE8FAF69E0727E4470E407F058E4270561","True"
"src\components\carbon\CarbonBoundary.vue","frontend\src\components\carbon\CarbonBoundary.vue","8930","2D3B84438E295B4340A1B2FC4BB8E704C8B3ED8D267566398231D453EA26EC18","2D3B84438E295B4340A1B2FC4BB8E704C8B3ED8D267566398231D453EA26EC18","True"
"src\components\carbon\CarbonDetail.vue","frontend\src\components\carbon\CarbonDetail.vue","6443","08666439DD2D9259D33907B60B92FA870788434E7CBD23DF3755A649474A4AF9","08666439DD2D9259D33907B60B92FA870788434E7CBD23DF3755A649474A4AF9","True"
"src\components\carbon\CarbonNav.vue","frontend\src\components\carbon\CarbonNav.vue","1305","63963039BCCD7055CE3F96DD16BF867DED3265BDE3C65D002CED62E292CA4EB0","63963039BCCD7055CE3F96DD16BF867DED3265BDE3C65D002CED62E292CA4EB0","True"
"src\components\carbon\CarbonOverview.vue","frontend\src\components\carbon\CarbonOverview.vue","10350","81D89DDA07C355DC90160EDF4BD5A97038795D8A02CB7536623BC5F7E1172847","81D89DDA07C355DC90160EDF4BD5A97038795D8A02CB7536623BC5F7E1172847","True"
"src\components\charts\BarMetricChart.vue","frontend\src\components\charts\BarMetricChart.vue","2084","C2F9D15D1791E8AC5A310A550296A3286E9726C06228291912458B9F016A1797","C2F9D15D1791E8AC5A310A550296A3286E9726C06228291912458B9F016A1797","True"
"src\components\charts\ProgressRing.vue","frontend\src\components\charts\ProgressRing.vue","1604","D35AED25EBFD5B09B3846024DB834329AC5C685CF7CBE30E785596E40B9B5C44","D35AED25EBFD5B09B3846024DB834329AC5C685CF7CBE30E785596E40B9B5C44","True"
"src\components\charts\RingChart.vue","frontend\src\components\charts\RingChart.vue","1546","21E01F1D39F18D8BCCD9E55E7154AE422DBE00A913C565ACE594C67CB27C4A44","21E01F1D39F18D8BCCD9E55E7154AE422DBE00A913C565ACE594C67CB27C4A44","True"
"src\components\e01\E01MapSummaryCard.vue","frontend\src\components\e01\E01MapSummaryCard.vue","12619","9AF6575516A4DDC8164ECFD622FF5126ABADA35325E1DE3E7A9D1C1F141BCA21","9AF6575516A4DDC8164ECFD622FF5126ABADA35325E1DE3E7A9D1C1F141BCA21","True"
"src\components\e01\E01WorkspacePanel.vue","frontend\src\components\e01\E01WorkspacePanel.vue","18888","7967A1E5CDF9AC5794EC6D379CBB583E669E88CE50EDCF7F793AC01535D5E227","7967A1E5CDF9AC5794EC6D379CBB583E669E88CE50EDCF7F793AC01535D5E227","True"
"src\components\e02\E02ClosureAnalysisPopover.vue","frontend\src\components\e02\E02ClosureAnalysisPopover.vue","12362","C6AFA1FD93EE2C6C6E7E0B2BA331499693120C5CA679EFAB3250520DE4C71776","C6AFA1FD93EE2C6C6E7E0B2BA331499693120C5CA679EFAB3250520DE4C71776","True"
"src\components\e02\E02WorkspacePanel.vue","frontend\src\components\e02\E02WorkspacePanel.vue","15490","64C4D03988B75C0450413B732F48B9A5340330B6D728BB7BC350F69F1E777465","64C4D03988B75C0450413B732F48B9A5340330B6D728BB7BC350F69F1E777465","True"
"src\components\e03\E03ClosureAnalysisPopover.vue","frontend\src\components\e03\E03ClosureAnalysisPopover.vue","16450","D7A7549BF7601D634597FFD5C3C9811761C766CEC83D11956C6A0597D236B4BE","D7A7549BF7601D634597FFD5C3C9811761C766CEC83D11956C6A0597D236B4BE","True"
"src\components\e03\E03WorkspacePanel.vue","frontend\src\components\e03\E03WorkspacePanel.vue","15410","8AD097648CB85668C2E3307834D30D20F5B4C6D34F41FEE33DAB4E6CD4DC9A9D","8AD097648CB85668C2E3307834D30D20F5B4C6D34F41FEE33DAB4E6CD4DC9A9D","True"
"src\components\e04\E04CulturalRelicWorkspacePanel.vue","frontend\src\components\e04\E04CulturalRelicWorkspacePanel.vue","12825","EEC0E0E573C5A0EF8390DD910534C63396D7E414009DA89ADDA49737566A0063","EEC0E0E573C5A0EF8390DD910534C63396D7E414009DA89ADDA49737566A0063","True"
"src\components\gis\GisLegend.vue","frontend\src\components\gis\GisLegend.vue","549","C87B909E83D574EDEC4A5A7EF01304764D046655B91245CF25FF3646D8C2DCB3","C87B909E83D574EDEC4A5A7EF01304764D046655B91245CF25FF3646D8C2DCB3","True"
"src\components\gis\GisOverviewCesiumPanel.vue","frontend\src\components\gis\GisOverviewCesiumPanel.vue","23983","8C4340BE51C59F735AAD1E01C00651B99EC4C903FA2D313BBBFD4B3BA3CC8742","8C4340BE51C59F735AAD1E01C00651B99EC4C903FA2D313BBBFD4B3BA3CC8742","True"
"src\components\gis\GisOverviewPanel.vue","frontend\src\components\gis\GisOverviewPanel.vue","621","CD00286E780A3D5DD61FFBC55AF926D451A46AFCF31E35F2A48511CDC4F0A880","CD00286E780A3D5DD61FFBC55AF926D451A46AFCF31E35F2A48511CDC4F0A880","True"
"src\components\gis\LayerSwitch.vue","frontend\src\components\gis\LayerSwitch.vue","709","F7664845971C22279DD12F4649EE518B27BB4C6EB1737B455707139B97518161","F7664845971C22279DD12F4649EE518B27BB4C6EB1737B455707139B97518161","True"
"src\components\gis\RouteMapSvg.vue","frontend\src\components\gis\RouteMapSvg.vue","15961","3F8AD8C7E170637C37F03712E4D4008D5B27DB3986CA6578988DCD81F507973A","3F8AD8C7E170637C37F03712E4D4008D5B27DB3986CA6578988DCD81F507973A","True"
"src\components\gis\SatelliteCompareCard.vue","frontend\src\components\gis\SatelliteCompareCard.vue","5919","B6E4D7CD79E4FE18D4A714830C3C8B178BAD90281D2816F7C640321ADD00028C","B6E4D7CD79E4FE18D4A714830C3C8B178BAD90281D2816F7C640321ADD00028C","True"
"src\components\kpi\KpiCard.vue","frontend\src\components\kpi\KpiCard.vue","4169","EA6B374B00C49E1374BBC1ECE06035E62821026EFC9B3983ACC8E6E16F6D1A46","EA6B374B00C49E1374BBC1ECE06035E62821026EFC9B3983ACC8E6E16F6D1A46","True"
"src\components\kpi\KpiGroupPanel.vue","frontend\src\components\kpi\KpiGroupPanel.vue","1294","E39A7DB8C05EFD1B67F36EFAED292EDC2F9EF58582008A53B773D7A77815A9DB","E39A7DB8C05EFD1B67F36EFAED292EDC2F9EF58582008A53B773D7A77815A9DB","True"
"src\components\kpi\TopKpiGroups.vue","frontend\src\components\kpi\TopKpiGroups.vue","899","454595EA5917A58B0248C1198BC491806ADE6A599CE9AFC33FD648C6749B103D","454595EA5917A58B0248C1198BC491806ADE6A599CE9AFC33FD648C6749B103D","True"
"src\components\layout\HeaderNav.vue","frontend\src\components\layout\HeaderNav.vue","5219","6882303C5A5202FC084F83868741B104FC7C15FDE66BA80E372AE3ADF5C2B8F0","6882303C5A5202FC084F83868741B104FC7C15FDE66BA80E372AE3ADF5C2B8F0","True"
"src\components\layout\PanelCard.vue","frontend\src\components\layout\PanelCard.vue","1226","8F119005A66A0ADB1C99300BB270A5EC34AFFE26058E19B240773CC1EE024DC4","8F119005A66A0ADB1C99300BB270A5EC34AFFE26058E19B240773CC1EE024DC4","True"
"src\components\layout\ProjectStatusBar.vue","frontend\src\components\layout\ProjectStatusBar.vue","2420","0ADDAD1CC169B9784BCE4082582ACFA21E3F8A38CCB62F5337B9CB9D651DE273","0ADDAD1CC169B9784BCE4082582ACFA21E3F8A38CCB62F5337B9CB9D651DE273","True"
"src\components\master\MasterCarbonPanel.vue","frontend\src\components\master\MasterCarbonPanel.vue","3527","DA56095A386A34F47B87E9CC1535ED534AF86223D7EEFAF24568CFC307276321","DA56095A386A34F47B87E9CC1535ED534AF86223D7EEFAF24568CFC307276321","True"
"src\components\master\MasterCompliancePanel.vue","frontend\src\components\master\MasterCompliancePanel.vue","2986","7FE98874875D5FDE8D1A20602EBE49201A4E82278CE224D24A9274FD6B3569B3","7FE98874875D5FDE8D1A20602EBE49201A4E82278CE224D24A9274FD6B3569B3","True"
"src\components\master\MasterGisSection.vue","frontend\src\components\master\MasterGisSection.vue","688","E55066FB03F1F253131FBBC920DA4253383973E3202257FCA052FB4906349398","E55066FB03F1F253131FBBC920DA4253383973E3202257FCA052FB4906349398","True"
"src\components\master\MasterKpiGroupCard.vue","frontend\src\components\master\MasterKpiGroupCard.vue","1585","F90E5EE2C2955A4B6FD03396ECFFF9ACE4FEA26F3E5CE8411206BA8B2B36EF16","F90E5EE2C2955A4B6FD03396ECFFF9ACE4FEA26F3E5CE8411206BA8B2B36EF16","True"
"src\components\master\MasterKpiSection.vue","frontend\src\components\master\MasterKpiSection.vue","616","E170E546D0BB8B6F7BC824F6A07B703B8289EFC58629888C4178EF7235E9E7EF","E170E546D0BB8B6F7BC824F6A07B703B8289EFC58629888C4178EF7235E9E7EF","True"
"src\components\master\MasterKpiSubCard.vue","frontend\src\components\master\MasterKpiSubCard.vue","3306","3AC20A21EA0A5695D73FAF232FC178713990B1E9CBA7706996BA24F1C0F87F38","3AC20A21EA0A5695D73FAF232FC178713990B1E9CBA7706996BA24F1C0F87F38","True"
"src\components\master\MasterMonthlyReportPanel.vue","frontend\src\components\master\MasterMonthlyReportPanel.vue","4485","9E5B1712414F48DBB0DAC138F7E7C52605C7C3E6660795015B5273CC1A4D3539","9E5B1712414F48DBB0DAC138F7E7C52605C7C3E6660795015B5273CC1A4D3539","True"
"src\components\master\MasterRightPanels.vue","frontend\src\components\master\MasterRightPanels.vue","396","172D5EB5B1D81CB647B13F67CC2D42B0849E2B9B5FE8F5DA54E3AD3AC45B5C67","172D5EB5B1D81CB647B13F67CC2D42B0849E2B9B5FE8F5DA54E3AD3AC45B5C67","True"
"src\components\master\MasterTimeline.vue","frontend\src\components\master\MasterTimeline.vue","2159","B423B91F581B311D02967C22AB943A3661022868F3F2484844306D507ABDE3E5","B423B91F581B311D02967C22AB943A3661022868F3F2484844306D507ABDE3E5","True"
"src\components\master\MasterTopBar.vue","frontend\src\components\master\MasterTopBar.vue","640","71A9CE40E68B0ADCE89D2188241F0185D4AAC3FF52A288559B0E616E0513155B","71A9CE40E68B0ADCE89D2188241F0185D4AAC3FF52A288559B0E616E0513155B","True"
"src\components\modal\CarbonBenefitModal.vue","frontend\src\components\modal\CarbonBenefitModal.vue","71971","4AD1C353CA61587F7449A8B9C7FB592072BE2E20F1D9E998DE192760F77DADFC","4AD1C353CA61587F7449A8B9C7FB592072BE2E20F1D9E998DE192760F77DADFC","True"
"src\components\modal\E04CarbonEmissionModal.vue","frontend\src\components\modal\E04CarbonEmissionModal.vue","23487","1425ECD459160A61C22BEE08A80AB3FB28D19B243C2C7AAB722EBD9A6F0B9704","1425ECD459160A61C22BEE08A80AB3FB28D19B243C2C7AAB722EBD9A6F0B9704","True"
"src\components\modal\G01ApprovalModal.vue","frontend\src\components\modal\G01ApprovalModal.vue","28886","8DDFDE7C2DB989C1E84B01946846495B84BD0277F65D2E352A32BB41B81A1570","8DDFDE7C2DB989C1E84B01946846495B84BD0277F65D2E352A32BB41B81A1570","True"
"src\components\modal\G02LicenseModal.vue","frontend\src\components\modal\G02LicenseModal.vue","28842","FB33CE94F02655888191E41DB254BDD360363B33D8BCEA1CD8479C5ECC0B542F","FB33CE94F02655888191E41DB254BDD360363B33D8BCEA1CD8479C5ECC0B542F","True"
"src\components\modal\G03ContractorEvalModal.vue","frontend\src\components\modal\G03ContractorEvalModal.vue","3706","F862B3CB460AFB92CB8497B51275E29374A3C5B1C26F4A77DA1B427DEB51A324","F862B3CB460AFB92CB8497B51275E29374A3C5B1C26F4A77DA1B427DEB51A324","True"
"src\components\modal\G03DesignChangeModal.vue","frontend\src\components\modal\G03DesignChangeModal.vue","9529","0028AE0FE4FA067E7E4DD89DF26FEDA5EE23DEFB454550B0976B1A4257FAEAE6","0028AE0FE4FA067E7E4DD89DF26FEDA5EE23DEFB454550B0976B1A4257FAEAE6","True"
"src\components\modal\G03RectificationModal.vue","frontend\src\components\modal\G03RectificationModal.vue","30752","FF79B3497EF5A0F3BE9D35835A3748FFF48E106B807B361C562262755E264BF8","FF79B3497EF5A0F3BE9D35835A3748FFF48E106B807B361C562262755E264BF8","True"
"src\components\modal\G04ComplianceModal.vue","frontend\src\components\modal\G04ComplianceModal.vue","29792","CD4C4C326444215652767A8EDEFD614E60BD13C0BC007B6B4237C75683374A3F","CD4C4C326444215652767A8EDEFD614E60BD13C0BC007B6B4237C75683374A3F","True"
"src\components\modal\KpiDetailModal.vue","frontend\src\components\modal\KpiDetailModal.vue","148152","414DDAB699D7E04679295A15BFCABAACEE2BA04A51302C390EF19A05DFBF42DB","414DDAB699D7E04679295A15BFCABAACEE2BA04A51302C390EF19A05DFBF42DB","True"
"src\components\modal\MonthlyReportModal.vue","frontend\src\components\modal\MonthlyReportModal.vue","60961","85872DB0E26B72102AC4BEC823A644013595EA3BE48EEE8729E6B7C0D15779E3","85872DB0E26B72102AC4BEC823A644013595EA3BE48EEE8729E6B7C0D15779E3","True"
"src\components\modal\S01SafetyProductionModal.vue","frontend\src\components\modal\S01SafetyProductionModal.vue","23526","B124570A51F75B5283A2F167E65C2D96ADD6E4FDBED839BBEFEA411F2BE1CC5F","B124570A51F75B5283A2F167E65C2D96ADD6E4FDBED839BBEFEA411F2BE1CC5F","True"
"src\components\modal\S02SafetyRiskModal.vue","frontend\src\components\modal\S02SafetyRiskModal.vue","31112","913429F3D21D82FDEE0A8725A17C615183F3ACA7006FFC16BA470D6F384678E2","913429F3D21D82FDEE0A8725A17C615183F3ACA7006FFC16BA470D6F384678E2","True"
"src\components\modal\S03LaborDisputeModal.vue","frontend\src\components\modal\S03LaborDisputeModal.vue","27584","EEE985CD7548D268C7ECFB7EABDDA507E8A842B823374DCFEE9B706CF5724399","EEE985CD7548D268C7ECFB7EABDDA507E8A842B823374DCFEE9B706CF5724399","True"
"src\components\modal\S04MassAppealModal.vue","frontend\src\components\modal\S04MassAppealModal.vue","31161","C762550F74F9F89F7D1CC8FDB8AD2C515766D7E182DAECE04C2767C6D1761AA5","C762550F74F9F89F7D1CC8FDB8AD2C515766D7E182DAECE04C2767C6D1761AA5","True"
"src\components\panels\CarbonBenefitPanel.vue","frontend\src\components\panels\CarbonBenefitPanel.vue","7149","36DEA62178AE415DD6AEBC7CD93D57CAFC6072217A8E8D9BA5FBD0CCD66E2178","36DEA62178AE415DD6AEBC7CD93D57CAFC6072217A8E8D9BA5FBD0CCD66E2178","True"
"src\components\panels\ComplianceRiskPanel.vue","frontend\src\components\panels\ComplianceRiskPanel.vue","9930","4929EF19F836433DDAC0953EA1AB842D80862F7C465845457D25DC423896359E","4929EF19F836433DDAC0953EA1AB842D80862F7C465845457D25DC423896359E","True"
"src\components\panels\ConstructionTimeline.vue","frontend\src\components\panels\ConstructionTimeline.vue","835","7146F7BF5478F30051F996D6DE5E3CC949F7E4AC9E2926043B32911352787DF5","7146F7BF5478F30051F996D6DE5E3CC949F7E4AC9E2926043B32911352787DF5","True"
"src\components\panels\GisOverviewPanel.vue","frontend\src\components\panels\GisOverviewPanel.vue","7736","187F47DFCE367B9ED44E4B086D09A15CF5C573E90FB6D9138663E0E49F0682CC","187F47DFCE367B9ED44E4B086D09A15CF5C573E90FB6D9138663E0E49F0682CC","True"
"src\components\panels\MonthlyReportPanel.vue","frontend\src\components\panels\MonthlyReportPanel.vue","8654","42A1205577D607FB7A9758C9E3A10C4B4B23579683C4BE6453CE6BBC1A678A67","42A1205577D607FB7A9758C9E3A10C4B4B23579683C4BE6453CE6BBC1A678A67","True"
"src\components\s02\S02ClosureAnalysisPopover.vue","frontend\src\components\s02\S02ClosureAnalysisPopover.vue","12809","536E8AE2AC2DE8DF4665870676754503B0DB4CACC3E63D150471C448FD33BF2D","536E8AE2AC2DE8DF4665870676754503B0DB4CACC3E63D150471C448FD33BF2D","True"
"src\components\s02\S02MapSummaryCard.vue","frontend\src\components\s02\S02MapSummaryCard.vue","6179","AC78F191B8DA7C5ADEF13F6CA299989AAFD795B6EC04C0E5161F10F222458937","AC78F191B8DA7C5ADEF13F6CA299989AAFD795B6EC04C0E5161F10F222458937","True"
"src\components\s02\S02WorkspacePanel.vue","frontend\src\components\s02\S02WorkspacePanel.vue","12235","7EBA32670EAC98090F2259430CB294FD7604E92825CAD1952DB63B6EDAC9019C","7EBA32670EAC98090F2259430CB294FD7604E92825CAD1952DB63B6EDAC9019C","True"
"src\components\workspace\TaskModal.vue","frontend\src\components\workspace\TaskModal.vue","37890","F64E2D49A3C4CE39014AEDB042D88B3816A2565737AAC7E3F7B1DAAB2E541A21","F64E2D49A3C4CE39014AEDB042D88B3816A2565737AAC7E3F7B1DAAB2E541A21","True"
"src\components\workspace\WorkspaceDocuments.vue","frontend\src\components\workspace\WorkspaceDocuments.vue","48916","3E82D844901C197BCE2E4DB47E43F03C57ACE8328C3C832BEFC1DE0114144B3B","3E82D844901C197BCE2E4DB47E43F03C57ACE8328C3C832BEFC1DE0114144B3B","True"
"src\components\workspace\WorkspaceHome.vue","frontend\src\components\workspace\WorkspaceHome.vue","13970","D25AA6023539EE1559861CE6490ABC7DEA3F25B1776AA50C24739F40D2F50C05","D25AA6023539EE1559861CE6490ABC7DEA3F25B1776AA50C24739F40D2F50C05","True"
"src\components\workspace\WorkspaceNav.vue","frontend\src\components\workspace\WorkspaceNav.vue","1488","99258F46D1622050D5FFB4930A093695D542773E6189E42044030F621CB06F73","99258F46D1622050D5FFB4930A093695D542773E6189E42044030F621CB06F73","True"
"src\components\workspace\WorkspaceReview.vue","frontend\src\components\workspace\WorkspaceReview.vue","45312","83019606528F28490216508D3BF6FB121D95BFA9C4EA20A5C5060B6C00B124CA","83019606528F28490216508D3BF6FB121D95BFA9C4EA20A5C5060B6C00B124CA","True"
"src\components\workspace\WorkspaceSmartEntry.vue","frontend\src\components\workspace\WorkspaceSmartEntry.vue","49900","AC05A73E5F3A105680BB0DEEF3E61D35812EAA62D421F907A4AF033A575835BC","AC05A73E5F3A105680BB0DEEF3E61D35812EAA62D421F907A4AF033A575835BC","True"
"src\components\workspace\WorkspaceSmartUpload.vue","frontend\src\components\workspace\WorkspaceSmartUpload.vue","64231","5EFFBD49B8A12C7C9AFA598F0013FC27D33F2A1F8BB0F51C251C0A0773EA82A3","5EFFBD49B8A12C7C9AFA598F0013FC27D33F2A1F8BB0F51C251C0A0773EA82A3","True"
"src\components\workspace\WorkspaceTasks.vue","frontend\src\components\workspace\WorkspaceTasks.vue","18837","115C59B2B1E2C6BA12D86FF6D27C2F9C4D1CDE89ACEC62A33F2F24D7D6262FDF","115C59B2B1E2C6BA12D86FF6D27C2F9C4D1CDE89ACEC62A33F2F24D7D6262FDF","True"
"src\composables\useMotionMode.ts","frontend\src\composables\useMotionMode.ts","1478","A03A5B440E06D2791297FBDE0C4B2A465A3F6F5AF8FD17C86E830097FA26F88E","A03A5B440E06D2791297FBDE0C4B2A465A3F6F5AF8FD17C86E830097FA26F88E","True"
"src\config\gis.config.ts","frontend\src\config\gis.config.ts","570","88DC6CA06B6D9D4A70987A471C03AD88C06924084FA85BA34686AC89E590DD1E","88DC6CA06B6D9D4A70987A471C03AD88C06924084FA85BA34686AC89E590DD1E","True"
"src\data\assistant.mock.ts","frontend\src\data\assistant.mock.ts","11058","817A2DFE6809CEDAFDAA2EB4F5797951D0CF1642B54854B45DFF5AC67FD7C535","817A2DFE6809CEDAFDAA2EB4F5797951D0CF1642B54854B45DFF5AC67FD7C535","True"
"src\data\dashboard.mock.ts","frontend\src\data\dashboard.mock.ts","42336","870DE16AD2B68CD01955A424E273311914EDBD96ED7C4F147E8D264B11DB6F9E","870DE16AD2B68CD01955A424E273311914EDBD96ED7C4F147E8D264B11DB6F9E","True"
"src\data\e01-workspace.mock.ts","frontend\src\data\e01-workspace.mock.ts","8754","4CEEBDEB0F5E4023572217A3B7A515AFE14CC96C162AAB256A8761251B71EA36","4CEEBDEB0F5E4023572217A3B7A515AFE14CC96C162AAB256A8761251B71EA36","True"
"src\data\e02-objects.mock.ts","frontend\src\data\e02-objects.mock.ts","4893","7B5A6FB1D52251ABB53156375827FE595AABCBBF39B0A3E6985978FD0419652C","7B5A6FB1D52251ABB53156375827FE595AABCBBF39B0A3E6985978FD0419652C","True"
"src\data\e03-ecology.mock.ts","frontend\src\data\e03-ecology.mock.ts","3966","9A01EDF434901B3E049F5FE732EB951670255FA9E207D4BB191ACF806CE66F07","9A01EDF434901B3E049F5FE732EB951670255FA9E207D4BB191ACF806CE66F07","True"
"src\data\e04-cultural.mock.ts","frontend\src\data\e04-cultural.mock.ts","3952","9533DB13DD5D2641C0066961B3885628A9C1BF25E1D554184C50434209EABF86","9533DB13DD5D2641C0066961B3885628A9C1BF25E1D554184C50434209EABF86","True"
"src\data\esg-home.mock.ts","frontend\src\data\esg-home.mock.ts","4944","8A7EAB4376F84D23A1D9E966CD9DF57418863F23129813AFED9A9355FD4A51BB","8A7EAB4376F84D23A1D9E966CD9DF57418863F23129813AFED9A9355FD4A51BB","True"
"src\data\esg-smart-entry-analysis.mock.json","frontend\src\data\esg-smart-entry-analysis.mock.json","10261","40392430BF10768C554A3FC761D0AF93DF0AE2456FF6E6882CC456CB0BFAE7D1","40392430BF10768C554A3FC761D0AF93DF0AE2456FF6E6882CC456CB0BFAE7D1","True"
"src\data\kpi-catalog.ts","frontend\src\data\kpi-catalog.ts","2906","F73A76A150FF86B1DBD36470814B767970CC195FDBD4B6BA378CE4EDD2000F75","F73A76A150FF86B1DBD36470814B767970CC195FDBD4B6BA378CE4EDD2000F75","True"
"src\data\master.mock.ts","frontend\src\data\master.mock.ts","9333","7322EE3E8B482B4343681BBABDA425B5C7C69E425260A1FB83E008A528FA01C4","7322EE3E8B482B4343681BBABDA425B5C7C69E425260A1FB83E008A528FA01C4","True"
"src\data\monthly-readiness.mock.ts","frontend\src\data\monthly-readiness.mock.ts","1617","77656F5A6E71059A0026FD58CF7AFE9EA48416C199B39E05F045F8AD844DF432","77656F5A6E71059A0026FD58CF7AFE9EA48416C199B39E05F045F8AD844DF432","True"
"src\data\workspace.mock.ts","frontend\src\data\workspace.mock.ts","32143","9A79C26CE831A67216F413EA1AA69BAD34ED3BDACF74D9480F839E09E41933BF","9A79C26CE831A67216F413EA1AA69BAD34ED3BDACF74D9480F839E09E41933BF","True"
"src\modules\traffic-gis-overview\index.ts","frontend\src\modules\traffic-gis-overview\index.ts","184","EE41CF5596164166C048F315FF8DE6DF7B68904B16376A88F2E8F27684141E39","EE41CF5596164166C048F315FF8DE6DF7B68904B16376A88F2E8F27684141E39","True"
"src\modules\traffic-gis-overview\README.md","frontend\src\modules\traffic-gis-overview\README.md","2094","0238D5C465EE36860E1BF99D89801A56DB058DF19B23EA70672D3C3828F80847","0238D5C465EE36860E1BF99D89801A56DB058DF19B23EA70672D3C3828F80847","True"
"src\modules\traffic-gis-overview\adapters\http-adapter.ts","frontend\src\modules\traffic-gis-overview\adapters\http-adapter.ts","2271","B6A7178E426AEBD47CD0514587EC0C9675ED62443907D27B838E6B42199F118E","B6A7178E426AEBD47CD0514587EC0C9675ED62443907D27B838E6B42199F118E","True"
"src\modules\traffic-gis-overview\adapters\index.ts","frontend\src\modules\traffic-gis-overview\adapters\index.ts","157","1251E2F43B960E82BF1347E970B6F5185F32BE5FD4AA1DB9A874625D1F560EC8","1251E2F43B960E82BF1347E970B6F5185F32BE5FD4AA1DB9A874625D1F560EC8","True"
"src\modules\traffic-gis-overview\adapters\mock-adapter.ts","frontend\src\modules\traffic-gis-overview\adapters\mock-adapter.ts","813","87BD9C3FFE200BB4A7AF76122932AC291D402BF7D21B2A415B300070690359ED","87BD9C3FFE200BB4A7AF76122932AC291D402BF7D21B2A415B300070690359ED","True"
"src\modules\traffic-gis-overview\adapters\shp-adapter.ts","frontend\src\modules\traffic-gis-overview\adapters\shp-adapter.ts","8030","2A1CAD7A52067A974F5AAAFBFD34375666C0D2DAD8652FB4E09D58D7CABD35D8","2A1CAD7A52067A974F5AAAFBFD34375666C0D2DAD8652FB4E09D58D7CABD35D8","True"
"src\modules\traffic-gis-overview\assets\SpatialAssetStore.ts","frontend\src\modules\traffic-gis-overview\assets\SpatialAssetStore.ts","2618","145D2700323500BD29A585B1B7D8820C5787C03598DE44AE8A4796EB300ACFF0","145D2700323500BD29A585B1B7D8820C5787C03598DE44AE8A4796EB300ACFF0","True"
"src\modules\traffic-gis-overview\cesium\core\CameraManager.ts","frontend\src\modules\traffic-gis-overview\cesium\core\CameraManager.ts","9525","C88F67C6E3726AB5C97228B9C3CF484BA01C4472ED43B784A0A7977AFFCBDB14","C88F67C6E3726AB5C97228B9C3CF484BA01C4472ED43B784A0A7977AFFCBDB14","True"
"src\modules\traffic-gis-overview\cesium\core\CoordinateAdapter.ts","frontend\src\modules\traffic-gis-overview\cesium\core\CoordinateAdapter.ts","4068","017F81F5C413E9EAC7E868766DB63640D71BA346B9B550F20F53F9B88AC8C9E1","017F81F5C413E9EAC7E868766DB63640D71BA346B9B550F20F53F9B88AC8C9E1","True"
"src\modules\traffic-gis-overview\cesium\core\ViewerManager.ts","frontend\src\modules\traffic-gis-overview\cesium\core\ViewerManager.ts","2149","B1E7C69E1F76298B6FEC9BFFF000028F340EF192F044780D0D4028F556AB85BA","B1E7C69E1F76298B6FEC9BFFF000028F340EF192F044780D0D4028F556AB85BA","True"
"src\modules\traffic-gis-overview\cesium\interaction\HighlightManager.ts","frontend\src\modules\traffic-gis-overview\cesium\interaction\HighlightManager.ts","1564","0A94F167B6DC2C3134315633EEBC82240BA41CD75C346E9A9E8570F68C645044","0A94F167B6DC2C3134315633EEBC82240BA41CD75C346E9A9E8570F68C645044","True"
"src\modules\traffic-gis-overview\cesium\interaction\PickManager.ts","frontend\src\modules\traffic-gis-overview\cesium\interaction\PickManager.ts","2307","00E952784B5DBF02FD5DEF592169055FE0135204AA20578E845702846798738B","00E952784B5DBF02FD5DEF592169055FE0135204AA20578E845702846798738B","True"
"src\modules\traffic-gis-overview\cesium\layers\BasemapManager.ts","frontend\src\modules\traffic-gis-overview\cesium\layers\BasemapManager.ts","1505","285CFA47C6EB30AE44DDBEC721C2D510E313F8A9B5DE58B2B6973B0CC9EA9D9B","285CFA47C6EB30AE44DDBEC721C2D510E313F8A9B5DE58B2B6973B0CC9EA9D9B","True"
"src\modules\traffic-gis-overview\cesium\layers\DesignKmlLayerManager.ts","frontend\src\modules\traffic-gis-overview\cesium\layers\DesignKmlLayerManager.ts","24117","3F1D3BE8DB2A5EDA7F6B566363D7F58F1F213E02B703182C472607AE5931B55D","3F1D3BE8DB2A5EDA7F6B566363D7F58F1F213E02B703182C472607AE5931B55D","True"
"src\modules\traffic-gis-overview\cesium\layers\HistoricalCompareManager.ts","frontend\src\modules\traffic-gis-overview\cesium\layers\HistoricalCompareManager.ts","1316","99E2686FFC80EE361DB2A0CB7781E3D34E811A670AC9763B82C440968545144B","99E2686FFC80EE361DB2A0CB7781E3D34E811A670AC9763B82C440968545144B","True"
"src\modules\traffic-gis-overview\cesium\layers\LayerRegistry.ts","frontend\src\modules\traffic-gis-overview\cesium\layers\LayerRegistry.ts","729","9C548388552E8C6F8B6B81479352C416DCF133FAD27CC81033A5C32BB574F3AD","9C548388552E8C6F8B6B81479352C416DCF133FAD27CC81033A5C32BB574F3AD","True"
"src\modules\traffic-gis-overview\cesium\layers\SpatialAssetManager.ts","frontend\src\modules\traffic-gis-overview\cesium\layers\SpatialAssetManager.ts","5288","E4084E8F0D9F4A921126E132D12BF59A7068CC026BF435954E4CEC5BB91E0258","E4084E8F0D9F4A921126E132D12BF59A7068CC026BF435954E4CEC5BB91E0258","True"
"src\modules\traffic-gis-overview\cesium\layers\spx-kml.worker.ts","frontend\src\modules\traffic-gis-overview\cesium\layers\spx-kml.worker.ts","3064","B0EF92C4D7CD3F9B6C87A71DD4F32B1E236081FB6F0A13C05CA82F3FA0381A0B","B0EF92C4D7CD3F9B6C87A71DD4F32B1E236081FB6F0A13C05CA82F3FA0381A0B","True"
"src\modules\traffic-gis-overview\cesium\layers\SpxPrimitiveLayer.ts","frontend\src\modules\traffic-gis-overview\cesium\layers\SpxPrimitiveLayer.ts","6540","1085432699E1A663DDABB59BEE2D933F3639ACCFED08265FCADA5CDB6C328F02","1085432699E1A663DDABB59BEE2D933F3639ACCFED08265FCADA5CDB6C328F02","True"
"src\modules\traffic-gis-overview\cesium\renderers\PointRenderer.ts","frontend\src\modules\traffic-gis-overview\cesium\renderers\PointRenderer.ts","5848","8F56883B953F46C7103E88980D9484CA97E5FDC5063DB47891565FBDCC3F04F2","8F56883B953F46C7103E88980D9484CA97E5FDC5063DB47891565FBDCC3F04F2","True"
"src\modules\traffic-gis-overview\cesium\renderers\PolygonRenderer.ts","frontend\src\modules\traffic-gis-overview\cesium\renderers\PolygonRenderer.ts","5784","0F00D0AB50D6288F13CF4403799BD2569424987686FFB11EABCB45686C7CB7FB","0F00D0AB50D6288F13CF4403799BD2569424987686FFB11EABCB45686C7CB7FB","True"
"src\modules\traffic-gis-overview\cesium\renderers\PolylineRenderer.ts","frontend\src\modules\traffic-gis-overview\cesium\renderers\PolylineRenderer.ts","3460","2BADDCE23034982B29B085B2B362BEB7F39EAA519C29E1D78EB71D1840D79F22","2BADDCE23034982B29B085B2B362BEB7F39EAA519C29E1D78EB71D1840D79F22","True"
"src\modules\traffic-gis-overview\cesium\renderers\render-utils.ts","frontend\src\modules\traffic-gis-overview\cesium\renderers\render-utils.ts","7061","6BEFBA939E420BAA078E750B016C88A42F426BE90B456EA11DBCD50FE6A1605B","6BEFBA939E420BAA078E750B016C88A42F426BE90B456EA11DBCD50FE6A1605B","True"
"src\modules\traffic-gis-overview\cesium\renderers\TilesetRenderer.ts","frontend\src\modules\traffic-gis-overview\cesium\renderers\TilesetRenderer.ts","363","C679D531FBEC0024D955B0FD29AB0743326E10324B3A5ED4F5BCB82D75C1F000","C679D531FBEC0024D955B0FD29AB0743326E10324B3A5ED4F5BCB82D75C1F000","True"
"src\modules\traffic-gis-overview\components\BusinessLinksPanel.vue","frontend\src\modules\traffic-gis-overview\components\BusinessLinksPanel.vue","10364","73D9A692D92A81037491C8CACA6DA40FC46E2E2142F4E57F112EA724B408CEF7","73D9A692D92A81037491C8CACA6DA40FC46E2E2142F4E57F112EA724B408CEF7","True"
"src\modules\traffic-gis-overview\components\DesignLayerTree.vue","frontend\src\modules\traffic-gis-overview\components\DesignLayerTree.vue","12259","5AFDE5AE3970FAB562FF13B8DBE01B6F74517402BB8D458E7BA86467E262D4C1","5AFDE5AE3970FAB562FF13B8DBE01B6F74517402BB8D458E7BA86467E262D4C1","True"
"src\modules\traffic-gis-overview\components\FeatureCard.vue","frontend\src\modules\traffic-gis-overview\components\FeatureCard.vue","19973","A709AB27EDC245A793746F96A4D4D84A6E08B699F3C3AA057A651FE0104F8501","A709AB27EDC245A793746F96A4D4D84A6E08B699F3C3AA057A651FE0104F8501","True"
"src\modules\traffic-gis-overview\components\LayerControl.vue","frontend\src\modules\traffic-gis-overview\components\LayerControl.vue","13624","7DA5FEF80EE38983DA2BC37B059770650BA831A2911E190D3B61744F16471985","7DA5FEF80EE38983DA2BC37B059770650BA831A2911E190D3B61744F16471985","True"
"src\modules\traffic-gis-overview\components\MapChrome.vue","frontend\src\modules\traffic-gis-overview\components\MapChrome.vue","7868","5749FBCA2C426B8A86ADC100D8E0CD637A867088D2D2C0C445083766ABAB7B9A","5749FBCA2C426B8A86ADC100D8E0CD637A867088D2D2C0C445083766ABAB7B9A","True"
"src\modules\traffic-gis-overview\components\TrafficGisOverview.vue","frontend\src\modules\traffic-gis-overview\components\TrafficGisOverview.vue","49922","CC7920852CB69450B36138F64B7B61C39C0F444277A4EA2541791AA8EF95C6B5","CC7920852CB69450B36138F64B7B61C39C0F444277A4EA2541791AA8EF95C6B5","True"
"src\modules\traffic-gis-overview\components\TrafficLegend.vue","frontend\src\modules\traffic-gis-overview\components\TrafficLegend.vue","807","B1100FEDE8D08E9535DFEFFE5EBB0DD40CD048B48F9AB0D4B02283610E011481","B1100FEDE8D08E9535DFEFFE5EBB0DD40CD048B48F9AB0D4B02283610E011481","True"
"src\modules\traffic-gis-overview\config\basemaps.config.ts","frontend\src\modules\traffic-gis-overview\config\basemaps.config.ts","1873","6A1C96717160D8914BB4ACFA5A68E003EFFE5C60AEDA615F5704E45F9DA8B6A4","6A1C96717160D8914BB4ACFA5A68E003EFFE5C60AEDA615F5704E45F9DA8B6A4","True"
"src\modules\traffic-gis-overview\config\configuration-api.ts","frontend\src\modules\traffic-gis-overview\config\configuration-api.ts","1245","8334FE580B46554DFE2DD4B69A083426FB7E4CFBC8CC2B086F62E8FCC74B3EE3","8334FE580B46554DFE2DD4B69A083426FB7E4CFBC8CC2B086F62E8FCC74B3EE3","True"
"src\modules\traffic-gis-overview\config\design-map.config.ts","frontend\src\modules\traffic-gis-overview\config\design-map.config.ts","292","D90A90DEA45B00786D37A9C3603161E95F9B23B8374F7B806794B989EA8E6DBE","D90A90DEA45B00786D37A9C3603161E95F9B23B8374F7B806794B989EA8E6DBE","True"
"src\modules\traffic-gis-overview\config\historical-imagery.config.ts","frontend\src\modules\traffic-gis-overview\config\historical-imagery.config.ts","671","0E6D341EC647D654E4A959EF573096117422E8447EA15F4D950079B07B7467CF","0E6D341EC647D654E4A959EF573096117422E8447EA15F4D950079B07B7467CF","True"
"src\modules\traffic-gis-overview\config\layers.config.ts","frontend\src\modules\traffic-gis-overview\config\layers.config.ts","1203","5861AC825B3E4FBFC16324F479C22DABC6DB12A8EBD3ACCAA2D0A3CB25F11FA7","5861AC825B3E4FBFC16324F479C22DABC6DB12A8EBD3ACCAA2D0A3CB25F11FA7","True"
"src\modules\traffic-gis-overview\config\style-tokens.ts","frontend\src\modules\traffic-gis-overview\config\style-tokens.ts","2121","E5C0014DD2B5FA7E8C94BF902325D3D8099B5EC4296C6A68A8EC6DA72D3F50D2","E5C0014DD2B5FA7E8C94BF902325D3D8099B5EC4296C6A68A8EC6DA72D3F50D2","True"
"src\modules\traffic-gis-overview\config\traffic-gis.config.ts","frontend\src\modules\traffic-gis-overview\config\traffic-gis.config.ts","1120","47FF30E418BB968F8D71A374D3363EFB3E2B3BBEB1ECA03AD63BEC76E8B97275","47FF30E418BB968F8D71A374D3363EFB3E2B3BBEB1ECA03AD63BEC76E8B97275","True"
"src\modules\traffic-gis-overview\domain\chainage.ts","frontend\src\modules\traffic-gis-overview\domain\chainage.ts","1695","3E578911F0DB5112063FD736954CADDB34617652A53FA5A5FAD33ADDADE45F26","3E578911F0DB5112063FD736954CADDB34617652A53FA5A5FAD33ADDADE45F26","True"
"src\modules\traffic-gis-overview\mock\features.ts","frontend\src\modules\traffic-gis-overview\mock\features.ts","240","F807592D8AA0705B6CB76983EE93A8D427B5D374659447578609B13E3293E3D4","F807592D8AA0705B6CB76983EE93A8D427B5D374659447578609B13E3293E3D4","True"
"src\modules\traffic-gis-overview\tests\chainage.test.ts","frontend\src\modules\traffic-gis-overview\tests\chainage.test.ts","477","5D9E43BF0868F91EECBB6B7A546DD0100AA97D77D367410CA065C82F9DA24104","5D9E43BF0868F91EECBB6B7A546DD0100AA97D77D367410CA065C82F9DA24104","True"
"src\modules\traffic-gis-overview\tests\mock-adapter.test.ts","frontend\src\modules\traffic-gis-overview\tests\mock-adapter.test.ts","584","EE135D904E0028D20974B3AD1AABF53EB5B07B25A07498AC0E533889E12A5C8B","EE135D904E0028D20974B3AD1AABF53EB5B07B25A07498AC0E533889E12A5C8B","True"
"src\modules\traffic-gis-overview\tests\shp-data.test.ts","frontend\src\modules\traffic-gis-overview\tests\shp-data.test.ts","1008","3C724652EC40C8683D5965101A74B12270934D981F07005E2499957E0BFAAEF7","3C724652EC40C8683D5965101A74B12270934D981F07005E2499957E0BFAAEF7","True"
"src\modules\traffic-gis-overview\tests\vector-store.test.ts","frontend\src\modules\traffic-gis-overview\tests\vector-store.test.ts","1411","01420B4B0F58E25CD8A47DABE109AFEA040AD8D741703F83E03534F965D060B5","01420B4B0F58E25CD8A47DABE109AFEA040AD8D741703F83E03534F965D060B5","True"
"src\modules\traffic-gis-overview\types\design-layers.ts","frontend\src\modules\traffic-gis-overview\types\design-layers.ts","1088","ABDF09CC3BEC305A6BD5678F865F596889F8AA5364D8B6E2C5CBA64CC1635B8E","ABDF09CC3BEC305A6BD5678F865F596889F8AA5364D8B6E2C5CBA64CC1635B8E","True"
"src\modules\traffic-gis-overview\types\index.ts","frontend\src\modules\traffic-gis-overview\types\index.ts","5811","E32FD7D66A9F376D2C651C2873392F2FEB2E9954E75B3D386EFE0AF735B51B16","E32FD7D66A9F376D2C651C2873392F2FEB2E9954E75B3D386EFE0AF735B51B16","True"
"src\modules\traffic-gis-overview\vector\VectorLayerStore.ts","frontend\src\modules\traffic-gis-overview\vector\VectorLayerStore.ts","3361","85162699E02512D4C91B86FC283D0D24F68966269AA555BF54DDE98F73C5AF0F","85162699E02512D4C91B86FC283D0D24F68966269AA555BF54DDE98F73C5AF0F","True"
"src\router\index.ts","frontend\src\router\index.ts","779","61604BBC9D4F805D2CB8DF4C58069CEF82E6028340F1AF2C145C43D84966AA7B","61604BBC9D4F805D2CB8DF4C58069CEF82E6028340F1AF2C145C43D84966AA7B","True"
"src\services\api.ts","frontend\src\services\api.ts","33668","B1479AE715EF599FA1AB714A08F4C0DD15E7D36B2AFD828D7FB6006032D71177","B1479AE715EF599FA1AB714A08F4C0DD15E7D36B2AFD828D7FB6006032D71177","True"
"src\services\esgSmartEntryDemo.ts","frontend\src\services\esgSmartEntryDemo.ts","7466","A24E24B949575545B2F13B6D45FAA944C4ED3F6A3B99F18139FAD6D70EF58AED","A24E24B949575545B2F13B6D45FAA944C4ED3F6A3B99F18139FAD6D70EF58AED","True"
"src\stores\dashboard.store.ts","frontend\src\stores\dashboard.store.ts","7513","2193E00D92B720BDFFFE510E016B685939572CE67E33C89286F23A80D25C823D","2193E00D92B720BDFFFE510E016B685939572CE67E33C89286F23A80D25C823D","True"
"src\styles\dashboard.scss","frontend\src\styles\dashboard.scss","10442","710115F881392DA3562A02F12EBA444612CE799894DFDE08E5AD7589EB7C6D8D","710115F881392DA3562A02F12EBA444612CE799894DFDE08E5AD7589EB7C6D8D","True"
"src\styles\layout.scss","frontend\src\styles\layout.scss","2702","1DFD98F86E7F7C12385F2E14702CA2C7D2BC03BC95A9657543B3C3C1320EA4B0","1DFD98F86E7F7C12385F2E14702CA2C7D2BC03BC95A9657543B3C3C1320EA4B0","True"
"src\styles\master.scss","frontend\src\styles\master.scss","23415","B0FCF50F4BCF4760D0A3CCF8C820FD71D4296FE4C984A9E9132061EEED9F0DFA","B0FCF50F4BCF4760D0A3CCF8C820FD71D4296FE4C984A9E9132061EEED9F0DFA","True"
"src\styles\tokens.scss","frontend\src\styles\tokens.scss","3901","39E728612AF4979E56F6F17EFDBBA4D9DCBAD297D043D7915E43F53C92ECBBC4","39E728612AF4979E56F6F17EFDBBA4D9DCBAD297D043D7915E43F53C92ECBBC4","True"
"src\styles\workspace.scss","frontend\src\styles\workspace.scss","22467","942B7E1428E3FCD46B933640EF378DC736941A808AA8E9918E776CA1D90A0306","942B7E1428E3FCD46B933640EF378DC736941A808AA8E9918E776CA1D90A0306","True"
"src\styles\partials\_button.scss","frontend\src\styles\partials\_button.scss","4683","0078C75BA07F350BA1A7AA32F6445F85580724D6D5D0ABFAF22DCE1DA4E79521","0078C75BA07F350BA1A7AA32F6445F85580724D6D5D0ABFAF22DCE1DA4E79521","True"
"src\styles\partials\_modal.scss","frontend\src\styles\partials\_modal.scss","4712","9A2E1D8AAF5BA9FC71643251F7E5718016FA30CEAB1040F1C1290B76445140F9","9A2E1D8AAF5BA9FC71643251F7E5718016FA30CEAB1040F1C1290B76445140F9","True"
"src\styles\partials\_table.scss","frontend\src\styles\partials\_table.scss","2654","A9D558644689EDC59087E8DB8B55EC88E7DA0F56054DE493F3FCBE1CB3E256D6","A9D558644689EDC59087E8DB8B55EC88E7DA0F56054DE493F3FCBE1CB3E256D6","True"
"src\styles\partials\_tag.scss","frontend\src\styles\partials\_tag.scss","3298","B303081F35AD0ED258AA09870273785C36BD004BF73A56E1F87089FA0EFFC461","B303081F35AD0ED258AA09870273785C36BD004BF73A56E1F87089FA0EFFC461","True"
"src\types\assistant.ts","frontend\src\types\assistant.ts","3521","8ED5B038E333E1B5AE8057F08580A73EA16E0D43EFC3C72BC1550A3279E4D423","8ED5B038E333E1B5AE8057F08580A73EA16E0D43EFC3C72BC1550A3279E4D423","True"
"src\types\dashboard.ts","frontend\src\types\dashboard.ts","6948","FC5534D2527AA2D82AF34F48061AF2AF1E672D50A627DA193078BEE47C693865","FC5534D2527AA2D82AF34F48061AF2AF1E672D50A627DA193078BEE47C693865","True"
"src\types\e01.ts","frontend\src\types\e01.ts","6682","1DD51BEC428C8EAC19FCF5487F3E2F8D9647F93FCE0AC8CA2307936B70F8B311","1DD51BEC428C8EAC19FCF5487F3E2F8D9647F93FCE0AC8CA2307936B70F8B311","True"
"src\types\e02.ts","frontend\src\types\e02.ts","3423","F8ED7992FADADA210703470C9096B26235A73E6466F2B48FC4162B04005D9704","F8ED7992FADADA210703470C9096B26235A73E6466F2B48FC4162B04005D9704","True"
"src\types\e03.ts","frontend\src\types\e03.ts","3451","07C56C7A96EBF7688FEC4381B3848486290B8A320B7FF8E4C93CAEC4278DB274","07C56C7A96EBF7688FEC4381B3848486290B8A320B7FF8E4C93CAEC4278DB274","True"
"src\types\e04-cultural.ts","frontend\src\types\e04-cultural.ts","1088","507D5A95E3F6D5189BBB386237143379813232BBB8A4ECC5939958C1F908CE97","507D5A95E3F6D5189BBB386237143379813232BBB8A4ECC5939958C1F908CE97","True"
"src\types\esg-demo.ts","frontend\src\types\esg-demo.ts","2207","D6CADB46C57A2E6DC63FCC68598846EC048DFAA9C2476BB33BE89ED71C965F43","D6CADB46C57A2E6DC63FCC68598846EC048DFAA9C2476BB33BE89ED71C965F43","True"
"src\types\esg-home.ts","frontend\src\types\esg-home.ts","1577","5A6E53DBCE443E3DEFF3CF0F5362F51DCF3B98EB9DE4B492A7F2F4FC344E20EA","5A6E53DBCE443E3DEFF3CF0F5362F51DCF3B98EB9DE4B492A7F2F4FC344E20EA","True"
"src\types\monthly-report.ts","frontend\src\types\monthly-report.ts","4230","E46585C2C2CD3E095055ACA5FA2799D9BFDD8130C43998136E6952CFFCA766D6","E46585C2C2CD3E095055ACA5FA2799D9BFDD8130C43998136E6952CFFCA766D6","True"
"src\types\s02.ts","frontend\src\types\s02.ts","1846","EB825E7648C0F933432F2C928BC070322925C9734A00FAAC78E02B2BFDE99398","EB825E7648C0F933432F2C928BC070322925C9734A00FAAC78E02B2BFDE99398","True"
"src\types\workspace.ts","frontend\src\types\workspace.ts","6626","700440F11DDFECDF0199BE9864795CA04F249AED3BA303726DBB689A9B3FE942","700440F11DDFECDF0199BE9864795CA04F249AED3BA303726DBB689A9B3FE942","True"
"src\utils\assistant-business-answer.ts","frontend\src\utils\assistant-business-answer.ts","17500","AA6BE72A80B2D78A8889D1328AD1241FE4F630C85C255FCD31FC02E3A9126DF1","AA6BE72A80B2D78A8889D1328AD1241FE4F630C85C255FCD31FC02E3A9126DF1","True"
"src\utils\esg-demo.ts","frontend\src\utils\esg-demo.ts","6895","B7A55B699D45F076C2030D328FFB2C14463B729F12A22D1193FB7368192A36A2","B7A55B699D45F076C2030D328FFB2C14463B729F12A22D1193FB7368192A36A2","True"
"src\utils\esg-home.ts","frontend\src\utils\esg-home.ts","2153","431A49E3F9D68EF08B20AC699D236A66A5C43220261037FC550BE9711CCA68E6","431A49E3F9D68EF08B20AC699D236A66A5C43220261037FC550BE9711CCA68E6","True"
"src\utils\monthly-readiness.ts","frontend\src\utils\monthly-readiness.ts","1782","38FABD002247A9A838FC71293F38351F8462982852A1A5DB13D03A4618D21424","38FABD002247A9A838FC71293F38351F8462982852A1A5DB13D03A4618D21424","True"
"src\utils\section-label.ts","frontend\src\utils\section-label.ts","2249","74BE8544B25C5D74676E18697C6059E1C8B3B907E57F9178266FF5954A9B5109","74BE8544B25C5D74676E18697C6059E1C8B3B907E57F9178266FF5954A9B5109","True"
"src\utils\workspaceRefresh.ts","frontend\src\utils\workspaceRefresh.ts","968","DAB550D3FF07FA85CB7DA49A533D75FB99415C9F2FE6D4C423A225B6CBB9B996","DAB550D3FF07FA85CB7DA49A533D75FB99415C9F2FE6D4C423A225B6CBB9B996","True"
"src\views\AssistantPage.vue","frontend\src\views\AssistantPage.vue","9453","9F26CB95F7BC38380CC7CE0EF9C74F104E772D55526E8853992909F9F86C93F5","9F26CB95F7BC38380CC7CE0EF9C74F104E772D55526E8853992909F9F86C93F5","True"
"src\views\CarbonPage.vue","frontend\src\views\CarbonPage.vue","3529","422D72996F41163B996A1B8DBF7713AA344EE594F953B3F45C813B5515CDE80E","422D72996F41163B996A1B8DBF7713AA344EE594F953B3F45C813B5515CDE80E","True"
"src\views\DashboardPage.vue","frontend\src\views\DashboardPage.vue","30591","BCAC151D12E9617A89CDE060417F7B22447D1F40F2745FE562AE72C93C9BD93A","BCAC151D12E9617A89CDE060417F7B22447D1F40F2745FE562AE72C93C9BD93A","True"
"src\views\GisPreviewPage.vue","frontend\src\views\GisPreviewPage.vue","1916","053B57463C31EC9FDC9E3799E2FF90233F72CFB8EBBC149703694D0CA044E470","053B57463C31EC9FDC9E3799E2FF90233F72CFB8EBBC149703694D0CA044E470","True"
"src\views\MasterDashboardPage.vue","frontend\src\views\MasterDashboardPage.vue","3020","664367B8D3EE44C3840CB0D55B939EEDB4E8315C3760DF7AA3C229B3513FBD9A","664367B8D3EE44C3840CB0D55B939EEDB4E8315C3760DF7AA3C229B3513FBD9A","True"
"src\views\WorkspacePage.vue","frontend\src\views\WorkspacePage.vue","5917","1F67C37C291799ABC5067E6B5375763B112F780DE9CE74B8E4408A413CCE8480","1F67C37C291799ABC5067E6B5375763B112F780DE9CE74B8E4408A413CCE8480","True"
"public\favicon.svg","frontend\public\favicon.svg","453","AA35D9CBB5F8E9D15CFE02B2B3CD7FD9FE00C10A76B7B9BE250843DB5CD369EF","AA35D9CBB5F8E9D15CFE02B2B3CD7FD9FE00C10A76B7B9BE250843DB5CD369EF","True"
"public\data\shp\1标段.geojson","frontend\public\data\shp\1标段.geojson","763","90C5375CA48EAEC73BE3B917479DF09A8DEFB5BA173072F268DE263FD16AF8B5","90C5375CA48EAEC73BE3B917479DF09A8DEFB5BA173072F268DE263FD16AF8B5","True"
"public\data\shp\2标段.geojson","frontend\public\data\shp\2标段.geojson","808","7FAD10AE013F77F3A6E410B4C6DA2DBF59E5F786EE2CF119B7ED2EC4E6020A84","7FAD10AE013F77F3A6E410B4C6DA2DBF59E5F786EE2CF119B7ED2EC4E6020A84","True"
"public\data\shp\3标段.geojson","frontend\public\data\shp\3标段.geojson","2581","7276C0F23A4518B3CD2507853B99D4A926A6EFEE0B7341D81E99AF3FA306AB14","7276C0F23A4518B3CD2507853B99D4A926A6EFEE0B7341D81E99AF3FA306AB14","True"
"public\data\shp\manifest.json","frontend\public\data\shp\manifest.json","5766","3F216A97FD0756AE84FD6AC7B551098196B517789DE91AAF4D5657518EAF91E3","3F216A97FD0756AE84FD6AC7B551098196B517789DE91AAF4D5657518EAF91E3","True"
"public\data\shp\弃渣点1.geojson","frontend\public\data\shp\弃渣点1.geojson","668","3D0400E5C05C51890936C43DCE827911C85DF892CDB6676AE5644EDC3F804C12","3D0400E5C05C51890936C43DCE827911C85DF892CDB6676AE5644EDC3F804C12","True"
"public\data\shp\弃渣点2.geojson","frontend\public\data\shp\弃渣点2.geojson","824","8C3EAB4DCA8F444708F2078ECB47D9BC2414189DF986E33F038B1CD9DF08652E","8C3EAB4DCA8F444708F2078ECB47D9BC2414189DF986E33F038B1CD9DF08652E","True"
"public\data\shp\水源保护区1.geojson","frontend\public\data\shp\水源保护区1.geojson","743","02BBC62FAE6C6E8BE4000502D4F5087C07D3CFF8EEA62FB78B37E1D660D963F1","02BBC62FAE6C6E8BE4000502D4F5087C07D3CFF8EEA62FB78B37E1D660D963F1","True"
"public\data\shp\水源保护区2.geojson","frontend\public\data\shp\水源保护区2.geojson","528","0007D70724B7837C4BCC76EB4EAF2D18A6F2AEE594D6CA066FF7E2470C21DFD5","0007D70724B7837C4BCC76EB4EAF2D18A6F2AEE594D6CA066FF7E2470C21DFD5","True"
"public\data\shp\生态保护区1.geojson","frontend\public\data\shp\生态保护区1.geojson","960","30132CC0AF524AB707E4B066FF9A324FAA6A4870298BE3DE1826FD9B6DEC0375","30132CC0AF524AB707E4B066FF9A324FAA6A4870298BE3DE1826FD9B6DEC0375","True"
"public\data\shp\边坡监测点1.geojson","frontend\public\data\shp\边坡监测点1.geojson","295","2CBD7FB96CCE877A25491DC2243DE94AE3478EBB1A75912E23E3A55F230D4EA4","2CBD7FB96CCE877A25491DC2243DE94AE3478EBB1A75912E23E3A55F230D4EA4","True"
"public\data\shp\边坡监测点2.geojson","frontend\public\data\shp\边坡监测点2.geojson","298","E4ECDBD348F3DF277146C2B39F6048E50706D30468B9D5AA8BD2D037D01DD053","E4ECDBD348F3DF277146C2B39F6048E50706D30468B9D5AA8BD2D037D01DD053","True"
"public\gis\s1-6\layer-config.json","frontend\public\gis\s1-6\layer-config.json","2465","C0B2C63B75D53FBEE992031A6397430298A3CCB8A5B3E03BE91B524E78D77A70","C0B2C63B75D53FBEE992031A6397430298A3CCB8A5B3E03BE91B524E78D77A70","True"
"public\gis\s1-6\README.md","frontend\public\gis\s1-6\README.md","2275","35EF08F6AE81A91C5910D9F6024B5C3EBEBCA8AD5A71D2DA18B3DDE51532CA66","35EF08F6AE81A91C5910D9F6024B5C3EBEBCA8AD5A71D2DA18B3DDE51532CA66","True"
"public\gis\s1-6\layers\高速公路首页_SPX边坡_独立图层.kml","frontend\public\gis\s1-6\layers\高速公路首页_SPX边坡_独立图层.kml","16453142","852D6792C7C20D47DEE09B116CBA5C8F1855A9C067F531F375FC63F0DE95FED8","852D6792C7C20D47DEE09B116CBA5C8F1855A9C067F531F375FC63F0DE95FED8","True"
"public\gis\s1-6\layers\高速公路首页_道路生态关键要素_不含SPX.kml","frontend\public\gis\s1-6\layers\高速公路首页_道路生态关键要素_不含SPX.kml","20606586","53C9C5EAD642EDE33E5848D8DB498F3E4D046C22E05E8705CF58FD59B8634C15","53C9C5EAD642EDE33E5848D8DB498F3E4D046C22E05E8705CF58FD59B8634C15","True"
"index.html","frontend\index.html","686","5F69561919F0A35CDFFD0D0F3C647936D803F5D878F5E2809EE97EBE35978151","5F69561919F0A35CDFFD0D0F3C647936D803F5D878F5E2809EE97EBE35978151","True"
"package.json","frontend\package.json","742","B1A13C05B2005BDB7843022EF79FA7D2710728A4277058EF452E0501507C61DC","B1A13C05B2005BDB7843022EF79FA7D2710728A4277058EF452E0501507C61DC","True"
"package-lock.json","frontend\package-lock.json","95946","5B35301DDA076ADEB115B7734AAEC04BD474B0C26BC4EBF594F3E2863ED651A4","5B35301DDA076ADEB115B7734AAEC04BD474B0C26BC4EBF594F3E2863ED651A4","True"
"vite.config.ts","frontend\vite.config.ts","1360","F49C7BE2214C9A57C3D81945C851DB9763349F50A24337983D6DAE0AB71F5EE5","F49C7BE2214C9A57C3D81945C851DB9763349F50A24337983D6DAE0AB71F5EE5","True"
"tsconfig.json","frontend\tsconfig.json","545","F43FDE519A1DF307B83674368A4E3253A1D931A383419FA2ECBA28CF410552C0","F43FDE519A1DF307B83674368A4E3253A1D931A383419FA2ECBA28CF410552C0","True"
".gitignore","frontend\.gitignore","609","50411DF1752F89C2DF53E29549CF3176238E1EB465B286895CCD6F48DF2F0BEE","50411DF1752F89C2DF53E29549CF3176238E1EB465B286895CCD6F48DF2F0BEE","True"
"server\app.py","backend\app.py","74028","8AE9D8E352E5BA4DF597916EC939E3FC88DF982B7FF237D11326010D4C9483DC","8AE9D8E352E5BA4DF597916EC939E3FC88DF982B7FF237D11326010D4C9483DC","True"
"server\assistant_qa.py","backend\assistant_qa.py","67323","DA15910A591E12566ADB2939AF6AC4864AC4844175EFDB5DA08E24FF66F6A26C","DA15910A591E12566ADB2939AF6AC4864AC4844175EFDB5DA08E24FF66F6A26C","True"
"server\carbon_benefit_overview.py","backend\carbon_benefit_overview.py","19183","F7EC88AF652B4D8CF82E06C90FDEC361B32E348963FD3A2009AC3254AEC592AB","F7EC88AF652B4D8CF82E06C90FDEC361B32E348963FD3A2009AC3254AEC592AB","True"
"server\esg_demo_api.py","backend\esg_demo_api.py","91979","6F1DAB555D610453729A2B1E95BDC63CA1E234EDB26008A060FE216CA9A7DDB6","6F1DAB555D610453729A2B1E95BDC63CA1E234EDB26008A060FE216CA9A7DDB6","True"
"server\mysql_api.py","backend\mysql_api.py","357432","ADF93F6C7C7E075A922DF470CA3868D74FD2A33A5911A8B4A260686B34372845","ADF93F6C7C7E075A922DF470CA3868D74FD2A33A5911A8B4A260686B34372845","True"
"server\mysql_db.py","backend\mysql_db.py","2004","70605088F0168F3AF4C877D09ADB48B92CB5CD443A1A44F0313758EDEAA6AA5C","70605088F0168F3AF4C877D09ADB48B92CB5CD443A1A44F0313758EDEAA6AA5C","True"
"server\monthly_report_overview.py","backend\monthly_report_overview.py","13773","9DD2DC535F25BBCFF288A60846E5D48BF02A4D30EE32D200EAAC17CFD32E36A0","9DD2DC535F25BBCFF288A60846E5D48BF02A4D30EE32D200EAAC17CFD32E36A0","True"
"server\monthly_report_readiness.py","backend\monthly_report_readiness.py","4994","456C5D984B7486F21240815382D76A77F9B723F852315A0AD17AFB901A70A0EA","456C5D984B7486F21240815382D76A77F9B723F852315A0AD17AFB901A70A0EA","True"
"server\init_db.py","backend\init_db.py","19075","C863315C4F5F0C520CD5F1217813414881B1E9E072D5F6C3D4B49A1980F20C55","C863315C4F5F0C520CD5F1217813414881B1E9E072D5F6C3D4B49A1980F20C55","True"
"server\requirements.txt","backend\requirements.txt","15","267A83EE1150A0DC918FFFE0E4A39B732EA37BA4D8AAE091275611098687A8EA","267A83EE1150A0DC918FFFE0E4A39B732EA37BA4D8AAE091275611098687A8EA","True"
"server\ai_document_analysis\models.py","backend\ai_document_analysis\models.py","3021","E7CD95B384330D97A2AD7ABA532EE0A86064F4A877F751467FEF20999099CF27","E7CD95B384330D97A2AD7ABA532EE0A86064F4A877F751467FEF20999099CF27","True"
"server\ai_document_analysis\service.py","backend\ai_document_analysis\service.py","18913","AB105591C0A9ED322D50838747337A4B2AEE2EFACDFA0298E7FF30FDEE5EA90B","AB105591C0A9ED322D50838747337A4B2AEE2EFACDFA0298E7FF30FDEE5EA90B","True"
"server\ai_document_analysis\__init__.py","backend\ai_document_analysis\__init__.py","176","177231B410B4A8F1248B8B9465826837895ADB3C713E1C06054FBC3F98D7E04F","177231B410B4A8F1248B8B9465826837895ADB3C713E1C06054FBC3F98D7E04F","True"
"server\schema.sql","database\current\schema.sql","3733","8B468D23DC2DD26411B9514A25372E684972A69093CCF456865ACA60FFB2781C","8B468D23DC2DD26411B9514A25372E684972A69093CCF456865ACA60FFB2781C","True"
"server\mysql_build_v0.2_dashboard\01_dashboard_snapshot_extension.sql","database\current\mysql_build_v0.2_dashboard\01_dashboard_snapshot_extension.sql","2193","09A1D91A27343B5E14CD1125B6C11226AFB35A2E4BCEBE72166A50B76B681ED3","09A1D91A27343B5E14CD1125B6C11226AFB35A2E4BCEBE72166A50B76B681ED3","True"
"server\mysql_build_v0.2_dashboard\README_领导层首页扩展说明.md","database\current\mysql_build_v0.2_dashboard\README_领导层首页扩展说明.md","1431","29D941EA008C423282EC004C48B5DD2ADF1730B8787A136267D15CA2D9367BA9","29D941EA008C423282EC004C48B5DD2ADF1730B8787A136267D15CA2D9367BA9","True"
"server\migrations\esg_demo_v0_1\esg_demo_api_contract_v0.1.md","database\current\esg_demo_v0_1\esg_demo_api_contract_v0.1.md","5089","5C64F390539325C88D2A9249B2C9A5BCCB3EF3C217747708490734A034C5D347","5C64F390539325C88D2A9249B2C9A5BCCB3EF3C217747708490734A034C5D347","True"
"server\migrations\esg_demo_v0_1\esg_demo_e01_env_monitor_slim.sql","database\current\esg_demo_v0_1\esg_demo_e01_env_monitor_slim.sql","1892","CB02105D3096E767BC8B6AF227125EF3076ABE9208B09BAC75A9DEF9544B11E9","CB02105D3096E767BC8B6AF227125EF3076ABE9208B09BAC75A9DEF9544B11E9","True"
"server\migrations\esg_demo_v0_1\esg_demo_schema_v0.1.sql","database\current\esg_demo_v0_1\esg_demo_schema_v0.1.sql","17368","BE324891CEBDE71DB73ACB727074289DD5980381F89A043491C15E238E5CD02F","BE324891CEBDE71DB73ACB727074289DD5980381F89A043491C15E238E5CD02F","True"
"server\migrations\esg_demo_v0_1\esg_demo_seed_v0.1.sql","database\current\esg_demo_v0_1\esg_demo_seed_v0.1.sql","19901","85D815B68B58162DDB7BBCE2D27378B7C55FA084D2BAFDC0EE0B818D28C420DA","85D815B68B58162DDB7BBCE2D27378B7C55FA084D2BAFDC0EE0B818D28C420DA","True"
"server\migrations\esg_demo_v0_3\V0_3_001__homepage_kpi_business_fact_calibration.sql","database\current\esg_demo_v0_3\V0_3_001__homepage_kpi_business_fact_calibration.sql","4630","53CEF9AD9AF66ADC76EDF7FCB093B0623A97753A4DC4284C6FBEC3568D0B5493","53CEF9AD9AF66ADC76EDF7FCB093B0623A97753A4DC4284C6FBEC3568D0B5493","True"
"server\migrations\e_group_e01_v1_1\V1_1_052__e04_cultural_relic_demo.sql","database\current\e_group_e01_v1_1\V1_1_052__e04_cultural_relic_demo.sql","2767","CC7F29B95DAC1736C0E60290E8F1F32E5609442B09D3502B9309E6B2B0E38870","CC7F29B95DAC1736C0E60290E8F1F32E5609442B09D3502B9309E6B2B0E38870","True"
"server\mysql_build_v0.1\01_schema_mysql.sql","database\archive\mysql_build_v0.1\01_schema_mysql.sql","21158","2729765BB26141250905149B0E16B3B40FD030D01941B11A2B8B7D72731DEAA1","2729765BB26141250905149B0E16B3B40FD030D01941B11A2B8B7D72731DEAA1","True"
"server\mysql_build_v0.1\02_seed_dictionary.sql","database\archive\mysql_build_v0.1\02_seed_dictionary.sql","3786","F8FE8B860DCC63037251991C2432F9864E1C6A001E8940177BDDD6668F9BCC2D","F8FE8B860DCC63037251991C2432F9864E1C6A001E8940177BDDD6668F9BCC2D","True"
"server\mysql_build_v0.1\03_seed_field_mapping.sql","database\archive\mysql_build_v0.1\03_seed_field_mapping.sql","4243","AF82CF1784E806A15B7ED2A2FD72383D2CC27E898B4DB7FAFF60F3D8797C51A3","AF82CF1784E806A15B7ED2A2FD72383D2CC27E898B4DB7FAFF60F3D8797C51A3","True"
"server\mysql_build_v0.1\04_seed_demo_data.sql","database\archive\mysql_build_v0.1\04_seed_demo_data.sql","18199","8906EBC32D4942F3D2E3D4B342E3573AB100B72DA3E268B9D53ABF6F85FFCFEC","8906EBC32D4942F3D2E3D4B342E3573AB100B72DA3E268B9D53ABF6F85FFCFEC","True"
"server\mysql_build_v0.1\05_views.sql","database\archive\mysql_build_v0.1\05_views.sql","2040","E1D988EC7EFA93E19A63DD32D30CAE7042BCDCAF186BB989E7599C2C9420BDC3","E1D988EC7EFA93E19A63DD32D30CAE7042BCDCAF186BB989E7599C2C9420BDC3","True"
"server\mysql_build_v0.1\06_validation_queries.sql","database\archive\mysql_build_v0.1\06_validation_queries.sql","1799","487419429D82F8549E0FBC11AE47AABDB786EC3E15A717F47CEE29CB53D16992","487419429D82F8549E0FBC11AE47AABDB786EC3E15A717F47CEE29CB53D16992","True"
"server\mysql_build_v0.1\MYSQL_LOCAL_INSTANCE.md","database\archive\mysql_build_v0.1\MYSQL_LOCAL_INSTANCE.md","1229","5F48F2692EA8278A87ACDD2DE6DB11ED6F5FCD3078916F840183F4BC2B28A4F0","5F48F2692EA8278A87ACDD2DE6DB11ED6F5FCD3078916F840183F4BC2B28A4F0","True"
"server\mysql_build_v0.1\README.md","database\archive\mysql_build_v0.1\README.md","647","7BDD31261C77454ACCA66B00095E3E9AC6832669C8A1A280B9D2CB96D9A01843","7BDD31261C77454ACCA66B00095E3E9AC6832669C8A1A280B9D2CB96D9A01843","True"
"server\mysql_build_v0.1\README_建库说明.md","database\archive\mysql_build_v0.1\README_建库说明.md","2181","2CC6308B796DBA45F188685DBA6AACF7EC56F0F08CCC71EA5B20854F462D40D6","2CC6308B796DBA45F188685DBA6AACF7EC56F0F08CCC71EA5B20854F462D40D6","True"
"server\migrations\migration_001_ai_document_analysis.py","database\archive\migrations\migration_001_ai_document_analysis.py","6542","9CC24A8F309D5598040CED6E0927AF8254B05846DBB711902A5862A022F9EC96","9CC24A8F309D5598040CED6E0927AF8254B05846DBB711902A5862A022F9EC96","True"
"server\migrations\esg_demo_v0_1\esg_demo_api_contract_v0.1.md","database\archive\migrations\esg_demo_v0_1\esg_demo_api_contract_v0.1.md","5089","5C64F390539325C88D2A9249B2C9A5BCCB3EF3C217747708490734A034C5D347","5C64F390539325C88D2A9249B2C9A5BCCB3EF3C217747708490734A034C5D347","True"
"server\migrations\esg_demo_v0_1\esg_demo_e01_env_monitor_slim.sql","database\archive\migrations\esg_demo_v0_1\esg_demo_e01_env_monitor_slim.sql","1892","CB02105D3096E767BC8B6AF227125EF3076ABE9208B09BAC75A9DEF9544B11E9","CB02105D3096E767BC8B6AF227125EF3076ABE9208B09BAC75A9DEF9544B11E9","True"
"server\migrations\esg_demo_v0_1\esg_demo_schema_v0.1.sql","database\archive\migrations\esg_demo_v0_1\esg_demo_schema_v0.1.sql","17368","BE324891CEBDE71DB73ACB727074289DD5980381F89A043491C15E238E5CD02F","BE324891CEBDE71DB73ACB727074289DD5980381F89A043491C15E238E5CD02F","True"
"server\migrations\esg_demo_v0_1\esg_demo_seed_v0.1.sql","database\archive\migrations\esg_demo_v0_1\esg_demo_seed_v0.1.sql","19901","85D815B68B58162DDB7BBCE2D27378B7C55FA084D2BAFDC0EE0B818D28C420DA","85D815B68B58162DDB7BBCE2D27378B7C55FA084D2BAFDC0EE0B818D28C420DA","True"
"server\migrations\esg_demo_v0_3\V0_3_001__homepage_kpi_business_fact_calibration.sql","database\archive\migrations\esg_demo_v0_3\V0_3_001__homepage_kpi_business_fact_calibration.sql","4630","53CEF9AD9AF66ADC76EDF7FCB093B0623A97753A4DC4284C6FBEC3568D0B5493","53CEF9AD9AF66ADC76EDF7FCB093B0623A97753A4DC4284C6FBEC3568D0B5493","True"
"server\migrations\e_group_e01_v1_1\migrate_v1_1.py","database\archive\migrations\e_group_e01_v1_1\migrate_v1_1.py","11868","E361A27527402777557AD6291783A018013CA6FB10BC39D86E1DF6C99B0488A0","E361A27527402777557AD6291783A018013CA6FB10BC39D86E1DF6C99B0488A0","True"
"server\migrations\e_group_e01_v1_1\V1_1_000__environment_gate.sql","database\archive\migrations\e_group_e01_v1_1\V1_1_000__environment_gate.sql","13592","2AEDB52DBF30D20BB6F63C8C63B00192DE8CCAF6B064F490978CD0C706136600","2AEDB52DBF30D20BB6F63C8C63B00192DE8CCAF6B064F490978CD0C706136600","True"
"server\migrations\e_group_e01_v1_1\V1_1_001__migration_history_bootstrap.sql","database\archive\migrations\e_group_e01_v1_1\V1_1_001__migration_history_bootstrap.sql","1735","D9472D17F3DAB5F21039A07BC1E4A093247F6511F1A2A364C27546C3C8C0451B","D9472D17F3DAB5F21039A07BC1E4A093247F6511F1A2A364C27546C3C8C0451B","True"
"server\migrations\e_group_e01_v1_1\V1_1_010__e01_config_and_monitor_tables.sql","database\archive\migrations\e_group_e01_v1_1\V1_1_010__e01_config_and_monitor_tables.sql","15968","79BABB2400D97B3684F72C7725FF3DBA1350F1A83E6B523967F795D5A43799E1","79BABB2400D97B3684F72C7725FF3DBA1350F1A83E6B523967F795D5A43799E1","True"
"server\migrations\e_group_e01_v1_1\V1_1_012__e01_factor_result.sql","database\archive\migrations\e_group_e01_v1_1\V1_1_012__e01_factor_result.sql","3875","B07916C28498E6D27EE826CD502AF75ACF566A9C0A11B5BAA8810A915CA4EBF2","B07916C28498E6D27EE826CD502AF75ACF566A9C0A11B5BAA8810A915CA4EBF2","True"
"server\migrations\e_group_e01_v1_1\V1_1_015__project_context_and_frequency.sql","database\archive\migrations\e_group_e01_v1_1\V1_1_015__project_context_and_frequency.sql","10675","8B0CA26BC52A017F3B74FA488E5AB647709A484220C4083C6B178FE12EFC199C","8B0CA26BC52A017F3B74FA488E5AB647709A484220C4083C6B178FE12EFC199C","True"
"server\migrations\e_group_e01_v1_1\V1_1_020__closure_case_tables.sql","database\archive\migrations\e_group_e01_v1_1\V1_1_020__closure_case_tables.sql","13442","FC8C3D361876BAA2109E96D70317161CAB8409B31206B1C28E7CBEB94A5CED40","FC8C3D361876BAA2109E96D70317161CAB8409B31206B1C28E7CBEB94A5CED40","True"
"server\migrations\e_group_e01_v1_1\V1_1_030__e01_event_retest_tables.sql","database\archive\migrations\e_group_e01_v1_1\V1_1_030__e01_event_retest_tables.sql","8829","28DC83A4B8426F4CA11A714C7D87BEEDB31453800D964961EA78DD62BEA53A10","28DC83A4B8426F4CA11A714C7D87BEEDB31453800D964961EA78DD62BEA53A10","True"
"server\migrations\e_group_e01_v1_1\V1_1_035__professional_demo_seed.sql","database\archive\migrations\e_group_e01_v1_1\V1_1_035__professional_demo_seed.sql","27934","6F07CF0ABE0A31ABDDEC1D1018E78D0F731A9F7944D4858FC1CA25114EF15E93","6F07CF0ABE0A31ABDDEC1D1018E78D0F731A9F7944D4858FC1CA25114EF15E93","True"
"server\migrations\e_group_e01_v1_1\V1_1_036__gis_link_seed.sql","database\archive\migrations\e_group_e01_v1_1\V1_1_036__gis_link_seed.sql","704","AA769F2FDC511A24282A87735B52C44079BDB4F55CEF6845A0E75470B9EB904F","AA769F2FDC511A24282A87735B52C44079BDB4F55CEF6845A0E75470B9EB904F","True"
"server\migrations\e_group_e01_v1_1\V1_1_037__construction_time_consistency.sql","database\archive\migrations\e_group_e01_v1_1\V1_1_037__construction_time_consistency.sql","2232","71A99C6B87F6197DAED8D7D1D8F8D2571E97EF8C95C000F7BD4118DBEE307DDC","71A99C6B87F6197DAED8D7D1D8F8D2571E97EF8C95C000F7BD4118DBEE307DDC","True"
"server\migrations\e_group_e01_v1_1\V1_1_038__e01_demo_coordinate_alignment.sql","database\archive\migrations\e_group_e01_v1_1\V1_1_038__e01_demo_coordinate_alignment.sql","1857","A282D75852FE225A7420FD55C51EAD0D215E04EA1A8303648F9FB48E1B19C2F1","A282D75852FE225A7420FD55C51EAD0D215E04EA1A8303648F9FB48E1B19C2F1","True"
"server\migrations\e_group_e01_v1_1\V1_1_039__e01_open_overview_demo_enrichment.sql","database\archive\migrations\e_group_e01_v1_1\V1_1_039__e01_open_overview_demo_enrichment.sql","7487","A7CFEB545D8507F546385B09F6972F813E69F0CFDFCEA3707EC953C78BF9910D","A7CFEB545D8507F546385B09F6972F813E69F0CFDFCEA3707EC953C78BF9910D","True"
"server\migrations\e_group_e01_v1_1\V1_1_040__external_fk_and_circular_fk_guarded.sql","database\archive\migrations\e_group_e01_v1_1\V1_1_040__external_fk_and_circular_fk_guarded.sql","3478","8AE6FD236FF35017826DB0717CBAB2C1151F07C38A388365C6C50C3B2CB44286","8AE6FD236FF35017826DB0717CBAB2C1151F07C38A388365C6C50C3B2CB44286","True"
"server\migrations\e_group_e01_v1_1\V1_1_041__e01_demo_trend_series.sql","database\archive\migrations\e_group_e01_v1_1\V1_1_041__e01_demo_trend_series.sql","18417","C36A62A833E60E72325D414CDA1AE3C596855B22A802E4E5AE90D67677CB7C20","C36A62A833E60E72325D414CDA1AE3C596855B22A802E4E5AE90D67677CB7C20","True"
"server\migrations\e_group_e01_v1_1\V1_1_042__e01_water_point_near_source_zone.sql","database\archive\migrations\e_group_e01_v1_1\V1_1_042__e01_water_point_near_source_zone.sql","963","7020803E0C265BCA72F004070295512261B709E25B6684E587F9601ED35B55B9","7020803E0C265BCA72F004070295512261B709E25B6684E587F9601ED35B55B9","True"
"server\migrations\e_group_e01_v1_1\V1_1_043__e02_env_issue_fields.sql","database\archive\migrations\e_group_e01_v1_1\V1_1_043__e02_env_issue_fields.sql","4122","0DB31C2D9C073AB40D5DD06304D6FCC58CEB2CABD42EBFE59E5F808EB9DF2545","0DB31C2D9C073AB40D5DD06304D6FCC58CEB2CABD42EBFE59E5F808EB9DF2545","True"
"server\migrations\e_group_e01_v1_1\V1_1_044__e02_demo_seed.sql","database\archive\migrations\e_group_e01_v1_1\V1_1_044__e02_demo_seed.sql","21456","223CB7D8D633F0891FF379A778E1C002C7353995EDFC4D6096C692EFE42D8733","223CB7D8D633F0891FF379A778E1C002C7353995EDFC4D6096C692EFE42D8733","True"
"server\migrations\e_group_e01_v1_1\V1_1_045__e02_gis_body_relink.sql","database\archive\migrations\e_group_e01_v1_1\V1_1_045__e02_gis_body_relink.sql","3531","B5800C84DD79F48099DBD55B918CA28DFAB1A57C88E23B54202793BFC9F79713","B5800C84DD79F48099DBD55B918CA28DFAB1A57C88E23B54202793BFC9F79713","True"
"server\migrations\e_group_e01_v1_1\V1_1_046__e03_schema_fields.sql","database\archive\migrations\e_group_e01_v1_1\V1_1_046__e03_schema_fields.sql","6526","86EEEDAA2768B0E52C2677D7062822EEBB03B9B3F3D6A73E81E527CC8045584F","86EEEDAA2768B0E52C2677D7062822EEBB03B9B3F3D6A73E81E527CC8045584F","True"
"server\migrations\e_group_e01_v1_1\V1_1_047__e03_demo_seed.sql","database\archive\migrations\e_group_e01_v1_1\V1_1_047__e03_demo_seed.sql","30906","A5F82313E2CD4B9BEB0A5AF39F7B0F4C09CED634013BA31223AE0D3F78B46AF2","A5F82313E2CD4B9BEB0A5AF39F7B0F4C09CED634013BA31223AE0D3F78B46AF2","True"
"server\migrations\e_group_e01_v1_1\V1_1_048__e04_schema_boundary.sql","database\archive\migrations\e_group_e01_v1_1\V1_1_048__e04_schema_boundary.sql","15561","F8B90D4ED60BB07018EE428A888C012D36E6D9E12207BA883C47ECE0B9BD1751","F8B90D4ED60BB07018EE428A888C012D36E6D9E12207BA883C47ECE0B9BD1751","True"
"server\migrations\e_group_e01_v1_1\V1_1_049__e04_demo_seed.sql","database\archive\migrations\e_group_e01_v1_1\V1_1_049__e04_demo_seed.sql","8645","6AC3B8475747CD5DA3EE60D351147B31ECE5AFDBCF2AB6DD2BD09F655029CFCB","6AC3B8475747CD5DA3EE60D351147B31ECE5AFDBCF2AB6DD2BD09F655029CFCB","True"
"server\migrations\e_group_e01_v1_1\V1_1_050__history_and_kpi_views.sql","database\archive\migrations\e_group_e01_v1_1\V1_1_050__history_and_kpi_views.sql","4268","8CA74F6D0BC5BA6A36F20C42B3E7A8E6D1E7B4C4518486292EEC6259867A43D7","8CA74F6D0BC5BA6A36F20C42B3E7A8E6D1E7B4C4518486292EEC6259867A43D7","True"
"server\migrations\e_group_e01_v1_1\V1_1_051__e04_may_jul_boundary_rebuild.sql","database\archive\migrations\e_group_e01_v1_1\V1_1_051__e04_may_jul_boundary_rebuild.sql","7284","DEA8064456A41AA5F30F72580497397642DEF468E6C8738F7EE62B382CCE71F3","DEA8064456A41AA5F30F72580497397642DEF468E6C8738F7EE62B382CCE71F3","True"
"server\migrations\e_group_e01_v1_1\V1_1_052__e04_cultural_relic_demo.sql","database\archive\migrations\e_group_e01_v1_1\V1_1_052__e04_cultural_relic_demo.sql","2767","CC7F29B95DAC1736C0E60290E8F1F32E5609442B09D3502B9309E6B2B0E38870","CC7F29B95DAC1736C0E60290E8F1F32E5609442B09D3502B9309E6B2B0E38870","True"
"server\migrations\e_group_e01_v1_1\V1_1_060__consistency_views.sql","database\archive\migrations\e_group_e01_v1_1\V1_1_060__consistency_views.sql","19482","992AF7E6EEDB7E43D01DB4402E352910AE8395BEF85EC1368EF3DD667F3CCBF5","992AF7E6EEDB7E43D01DB4402E352910AE8395BEF85EC1368EF3DD667F3CCBF5","True"
"server\migrations\e_group_e01_v1_1\V1_1_070__privilege_and_append_only_guard.sql","database\archive\migrations\e_group_e01_v1_1\V1_1_070__privilege_and_append_only_guard.sql","2488","D0B19A29B21DB29C724D92DBAF51E4954D4C522CA0993D819F06A3624C74A00C","D0B19A29B21DB29C724D92DBAF51E4954D4C522CA0993D819F06A3624C74A00C","True"
"server\migrations\e_group_e01_v1_1\V1_1_080__shadow_reconciliation_views.sql","database\archive\migrations\e_group_e01_v1_1\V1_1_080__shadow_reconciliation_views.sql","796","D322D9CF4B7513845C7FA798D4887DFB56292F02DF89493A17DFE70E9BF74512","D322D9CF4B7513845C7FA798D4887DFB56292F02DF89493A17DFE70E9BF74512","True"
"server\migrations\e_group_e01_v1_1\V1_1_090__post_migration_verification.sql","database\archive\migrations\e_group_e01_v1_1\V1_1_090__post_migration_verification.sql","7496","33420FDF1A9525F8764FD6A5F1E58881C6B4E9CBCBD018FACCE853AFFDF68559","33420FDF1A9525F8764FD6A5F1E58881C6B4E9CBCBD018FACCE853AFFDF68559","True"
"server\migrations\e_group_e01_v1_1\__pycache__\migrate_v1_1.cpython-310.pyc","database\archive\migrations\e_group_e01_v1_1\__pycache__\migrate_v1_1.cpython-310.pyc","9828","A894701C1EAFE21A897AE2C1ED0E3EBE0CEA96087A7EAF2B5122323D44BB5B57","A894701C1EAFE21A897AE2C1ED0E3EBE0CEA96087A7EAF2B5122323D44BB5B57","True"
"server\migrations\e_group_e01_v1_1\__pycache__\migrate_v1_1.cpython-311.pyc","database\archive\migrations\e_group_e01_v1_1\__pycache__\migrate_v1_1.cpython-311.pyc","18592","14EC9B4C6DDD0AB3F0AFE2BF6AF39AC3B0DF1DBC481297BDD0F037F17335D203","14EC9B4C6DDD0AB3F0AFE2BF6AF39AC3B0DF1DBC481297BDD0F037F17335D203","True"
"server\migrations\s_group_s01_v1_0\migrate_v1_0.py","database\archive\migrations\s_group_s01_v1_0\migrate_v1_0.py","11371","1DF212D5AB79B98EFA85216969448C257D1F8EF0FCD395850AD04C396A4659D9","1DF212D5AB79B98EFA85216969448C257D1F8EF0FCD395850AD04C396A4659D9","True"
"server\migrations\s_group_s01_v1_0\V1_0_000__environment_gate.sql","database\archive\migrations\s_group_s01_v1_0\V1_0_000__environment_gate.sql","4174","BBAEAE48C00747EA832ACC6FEEF42C42408666F388E20B343BB4E4F50FB08BFC","BBAEAE48C00747EA832ACC6FEEF42C42408666F388E20B343BB4E4F50FB08BFC","True"
"server\migrations\s_group_s01_v1_0\V1_0_001__migration_history_bootstrap.sql","database\archive\migrations\s_group_s01_v1_0\V1_0_001__migration_history_bootstrap.sql","1627","88C8BE23CC581E6EF700B32127A7907CEAE471067AAA10A5F63E81AF940E2F10","88C8BE23CC581E6EF700B32127A7907CEAE471067AAA10A5F63E81AF940E2F10","True"
"server\migrations\s_group_s01_v1_0\V1_0_010__s01_new_tables.sql","database\archive\migrations\s_group_s01_v1_0\V1_0_010__s01_new_tables.sql","3752","5CB5D7F0AC0E2FC6D558E7D78497AF862DDAFFBFDF6E268C8F073D2D4D2C561F","5CB5D7F0AC0E2FC6D558E7D78497AF862DDAFFBFDF6E268C8F073D2D4D2C561F","True"
"server\migrations\s_group_s01_v1_0\V1_0_015__s01_legacy_table_enhancement.sql","database\archive\migrations\s_group_s01_v1_0\V1_0_015__s01_legacy_table_enhancement.sql","22067","E4399EF3C3C213DAF8F457C0633C1D7135D2147D12DD2D0AAA55FA0A234C2CE1","E4399EF3C3C213DAF8F457C0633C1D7135D2147D12DD2D0AAA55FA0A234C2CE1","True"
"server\migrations\s_group_s01_v1_0\V1_0_020__s01_spr_field_enhancement.sql","database\archive\migrations\s_group_s01_v1_0\V1_0_020__s01_spr_field_enhancement.sql","8446","4FA7ED22D60013ADF2667A5657F25882371D83CB1B129381E9BFEC4A91E2178C","4FA7ED22D60013ADF2667A5657F25882371D83CB1B129381E9BFEC4A91E2178C","True"
"server\migrations\s_group_s01_v1_0\V1_0_030__s01_demo_seed.sql","database\archive\migrations\s_group_s01_v1_0\V1_0_030__s01_demo_seed.sql","7980","63F98991791ECC31AD414AC1E1275E19F9A15DCA2810AF5A530C76BD4337E1AD","63F98991791ECC31AD414AC1E1275E19F9A15DCA2810AF5A530C76BD4337E1AD","True"
"server\migrations\s_group_s01_v1_0\__pycache__\migrate_v1_0.cpython-310.pyc","database\archive\migrations\s_group_s01_v1_0\__pycache__\migrate_v1_0.cpython-310.pyc","9909","089955228F6B2DD06B41DCCCBD35313503140372A1CF4C757D17EA1B7133ACB2","089955228F6B2DD06B41DCCCBD35313503140372A1CF4C757D17EA1B7133ACB2","True"
"server\migrations\s_group_s01_v1_0\__pycache__\migrate_v1_0.cpython-311.pyc","database\archive\migrations\s_group_s01_v1_0\__pycache__\migrate_v1_0.cpython-311.pyc","18752","1BCE540FBA8272CB91A0007C6D9097596F8A0EC0E2C0866EB89A3D95D9CE2212","1BCE540FBA8272CB91A0007C6D9097596F8A0EC0E2C0866EB89A3D95D9CE2212","True"
"server\migrations\__pycache__\20260718_e04_demo_accounting_v0_1.cpython-310.pyc","database\archive\migrations\__pycache__\20260718_e04_demo_accounting_v0_1.cpython-310.pyc","14281","F4BF9BEEC2449CDA18943D9FF11C8745BEB083A39576F62E19276A2086DEA146","F4BF9BEEC2449CDA18943D9FF11C8745BEB083A39576F62E19276A2086DEA146","True"
"server\migrations\__pycache__\20260718_e04_demo_accounting_v0_1.cpython-311.pyc","database\archive\migrations\__pycache__\20260718_e04_demo_accounting_v0_1.cpython-311.pyc","21952","7BD8F5B1ED1405D08707FB6EED5AA594D3F006AB72DC526248C65E5A79D2DFF1","7BD8F5B1ED1405D08707FB6EED5AA594D3F006AB72DC526248C65E5A79D2DFF1","True"
"server\migrations\__pycache__\20260719_carbon_benefit_topic_v0_1.cpython-310.pyc","database\archive\migrations\__pycache__\20260719_carbon_benefit_topic_v0_1.cpython-310.pyc","14180","684C70ADC7763AEB9FE8ED945619D3662C12AD0DB35DABF21BC8246AEE3F2658","684C70ADC7763AEB9FE8ED945619D3662C12AD0DB35DABF21BC8246AEE3F2658","True"
"server\migrations\__pycache__\20260719_carbon_benefit_topic_v0_1.cpython-311.pyc","database\archive\migrations\__pycache__\20260719_carbon_benefit_topic_v0_1.cpython-311.pyc","18267","4DF8CFF7BFD7E7702790EADE71660382AFCD98E7703805DDE09B1A3F234AEA37","4DF8CFF7BFD7E7702790EADE71660382AFCD98E7703805DDE09B1A3F234AEA37","True"
"server\migrations\__pycache__\20260719_carbon_segment_and_cost_detail_v0_1.cpython-310.pyc","database\archive\migrations\__pycache__\20260719_carbon_segment_and_cost_detail_v0_1.cpython-310.pyc","13675","EFE13D525CB88A1C39FE3A06197155E325C71F43BA50C4551C1D2ED3DB956BD6","EFE13D525CB88A1C39FE3A06197155E325C71F43BA50C4551C1D2ED3DB956BD6","True"
"server\migrations\__pycache__\20260719_carbon_segment_and_cost_detail_v0_1.cpython-311.pyc","database\archive\migrations\__pycache__\20260719_carbon_segment_and_cost_detail_v0_1.cpython-311.pyc","22529","2A9ADB68953B72999D02833A464A8494EA1F323C0EA91783B02EF10B838DC19A","2A9ADB68953B72999D02833A464A8494EA1F323C0EA91783B02EF10B838DC19A","True"
"server\migrations\__pycache__\20260719_monthly_report_data_contract_v0_1.cpython-310.pyc","database\archive\migrations\__pycache__\20260719_monthly_report_data_contract_v0_1.cpython-310.pyc","12844","C33CA91E8383CE81E10FF13349F83C8AC199BF8D6DDCA1AF8E9155410528A2F5","C33CA91E8383CE81E10FF13349F83C8AC199BF8D6DDCA1AF8E9155410528A2F5","True"
"server\migrations\__pycache__\20260719_monthly_report_data_contract_v0_1.cpython-311.pyc","database\archive\migrations\__pycache__\20260719_monthly_report_data_contract_v0_1.cpython-311.pyc","17272","207FD22006364CE14F5C722A93B849D5F13F7F76743899ABEDF43A949C0BBA0E","207FD22006364CE14F5C722A93B849D5F13F7F76743899ABEDF43A949C0BBA0E","True"
"server\migrations\__pycache__\20260719_monthly_validated_material_evidence_v0_1.cpython-310.pyc","database\archive\migrations\__pycache__\20260719_monthly_validated_material_evidence_v0_1.cpython-310.pyc","8396","C71AD9DFF767709D948A5D43190242C027B616334B44F94B62B3D4D2D613EC2E","C71AD9DFF767709D948A5D43190242C027B616334B44F94B62B3D4D2D613EC2E","True"
"server\migrations\__pycache__\20260719_monthly_validated_material_evidence_v0_1.cpython-311.pyc","database\archive\migrations\__pycache__\20260719_monthly_validated_material_evidence_v0_1.cpython-311.pyc","11840","507C64FA79ABBACF73CA49D7217275787DC6F8399A767C93F732B93FA5A9920A","507C64FA79ABBACF73CA49D7217275787DC6F8399A767C93F732B93FA5A9920A","True"
"server\migrations\__pycache__\migration_001_ai_document_analysis.cpython-311.pyc","database\archive\migrations\__pycache__\migration_001_ai_document_analysis.cpython-311.pyc","8409","51BCA09F605FE59D619D72A0B68CB208900325538A25EE75D474EF43DC128850","51BCA09F605FE59D619D72A0B68CB208900325538A25EE75D474EF43DC128850","True"
"server\dashboard_payload.json","demo_data\current\dashboard_payload.json","65506","F4D089971601DF6F66618111A09DD0B07A55FA58D5FB5F7DA43A56F18A62DF67","F4D089971601DF6F66618111A09DD0B07A55FA58D5FB5F7DA43A56F18A62DF67","True"
"server\migrations\esg_demo_v0_1\esg_demo_api_contract_v0.1.md","demo_data\current\esg_demo_v0_1\esg_demo_api_contract_v0.1.md","5089","5C64F390539325C88D2A9249B2C9A5BCCB3EF3C217747708490734A034C5D347","5C64F390539325C88D2A9249B2C9A5BCCB3EF3C217747708490734A034C5D347","True"
"server\migrations\esg_demo_v0_1\esg_demo_e01_env_monitor_slim.sql","demo_data\current\esg_demo_v0_1\esg_demo_e01_env_monitor_slim.sql","1892","CB02105D3096E767BC8B6AF227125EF3076ABE9208B09BAC75A9DEF9544B11E9","CB02105D3096E767BC8B6AF227125EF3076ABE9208B09BAC75A9DEF9544B11E9","True"
"server\migrations\esg_demo_v0_1\esg_demo_schema_v0.1.sql","demo_data\current\esg_demo_v0_1\esg_demo_schema_v0.1.sql","17368","BE324891CEBDE71DB73ACB727074289DD5980381F89A043491C15E238E5CD02F","BE324891CEBDE71DB73ACB727074289DD5980381F89A043491C15E238E5CD02F","True"
"server\migrations\esg_demo_v0_1\esg_demo_seed_v0.1.sql","demo_data\current\esg_demo_v0_1\esg_demo_seed_v0.1.sql","19901","85D815B68B58162DDB7BBCE2D27378B7C55FA084D2BAFDC0EE0B818D28C420DA","85D815B68B58162DDB7BBCE2D27378B7C55FA084D2BAFDC0EE0B818D28C420DA","True"
"server\migrations\esg_demo_v0_3\V0_3_001__homepage_kpi_business_fact_calibration.sql","demo_data\current\esg_demo_v0_3\V0_3_001__homepage_kpi_business_fact_calibration.sql","4630","53CEF9AD9AF66ADC76EDF7FCB093B0623A97753A4DC4284C6FBEC3568D0B5493","53CEF9AD9AF66ADC76EDF7FCB093B0623A97753A4DC4284C6FBEC3568D0B5493","True"
"public\samples\README.md","demo_data\current\frontend_samples\README.md","2485","249C7D909336EA771EA30A278F1115E32D1F18F57348A121DA4A5ECAC2BA24EC","249C7D909336EA771EA30A278F1115E32D1F18F57348A121DA4A5ECAC2BA24EC","True"
"public\samples\罗宜高速_2026年7月水保监测月报摘要.csv","demo_data\current\frontend_samples\罗宜高速_2026年7月水保监测月报摘要.csv","703","FA555FACDFFB1AE4FF2949F196AF53CF3F11143BF5B1B13725AE6534A5BC759B","FA555FACDFFB1AE4FF2949F196AF53CF3F11143BF5B1B13725AE6534A5BC759B","True"
"public\samples\assistant-compliance-packs\README.md","demo_data\current\frontend_samples\assistant-compliance-packs\README.md","2096","A35480F1AEEDB56079835AC96EE23541F19CF1D4EBEECCA13EDF90984E3CDBA1","A35480F1AEEDB56079835AC96EE23541F19CF1D4EBEECCA13EDF90984E3CDBA1","True"
"public\samples\assistant-compliance-packs\上级检查_安全合规资料包_202607.zip","demo_data\current\frontend_samples\assistant-compliance-packs\上级检查_安全合规资料包_202607.zip","2374","F90F16AAA1D43CA6FCA515700D3D2B49866C58F13FA5BEC7A9EB6F569E5A1228","F90F16AAA1D43CA6FCA515700D3D2B49866C58F13FA5BEC7A9EB6F569E5A1228","True"
"public\samples\assistant-compliance-packs\上级检查_环保合规资料包_202607.zip","demo_data\current\frontend_samples\assistant-compliance-packs\上级检查_环保合规资料包_202607.zip","36616","2FA3764E263F5BACFD1CE9FFFFE884092714F28A36052CDF69C83BDC391549FE","2FA3764E263F5BACFD1CE9FFFFE884092714F28A36052CDF69C83BDC391549FE","True"
"public\samples\assistant-compliance-packs\上级检查_综合合规资料包_202607.zip","demo_data\current\frontend_samples\assistant-compliance-packs\上级检查_综合合规资料包_202607.zip","2675","C5D56A64632430CB738A4244CE8B329CA7DDD8E924E46CC1B015A91D6532527D","C5D56A64632430CB738A4244CE8B329CA7DDD8E924E46CC1B015A91D6532527D","True"
"public\samples\assistant-compliance-packs\manifests\pack_superior_comprehensive.json","demo_data\current\frontend_samples\assistant-compliance-packs\manifests\pack_superior_comprehensive.json","1323","768BE89C61332E9FE42908F950918636E95D6FC0810C0EF3E7E6402A71205445","768BE89C61332E9FE42908F950918636E95D6FC0810C0EF3E7E6402A71205445","True"
"public\samples\assistant-compliance-packs\manifests\pack_superior_env.json","demo_data\current\frontend_samples\assistant-compliance-packs\manifests\pack_superior_env.json","20937","84B7A884562012790F73977D65D2F48F1A6A10783E98C17E7D40E4D6F586FC85","84B7A884562012790F73977D65D2F48F1A6A10783E98C17E7D40E4D6F586FC85","True"
"public\samples\assistant-compliance-packs\manifests\pack_superior_safety.json","demo_data\current\frontend_samples\assistant-compliance-packs\manifests\pack_superior_safety.json","1156","5ACA549701B61CA8B35025FDFF0FE475C40C27EDC61424B71661C9CAF0B379C6","5ACA549701B61CA8B35025FDFF0FE475C40C27EDC61424B71661C9CAF0B379C6","True"
"public\samples\assistant-compliance-packs\上级检查_安全合规资料包_202607\01_清单_合规资料目录.md","demo_data\current\frontend_samples\assistant-compliance-packs\上级检查_安全合规资料包_202607\01_清单_合规资料目录.md","1019","87F9755367D81E280CC23953F94F4C239C8FB555168F137D4630FDE3D9F00FE4","87F9755367D81E280CC23953F94F4C239C8FB555168F137D4630FDE3D9F00FE4","True"
"public\samples\assistant-compliance-packs\上级检查_安全合规资料包_202607\README.md","demo_data\current\frontend_samples\assistant-compliance-packs\上级检查_安全合规资料包_202607\README.md","648","31C5EA8EF38149FA6CA2F31BAAB508A55FE4C7E17956578D3FBCAB5EA5E61E88","31C5EA8EF38149FA6CA2F31BAAB508A55FE4C7E17956578D3FBCAB5EA5E61E88","True"
"public\samples\assistant-compliance-packs\上级检查_安全合规资料包_202607\02_风险台账\在管安全风险台账.csv","demo_data\current\frontend_samples\assistant-compliance-packs\上级检查_安全合规资料包_202607\02_风险台账\在管安全风险台账.csv","436","C46189E092C21D7142BEC2F34A70E0FBA275B08F8B7197DE4B7D1B8CABB5C18E","C46189E092C21D7142BEC2F34A70E0FBA275B08F8B7197DE4B7D1B8CABB5C18E","True"
"public\samples\assistant-compliance-packs\上级检查_安全合规资料包_202607\03_核查表\上级安全检查核查项与台账缺口.md","demo_data\current\frontend_samples\assistant-compliance-packs\上级检查_安全合规资料包_202607\03_核查表\上级安全检查核查项与台账缺口.md","652","1DD7AAF6A5054125A6A4B1AD63DF8E684FD6D3FDE31ABD0B1C3AC755820FFDD9","1DD7AAF6A5054125A6A4B1AD63DF8E684FD6D3FDE31ABD0B1C3AC755820FFDD9","True"
"public\samples\assistant-compliance-packs\上级检查_环保合规资料包_202607\README.md","demo_data\current\frontend_samples\assistant-compliance-packs\上级检查_环保合规资料包_202607\README.md","936","27117D6232E1869CD330F3B00E1CF8C21EEE26CFAAA3B6BFF7420C38A288A0B3","27117D6232E1869CD330F3B00E1CF8C21EEE26CFAAA3B6BFF7420C38A288A0B3","True"
"public\samples\assistant-compliance-packs\上级检查_环保合规资料包_202607\00_资料目录及缺失说明\README.md","demo_data\current\frontend_samples\assistant-compliance-packs\上级检查_环保合规资料包_202607\00_资料目录及缺失说明\README.md","92","B88BFB005A19E3826C530ADFF481A5A237D60F3A92BAB9C02CA8FB48F800EC64","B88BFB005A19E3826C530ADFF481A5A237D60F3A92BAB9C02CA8FB48F800EC64","True"
"public\samples\assistant-compliance-packs\上级检查_环保合规资料包_202607\00_资料目录及缺失说明\资料目录及缺失说明.md","demo_data\current\frontend_samples\assistant-compliance-packs\上级检查_环保合规资料包_202607\00_资料目录及缺失说明\资料目录及缺失说明.md","2866","7A5EB638AAC00E7B02CE0C677FADB790AF494E9D896ED1370F53DED0497B4240","7A5EB638AAC00E7B02CE0C677FADB790AF494E9D896ED1370F53DED0497B4240","True"
"public\samples\assistant-compliance-packs\上级检查_环保合规资料包_202607\01_审批文件与环评批复落实\清单_应备文件.md","demo_data\current\frontend_samples\assistant-compliance-packs\上级检查_环保合规资料包_202607\01_审批文件与环评批复落实\清单_应备文件.md","590","1B8C47184F2BFF547F8049FFE496D300F03913A4054D3BDF48956E26A582C2D5","1B8C47184F2BFF547F8049FFE496D300F03913A4054D3BDF48956E26A582C2D5","True"
"public\samples\assistant-compliance-packs\上级检查_环保合规资料包_202607\01_审批文件与环评批复落实\环评及水保批复落实台账.md","demo_data\current\frontend_samples\assistant-compliance-packs\上级检查_环保合规资料包_202607\01_审批文件与环评批复落实\环评及水保批复落实台账.md","410","83D70DFBE43228C45BCF81C89B58CF9139D645B3BE1E7B1C4B7660F24C2D0FE1","83D70DFBE43228C45BCF81C89B58CF9139D645B3BE1E7B1C4B7660F24C2D0FE1","True"
"public\samples\assistant-compliance-packs\上级检查_环保合规资料包_202607\01_审批文件与环评批复落实\罗宜高速水土保持方案批复.md","demo_data\current\frontend_samples\assistant-compliance-packs\上级检查_环保合规资料包_202607\01_审批文件与环评批复落实\罗宜高速水土保持方案批复.md","413","7F29C993806A2863A903749D604478392A1640BB2B00979FF38923E6FF079926","7F29C993806A2863A903749D604478392A1640BB2B00979FF38923E6FF079926","True"
"public\samples\assistant-compliance-packs\上级检查_环保合规资料包_202607\01_审批文件与环评批复落实\罗宜高速环境影响评价批复.md","demo_data\current\frontend_samples\assistant-compliance-packs\上级检查_环保合规资料包_202607\01_审批文件与环评批复落实\罗宜高速环境影响评价批复.md","407","3F9A4E70602E8B5AAD2FB8686E67D4390ABDCEBCB3DB936D868BF4280E4A40B4","3F9A4E70602E8B5AAD2FB8686E67D4390ABDCEBCB3DB936D868BF4280E4A40B4","True"
"public\samples\assistant-compliance-packs\上级检查_环保合规资料包_202607\01_审批文件与环评批复落实\罗宜高速环境影响评价报告书_摘要.md","demo_data\current\frontend_samples\assistant-compliance-packs\上级检查_环保合规资料包_202607\01_审批文件与环评批复落实\罗宜高速环境影响评价报告书_摘要.md","423","3B94247768FB7753E0916A154F243E5A69FF93504ECE0AE6752C51B33008D67E","3B94247768FB7753E0916A154F243E5A69FF93504ECE0AE6752C51B33008D67E","True"
"public\samples\assistant-compliance-packs\上级检查_环保合规资料包_202607\01_审批文件与环评批复落实\重大变更及备案说明.md","demo_data\current\frontend_samples\assistant-compliance-packs\上级检查_环保合规资料包_202607\01_审批文件与环评批复落实\重大变更及备案说明.md","410","6594DE52B90FA32A4E1D6FD85E96AC76D47663DB94C7F62904C5637BF8CD2807","6594DE52B90FA32A4E1D6FD85E96AC76D47663DB94C7F62904C5637BF8CD2807","True"
"public\samples\assistant-compliance-packs\上级检查_环保合规资料包_202607\02_环保组织机构与管理制度\专职环保管理人员任命文件.md","demo_data\current\frontend_samples\assistant-compliance-packs\上级检查_环保合规资料包_202607\02_环保组织机构与管理制度\专职环保管理人员任命文件.md","407","741F6EF89DD88768210FFDB22B38A5F3806A9445D9AD9856F5C854DF7410D4A5","741F6EF89DD88768210FFDB22B38A5F3806A9445D9AD9856F5C854DF7410D4A5","True"
"public\samples\assistant-compliance-packs\上级检查_环保合规资料包_202607\02_环保组织机构与管理制度\清单_应备文件.md","demo_data\current\frontend_samples\assistant-compliance-packs\上级检查_环保合规资料包_202607\02_环保组织机构与管理制度\清单_应备文件.md","482","4545E0ED193820AC096823539CD222C8AC8CA3A438C9944AD72BB2B312D57961","4545E0ED193820AC096823539CD222C8AC8CA3A438C9944AD72BB2B312D57961","True"
"public\samples\assistant-compliance-packs\上级检查_环保合规资料包_202607\02_环保组织机构与管理制度\环境保护目标责任书.md","demo_data\current\frontend_samples\assistant-compliance-packs\上级检查_环保合规资料包_202607\02_环保组织机构与管理制度\环境保护目标责任书.md","395","054836D0EA49CC02F5A904DFA2413B44A8DD57F1C7FAAB733AB83BBD63C52B37","054836D0EA49CC02F5A904DFA2413B44A8DD57F1C7FAAB733AB83BBD63C52B37","True"
"public\samples\assistant-compliance-packs\上级检查_环保合规资料包_202607\02_环保组织机构与管理制度\环境保护管理制度汇编.md","demo_data\current\frontend_samples\assistant-compliance-packs\上级检查_环保合规资料包_202607\02_环保组织机构与管理制度\环境保护管理制度汇编.md","401","9C578BC4B8A7BFE71114C9FA4F95E799D22FA9EE7730ED136CCEDF8B43C31A4F","9C578BC4B8A7BFE71114C9FA4F95E799D22FA9EE7730ED136CCEDF8B43C31A4F","True"
"public\samples\assistant-compliance-packs\上级检查_环保合规资料包_202607\02_环保组织机构与管理制度\项目环境保护组织架构及职责分工.md","demo_data\current\frontend_samples\assistant-compliance-packs\上级检查_环保合规资料包_202607\02_环保组织机构与管理制度\项目环境保护组织架构及职责分工.md","416","4083FB2086B015D875C5A71A9A64F824857E5258C2900B6F27FE3D075A2BB05B","4083FB2086B015D875C5A71A9A64F824857E5258C2900B6F27FE3D075A2BB05B","True"
"public\samples\assistant-compliance-packs\上级检查_环保合规资料包_202607\03_施工环保方案及交底培训\专项方案审批意见.md","demo_data\current\frontend_samples\assistant-compliance-packs\上级检查_环保合规资料包_202607\03_施工环保方案及交底培训\专项方案审批意见.md","395","DDA1232A9DDFD15427D8EA78AF94A0250B85DFE6CE88C7F38055DD0F6AE73E36","DDA1232A9DDFD15427D8EA78AF94A0250B85DFE6CE88C7F38055DD0F6AE73E36","True"
"public\samples\assistant-compliance-packs\上级检查_环保合规资料包_202607\03_施工环保方案及交底培训\施工环境保护专项方案.md","demo_data\current\frontend_samples\assistant-compliance-packs\上级检查_环保合规资料包_202607\03_施工环保方案及交底培训\施工环境保护专项方案.md","401","8971B19AB70F438190B026B62448B3EB3E4AEDFA72673331D44DF37D4EDD6C99","8971B19AB70F438190B026B62448B3EB3E4AEDFA72673331D44DF37D4EDD6C99","True"
"public\samples\assistant-compliance-packs\上级检查_环保合规资料包_202607\03_施工环保方案及交底培训\清单_应备文件.md","demo_data\current\frontend_samples\assistant-compliance-packs\上级检查_环保合规资料包_202607\03_施工环保方案及交底培训\清单_应备文件.md","452","E332734E149881D056BCFC4FC55B20AADD6382A4B36447BF41E2CCE87DE12DB5","E332734E149881D056BCFC4FC55B20AADD6382A4B36447BF41E2CCE87DE12DB5","True"
"public\samples\assistant-compliance-packs\上级检查_环保合规资料包_202607\03_施工环保方案及交底培训\环保培训签到表及课件摘要.md","demo_data\current\frontend_samples\assistant-compliance-packs\上级检查_环保合规资料包_202607\03_施工环保方案及交底培训\环保培训签到表及课件摘要.md","407","6035FE6DE822BC0223C3F505A35D256C0D79C68163C44C79C74424479D63E83A","6035FE6DE822BC0223C3F505A35D256C0D79C68163C44C79C74424479D63E83A","True"
"public\samples\assistant-compliance-packs\上级检查_环保合规资料包_202607\03_施工环保方案及交底培训\环保技术交底记录.md","demo_data\current\frontend_samples\assistant-compliance-packs\上级检查_环保合规资料包_202607\03_施工环保方案及交底培训\环保技术交底记录.md","395","808205E1B6C2D96EE35C547E4FCBE3A700694A9ED7E326909A6B44737C620121","808205E1B6C2D96EE35C547E4FCBE3A700694A9ED7E326909A6B44737C620121","True"
"public\samples\assistant-compliance-packs\上级检查_环保合规资料包_202607\04_日常巡查与污染防治设施运行\噪声污染防治措施落实记录.md","demo_data\current\frontend_samples\assistant-compliance-packs\上级检查_环保合规资料包_202607\04_日常巡查与污染防治设施运行\噪声污染防治措施落实记录.md","413","E5075D9759F35FE55FC5C65378045FBA7B307156653404ED290CD96E232C296F","E5075D9759F35FE55FC5C65378045FBA7B307156653404ED290CD96E232C296F","True"
"public\samples\assistant-compliance-packs\上级检查_环保合规资料包_202607\04_日常巡查与污染防治设施运行\施工扬尘防治检查表.md","demo_data\current\frontend_samples\assistant-compliance-packs\上级检查_环保合规资料包_202607\04_日常巡查与污染防治设施运行\施工扬尘防治检查表.md","404","6A26B039B2663BFE60402A3E1D522FFC5066D8A86B698900CDCB7583725AFDD1","6A26B039B2663BFE60402A3E1D522FFC5066D8A86B698900CDCB7583725AFDD1","True"
"public\samples\assistant-compliance-packs\上级检查_环保合规资料包_202607\04_日常巡查与污染防治设施运行\施工现场环保日常巡查记录.md","demo_data\current\frontend_samples\assistant-compliance-packs\上级检查_环保合规资料包_202607\04_日常巡查与污染防治设施运行\施工现场环保日常巡查记录.md","413","860C9112C3B03CDFBFACEF7E39A427073B1B3CC7C6A2F8B03569C5B76E5D4713","860C9112C3B03CDFBFACEF7E39A427073B1B3CC7C6A2F8B03569C5B76E5D4713","True"
"public\samples\assistant-compliance-packs\上级检查_环保合规资料包_202607\04_日常巡查与污染防治设施运行\沉淀池及污水处理设施运行台账.md","demo_data\current\frontend_samples\assistant-compliance-packs\上级检查_环保合规资料包_202607\04_日常巡查与污染防治设施运行\沉淀池及污水处理设施运行台账.md","419","5A98C4D02ABC49254D9B475B53AC5B33DDBF7447CB328A30B717FF02A187AD02","5A98C4D02ABC49254D9B475B53AC5B33DDBF7447CB328A30B717FF02A187AD02","True"
"public\samples\assistant-compliance-packs\上级检查_环保合规资料包_202607\04_日常巡查与污染防治设施运行\洒水抑尘作业台账.md","demo_data\current\frontend_samples\assistant-compliance-packs\上级检查_环保合规资料包_202607\04_日常巡查与污染防治设施运行\洒水抑尘作业台账.md","401","AC6B5EB7A8031C2A3C3810CBE092413D790C0BB0118EC7BB281D240D8D72D491","AC6B5EB7A8031C2A3C3810CBE092413D790C0BB0118EC7BB281D240D8D72D491","True"
"public\samples\assistant-compliance-packs\上级检查_环保合规资料包_202607\04_日常巡查与污染防治设施运行\清单_应备文件.md","demo_data\current\frontend_samples\assistant-compliance-packs\上级检查_环保合规资料包_202607\04_日常巡查与污染防治设施运行\清单_应备文件.md","549","CCAA441A5356FE73591455EA96B04A120E5862C151D72CCFF94DAE234363F22D","CCAA441A5356FE73591455EA96B04A120E5862C151D72CCFF94DAE234363F22D","True"
"public\samples\assistant-compliance-packs\上级检查_环保合规资料包_202607\05_施工期环境监测\施工期环境监测方案.md","demo_data\current\frontend_samples\assistant-compliance-packs\上级检查_环保合规资料包_202607\05_施工期环境监测\施工期环境监测方案.md","386","CAE3E23493C4AAEB88864C5B6A5358EC5DBC61BCA2AEB403CEDD59ED186BE486","CAE3E23493C4AAEB88864C5B6A5358EC5DBC61BCA2AEB403CEDD59ED186BE486","True"
"public\samples\assistant-compliance-packs\上级检查_环保合规资料包_202607\05_施工期环境监测\清单_应备文件.md","demo_data\current\frontend_samples\assistant-compliance-packs\上级检查_环保合规资料包_202607\05_施工期环境监测\清单_应备文件.md","645","44ED71EA8C9E152507913D153600284818BD7F0FFF386A2C56EF76352AE72DAA","44ED71EA8C9E152507913D153600284818BD7F0FFF386A2C56EF76352AE72DAA","True"
"public\samples\assistant-compliance-packs\上级检查_环保合规资料包_202607\05_施工期环境监测\罗宜高速_2026年6月施工期环境监测月报.md","demo_data\current\frontend_samples\assistant-compliance-packs\上级检查_环保合规资料包_202607\05_施工期环境监测\罗宜高速_2026年6月施工期环境监测月报.md","404","438DB8D7B30C2553B6215F7873810D27FFF81AC250A18F0258A0255BDA5A14FD","438DB8D7B30C2553B6215F7873810D27FFF81AC250A18F0258A0255BDA5A14FD","True"
"public\samples\assistant-compliance-packs\上级检查_环保合规资料包_202607\05_施工期环境监测\罗宜高速_2026年第三季度环境监测送检委托及计划.md","demo_data\current\frontend_samples\assistant-compliance-packs\上级检查_环保合规资料包_202607\05_施工期环境监测\罗宜高速_2026年第三季度环境监测送检委托及计划.md","439","62AC2DD05472D50ADFA8E9009709CA049F32AAFC0163D91A3BC7369D36B4D57A","62AC2DD05472D50ADFA8E9009709CA049F32AAFC0163D91A3BC7369D36B4D57A","True"
"public\samples\assistant-compliance-packs\上级检查_环保合规资料包_202607\05_施工期环境监测\罗宜高速_2026年第二季度施工期环境监测季报.md","demo_data\current\frontend_samples\assistant-compliance-packs\上级检查_环保合规资料包_202607\05_施工期环境监测\罗宜高速_2026年第二季度施工期环境监测季报.md","440","0A4FFEFAAE507C18D6D6266D13DAB35247ADAD02B863DED4387D509ED1117C49","0A4FFEFAAE507C18D6D6266D13DAB35247ADAD02B863DED4387D509ED1117C49","True"
"public\samples\assistant-compliance-packs\上级检查_环保合规资料包_202607\05_施工期环境监测\超标监测处置与复测记录.md","demo_data\current\frontend_samples\assistant-compliance-packs\上级检查_环保合规资料包_202607\05_施工期环境监测\超标监测处置与复测记录.md","392","6826C0F82ED6833B27F7DD5660BB2EEA842DFEF03E86EDF039B70EDB0AB5885C","6826C0F82ED6833B27F7DD5660BB2EEA842DFEF03E86EDF039B70EDB0AB5885C","True"
"public\samples\assistant-compliance-packs\上级检查_环保合规资料包_202607\06_环保监理检查\清单_应备文件.md","demo_data\current\frontend_samples\assistant-compliance-packs\上级检查_环保合规资料包_202607\06_环保监理检查\清单_应备文件.md","481","62E97AAB824BD308F0DAF8696549D9463B7997E7B4D6C745249DD9385C116B65","62E97AAB824BD308F0DAF8696549D9463B7997E7B4D6C745249DD9385C116B65","True"
"public\samples\assistant-compliance-packs\上级检查_环保合规资料包_202607\06_环保监理检查\环保监理巡视记录.md","demo_data\current\frontend_samples\assistant-compliance-packs\上级检查_环保合规资料包_202607\06_环保监理检查\环保监理巡视记录.md","380","2B817315F66BE74B9E66A5EE3FC1F97047C4A8DA6FBF0EE6E3115DD22A654065","2B817315F66BE74B9E66A5EE3FC1F97047C4A8DA6FBF0EE6E3115DD22A654065","True"
"public\samples\assistant-compliance-packs\上级检查_环保合规资料包_202607\06_环保监理检查\环保监理通知单汇编.md","demo_data\current\frontend_samples\assistant-compliance-packs\上级检查_环保合规资料包_202607\06_环保监理检查\环保监理通知单汇编.md","383","B3D35E1AC414A992AA872F09409B3BD36B2011F6BB0E55B42A2A735B72AD1D64","B3D35E1AC414A992AA872F09409B3BD36B2011F6BB0E55B42A2A735B72AD1D64","True"
"public\samples\assistant-compliance-packs\上级检查_环保合规资料包_202607\06_环保监理检查\监理旁站及平行检测摘要.md","demo_data\current\frontend_samples\assistant-compliance-packs\上级检查_环保合规资料包_202607\06_环保监理检查\监理旁站及平行检测摘要.md","396","8F83504BB37767D3BA026601730711237435478BD9F5320407EED9BA6390538C","8F83504BB37767D3BA026601730711237435478BD9F5320407EED9BA6390538C","True"
"public\samples\assistant-compliance-packs\上级检查_环保合规资料包_202607\06_环保监理检查\监理月报_环境保护专章_2026年6月.md","demo_data\current\frontend_samples\assistant-compliance-packs\上级检查_环保合规资料包_202607\06_环保监理检查\监理月报_环境保护专章_2026年6月.md","411","54622A1A9C123765C2FC8D5399B7B9BCDF2D8347F6E227FE950246C8B51E5606","54622A1A9C123765C2FC8D5399B7B9BCDF2D8347F6E227FE950246C8B51E5606","True"
"public\samples\assistant-compliance-packs\上级检查_环保合规资料包_202607\07_环保问题整改与闭环\复查销项证明材料清单.md","demo_data\current\frontend_samples\assistant-compliance-packs\上级检查_环保合规资料包_202607\07_环保问题整改与闭环\复查销项证明材料清单.md","395","4EDD3D380A1A8A7D5720DC79A37096B8CA3176682968C07CF704FC6A6F01A825","4EDD3D380A1A8A7D5720DC79A37096B8CA3176682968C07CF704FC6A6F01A825","True"
"public\samples\assistant-compliance-packs\上级检查_环保合规资料包_202607\07_环保问题整改与闭环\整改回单及现场复核记录.md","demo_data\current\frontend_samples\assistant-compliance-packs\上级检查_环保合规资料包_202607\07_环保问题整改与闭环\整改回单及现场复核记录.md","398","74761C744350EC89A7CB851D4D066A29FF2C7FF455C1724ED68E4261E78F2086","74761C744350EC89A7CB851D4D066A29FF2C7FF455C1724ED68E4261E78F2086","True"
"public\samples\assistant-compliance-packs\上级检查_环保合规资料包_202607\07_环保问题整改与闭环\未闭环环保问题摘要说明.txt","demo_data\current\frontend_samples\assistant-compliance-packs\上级检查_环保合规资料包_202607\07_环保问题整改与闭环\未闭环环保问题摘要说明.txt","229","D18F1F4A292F2DEB9B5C0B507A4D8DB8C0CF2D933EADE65083383FD59FC51FDA","D18F1F4A292F2DEB9B5C0B507A4D8DB8C0CF2D933EADE65083383FD59FC51FDA","True"
"public\samples\assistant-compliance-packs\上级检查_环保合规资料包_202607\07_环保问题整改与闭环\清单_应备文件.md","demo_data\current\frontend_samples\assistant-compliance-packs\上级检查_环保合规资料包_202607\07_环保问题整改与闭环\清单_应备文件.md","494","8B0D22C528CDE58C92CACFE1DB2D36BF1B76E1B3F7A491015F5A51E1EC8A4E40","8B0D22C528CDE58C92CACFE1DB2D36BF1B76E1B3F7A491015F5A51E1EC8A4E40","True"
"public\samples\assistant-compliance-packs\上级检查_环保合规资料包_202607\07_环保问题整改与闭环\环保问题整改台账.md","demo_data\current\frontend_samples\assistant-compliance-packs\上级检查_环保合规资料包_202607\07_环保问题整改与闭环\环保问题整改台账.md","405","AA26A3BF90372A53812AC6D095FD9F36F36506E7DED367087FBF9D120C6A6172","AA26A3BF90372A53812AC6D095FD9F36F36506E7DED367087FBF9D120C6A6172","True"
"public\samples\assistant-compliance-packs\上级检查_环保合规资料包_202607\08_固废危废及应急管理\一般工业固体废物产生及处置台账.md","demo_data\current\frontend_samples\assistant-compliance-packs\上级检查_环保合规资料包_202607\08_固废危废及应急管理\一般工业固体废物产生及处置台账.md","410","CE5604539E5988C9B51292E4DD157163838D1D5E94454B89A8CA21B3357C7CFE","CE5604539E5988C9B51292E4DD157163838D1D5E94454B89A8CA21B3357C7CFE","True"
"public\samples\assistant-compliance-packs\上级检查_环保合规资料包_202607\08_固废危废及应急管理\危险废物转移联单及台账.md","demo_data\current\frontend_samples\assistant-compliance-packs\上级检查_环保合规资料包_202607\08_固废危废及应急管理\危险废物转移联单及台账.md","398","00083A4D94E2F456F33C62C3B86C19D15B9180FE4EF3723C3A81D945518D9AA1","00083A4D94E2F456F33C62C3B86C19D15B9180FE4EF3723C3A81D945518D9AA1","True"
"public\samples\assistant-compliance-packs\上级检查_环保合规资料包_202607\08_固废危废及应急管理\清单_应备文件.md","demo_data\current\frontend_samples\assistant-compliance-packs\上级检查_环保合规资料包_202607\08_固废危废及应急管理\清单_应备文件.md","555","887BBB7A76137DC8662EFE142A6486A8B0083FEFAA0A1B059F9C71A6706A807A","887BBB7A76137DC8662EFE142A6486A8B0083FEFAA0A1B059F9C71A6706A807A","True"
"public\samples\assistant-compliance-packs\上级检查_环保合规资料包_202607\08_固废危废及应急管理\突发环境事件应急预案.md","demo_data\current\frontend_samples\assistant-compliance-packs\上级检查_环保合规资料包_202607\08_固废危废及应急管理\突发环境事件应急预案.md","395","F474CD99E415A52B658DB219CAC0005854B5B771FFAF96AAA9DCBCC759219153","F474CD99E415A52B658DB219CAC0005854B5B771FFAF96AAA9DCBCC759219153","True"
"public\samples\assistant-compliance-packs\上级检查_环保合规资料包_202607\08_固废危废及应急管理\罗宜高速_突发环境事件应急预案演练记录_2026年第二季度.md","demo_data\current\frontend_samples\assistant-compliance-packs\上级检查_环保合规资料包_202607\08_固废危废及应急管理\罗宜高速_突发环境事件应急预案演练记录_2026年第二季度.md","468","8C2D5461DFA05FF23253BC22E695C2408C59FECBFDD99CF1B2045AFB763226E9","8C2D5461DFA05FF23253BC22E695C2408C59FECBFDD99CF1B2045AFB763226E9","True"
"public\samples\assistant-compliance-packs\上级检查_环保合规资料包_202607\09_生态保护与水土保持\临时用地植被恢复记录.md","demo_data\current\frontend_samples\assistant-compliance-packs\上级检查_环保合规资料包_202607\09_生态保护与水土保持\临时用地植被恢复记录.md","395","2BE4A8FE8452BE848F5C3FC89517AD84FC383276F1697CA211E5308475D30902","2BE4A8FE8452BE848F5C3FC89517AD84FC383276F1697CA211E5308475D30902","True"
"public\samples\assistant-compliance-packs\上级检查_环保合规资料包_202607\09_生态保护与水土保持\水土保持监测方案.md","demo_data\current\frontend_samples\assistant-compliance-packs\上级检查_环保合规资料包_202607\09_生态保护与水土保持\水土保持监测方案.md","395","B341FBCA43C99A1628189E388CF5D694BBA73D1D4E8D0BCC0613D9D277E3112C","B341FBCA43C99A1628189E388CF5D694BBA73D1D4E8D0BCC0613D9D277E3112C","True"
"public\samples\assistant-compliance-packs\上级检查_环保合规资料包_202607\09_生态保护与水土保持\清单_应备文件.md","demo_data\current\frontend_samples\assistant-compliance-packs\上级检查_环保合规资料包_202607\09_生态保护与水土保持\清单_应备文件.md","492","A0A3F02364AF5E7F2A6ED7D353B5DCDD8F3AD917A4190770D3BBC84F4D1D62A4","A0A3F02364AF5E7F2A6ED7D353B5DCDD8F3AD917A4190770D3BBC84F4D1D62A4","True"
"public\samples\assistant-compliance-packs\上级检查_环保合规资料包_202607\09_生态保护与水土保持\罗宜高速_2026年7月水土保持监测月报摘要.csv","demo_data\current\frontend_samples\assistant-compliance-packs\上级检查_环保合规资料包_202607\09_生态保护与水土保持\罗宜高速_2026年7月水土保持监测月报摘要.csv","173","351D1687268B2ADC962179E5F9E8489710411542BE076253DFA85B2FA52F5947","351D1687268B2ADC962179E5F9E8489710411542BE076253DFA85B2FA52F5947","True"
"public\samples\assistant-compliance-packs\上级检查_环保合规资料包_202607\09_生态保护与水土保持\表土剥离与保护台账.md","demo_data\current\frontend_samples\assistant-compliance-packs\上级检查_环保合规资料包_202607\09_生态保护与水土保持\表土剥离与保护台账.md","392","37B4A7082A19087317105A8DB817844C06A4AA2603A73315BC832BFCD7B779EB","37B4A7082A19087317105A8DB817844C06A4AA2603A73315BC832BFCD7B779EB","True"
"public\samples\assistant-compliance-packs\上级检查_环保合规资料包_202607\10_环保月报及阶段总结\施工期环境保护阶段工作总结.md","demo_data\current\frontend_samples\assistant-compliance-packs\上级检查_环保合规资料包_202607\10_环保月报及阶段总结\施工期环境保护阶段工作总结.md","404","8C5A7C3D775A1A87C34D6CB5B523CF67211AFC57184CBAAD164B77B1AEEA39E1","8C5A7C3D775A1A87C34D6CB5B523CF67211AFC57184CBAAD164B77B1AEEA39E1","True"
"public\samples\assistant-compliance-packs\上级检查_环保合规资料包_202607\10_环保月报及阶段总结\清单_应备文件.md","demo_data\current\frontend_samples\assistant-compliance-packs\上级检查_环保合规资料包_202607\10_环保月报及阶段总结\清单_应备文件.md","446","EE082B5D925647967ED699FF56C9A4CF13889283B0FAD0ABE0859DD2C2339D05","EE082B5D925647967ED699FF56C9A4CF13889283B0FAD0ABE0859DD2C2339D05","True"
"public\samples\assistant-compliance-packs\上级检查_环保合规资料包_202607\10_环保月报及阶段总结\罗宜高速_2026年6月环境保护月报.md","demo_data\current\frontend_samples\assistant-compliance-packs\上级检查_环保合规资料包_202607\10_环保月报及阶段总结\罗宜高速_2026年6月环境保护月报.md","407","8D25B1BF1723C825C05C53C74E6F2D96E145584142FDC147D061B07601B8E907","8D25B1BF1723C825C05C53C74E6F2D96E145584142FDC147D061B07601B8E907","True"
"public\samples\assistant-compliance-packs\上级检查_环保合规资料包_202607\10_环保月报及阶段总结\罗宜高速_环境保护合规性评价报告_2026.md","demo_data\current\frontend_samples\assistant-compliance-packs\上级检查_环保合规资料包_202607\10_环保月报及阶段总结\罗宜高速_环境保护合规性评价报告_2026.md","441","27F5CB77DDAA3505F3676772C759650CEECD374BC66C592159531CD1BE1CA90C","27F5CB77DDAA3505F3676772C759650CEECD374BC66C592159531CD1BE1CA90C","True"
"public\samples\assistant-compliance-packs\上级检查_环保合规资料包_202607\11_上级检查、投诉及处罚整改\上级环保检查核查项清单.md","demo_data\current\frontend_samples\assistant-compliance-packs\上级检查_环保合规资料包_202607\11_上级检查、投诉及处罚整改\上级环保检查核查项清单.md","410","DF500E020E304733297F808FE803521CAFDC7CBD7AA5B1388C037BF1988A2F7E","DF500E020E304733297F808FE803521CAFDC7CBD7AA5B1388C037BF1988A2F7E","True"
"public\samples\assistant-compliance-packs\上级检查_环保合规资料包_202607\11_上级检查、投诉及处罚整改\上级环保检查通知及反馈汇编.md","demo_data\current\frontend_samples\assistant-compliance-packs\上级检查_环保合规资料包_202607\11_上级检查、投诉及处罚整改\上级环保检查通知及反馈汇编.md","420","FFE61ADCEEF133575C98962F5DD9E930905294E424BB21F640A759EF71D0FE09","FFE61ADCEEF133575C98962F5DD9E930905294E424BB21F640A759EF71D0FE09","True"
"public\samples\assistant-compliance-packs\上级检查_环保合规资料包_202607\11_上级检查、投诉及处罚整改\清单_应备文件.md","demo_data\current\frontend_samples\assistant-compliance-packs\上级检查_环保合规资料包_202607\11_上级检查、投诉及处罚整改\清单_应备文件.md","504","06A6EB7692697849D048B3878421B48F242E751EE0BAC2AA6D6BB2A8DC5D107E","06A6EB7692697849D048B3878421B48F242E751EE0BAC2AA6D6BB2A8DC5D107E","True"
"public\samples\assistant-compliance-packs\上级检查_环保合规资料包_202607\11_上级检查、投诉及处罚整改\环境信访投诉处置台账.md","demo_data\current\frontend_samples\assistant-compliance-packs\上级检查_环保合规资料包_202607\11_上级检查、投诉及处罚整改\环境信访投诉处置台账.md","404","DA8FABF88C0B16ECA6F03229A938F0010C20F12387C6C72E944071A302B046D7","DA8FABF88C0B16ECA6F03229A938F0010C20F12387C6C72E944071A302B046D7","True"
"public\samples\assistant-compliance-packs\上级检查_环保合规资料包_202607\11_上级检查、投诉及处罚整改\行政处罚及整改闭环材料.md","demo_data\current\frontend_samples\assistant-compliance-packs\上级检查_环保合规资料包_202607\11_上级检查、投诉及处罚整改\行政处罚及整改闭环材料.md","419","EE04769198B4A53B824DDC3E5DDFB919B34C3364A91BCED93DAE7FB6788A78E1","EE04769198B4A53B824DDC3E5DDFB919B34C3364A91BCED93DAE7FB6788A78E1","True"
"public\samples\assistant-compliance-packs\上级检查_综合合规资料包_202607\01_清单_合规资料目录.md","demo_data\current\frontend_samples\assistant-compliance-packs\上级检查_综合合规资料包_202607\01_清单_合规资料目录.md","701","077673253B85A15CC2958EFE4B43E7631F7515EE693CA423EDDF793483B6548B","077673253B85A15CC2958EFE4B43E7631F7515EE693CA423EDDF793483B6548B","True"
"public\samples\assistant-compliance-packs\上级检查_综合合规资料包_202607\README.md","demo_data\current\frontend_samples\assistant-compliance-packs\上级检查_综合合规资料包_202607\README.md","770","E53EB3DD1D4AB094EA94C697C55C415517F02340F269429CBF4762BE82B3DC4B","E53EB3DD1D4AB094EA94C697C55C415517F02340F269429CBF4762BE82B3DC4B","True"
"public\samples\assistant-compliance-packs\上级检查_综合合规资料包_202607\02_合同履约\合同与履约合规检查表.md","demo_data\current\frontend_samples\assistant-compliance-packs\上级检查_综合合规资料包_202607\02_合同履约\合同与履约合规检查表.md","421","6D2F1B74F7CAA20ED6EC6342949469775A259197052321B00A2085E2127CD1EE","6D2F1B74F7CAA20ED6EC6342949469775A259197052321B00A2085E2127CD1EE","True"
"public\samples\assistant-compliance-packs\上级检查_综合合规资料包_202607\03_合规资料缺口\待补齐关键合规资料摘录.csv","demo_data\current\frontend_samples\assistant-compliance-packs\上级检查_综合合规资料包_202607\03_合规资料缺口\待补齐关键合规资料摘录.csv","383","302070273734CAE9F7FDB92CDC681B7E52B28DB7445ECA292172255C3E04CE6A","302070273734CAE9F7FDB92CDC681B7E52B28DB7445ECA292172255C3E04CE6A","True"
"public\samples\assistant-compliance-packs\上级检查_综合合规资料包_202607\04_报批报建\未完成报批报建手续进度摘要.txt","demo_data\current\frontend_samples\assistant-compliance-packs\上级检查_综合合规资料包_202607\04_报批报建\未完成报批报建手续进度摘要.txt","510","571AA6339FB33EB2C717E9DB417374E194DDC1A70B71DE1EF00500A50E5377B8","571AA6339FB33EB2C717E9DB417374E194DDC1A70B71DE1EF00500A50E5377B8","True"
"public\test-data\esg-smart-entry\01_环境监测原始记录_2026年6月.pdf","demo_data\current\frontend_test_data\esg-smart-entry\01_环境监测原始记录_2026年6月.pdf","73431","2C701293320341869345DA4374F5F2A0F121AA2A166061EE53662577E2FCA172","2C701293320341869345DA4374F5F2A0F121AA2A166061EE53662577E2FCA172","True"
"public\test-data\esg-smart-entry\01_环境监测原始记录_2026年6月.xlsx","demo_data\current\frontend_test_data\esg-smart-entry\01_环境监测原始记录_2026年6月.xlsx","6443","1C177CD21D67AAF6B0EB03055CF71EA0BDCC5CE5D25594F3A21A24A41CCC759D","1C177CD21D67AAF6B0EB03055CF71EA0BDCC5CE5D25594F3A21A24A41CCC759D","True"
"public\test-data\esg-smart-entry\02_水保问题整改台账_2026年6月.pdf","demo_data\current\frontend_test_data\esg-smart-entry\02_水保问题整改台账_2026年6月.pdf","90672","A2E5A4AE24633D1877EC8A6902D6A9A187479065A2C61EDE5FEE335D543F3AF6","A2E5A4AE24633D1877EC8A6902D6A9A187479065A2C61EDE5FEE335D543F3AF6","True"
"public\test-data\esg-smart-entry\02_水保问题整改台账_2026年6月.xlsx","demo_data\current\frontend_test_data\esg-smart-entry\02_水保问题整改台账_2026年6月.xlsx","7200","F4EBC9E0A8A926EDD49526B1B923549DB7EE34D16DC383C0C5B7DCB742D78C9F","F4EBC9E0A8A926EDD49526B1B923549DB7EE34D16DC383C0C5B7DCB742D78C9F","True"
"public\test-data\esg-smart-entry\03_碳排放活动数据_2026年6月.pdf","demo_data\current\frontend_test_data\esg-smart-entry\03_碳排放活动数据_2026年6月.pdf","69631","A2AD1B1657CECFEB95504FEFFEF2684223D48202C68E4360412D92994C10DCE5","A2AD1B1657CECFEB95504FEFFEF2684223D48202C68E4360412D92994C10DCE5","True"
"public\test-data\esg-smart-entry\03_碳排放活动数据_2026年6月.xlsx","demo_data\current\frontend_test_data\esg-smart-entry\03_碳排放活动数据_2026年6月.xlsx","6369","5894257184670761CF774FAFC3CB52B9E4E3801ECB4B814E3C46D2B25E728FE4","5894257184670761CF774FAFC3CB52B9E4E3801ECB4B814E3C46D2B25E728FE4","True"
"public\test-data\esg-smart-entry\填报资料使用说明.md","demo_data\current\frontend_test_data\esg-smart-entry\填报资料使用说明.md","848","E16B89818D95CE2AAE62C5ACD11B147EDD0B8A0E8A7517D96571119640AC0D92","E16B89818D95CE2AAE62C5ACD11B147EDD0B8A0E8A7517D96571119640AC0D92","True"
"public\test-data\esg-smart-entry\测试数据使用说明.md","demo_data\current\frontend_test_data\esg-smart-entry\测试数据使用说明.md","2675","43E98EBD1AD51B85FBCDD21B0CBDCCA27E8AEE78513AD317D94DC7BF90D38E0C","43E98EBD1AD51B85FBCDD21B0CBDCCA27E8AEE78513AD317D94DC7BF90D38E0C","True"
"server\seed_ai_document_analysis_v1.py","demo_data\archive\seed_scripts\seed_ai_document_analysis_v1.py","1000","B2FA8F2C0DA9575D6D22FA8F479C4B53F21C2E31471415E1102E58A99449440D","B2FA8F2C0DA9575D6D22FA8F479C4B53F21C2E31471415E1102E58A99449440D","True"
"server\seed_dashboard_snapshots_v0_2.py","demo_data\archive\seed_scripts\seed_dashboard_snapshots_v0_2.py","4912","02A34F66E6BC53F40C1B127F2071BC453E3DCD6CA785ABC586841891F82AB0DC","02A34F66E6BC53F40C1B127F2071BC453E3DCD6CA785ABC586841891F82AB0DC","True"
"server\seed_e03_e04_detail_v0_6.py","demo_data\archive\seed_scripts\seed_e03_e04_detail_v0_6.py","6609","2351C57D52F97A38187B6D50DA6C5D7CCE8127C487CAAD68B9011EBF75C39C34","2351C57D52F97A38187B6D50DA6C5D7CCE8127C487CAAD68B9011EBF75C39C34","True"
"server\seed_environment_safety_detail_v0_4.py","demo_data\archive\seed_scripts\seed_environment_safety_detail_v0_4.py","7962","FADE831B1B3ED2DF9C5ED9ECD366E438949F8C60DF8829E3EF06BEA336028B3D","FADE831B1B3ED2DF9C5ED9ECD366E438949F8C60DF8829E3EF06BEA336028B3D","True"
"server\seed_gis_map_v0_8.py","demo_data\archive\seed_scripts\seed_gis_map_v0_8.py","12019","14B8D3ABE34BF87A024944655273DC4A03EC5B4137ECC40DCA537F93E1237E1D","14B8D3ABE34BF87A024944655273DC4A03EC5B4137ECC40DCA537F93E1237E1D","True"
"server\seed_governance_detail_v0_3.py","demo_data\archive\seed_scripts\seed_governance_detail_v0_3.py","9155","09F28C2FF368DC811B7E9CF4FADD0E7599D09C09A49CB7D8AA943F52A8C2EE14","09F28C2FF368DC811B7E9CF4FADD0E7599D09C09A49CB7D8AA943F52A8C2EE14","True"
"server\seed_monthly_report_topic_v0_7.py","demo_data\archive\seed_scripts\seed_monthly_report_topic_v0_7.py","7371","B2D402EA6D8498F496635F1FD7D818F2E336E3138E0A493F9FD2D0C969E2540F","B2D402EA6D8498F496635F1FD7D818F2E336E3138E0A493F9FD2D0C969E2540F","True"
"server\seed_multisource_data_flow_v1_0.py","demo_data\archive\seed_scripts\seed_multisource_data_flow_v1_0.py","14311","87EBF5E2C5BC2CE720A92B964219B99CDF4952A53C5AFF449A2426E62CBA0F3A","87EBF5E2C5BC2CE720A92B964219B99CDF4952A53C5AFF449A2426E62CBA0F3A","True"
"server\seed_s02_risk_display_v0_2.py","demo_data\archive\seed_scripts\seed_s02_risk_display_v0_2.py","7290","3BBD1E39F108936005F7B843393E8375887B449C28F53BCED9D3AE1FAD594941","3BBD1E39F108936005F7B843393E8375887B449C28F53BCED9D3AE1FAD594941","True"
"server\seed_social_detail_v0_5.py","demo_data\archive\seed_scripts\seed_social_detail_v0_5.py","5631","8D2591A679178DD34C9D0C74422DDFCFC81F90A30B4F9B240CB2F38570368ED4","8D2591A679178DD34C9D0C74422DDFCFC81F90A30B4F9B240CB2F38570368ED4","True"
"src\modules\traffic-gis-overview\index.ts","gis\current\traffic-gis-overview\index.ts","184","EE41CF5596164166C048F315FF8DE6DF7B68904B16376A88F2E8F27684141E39","EE41CF5596164166C048F315FF8DE6DF7B68904B16376A88F2E8F27684141E39","True"
"src\modules\traffic-gis-overview\README.md","gis\current\traffic-gis-overview\README.md","2094","0238D5C465EE36860E1BF99D89801A56DB058DF19B23EA70672D3C3828F80847","0238D5C465EE36860E1BF99D89801A56DB058DF19B23EA70672D3C3828F80847","True"
"src\modules\traffic-gis-overview\adapters\http-adapter.ts","gis\current\traffic-gis-overview\adapters\http-adapter.ts","2271","B6A7178E426AEBD47CD0514587EC0C9675ED62443907D27B838E6B42199F118E","B6A7178E426AEBD47CD0514587EC0C9675ED62443907D27B838E6B42199F118E","True"
"src\modules\traffic-gis-overview\adapters\index.ts","gis\current\traffic-gis-overview\adapters\index.ts","157","1251E2F43B960E82BF1347E970B6F5185F32BE5FD4AA1DB9A874625D1F560EC8","1251E2F43B960E82BF1347E970B6F5185F32BE5FD4AA1DB9A874625D1F560EC8","True"
"src\modules\traffic-gis-overview\adapters\mock-adapter.ts","gis\current\traffic-gis-overview\adapters\mock-adapter.ts","813","87BD9C3FFE200BB4A7AF76122932AC291D402BF7D21B2A415B300070690359ED","87BD9C3FFE200BB4A7AF76122932AC291D402BF7D21B2A415B300070690359ED","True"
"src\modules\traffic-gis-overview\adapters\shp-adapter.ts","gis\current\traffic-gis-overview\adapters\shp-adapter.ts","8030","2A1CAD7A52067A974F5AAAFBFD34375666C0D2DAD8652FB4E09D58D7CABD35D8","2A1CAD7A52067A974F5AAAFBFD34375666C0D2DAD8652FB4E09D58D7CABD35D8","True"
"src\modules\traffic-gis-overview\assets\SpatialAssetStore.ts","gis\current\traffic-gis-overview\assets\SpatialAssetStore.ts","2618","145D2700323500BD29A585B1B7D8820C5787C03598DE44AE8A4796EB300ACFF0","145D2700323500BD29A585B1B7D8820C5787C03598DE44AE8A4796EB300ACFF0","True"
"src\modules\traffic-gis-overview\cesium\core\CameraManager.ts","gis\current\traffic-gis-overview\cesium\core\CameraManager.ts","9525","C88F67C6E3726AB5C97228B9C3CF484BA01C4472ED43B784A0A7977AFFCBDB14","C88F67C6E3726AB5C97228B9C3CF484BA01C4472ED43B784A0A7977AFFCBDB14","True"
"src\modules\traffic-gis-overview\cesium\core\CoordinateAdapter.ts","gis\current\traffic-gis-overview\cesium\core\CoordinateAdapter.ts","4068","017F81F5C413E9EAC7E868766DB63640D71BA346B9B550F20F53F9B88AC8C9E1","017F81F5C413E9EAC7E868766DB63640D71BA346B9B550F20F53F9B88AC8C9E1","True"
"src\modules\traffic-gis-overview\cesium\core\ViewerManager.ts","gis\current\traffic-gis-overview\cesium\core\ViewerManager.ts","2149","B1E7C69E1F76298B6FEC9BFFF000028F340EF192F044780D0D4028F556AB85BA","B1E7C69E1F76298B6FEC9BFFF000028F340EF192F044780D0D4028F556AB85BA","True"
"src\modules\traffic-gis-overview\cesium\interaction\HighlightManager.ts","gis\current\traffic-gis-overview\cesium\interaction\HighlightManager.ts","1564","0A94F167B6DC2C3134315633EEBC82240BA41CD75C346E9A9E8570F68C645044","0A94F167B6DC2C3134315633EEBC82240BA41CD75C346E9A9E8570F68C645044","True"
"src\modules\traffic-gis-overview\cesium\interaction\PickManager.ts","gis\current\traffic-gis-overview\cesium\interaction\PickManager.ts","2307","00E952784B5DBF02FD5DEF592169055FE0135204AA20578E845702846798738B","00E952784B5DBF02FD5DEF592169055FE0135204AA20578E845702846798738B","True"
"src\modules\traffic-gis-overview\cesium\layers\BasemapManager.ts","gis\current\traffic-gis-overview\cesium\layers\BasemapManager.ts","1505","285CFA47C6EB30AE44DDBEC721C2D510E313F8A9B5DE58B2B6973B0CC9EA9D9B","285CFA47C6EB30AE44DDBEC721C2D510E313F8A9B5DE58B2B6973B0CC9EA9D9B","True"
"src\modules\traffic-gis-overview\cesium\layers\DesignKmlLayerManager.ts","gis\current\traffic-gis-overview\cesium\layers\DesignKmlLayerManager.ts","24117","3F1D3BE8DB2A5EDA7F6B566363D7F58F1F213E02B703182C472607AE5931B55D","3F1D3BE8DB2A5EDA7F6B566363D7F58F1F213E02B703182C472607AE5931B55D","True"
"src\modules\traffic-gis-overview\cesium\layers\HistoricalCompareManager.ts","gis\current\traffic-gis-overview\cesium\layers\HistoricalCompareManager.ts","1316","99E2686FFC80EE361DB2A0CB7781E3D34E811A670AC9763B82C440968545144B","99E2686FFC80EE361DB2A0CB7781E3D34E811A670AC9763B82C440968545144B","True"
"src\modules\traffic-gis-overview\cesium\layers\LayerRegistry.ts","gis\current\traffic-gis-overview\cesium\layers\LayerRegistry.ts","729","9C548388552E8C6F8B6B81479352C416DCF133FAD27CC81033A5C32BB574F3AD","9C548388552E8C6F8B6B81479352C416DCF133FAD27CC81033A5C32BB574F3AD","True"
"src\modules\traffic-gis-overview\cesium\layers\SpatialAssetManager.ts","gis\current\traffic-gis-overview\cesium\layers\SpatialAssetManager.ts","5288","E4084E8F0D9F4A921126E132D12BF59A7068CC026BF435954E4CEC5BB91E0258","E4084E8F0D9F4A921126E132D12BF59A7068CC026BF435954E4CEC5BB91E0258","True"
"src\modules\traffic-gis-overview\cesium\layers\spx-kml.worker.ts","gis\current\traffic-gis-overview\cesium\layers\spx-kml.worker.ts","3064","B0EF92C4D7CD3F9B6C87A71DD4F32B1E236081FB6F0A13C05CA82F3FA0381A0B","B0EF92C4D7CD3F9B6C87A71DD4F32B1E236081FB6F0A13C05CA82F3FA0381A0B","True"
"src\modules\traffic-gis-overview\cesium\layers\SpxPrimitiveLayer.ts","gis\current\traffic-gis-overview\cesium\layers\SpxPrimitiveLayer.ts","6540","1085432699E1A663DDABB59BEE2D933F3639ACCFED08265FCADA5CDB6C328F02","1085432699E1A663DDABB59BEE2D933F3639ACCFED08265FCADA5CDB6C328F02","True"
"src\modules\traffic-gis-overview\cesium\renderers\PointRenderer.ts","gis\current\traffic-gis-overview\cesium\renderers\PointRenderer.ts","5848","8F56883B953F46C7103E88980D9484CA97E5FDC5063DB47891565FBDCC3F04F2","8F56883B953F46C7103E88980D9484CA97E5FDC5063DB47891565FBDCC3F04F2","True"
"src\modules\traffic-gis-overview\cesium\renderers\PolygonRenderer.ts","gis\current\traffic-gis-overview\cesium\renderers\PolygonRenderer.ts","5784","0F00D0AB50D6288F13CF4403799BD2569424987686FFB11EABCB45686C7CB7FB","0F00D0AB50D6288F13CF4403799BD2569424987686FFB11EABCB45686C7CB7FB","True"
"src\modules\traffic-gis-overview\cesium\renderers\PolylineRenderer.ts","gis\current\traffic-gis-overview\cesium\renderers\PolylineRenderer.ts","3460","2BADDCE23034982B29B085B2B362BEB7F39EAA519C29E1D78EB71D1840D79F22","2BADDCE23034982B29B085B2B362BEB7F39EAA519C29E1D78EB71D1840D79F22","True"
"src\modules\traffic-gis-overview\cesium\renderers\render-utils.ts","gis\current\traffic-gis-overview\cesium\renderers\render-utils.ts","7061","6BEFBA939E420BAA078E750B016C88A42F426BE90B456EA11DBCD50FE6A1605B","6BEFBA939E420BAA078E750B016C88A42F426BE90B456EA11DBCD50FE6A1605B","True"
"src\modules\traffic-gis-overview\cesium\renderers\TilesetRenderer.ts","gis\current\traffic-gis-overview\cesium\renderers\TilesetRenderer.ts","363","C679D531FBEC0024D955B0FD29AB0743326E10324B3A5ED4F5BCB82D75C1F000","C679D531FBEC0024D955B0FD29AB0743326E10324B3A5ED4F5BCB82D75C1F000","True"
"src\modules\traffic-gis-overview\components\BusinessLinksPanel.vue","gis\current\traffic-gis-overview\components\BusinessLinksPanel.vue","10364","73D9A692D92A81037491C8CACA6DA40FC46E2E2142F4E57F112EA724B408CEF7","73D9A692D92A81037491C8CACA6DA40FC46E2E2142F4E57F112EA724B408CEF7","True"
"src\modules\traffic-gis-overview\components\DesignLayerTree.vue","gis\current\traffic-gis-overview\components\DesignLayerTree.vue","12259","5AFDE5AE3970FAB562FF13B8DBE01B6F74517402BB8D458E7BA86467E262D4C1","5AFDE5AE3970FAB562FF13B8DBE01B6F74517402BB8D458E7BA86467E262D4C1","True"
"src\modules\traffic-gis-overview\components\FeatureCard.vue","gis\current\traffic-gis-overview\components\FeatureCard.vue","19973","A709AB27EDC245A793746F96A4D4D84A6E08B699F3C3AA057A651FE0104F8501","A709AB27EDC245A793746F96A4D4D84A6E08B699F3C3AA057A651FE0104F8501","True"
"src\modules\traffic-gis-overview\components\LayerControl.vue","gis\current\traffic-gis-overview\components\LayerControl.vue","13624","7DA5FEF80EE38983DA2BC37B059770650BA831A2911E190D3B61744F16471985","7DA5FEF80EE38983DA2BC37B059770650BA831A2911E190D3B61744F16471985","True"
"src\modules\traffic-gis-overview\components\MapChrome.vue","gis\current\traffic-gis-overview\components\MapChrome.vue","7868","5749FBCA2C426B8A86ADC100D8E0CD637A867088D2D2C0C445083766ABAB7B9A","5749FBCA2C426B8A86ADC100D8E0CD637A867088D2D2C0C445083766ABAB7B9A","True"
"src\modules\traffic-gis-overview\components\TrafficGisOverview.vue","gis\current\traffic-gis-overview\components\TrafficGisOverview.vue","49922","CC7920852CB69450B36138F64B7B61C39C0F444277A4EA2541791AA8EF95C6B5","CC7920852CB69450B36138F64B7B61C39C0F444277A4EA2541791AA8EF95C6B5","True"
"src\modules\traffic-gis-overview\components\TrafficLegend.vue","gis\current\traffic-gis-overview\components\TrafficLegend.vue","807","B1100FEDE8D08E9535DFEFFE5EBB0DD40CD048B48F9AB0D4B02283610E011481","B1100FEDE8D08E9535DFEFFE5EBB0DD40CD048B48F9AB0D4B02283610E011481","True"
"src\modules\traffic-gis-overview\config\basemaps.config.ts","gis\current\traffic-gis-overview\config\basemaps.config.ts","1873","6A1C96717160D8914BB4ACFA5A68E003EFFE5C60AEDA615F5704E45F9DA8B6A4","6A1C96717160D8914BB4ACFA5A68E003EFFE5C60AEDA615F5704E45F9DA8B6A4","True"
"src\modules\traffic-gis-overview\config\configuration-api.ts","gis\current\traffic-gis-overview\config\configuration-api.ts","1245","8334FE580B46554DFE2DD4B69A083426FB7E4CFBC8CC2B086F62E8FCC74B3EE3","8334FE580B46554DFE2DD4B69A083426FB7E4CFBC8CC2B086F62E8FCC74B3EE3","True"
"src\modules\traffic-gis-overview\config\design-map.config.ts","gis\current\traffic-gis-overview\config\design-map.config.ts","292","D90A90DEA45B00786D37A9C3603161E95F9B23B8374F7B806794B989EA8E6DBE","D90A90DEA45B00786D37A9C3603161E95F9B23B8374F7B806794B989EA8E6DBE","True"
"src\modules\traffic-gis-overview\config\historical-imagery.config.ts","gis\current\traffic-gis-overview\config\historical-imagery.config.ts","671","0E6D341EC647D654E4A959EF573096117422E8447EA15F4D950079B07B7467CF","0E6D341EC647D654E4A959EF573096117422E8447EA15F4D950079B07B7467CF","True"
"src\modules\traffic-gis-overview\config\layers.config.ts","gis\current\traffic-gis-overview\config\layers.config.ts","1203","5861AC825B3E4FBFC16324F479C22DABC6DB12A8EBD3ACCAA2D0A3CB25F11FA7","5861AC825B3E4FBFC16324F479C22DABC6DB12A8EBD3ACCAA2D0A3CB25F11FA7","True"
"src\modules\traffic-gis-overview\config\style-tokens.ts","gis\current\traffic-gis-overview\config\style-tokens.ts","2121","E5C0014DD2B5FA7E8C94BF902325D3D8099B5EC4296C6A68A8EC6DA72D3F50D2","E5C0014DD2B5FA7E8C94BF902325D3D8099B5EC4296C6A68A8EC6DA72D3F50D2","True"
"src\modules\traffic-gis-overview\config\traffic-gis.config.ts","gis\current\traffic-gis-overview\config\traffic-gis.config.ts","1120","47FF30E418BB968F8D71A374D3363EFB3E2B3BBEB1ECA03AD63BEC76E8B97275","47FF30E418BB968F8D71A374D3363EFB3E2B3BBEB1ECA03AD63BEC76E8B97275","True"
"src\modules\traffic-gis-overview\domain\chainage.ts","gis\current\traffic-gis-overview\domain\chainage.ts","1695","3E578911F0DB5112063FD736954CADDB34617652A53FA5A5FAD33ADDADE45F26","3E578911F0DB5112063FD736954CADDB34617652A53FA5A5FAD33ADDADE45F26","True"
"src\modules\traffic-gis-overview\mock\features.ts","gis\current\traffic-gis-overview\mock\features.ts","240","F807592D8AA0705B6CB76983EE93A8D427B5D374659447578609B13E3293E3D4","F807592D8AA0705B6CB76983EE93A8D427B5D374659447578609B13E3293E3D4","True"
"src\modules\traffic-gis-overview\tests\chainage.test.ts","gis\current\traffic-gis-overview\tests\chainage.test.ts","477","5D9E43BF0868F91EECBB6B7A546DD0100AA97D77D367410CA065C82F9DA24104","5D9E43BF0868F91EECBB6B7A546DD0100AA97D77D367410CA065C82F9DA24104","True"
"src\modules\traffic-gis-overview\tests\mock-adapter.test.ts","gis\current\traffic-gis-overview\tests\mock-adapter.test.ts","584","EE135D904E0028D20974B3AD1AABF53EB5B07B25A07498AC0E533889E12A5C8B","EE135D904E0028D20974B3AD1AABF53EB5B07B25A07498AC0E533889E12A5C8B","True"
"src\modules\traffic-gis-overview\tests\shp-data.test.ts","gis\current\traffic-gis-overview\tests\shp-data.test.ts","1008","3C724652EC40C8683D5965101A74B12270934D981F07005E2499957E0BFAAEF7","3C724652EC40C8683D5965101A74B12270934D981F07005E2499957E0BFAAEF7","True"
"src\modules\traffic-gis-overview\tests\vector-store.test.ts","gis\current\traffic-gis-overview\tests\vector-store.test.ts","1411","01420B4B0F58E25CD8A47DABE109AFEA040AD8D741703F83E03534F965D060B5","01420B4B0F58E25CD8A47DABE109AFEA040AD8D741703F83E03534F965D060B5","True"
"src\modules\traffic-gis-overview\types\design-layers.ts","gis\current\traffic-gis-overview\types\design-layers.ts","1088","ABDF09CC3BEC305A6BD5678F865F596889F8AA5364D8B6E2C5CBA64CC1635B8E","ABDF09CC3BEC305A6BD5678F865F596889F8AA5364D8B6E2C5CBA64CC1635B8E","True"
"src\modules\traffic-gis-overview\types\index.ts","gis\current\traffic-gis-overview\types\index.ts","5811","E32FD7D66A9F376D2C651C2873392F2FEB2E9954E75B3D386EFE0AF735B51B16","E32FD7D66A9F376D2C651C2873392F2FEB2E9954E75B3D386EFE0AF735B51B16","True"
"src\modules\traffic-gis-overview\vector\VectorLayerStore.ts","gis\current\traffic-gis-overview\vector\VectorLayerStore.ts","3361","85162699E02512D4C91B86FC283D0D24F68966269AA555BF54DDE98F73C5AF0F","85162699E02512D4C91B86FC283D0D24F68966269AA555BF54DDE98F73C5AF0F","True"
"src\components\gis\GisLegend.vue","gis\current\components-gis\GisLegend.vue","549","C87B909E83D574EDEC4A5A7EF01304764D046655B91245CF25FF3646D8C2DCB3","C87B909E83D574EDEC4A5A7EF01304764D046655B91245CF25FF3646D8C2DCB3","True"
"src\components\gis\GisOverviewCesiumPanel.vue","gis\current\components-gis\GisOverviewCesiumPanel.vue","23983","8C4340BE51C59F735AAD1E01C00651B99EC4C903FA2D313BBBFD4B3BA3CC8742","8C4340BE51C59F735AAD1E01C00651B99EC4C903FA2D313BBBFD4B3BA3CC8742","True"
"src\components\gis\GisOverviewPanel.vue","gis\current\components-gis\GisOverviewPanel.vue","621","CD00286E780A3D5DD61FFBC55AF926D451A46AFCF31E35F2A48511CDC4F0A880","CD00286E780A3D5DD61FFBC55AF926D451A46AFCF31E35F2A48511CDC4F0A880","True"
"src\components\gis\LayerSwitch.vue","gis\current\components-gis\LayerSwitch.vue","709","F7664845971C22279DD12F4649EE518B27BB4C6EB1737B455707139B97518161","F7664845971C22279DD12F4649EE518B27BB4C6EB1737B455707139B97518161","True"
"src\components\gis\RouteMapSvg.vue","gis\current\components-gis\RouteMapSvg.vue","15961","3F8AD8C7E170637C37F03712E4D4008D5B27DB3986CA6578988DCD81F507973A","3F8AD8C7E170637C37F03712E4D4008D5B27DB3986CA6578988DCD81F507973A","True"
"src\components\gis\SatelliteCompareCard.vue","gis\current\components-gis\SatelliteCompareCard.vue","5919","B6E4D7CD79E4FE18D4A714830C3C8B178BAD90281D2816F7C640321ADD00028C","B6E4D7CD79E4FE18D4A714830C3C8B178BAD90281D2816F7C640321ADD00028C","True"
"src\views\GisPreviewPage.vue","gis\current\GisPreviewPage.vue","1916","053B57463C31EC9FDC9E3799E2FF90233F72CFB8EBBC149703694D0CA044E470","053B57463C31EC9FDC9E3799E2FF90233F72CFB8EBBC149703694D0CA044E470","True"
"public\gis\s1-6\layer-config.json","gis\current\public-gis\s1-6\layer-config.json","2465","C0B2C63B75D53FBEE992031A6397430298A3CCB8A5B3E03BE91B524E78D77A70","C0B2C63B75D53FBEE992031A6397430298A3CCB8A5B3E03BE91B524E78D77A70","True"
"public\gis\s1-6\README.md","gis\current\public-gis\s1-6\README.md","2275","35EF08F6AE81A91C5910D9F6024B5C3EBEBCA8AD5A71D2DA18B3DDE51532CA66","35EF08F6AE81A91C5910D9F6024B5C3EBEBCA8AD5A71D2DA18B3DDE51532CA66","True"
"public\gis\s1-6\layers\高速公路首页_SPX边坡_独立图层.kml","gis\current\public-gis\s1-6\layers\高速公路首页_SPX边坡_独立图层.kml","16453142","852D6792C7C20D47DEE09B116CBA5C8F1855A9C067F531F375FC63F0DE95FED8","852D6792C7C20D47DEE09B116CBA5C8F1855A9C067F531F375FC63F0DE95FED8","True"
"public\gis\s1-6\layers\高速公路首页_道路生态关键要素_不含SPX.kml","gis\current\public-gis\s1-6\layers\高速公路首页_道路生态关键要素_不含SPX.kml","20606586","53C9C5EAD642EDE33E5848D8DB498F3E4D046C22E05E8705CF58FD59B8634C15","53C9C5EAD642EDE33E5848D8DB498F3E4D046C22E05E8705CF58FD59B8634C15","True"
"server\seed_gis_map_v0_8.py","gis\current\seed_gis_map_v0_8.py","12019","14B8D3ABE34BF87A024944655273DC4A03EC5B4137ECC40DCA537F93E1237E1D","14B8D3ABE34BF87A024944655273DC4A03EC5B4137ECC40DCA537F93E1237E1D","True"
"README.md","docs\current\README.md","4195","D528DE8C26C05A42F2A04BD88C452722D99B138667CEC1EF3F94E60E48054E55","D528DE8C26C05A42F2A04BD88C452722D99B138667CEC1EF3F94E60E48054E55","True"
"AGENTS.md","docs\current\AGENTS.md","3781","9142F56CD29D2E8C704A7709564E8BB125B1AEA637196F2E36BA53EA466D66C4","9142F56CD29D2E8C704A7709564E8BB125B1AEA637196F2E36BA53EA466D66C4","True"
"migration_manifest.md","docs\current\migration_manifest.md","5666","65F7740A9A05FA750067428681E0B21BB7E60B3D412149E1A3EC8785024FB827","65F7740A9A05FA750067428681E0B21BB7E60B3D412149E1A3EC8785024FB827","True"
"server\API_CONTRACT.md","docs\current\server-API_CONTRACT.md","13551","54AD9D76D7FA836322CD9998765FA6F2EB4305F814A615CD47C1A305E50D2E79","54AD9D76D7FA836322CD9998765FA6F2EB4305F814A615CD47C1A305E50D2E79","True"
"server\FRONTEND_BACKEND_BASELINE.md","docs\current\server-FRONTEND_BACKEND_BASELINE.md","3572","B45FF43748AE84F92673686FE9B72B50D7780B86AD289033F09BC1659C0C43E8","B45FF43748AE84F92673686FE9B72B50D7780B86AD289033F09BC1659C0C43E8","True"
"server\README.md","docs\current\server-README.md","2819","881325D1C4C4E4A7F50C17B0038027158DCD68A9A383F178DEDAA6B086BF3F1C","881325D1C4C4E4A7F50C17B0038027158DCD68A9A383F178DEDAA6B086BF3F1C","True"
"_handoff\BASELINE_assistant_smartentry_20260728.md","handoff\archive\BASELINE_assistant_smartentry_20260728.md","3126","2A78328A81B728D5FA1A794590F9ED52BE2D5386AE997D2F362C8571B836116F","2A78328A81B728D5FA1A794590F9ED52BE2D5386AE997D2F362C8571B836116F","True"
"_handoff\BASELINE_L1L2_GIS_20260726.md","handoff\archive\BASELINE_L1L2_GIS_20260726.md","1472","96196DCEBC06FAD7D9187F01F20D3E587B3DD02A10E84A112B3344E6071805AF","96196DCEBC06FAD7D9187F01F20D3E587B3DD02A10E84A112B3344E6071805AF","True"
"_handoff\BASELINE_Workspace_UI_20260726.md","handoff\current\BASELINE_Workspace_UI_20260726.md","2273","202B48F77C87CFF0725B8B299D1F2B253EBEEEBD8460509EFF4886BE611680C2","202B48F77C87CFF0725B8B299D1F2B253EBEEEBD8460509EFF4886BE611680C2","True"
"_handoff\Cesium地图模块替换实施说明_V1.0_20260804.md","handoff\current\Cesium地图模块替换实施说明_V1.0_20260804.md","6862","57EC9ED75B7F0DD59875B0B4C5849CEA20476475FAA1FD228C32F4B5E5773ED1","57EC9ED75B7F0DD59875B0B4C5849CEA20476475FAA1FD228C32F4B5E5773ED1","True"
"_handoff\CODEX_MERGE_102_BRIEF.md","handoff\archive\CODEX_MERGE_102_BRIEF.md","3248","BB6B497FF99724D426C1F309C304E05136295A512889543D2ABBFF0A2AECA0A7","BB6B497FF99724D426C1F309C304E05136295A512889543D2ABBFF0A2AECA0A7","True"
"_handoff\Cursor_L1L2_GIS完整态恢复说明_20260726.md","handoff\archive\Cursor_L1L2_GIS完整态恢复说明_20260726.md","3323","D4B9622C6CBE8C7A252ED03EC099FA4096BC315F00623175673EB3ABC9DA6881","D4B9622C6CBE8C7A252ED03EC099FA4096BC315F00623175673EB3ABC9DA6881","True"
"_handoff\Cursor_完整态校核_20260726.md","handoff\archive\Cursor_完整态校核_20260726.md","4369","54693D7E0732F513D6FD8DA0E7D0CA94D4BC7B2018E9D9CC0984ACCAC0AEDFA1","54693D7E0732F513D6FD8DA0E7D0CA94D4BC7B2018E9D9CC0984ACCAC0AEDFA1","True"
"_handoff\Cursor_首页回归回退说明_20260726.md","handoff\archive\Cursor_首页回归回退说明_20260726.md","3700","E9B6EBBDA3592D246A80923F4173EDE98E4B80413867F72C8ED08E4A740C7F95","E9B6EBBDA3592D246A80923F4173EDE98E4B80413867F72C8ED08E4A740C7F95","True"
"_handoff\E02_Trae实施任务单_V1.0_20260723.md","handoff\archive\E02_Trae实施任务单_V1.0_20260723.md","13918","521BABAC86719BCB94BBCD519F8CD3E8EF72E3D800A32AE386CEB9EB9CCA157F","521BABAC86719BCB94BBCD519F8CD3E8EF72E3D800A32AE386CEB9EB9CCA157F","True"
"_handoff\E02_Trae实施校核报告_20260723.md","handoff\archive\E02_Trae实施校核报告_20260723.md","5154","C4638D6EAB84945EAC3D1F1E08417C7C48144C71D1825FE78EDE5AB9CE949A62","C4638D6EAB84945EAC3D1F1E08417C7C48144C71D1825FE78EDE5AB9CE949A62","True"
"_handoff\E02_工作台设计说明_B方案_20260723.md","handoff\archive\E02_工作台设计说明_B方案_20260723.md","15561","9CEFA6A9A290C3003D70DDC0BB5E58CD467ED922F0ED99736281102C206F72F3","9CEFA6A9A290C3003D70DDC0BB5E58CD467ED922F0ED99736281102C206F72F3","True"
"_handoff\E03_Trae实施任务单_P1_V1.0_20260724.md","handoff\archive\E03_Trae实施任务单_P1_V1.0_20260724.md","8998","0F96EE8F547859BC53BB3123B7F7326F08F0BE792097F4893B7A323CFD0B1654","0F96EE8F547859BC53BB3123B7F7326F08F0BE792097F4893B7A323CFD0B1654","True"
"_handoff\E03_Trae实施任务单_P2_V1.0_20260724.md","handoff\archive\E03_Trae实施任务单_P2_V1.0_20260724.md","6981","7782B698A1DA497471CC9FED57228A3C47B4C9D44DB03F6BDDBD50104DE90ECB","7782B698A1DA497471CC9FED57228A3C47B4C9D44DB03F6BDDBD50104DE90ECB","True"
"_handoff\E03_Trae实施任务单_P3_V1.0_20260724.md","handoff\archive\E03_Trae实施任务单_P3_V1.0_20260724.md","6698","B9D2C1C7DA0A3E80E5EC910821DE167022FCD6B3FDEA470ED7563415E457CACE","B9D2C1C7DA0A3E80E5EC910821DE167022FCD6B3FDEA470ED7563415E457CACE","True"
"_handoff\E03_工作台设计说明_B方案_V1.0冻结稿_20260724.md","handoff\archive\E03_工作台设计说明_B方案_V1.0冻结稿_20260724.md","18280","3D222CD557C533C3B94FEFB7036B3B5061A956C97DBDEBC351038B7DCA932A59","3D222CD557C533C3B94FEFB7036B3B5061A956C97DBDEBC351038B7DCA932A59","True"
"_handoff\E04_Trae实施任务单_P1_V1.0_20260724.md","handoff\archive\E04_Trae实施任务单_P1_V1.0_20260724.md","8214","9934B29A5B99B09EB31AE9628ED8F8B3FB80E0D2A4ED4CBDDA9C92505102FED7","9934B29A5B99B09EB31AE9628ED8F8B3FB80E0D2A4ED4CBDDA9C92505102FED7","True"
"_handoff\E04_Trae实施任务单_P2_V1.0_20260724.md","handoff\archive\E04_Trae实施任务单_P2_V1.0_20260724.md","4089","3D1595C6157E905183254B68A0E1520BA39C9AE44F51E218E6BA464032C45DBE","3D1595C6157E905183254B68A0E1520BA39C9AE44F51E218E6BA464032C45DBE","True"
"_handoff\E04_Trae实施任务单_P3_V1.0_20260724.md","handoff\archive\E04_Trae实施任务单_P3_V1.0_20260724.md","2446","2BE906E09A5925CAE41DCBB43175A5E93F34FE166BC2BA0F70980F16B978D9C8","2BE906E09A5925CAE41DCBB43175A5E93F34FE166BC2BA0F70980F16B978D9C8","True"
"_handoff\E04_Trae返修任务单_P3_V1.0_20260724.md","handoff\archive\E04_Trae返修任务单_P3_V1.0_20260724.md","2976","16D34B2F6D4A2FA0A230D3A4EB94CAA09052A857152EF78B54B3D70DA3FF164B","16D34B2F6D4A2FA0A230D3A4EB94CAA09052A857152EF78B54B3D70DA3FF164B","True"
"_handoff\E04_文物保护管控_替换实施说明_20260804.md","handoff\current\E04_文物保护管控_替换实施说明_20260804.md","2237","952B4F5C3C15F0ED2799FC2586511EB776996DD08CE0FEFD2EA9B360C6BFE71B","952B4F5C3C15F0ED2799FC2586511EB776996DD08CE0FEFD2EA9B360C6BFE71B","True"
"_handoff\E04_甲方7.14数据重构与设计基线_20260724.md","handoff\archive\E04_甲方7.14数据重构与设计基线_20260724.md","3477","31EDC8A6CDC3A6469E31BC4065FF941FD768892A3787CD0D23F05D99313227A1","31EDC8A6CDC3A6469E31BC4065FF941FD768892A3787CD0D23F05D99313227A1","True"
"_handoff\E04_累计碳排放工作台设计说明_B方案_V1.0冻结稿_20260724.md","handoff\archive\E04_累计碳排放工作台设计说明_B方案_V1.0冻结稿_20260724.md","24439","7A891A26C4FF682FE671EB6170C06FF5A06749F749E5A2DFF18482642519B2DC","7A891A26C4FF682FE671EB6170C06FF5A06749F749E5A2DFF18482642519B2DC","True"
"_handoff\ESG智能助手_上级环保检查资料包_设计问答与校核报告_20260727.md","handoff\archive\ESG智能助手_上级环保检查资料包_设计问答与校核报告_20260727.md","22968","5D2A23A1E0362D7063D22CE85417CA8AC09007B08724508DCBD629A37FF049E6","5D2A23A1E0362D7063D22CE85417CA8AC09007B08724508DCBD629A37FF049E6","True"
"_handoff\ESG智能助手_回答展示业务化优化_V1.1实施说明_20260727.md","handoff\archive\ESG智能助手_回答展示业务化优化_V1.1实施说明_20260727.md","1669","CDFB42D753F590923745A55B9FB4F9C70F89DB47EEC1E30F988A35663E0C302C","CDFB42D753F590923745A55B9FB4F9C70F89DB47EEC1E30F988A35663E0C302C","True"
"_handoff\ESG智能助手_库驱动问答与合规资料包设计_V0.1_20260727.md","handoff\archive\ESG智能助手_库驱动问答与合规资料包设计_V0.1_20260727.md","849","C3D167EBF41A9D2145B7C7CB4054C2837DBECEF56755B4BCD5955871B02F06C6","C3D167EBF41A9D2145B7C7CB4054C2837DBECEF56755B4BCD5955871B02F06C6","True"
"_handoff\ESG智能助手_库驱动问答与合规资料包设计_V0.2_20260727.md","handoff\archive\ESG智能助手_库驱动问答与合规资料包设计_V0.2_20260727.md","22727","47AAD75A98340710FE8FEDD5982474C60C9DCC1A0CAB57D9443E88F609B56CFB","47AAD75A98340710FE8FEDD5982474C60C9DCC1A0CAB57D9443E88F609B56CFB","True"
"_handoff\ESG智能助手_数据库驱动问答实现方案_V0.1_20260726.md","handoff\archive\ESG智能助手_数据库驱动问答实现方案_V0.1_20260726.md","12622","4C86D3F6A0771288B5BBD8D1F0A559EC0D71E56122AD50A41AAD0F3C6F3B5F86","4C86D3F6A0771288B5BBD8D1F0A559EC0D71E56122AD50A41AAD0F3C6F3B5F86","True"
"_handoff\ESG智能助手_问答设计更新_V1.0_20260727.md","handoff\archive\ESG智能助手_问答设计更新_V1.0_20260727.md","17097","7E26C25D9485B5E2B0A7E11BE9F8F5031295E4C08DB7A57B61FB557BCE6C8657","7E26C25D9485B5E2B0A7E11BE9F8F5031295E4C08DB7A57B61FB557BCE6C8657","True"
"_handoff\ESG智能数据填报_AI解析结果JSON_V1.0_20260727.md","handoff\archive\ESG智能数据填报_AI解析结果JSON_V1.0_20260727.md","3719","6E9144815C40883640BC7991854A892C92E44C98EEAF4641C073836F08DDF5A3","6E9144815C40883640BC7991854A892C92E44C98EEAF4641C073836F08DDF5A3","True"
"_handoff\ESG智能数据填报_AI解析结果展示优化_V1.0实施说明_20260727.md","handoff\archive\ESG智能数据填报_AI解析结果展示优化_V1.0实施说明_20260727.md","1559","95F137EB5AB7DA2B7D637B4CF395547C8E4F5172C13A1C8734E3ABF32371C9F6","95F137EB5AB7DA2B7D637B4CF395547C8E4F5172C13A1C8734E3ABF32371C9F6","True"
"_handoff\ESG演示_PhaseA_首页接入_20260804.md","handoff\current\ESG演示_PhaseA_首页接入_20260804.md","3870","1468C586D0DF01DE5637A0007BEF520DD60261D09110C3F4EFE6ED0E91FB2318","1468C586D0DF01DE5637A0007BEF520DD60261D09110C3F4EFE6ED0E91FB2318","True"
"_handoff\ESG演示_PhaseB1_E组Demo数据闭环_20260804.md","handoff\current\ESG演示_PhaseB1_E组Demo数据闭环_20260804.md","5788","9866EF9C1266BC354B3C66EA8E809B3468FD66FEED5BC0B00A1AC48A2FA2D735","9866EF9C1266BC354B3C66EA8E809B3468FD66FEED5BC0B00A1AC48A2FA2D735","True"
"_handoff\ESG演示_PhaseB1_验收总结_20260804.md","handoff\current\ESG演示_PhaseB1_验收总结_20260804.md","7671","BA829F215B2788708FF62FB6830AF1FF3616F809176AC365E1DBFC8FE21BC104","BA829F215B2788708FF62FB6830AF1FF3616F809176AC365E1DBFC8FE21BC104","True"
"_handoff\ESG演示_PhaseB_E组工作台_20260804.md","handoff\current\ESG演示_PhaseB_E组工作台_20260804.md","5409","E9CE5B243C637480BEB99C92595688268259DF9B73268A6FE4AD321C00E37E98","E9CE5B243C637480BEB99C92595688268259DF9B73268A6FE4AD321C00E37E98","True"
"_handoff\ESG演示_PhaseC_G组_20260804.md","handoff\current\ESG演示_PhaseC_G组_20260804.md","5625","2926E09BA6E73C4CE89CD63A2C4C4ECF5070D34E9B2CE7728477476A8DA7447F","2926E09BA6E73C4CE89CD63A2C4C4ECF5070D34E9B2CE7728477476A8DA7447F","True"
"_handoff\ESG演示_前后端联调报告_20260804.md","handoff\current\ESG演示_前后端联调报告_20260804.md","6422","A1E09B2A9979E5186E0E991ADE26AB00312DC2D8D2AA79E53F42A90697B84C6C","A1E09B2A9979E5186E0E991ADE26AB00312DC2D8D2AA79E53F42A90697B84C6C","True"
"_handoff\handoff_status.json","handoff\current\handoff_status.json","1364","0C3A6349C2B19F50AAA137F5EC5D0EE354E46664DFE45B8250A5466574F2DBDB","0C3A6349C2B19F50AAA137F5EC5D0EE354E46664DFE45B8250A5466574F2DBDB","True"
"_handoff\Header顶栏打磨回退_baseline_20260726.md","handoff\archive\Header顶栏打磨回退_baseline_20260726.md","876","83E362B3D42D1E6502FEF7D165ECD1BEB756ADB0E0F20AB13901F20C847C9951","83E362B3D42D1E6502FEF7D165ECD1BEB756ADB0E0F20AB13901F20C847C9951","True"
"_handoff\NEXT_FOR_TRAE.md","handoff\current\NEXT_FOR_TRAE.md","1495","BE39D570FCA3F554E4D2FCDE31A692756DF599E4C4F474EA126233F01C498EEA","BE39D570FCA3F554E4D2FCDE31A692756DF599E4C4F474EA126233F01C498EEA","True"
"_handoff\README.md","handoff\archive\README.md","1309","150350A3A98FD90E87F89520C6259D791EDB33849B2268DB2EDC006740A9E0EE","150350A3A98FD90E87F89520C6259D791EDB33849B2268DB2EDC006740A9E0EE","True"
"_handoff\S01_Trae实施任务单_P1_V1.0_20260724.md","handoff\archive\S01_Trae实施任务单_P1_V1.0_20260724.md","5182","CFB5B32366A72ECBE895F1338D33C7DBD5115D048DF9B9DB996B47BEA94BF373","CFB5B32366A72ECBE895F1338D33C7DBD5115D048DF9B9DB996B47BEA94BF373","True"
"_handoff\S01_Trae实施任务单_P2_V1.0_20260724.md","handoff\archive\S01_Trae实施任务单_P2_V1.0_20260724.md","14591","7F32C9BE302AA069CC34BE42D1665D0F4D61D04C16BE473F3F8B80AD50199D94","7F32C9BE302AA069CC34BE42D1665D0F4D61D04C16BE473F3F8B80AD50199D94","True"
"_handoff\S01_Trae实施任务单_P3_V1.0_20260724.md","handoff\archive\S01_Trae实施任务单_P3_V1.0_20260724.md","9909","3C15A71D531FC8A4AFC2921947EE64CBDB1B7D83B49FE0BADA4AE9D5E3E29899","3C15A71D531FC8A4AFC2921947EE64CBDB1B7D83B49FE0BADA4AE9D5E3E29899","True"
"_handoff\S01_Trae实施任务单_V0.1_20260724.md","handoff\archive\S01_Trae实施任务单_V0.1_20260724.md","2023","3920D2FF8FAA81556EEBE6458562ADA8AB75E00E8876AAFEF4F1D64EF42969B3","3920D2FF8FAA81556EEBE6458562ADA8AB75E00E8876AAFEF4F1D64EF42969B3","True"
"_handoff\S01_Trae实施任务单_V0.2_20260724.md","handoff\archive\S01_Trae实施任务单_V0.2_20260724.md","1781","1F89687EDE30A7F736DA0E5170E7AB876019BC6132A1E58F54A40376197802AC","1F89687EDE30A7F736DA0E5170E7AB876019BC6132A1E58F54A40376197802AC","True"
"_handoff\S01_Trae返修任务单_P1_V1.0_20260724.md","handoff\archive\S01_Trae返修任务单_P1_V1.0_20260724.md","6249","66AA03949F048137DD0926F62E093803D83FC5ACAAEE3FBABA528E900C428B82","66AA03949F048137DD0926F62E093803D83FC5ACAAEE3FBABA528E900C428B82","True"
"_handoff\S01_Trae返修任务单_P3_UI打磨_V1.0_20260725.md","handoff\archive\S01_Trae返修任务单_P3_UI打磨_V1.0_20260725.md","11825","DDD746BF589A9FBBAE4D9490A0D28344DBFC0D5CA9B7A487FAC1303A45BE777E","DDD746BF589A9FBBAE4D9490A0D28344DBFC0D5CA9B7A487FAC1303A45BE777E","True"
"_handoff\S01_弹窗可读性与排版优化方案_V0.1_20260725.md","handoff\archive\S01_弹窗可读性与排版优化方案_V0.1_20260725.md","17731","9AC4E31947138E49BCF3036A757EBF5D50635CCA6FE2F85375C01B24B1003636","9AC4E31947138E49BCF3036A757EBF5D50635CCA6FE2F85375C01B24B1003636","True"
"_handoff\S01_连续安全生产天数设计说明_B方案_V0.1_20260724.md","handoff\archive\S01_连续安全生产天数设计说明_B方案_V0.1_20260724.md","9048","C6725F3AE5315C6F296C868D375327AC1001ACF89EA5C8863D6B71495C946F95","C6725F3AE5315C6F296C868D375327AC1001ACF89EA5C8863D6B71495C946F95","True"
"_handoff\S01_连续安全生产天数设计说明_B方案_V0.2候选_20260724.md","handoff\archive\S01_连续安全生产天数设计说明_B方案_V0.2候选_20260724.md","15719","F18F00A2814D97B87437840894FB0A8DDE92EFA2B0E741F6F90824511D4E7824","F18F00A2814D97B87437840894FB0A8DDE92EFA2B0E741F6F90824511D4E7824","True"
"_handoff\S01_连续安全生产天数设计说明_B方案_V1.0冻结稿_20260724.md","handoff\archive\S01_连续安全生产天数设计说明_B方案_V1.0冻结稿_20260724.md","15249","D1030C921DD8B421D4C3EDAD55D843A9BC13D0A066CAE8D9371570A37C50C5B7","D1030C921DD8B421D4C3EDAD55D843A9BC13D0A066CAE8D9371570A37C50C5B7","True"
"_handoff\S02_S03_用语与地图摘要卡方案_V0.1_20260726.md","handoff\archive\S02_S03_用语与地图摘要卡方案_V0.1_20260726.md","11635","F5B0245978B502047BA327E79B2D8E1C27D3123E8E8139B4B11937EC76CDE7FD","F5B0245978B502047BA327E79B2D8E1C27D3123E8E8139B4B11937EC76CDE7FD","True"
"_handoff\S02_安全风险点工作台设计说明_B方案_V0.1_20260725.md","handoff\archive\S02_安全风险点工作台设计说明_B方案_V0.1_20260725.md","4619","1D065607DC4A7968B85B5F375AF45F1E1AB44F702C51A0AF4F36F5750BE9F883","1D065607DC4A7968B85B5F375AF45F1E1AB44F702C51A0AF4F36F5750BE9F883","True"
"_handoff\S02_安全风险点工作台设计说明_B方案_V0.2_20260725.md","handoff\archive\S02_安全风险点工作台设计说明_B方案_V0.2_20260725.md","6396","A6336C98472F0B0E859C191EE2E3237747D0E37FEBDC74340ABD7B9515C4DC2E","A6336C98472F0B0E859C191EE2E3237747D0E37FEBDC74340ABD7B9515C4DC2E","True"
"_handoff\S03_S04_G01_G04_内容打磨实施记录_20260725.md","handoff\archive\S03_S04_G01_G04_内容打磨实施记录_20260725.md","2130","79E646F042BCE4BB601A2210DCAF6DBF494D67F75CA2E3D427961FD59375B72F","79E646F042BCE4BB601A2210DCAF6DBF494D67F75CA2E3D427961FD59375B72F","True"
"_handoff\S03_S04_G01_G04_内容打磨方案_V0.1_20260725.md","handoff\archive\S03_S04_G01_G04_内容打磨方案_V0.1_20260725.md","15265","99EC3FB2178EDF9D30746836F4BAF9D51B0AAC39A7BF4931DEA8AC8E5D5DCF54","99EC3FB2178EDF9D30746836F4BAF9D51B0AAC39A7BF4931DEA8AC8E5D5DCF54","True"
"_handoff\TRAE_DONE_REPORT.md","handoff\archive\TRAE_DONE_REPORT.md","98","9A863BF088C113170CC01118195C14B72E292D8044613F9502086195083DC58F","9A863BF088C113170CC01118195C14B72E292D8044613F9502086195083DC58F","True"
"_handoff\TRAE_E_GROUP_V1_1_TEST_FIX_REPORT.md","handoff\archive\TRAE_E_GROUP_V1_1_TEST_FIX_REPORT.md","3159","335672082813152CE13DE3834BF3430C4566EE91C2019D4A8569FD51BC882E39","335672082813152CE13DE3834BF3430C4566EE91C2019D4A8569FD51BC882E39","True"
"_handoff\TRAE_REPORT_TEMPLATE.md","handoff\archive\TRAE_REPORT_TEMPLATE.md","512","550C4E0F39BC5ECB46248C3DBACA9F9C2BCCDB3891A74CA1B5D27838616CCBC2","550C4E0F39BC5ECB46248C3DBACA9F9C2BCCDB3891A74CA1B5D27838616CCBC2","True"
"_handoff\Trae实施任务单_Workspace入口与S02S03小改_V1.0_20260726.md","handoff\archive\Trae实施任务单_Workspace入口与S02S03小改_V1.0_20260726.md","13797","2A947EC17923ADCEA323F377E9EABBB7DC54655235A6178EBE1E9028250C03E1","2A947EC17923ADCEA323F377E9EABBB7DC54655235A6178EBE1E9028250C03E1","True"
"_handoff\Trae实施任务单_Workspace智能入库真解析演示_V1.0_20260726.md","handoff\archive\Trae实施任务单_Workspace智能入库真解析演示_V1.0_20260726.md","2279","153E3A07767210C8B64C6A218E57D6B3960F0EEB22207A83CBAF6DD0A452D70D","153E3A07767210C8B64C6A218E57D6B3960F0EEB22207A83CBAF6DD0A452D70D","True"
"_handoff\Trae实施任务单_数据填报页续作_仅Workspace_V1.0_20260726.md","handoff\archive\Trae实施任务单_数据填报页续作_仅Workspace_V1.0_20260726.md","12291","2E9318392D11EC0E4647FE9659F2C41759C4E19D3232409A74CF65879893A62E","2E9318392D11EC0E4647FE9659F2C41759C4E19D3232409A74CF65879893A62E","True"
"_handoff\Workspace_ESG智能入库页_简化流程设计_V0.1_20260726.md","handoff\archive\Workspace_ESG智能入库页_简化流程设计_V0.1_20260726.md","14403","3D45D9EC4379B588E3E613C8CC0CC0401CDFB3BA814C0A9659D1F8D2ABFB77EA","3D45D9EC4379B588E3E613C8CC0CC0401CDFB3BA814C0A9659D1F8D2ABFB77EA","True"
"_handoff\Workspace数据填报页_基线自检_20260726.md","handoff\archive\Workspace数据填报页_基线自检_20260726.md","11036","CF5B43E45A2358AC345C486A9972662186F8066405E4535B2990400999DB7828","CF5B43E45A2358AC345C486A9972662186F8066405E4535B2990400999DB7828","True"
"_handoff\Workspace智能入库真解析_演示说明_20260726.md","handoff\archive\Workspace智能入库真解析_演示说明_20260726.md","1294","C363FFA9453347424FF4708842DA13CE6AADA25D2FFE3B3B31A6396EA1CFF333","C363FFA9453347424FF4708842DA13CE6AADA25D2FFE3B3B31A6396EA1CFF333","True"
"_handoff\Workspace模块顶栏入口与组织方案_V0.1_20260726.md","handoff\archive\Workspace模块顶栏入口与组织方案_V0.1_20260726.md","11198","298FED06DF5031CBD10022438CB1D4EA3D3E86198AD54431C615973E9898C680","298FED06DF5031CBD10022438CB1D4EA3D3E86198AD54431C615973E9898C680","True"
"_handoff\_sec9_snip.txt","handoff\archive\_sec9_snip.txt","1563","F01225A3D0A0523E1F0EAFC4C8E78ADE402749BD7ABC4F41444239837538401F","F01225A3D0A0523E1F0EAFC4C8E78ADE402749BD7ABC4F41444239837538401F","True"
"_handoff\对方精简开发版_引入建议_V0.1_20260725.md","handoff\archive\对方精简开发版_引入建议_V0.1_20260725.md","10698","5710BCB5C958FBD632FFF8FA843F06D84B32BA4A997E5B8D1F984987178D09E4","5710BCB5C958FBD632FFF8FA843F06D84B32BA4A997E5B8D1F984987178D09E4","True"
"_handoff\数据库表设计与结构说明_V1.0_20260731.md","handoff\archive\数据库表设计与结构说明_V1.0_20260731.md","90189","E5CE0E28AF7D7B24AEB1E358EDCE293F4E745C6038211D89F79D8BAC6AEF2B88","E5CE0E28AF7D7B24AEB1E358EDCE293F4E745C6038211D89F79D8BAC6AEF2B88","True"
"_handoff\版本回退_baseline_l1-l2-gis_20260726.md","handoff\archive\版本回退_baseline_l1-l2-gis_20260726.md","935","A35FBE749B7458DDC52BC9FADDD379A4760C6D8CAF3CF7EFAB6460C25202E6A3","A35FBE749B7458DDC52BC9FADDD379A4760C6D8CAF3CF7EFAB6460C25202E6A3","True"
"_handoff\罗宜高速ESG数字化管理平台_AI开发冻结基线说明_V1.0.md","handoff\archive\罗宜高速ESG数字化管理平台_AI开发冻结基线说明_V1.0.md","3382","BEE941681EA7B8A3C6F1F5BA317232E09EADCCDA97CAE21BA41EFFCD3832B664","BEE941681EA7B8A3C6F1F5BA317232E09EADCCDA97CAE21BA41EFFCD3832B664","True"
"_handoff\罗宜高速ESG数字化管理平台_Cursor前端开发任务书_V1.1_实施版.md","handoff\archive\罗宜高速ESG数字化管理平台_Cursor前端开发任务书_V1.1_实施版.md","5751","8EE7A3F87E5488D2D4418DBADA11FB280D89149B7076DD4550AAD1A4F2DD9A08","8EE7A3F87E5488D2D4418DBADA11FB280D89149B7076DD4550AAD1A4F2DD9A08","True"
"_handoff\罗宜高速ESG数字化管理平台_前端改造计划与文件清单_V1.1_20260804.md","handoff\current\罗宜高速ESG数字化管理平台_前端改造计划与文件清单_V1.1_20260804.md","27548","E9F49CA6799A7C2631A8E46F16223CB24029F0EAB956D88341AB987A53916E22","E9F49CA6799A7C2631A8E46F16223CB24029F0EAB956D88341AB987A53916E22","True"
"_handoff\罗宜高速ESG数字化管理平台前端现状分析与设计说明_V1.0_20260804.md","handoff\current\罗宜高速ESG数字化管理平台前端现状分析与设计说明_V1.0_20260804.md","24483","F6EBC47E20F39B7B6E4D1454E677C9D6541095E16DD271A97CD4F7176D81C37F","F6EBC47E20F39B7B6E4D1454E677C9D6541095E16DD271A97CD4F7176D81C37F","True"
"_handoff\首页一级指标业务事实校正报告_V0.3_20260804.md","handoff\current\首页一级指标业务事实校正报告_V0.3_20260804.md","7228","13A58DFC217AEBF3A918D6C38285143A50E7DA0EEBD69753D5380652CB6BBF63","13A58DFC217AEBF3A918D6C38285143A50E7DA0EEBD69753D5380652CB6BBF63","True"
"_handoff\首页驾驶舱二次优化_V1.2实施说明_20260803.md","handoff\archive\首页驾驶舱二次优化_V1.2实施说明_20260803.md","3911","29B07765B82CA71BC9601F98815A2628C5726E85E929568D849F5726008548E5","29B07765B82CA71BC9601F98815A2628C5726E85E929568D849F5726008548E5","True"
"_handoff\首页驾驶舱指标优化_V1.0实施说明_20260803.md","handoff\archive\首页驾驶舱指标优化_V1.0实施说明_20260803.md","2612","E4F72404D71AF16D250D60D98B9521317AB3B29A329BBB37FC5442994C56025D","E4F72404D71AF16D250D60D98B9521317AB3B29A329BBB37FC5442994C56025D","True"
"_handoff\cesium_handover_20260804\罗宜高速ESG_Cesium地图模块交接包_20260804\KML_SHA256.txt","handoff\archive\cesium_handover_20260804\罗宜高速ESG_Cesium地图模块交接包_20260804\KML_SHA256.txt","236","ADAABD9F3150D0138AF9BE11F4FC6D77FB27B31BF398DDB6126023FA84863F76","ADAABD9F3150D0138AF9BE11F4FC6D77FB27B31BF398DDB6126023FA84863F76","True"
"_handoff\cesium_handover_20260804\罗宜高速ESG_Cesium地图模块交接包_20260804\地图模块接入与替换说明.md","handoff\archive\cesium_handover_20260804\罗宜高速ESG_Cesium地图模块交接包_20260804\地图模块接入与替换说明.md","12301","E4F2A69BDF3D9EE8D93D525AD5954FC8306BF99CC0F72CD6C23E27D050DEB7A9","E4F2A69BDF3D9EE8D93D525AD5954FC8306BF99CC0F72CD6C23E27D050DEB7A9","True"
"_handoff\cesium_handover_20260804\罗宜高速ESG_Cesium地图模块交接包_20260804\接口与环境变量示例.md","handoff\archive\cesium_handover_20260804\罗宜高速ESG_Cesium地图模块交接包_20260804\接口与环境变量示例.md","1121","6970CEA1652D851D56C785748A88792C3EBCBD95A1281C5B4689E09B6C18D04B","6970CEA1652D851D56C785748A88792C3EBCBD95A1281C5B4689E09B6C18D04B","True"
"_handoff\cesium_handover_20260804\罗宜高速ESG_Cesium地图模块交接包_20260804\integration-examples\GisPreviewPage.vue","handoff\archive\cesium_handover_20260804\罗宜高速ESG_Cesium地图模块交接包_20260804\integration-examples\GisPreviewPage.vue","1784","FCECDE0B84F14D01C5AD70E651F29B87E950268A5D8CDAF6A47C5702D6846ADA","FCECDE0B84F14D01C5AD70E651F29B87E950268A5D8CDAF6A47C5702D6846ADA","True"
"_handoff\cesium_handover_20260804\罗宜高速ESG_Cesium地图模块交接包_20260804\integration-examples\package.reference.json","handoff\archive\cesium_handover_20260804\罗宜高速ESG_Cesium地图模块交接包_20260804\integration-examples\package.reference.json","742","B1A13C05B2005BDB7843022EF79FA7D2710728A4277058EF452E0501507C61DC","B1A13C05B2005BDB7843022EF79FA7D2710728A4277058EF452E0501507C61DC","True"
"_handoff\cesium_handover_20260804\罗宜高速ESG_Cesium地图模块交接包_20260804\integration-examples\vite.config.reference.ts","handoff\archive\cesium_handover_20260804\罗宜高速ESG_Cesium地图模块交接包_20260804\integration-examples\vite.config.reference.ts","1759","05052D6CA800E1A68EA69E385B1520AE07D4D2F7519CC78AF5706858B16F74DE","05052D6CA800E1A68EA69E385B1520AE07D4D2F7519CC78AF5706858B16F74DE","True"
"_handoff\cesium_handover_20260804\罗宜高速ESG_Cesium地图模块交接包_20260804\public\gis\s1-6\layer-config.json","handoff\archive\cesium_handover_20260804\罗宜高速ESG_Cesium地图模块交接包_20260804\public\gis\s1-6\layer-config.json","2465","C0B2C63B75D53FBEE992031A6397430298A3CCB8A5B3E03BE91B524E78D77A70","C0B2C63B75D53FBEE992031A6397430298A3CCB8A5B3E03BE91B524E78D77A70","True"
"_handoff\cesium_handover_20260804\罗宜高速ESG_Cesium地图模块交接包_20260804\public\gis\s1-6\README.md","handoff\archive\cesium_handover_20260804\罗宜高速ESG_Cesium地图模块交接包_20260804\public\gis\s1-6\README.md","2275","35EF08F6AE81A91C5910D9F6024B5C3EBEBCA8AD5A71D2DA18B3DDE51532CA66","35EF08F6AE81A91C5910D9F6024B5C3EBEBCA8AD5A71D2DA18B3DDE51532CA66","True"
"_handoff\cesium_handover_20260804\罗宜高速ESG_Cesium地图模块交接包_20260804\public\gis\s1-6\layers\高速公路首页_SPX边坡_独立图层.kml","handoff\archive\cesium_handover_20260804\罗宜高速ESG_Cesium地图模块交接包_20260804\public\gis\s1-6\layers\高速公路首页_SPX边坡_独立图层.kml","16453142","852D6792C7C20D47DEE09B116CBA5C8F1855A9C067F531F375FC63F0DE95FED8","852D6792C7C20D47DEE09B116CBA5C8F1855A9C067F531F375FC63F0DE95FED8","True"
"_handoff\cesium_handover_20260804\罗宜高速ESG_Cesium地图模块交接包_20260804\public\gis\s1-6\layers\高速公路首页_道路生态关键要素_不含SPX.kml","handoff\archive\cesium_handover_20260804\罗宜高速ESG_Cesium地图模块交接包_20260804\public\gis\s1-6\layers\高速公路首页_道路生态关键要素_不含SPX.kml","20606586","53C9C5EAD642EDE33E5848D8DB498F3E4D046C22E05E8705CF58FD59B8634C15","53C9C5EAD642EDE33E5848D8DB498F3E4D046C22E05E8705CF58FD59B8634C15","True"
"_handoff\cesium_handover_20260804\罗宜高速ESG_Cesium地图模块交接包_20260804\src\components\gis\GisOverviewCesiumPanel.vue","handoff\archive\cesium_handover_20260804\罗宜高速ESG_Cesium地图模块交接包_20260804\src\components\gis\GisOverviewCesiumPanel.vue","1408","E8FD381E19FC917A6A30E71DA2733D88001DE5DA7B83C51542633269435ECED4","E8FD381E19FC917A6A30E71DA2733D88001DE5DA7B83C51542633269435ECED4","True"
"_handoff\cesium_handover_20260804\罗宜高速ESG_Cesium地图模块交接包_20260804\src\components\layout\PanelCard.vue","handoff\archive\cesium_handover_20260804\罗宜高速ESG_Cesium地图模块交接包_20260804\src\components\layout\PanelCard.vue","1226","8F119005A66A0ADB1C99300BB270A5EC34AFFE26058E19B240773CC1EE024DC4","8F119005A66A0ADB1C99300BB270A5EC34AFFE26058E19B240773CC1EE024DC4","True"
"_handoff\cesium_handover_20260804\罗宜高速ESG_Cesium地图模块交接包_20260804\src\config\gis.config.ts","handoff\archive\cesium_handover_20260804\罗宜高速ESG_Cesium地图模块交接包_20260804\src\config\gis.config.ts","570","88DC6CA06B6D9D4A70987A471C03AD88C06924084FA85BA34686AC89E590DD1E","88DC6CA06B6D9D4A70987A471C03AD88C06924084FA85BA34686AC89E590DD1E","True"
"_handoff\cesium_handover_20260804\罗宜高速ESG_Cesium地图模块交接包_20260804\src\modules\traffic-gis-overview\index.ts","handoff\archive\cesium_handover_20260804\罗宜高速ESG_Cesium地图模块交接包_20260804\src\modules\traffic-gis-overview\index.ts","184","EE41CF5596164166C048F315FF8DE6DF7B68904B16376A88F2E8F27684141E39","EE41CF5596164166C048F315FF8DE6DF7B68904B16376A88F2E8F27684141E39","True"
"_handoff\cesium_handover_20260804\罗宜高速ESG_Cesium地图模块交接包_20260804\src\modules\traffic-gis-overview\README.md","handoff\archive\cesium_handover_20260804\罗宜高速ESG_Cesium地图模块交接包_20260804\src\modules\traffic-gis-overview\README.md","2094","0238D5C465EE36860E1BF99D89801A56DB058DF19B23EA70672D3C3828F80847","0238D5C465EE36860E1BF99D89801A56DB058DF19B23EA70672D3C3828F80847","True"
"_handoff\cesium_handover_20260804\罗宜高速ESG_Cesium地图模块交接包_20260804\src\modules\traffic-gis-overview\adapters\http-adapter.ts","handoff\archive\cesium_handover_20260804\罗宜高速ESG_Cesium地图模块交接包_20260804\src\modules\traffic-gis-overview\adapters\http-adapter.ts","2271","B6A7178E426AEBD47CD0514587EC0C9675ED62443907D27B838E6B42199F118E","B6A7178E426AEBD47CD0514587EC0C9675ED62443907D27B838E6B42199F118E","True"
"_handoff\cesium_handover_20260804\罗宜高速ESG_Cesium地图模块交接包_20260804\src\modules\traffic-gis-overview\adapters\index.ts","handoff\archive\cesium_handover_20260804\罗宜高速ESG_Cesium地图模块交接包_20260804\src\modules\traffic-gis-overview\adapters\index.ts","157","1251E2F43B960E82BF1347E970B6F5185F32BE5FD4AA1DB9A874625D1F560EC8","1251E2F43B960E82BF1347E970B6F5185F32BE5FD4AA1DB9A874625D1F560EC8","True"
"_handoff\cesium_handover_20260804\罗宜高速ESG_Cesium地图模块交接包_20260804\src\modules\traffic-gis-overview\adapters\mock-adapter.ts","handoff\archive\cesium_handover_20260804\罗宜高速ESG_Cesium地图模块交接包_20260804\src\modules\traffic-gis-overview\adapters\mock-adapter.ts","813","87BD9C3FFE200BB4A7AF76122932AC291D402BF7D21B2A415B300070690359ED","87BD9C3FFE200BB4A7AF76122932AC291D402BF7D21B2A415B300070690359ED","True"
"_handoff\cesium_handover_20260804\罗宜高速ESG_Cesium地图模块交接包_20260804\src\modules\traffic-gis-overview\adapters\shp-adapter.ts","handoff\archive\cesium_handover_20260804\罗宜高速ESG_Cesium地图模块交接包_20260804\src\modules\traffic-gis-overview\adapters\shp-adapter.ts","8030","2A1CAD7A52067A974F5AAAFBFD34375666C0D2DAD8652FB4E09D58D7CABD35D8","2A1CAD7A52067A974F5AAAFBFD34375666C0D2DAD8652FB4E09D58D7CABD35D8","True"
"_handoff\cesium_handover_20260804\罗宜高速ESG_Cesium地图模块交接包_20260804\src\modules\traffic-gis-overview\assets\SpatialAssetStore.ts","handoff\archive\cesium_handover_20260804\罗宜高速ESG_Cesium地图模块交接包_20260804\src\modules\traffic-gis-overview\assets\SpatialAssetStore.ts","2618","145D2700323500BD29A585B1B7D8820C5787C03598DE44AE8A4796EB300ACFF0","145D2700323500BD29A585B1B7D8820C5787C03598DE44AE8A4796EB300ACFF0","True"
"_handoff\cesium_handover_20260804\罗宜高速ESG_Cesium地图模块交接包_20260804\src\modules\traffic-gis-overview\cesium\core\CameraManager.ts","handoff\archive\cesium_handover_20260804\罗宜高速ESG_Cesium地图模块交接包_20260804\src\modules\traffic-gis-overview\cesium\core\CameraManager.ts","1200","CFFA71AF1C1564A423DD39519264A8C9A486AB463E6A5751F05BD5375BC15A76","CFFA71AF1C1564A423DD39519264A8C9A486AB463E6A5751F05BD5375BC15A76","True"
"_handoff\cesium_handover_20260804\罗宜高速ESG_Cesium地图模块交接包_20260804\src\modules\traffic-gis-overview\cesium\core\CoordinateAdapter.ts","handoff\archive\cesium_handover_20260804\罗宜高速ESG_Cesium地图模块交接包_20260804\src\modules\traffic-gis-overview\cesium\core\CoordinateAdapter.ts","4068","017F81F5C413E9EAC7E868766DB63640D71BA346B9B550F20F53F9B88AC8C9E1","017F81F5C413E9EAC7E868766DB63640D71BA346B9B550F20F53F9B88AC8C9E1","True"
"_handoff\cesium_handover_20260804\罗宜高速ESG_Cesium地图模块交接包_20260804\src\modules\traffic-gis-overview\cesium\core\ViewerManager.ts","handoff\archive\cesium_handover_20260804\罗宜高速ESG_Cesium地图模块交接包_20260804\src\modules\traffic-gis-overview\cesium\core\ViewerManager.ts","2149","B1E7C69E1F76298B6FEC9BFFF000028F340EF192F044780D0D4028F556AB85BA","B1E7C69E1F76298B6FEC9BFFF000028F340EF192F044780D0D4028F556AB85BA","True"
"_handoff\cesium_handover_20260804\罗宜高速ESG_Cesium地图模块交接包_20260804\src\modules\traffic-gis-overview\cesium\interaction\HighlightManager.ts","handoff\archive\cesium_handover_20260804\罗宜高速ESG_Cesium地图模块交接包_20260804\src\modules\traffic-gis-overview\cesium\interaction\HighlightManager.ts","973","DCBCB707CD4F942EC3E8326B741B05F88022014C5337C2110B2738615E723CDF","DCBCB707CD4F942EC3E8326B741B05F88022014C5337C2110B2738615E723CDF","True"
"_handoff\cesium_handover_20260804\罗宜高速ESG_Cesium地图模块交接包_20260804\src\modules\traffic-gis-overview\cesium\interaction\PickManager.ts","handoff\archive\cesium_handover_20260804\罗宜高速ESG_Cesium地图模块交接包_20260804\src\modules\traffic-gis-overview\cesium\interaction\PickManager.ts","2243","0BB2D6CCBCCF3CEB109D76DE1E1A50B46008BC57A920FE3D3E308FC3807F4666","0BB2D6CCBCCF3CEB109D76DE1E1A50B46008BC57A920FE3D3E308FC3807F4666","True"
"_handoff\cesium_handover_20260804\罗宜高速ESG_Cesium地图模块交接包_20260804\src\modules\traffic-gis-overview\cesium\layers\BasemapManager.ts","handoff\archive\cesium_handover_20260804\罗宜高速ESG_Cesium地图模块交接包_20260804\src\modules\traffic-gis-overview\cesium\layers\BasemapManager.ts","1505","285CFA47C6EB30AE44DDBEC721C2D510E313F8A9B5DE58B2B6973B0CC9EA9D9B","285CFA47C6EB30AE44DDBEC721C2D510E313F8A9B5DE58B2B6973B0CC9EA9D9B","True"
"_handoff\cesium_handover_20260804\罗宜高速ESG_Cesium地图模块交接包_20260804\src\modules\traffic-gis-overview\cesium\layers\DesignKmlLayerManager.ts","handoff\archive\cesium_handover_20260804\罗宜高速ESG_Cesium地图模块交接包_20260804\src\modules\traffic-gis-overview\cesium\layers\DesignKmlLayerManager.ts","24117","3F1D3BE8DB2A5EDA7F6B566363D7F58F1F213E02B703182C472607AE5931B55D","3F1D3BE8DB2A5EDA7F6B566363D7F58F1F213E02B703182C472607AE5931B55D","True"
"_handoff\cesium_handover_20260804\罗宜高速ESG_Cesium地图模块交接包_20260804\src\modules\traffic-gis-overview\cesium\layers\HistoricalCompareManager.ts","handoff\archive\cesium_handover_20260804\罗宜高速ESG_Cesium地图模块交接包_20260804\src\modules\traffic-gis-overview\cesium\layers\HistoricalCompareManager.ts","1316","99E2686FFC80EE361DB2A0CB7781E3D34E811A670AC9763B82C440968545144B","99E2686FFC80EE361DB2A0CB7781E3D34E811A670AC9763B82C440968545144B","True"
"_handoff\cesium_handover_20260804\罗宜高速ESG_Cesium地图模块交接包_20260804\src\modules\traffic-gis-overview\cesium\layers\LayerRegistry.ts","handoff\archive\cesium_handover_20260804\罗宜高速ESG_Cesium地图模块交接包_20260804\src\modules\traffic-gis-overview\cesium\layers\LayerRegistry.ts","729","9C548388552E8C6F8B6B81479352C416DCF133FAD27CC81033A5C32BB574F3AD","9C548388552E8C6F8B6B81479352C416DCF133FAD27CC81033A5C32BB574F3AD","True"
"_handoff\cesium_handover_20260804\罗宜高速ESG_Cesium地图模块交接包_20260804\src\modules\traffic-gis-overview\cesium\layers\SpatialAssetManager.ts","handoff\archive\cesium_handover_20260804\罗宜高速ESG_Cesium地图模块交接包_20260804\src\modules\traffic-gis-overview\cesium\layers\SpatialAssetManager.ts","5288","E4084E8F0D9F4A921126E132D12BF59A7068CC026BF435954E4CEC5BB91E0258","E4084E8F0D9F4A921126E132D12BF59A7068CC026BF435954E4CEC5BB91E0258","True"
"_handoff\cesium_handover_20260804\罗宜高速ESG_Cesium地图模块交接包_20260804\src\modules\traffic-gis-overview\cesium\layers\spx-kml.worker.ts","handoff\archive\cesium_handover_20260804\罗宜高速ESG_Cesium地图模块交接包_20260804\src\modules\traffic-gis-overview\cesium\layers\spx-kml.worker.ts","3064","B0EF92C4D7CD3F9B6C87A71DD4F32B1E236081FB6F0A13C05CA82F3FA0381A0B","B0EF92C4D7CD3F9B6C87A71DD4F32B1E236081FB6F0A13C05CA82F3FA0381A0B","True"
"_handoff\cesium_handover_20260804\罗宜高速ESG_Cesium地图模块交接包_20260804\src\modules\traffic-gis-overview\cesium\layers\SpxPrimitiveLayer.ts","handoff\archive\cesium_handover_20260804\罗宜高速ESG_Cesium地图模块交接包_20260804\src\modules\traffic-gis-overview\cesium\layers\SpxPrimitiveLayer.ts","6540","1085432699E1A663DDABB59BEE2D933F3639ACCFED08265FCADA5CDB6C328F02","1085432699E1A663DDABB59BEE2D933F3639ACCFED08265FCADA5CDB6C328F02","True"
"_handoff\cesium_handover_20260804\罗宜高速ESG_Cesium地图模块交接包_20260804\src\modules\traffic-gis-overview\cesium\renderers\PointRenderer.ts","handoff\archive\cesium_handover_20260804\罗宜高速ESG_Cesium地图模块交接包_20260804\src\modules\traffic-gis-overview\cesium\renderers\PointRenderer.ts","4960","D7A1C493B99DD58A87CFE34C801141AF7969F446139BDE8CA1B98FD06DBB5F81","D7A1C493B99DD58A87CFE34C801141AF7969F446139BDE8CA1B98FD06DBB5F81","True"
"_handoff\cesium_handover_20260804\罗宜高速ESG_Cesium地图模块交接包_20260804\src\modules\traffic-gis-overview\cesium\renderers\PolygonRenderer.ts","handoff\archive\cesium_handover_20260804\罗宜高速ESG_Cesium地图模块交接包_20260804\src\modules\traffic-gis-overview\cesium\renderers\PolygonRenderer.ts","2775","F0C0161715A3BF0DCB0CD9389F968D051F9DF2F94F46BD1C6BA3CF5A9C7DD222","F0C0161715A3BF0DCB0CD9389F968D051F9DF2F94F46BD1C6BA3CF5A9C7DD222","True"
"_handoff\cesium_handover_20260804\罗宜高速ESG_Cesium地图模块交接包_20260804\src\modules\traffic-gis-overview\cesium\renderers\PolylineRenderer.ts","handoff\archive\cesium_handover_20260804\罗宜高速ESG_Cesium地图模块交接包_20260804\src\modules\traffic-gis-overview\cesium\renderers\PolylineRenderer.ts","2767","68AEA79427F0E4E55446D7A0BD0462C4B9EE972AD3E4687028F2394412831730","68AEA79427F0E4E55446D7A0BD0462C4B9EE972AD3E4687028F2394412831730","True"
"_handoff\cesium_handover_20260804\罗宜高速ESG_Cesium地图模块交接包_20260804\src\modules\traffic-gis-overview\cesium\renderers\render-utils.ts","handoff\archive\cesium_handover_20260804\罗宜高速ESG_Cesium地图模块交接包_20260804\src\modules\traffic-gis-overview\cesium\renderers\render-utils.ts","3144","A440EADEA6E49734A913B073B2511B00127E43E0AD12C8130BBD8888B181BCE5","A440EADEA6E49734A913B073B2511B00127E43E0AD12C8130BBD8888B181BCE5","True"
"_handoff\cesium_handover_20260804\罗宜高速ESG_Cesium地图模块交接包_20260804\src\modules\traffic-gis-overview\cesium\renderers\TilesetRenderer.ts","handoff\archive\cesium_handover_20260804\罗宜高速ESG_Cesium地图模块交接包_20260804\src\modules\traffic-gis-overview\cesium\renderers\TilesetRenderer.ts","363","C679D531FBEC0024D955B0FD29AB0743326E10324B3A5ED4F5BCB82D75C1F000","C679D531FBEC0024D955B0FD29AB0743326E10324B3A5ED4F5BCB82D75C1F000","True"
"_handoff\cesium_handover_20260804\罗宜高速ESG_Cesium地图模块交接包_20260804\src\modules\traffic-gis-overview\components\BusinessLinksPanel.vue","handoff\archive\cesium_handover_20260804\罗宜高速ESG_Cesium地图模块交接包_20260804\src\modules\traffic-gis-overview\components\BusinessLinksPanel.vue","10364","73D9A692D92A81037491C8CACA6DA40FC46E2E2142F4E57F112EA724B408CEF7","73D9A692D92A81037491C8CACA6DA40FC46E2E2142F4E57F112EA724B408CEF7","True"
"_handoff\cesium_handover_20260804\罗宜高速ESG_Cesium地图模块交接包_20260804\src\modules\traffic-gis-overview\components\DesignLayerTree.vue","handoff\archive\cesium_handover_20260804\罗宜高速ESG_Cesium地图模块交接包_20260804\src\modules\traffic-gis-overview\components\DesignLayerTree.vue","12259","5AFDE5AE3970FAB562FF13B8DBE01B6F74517402BB8D458E7BA86467E262D4C1","5AFDE5AE3970FAB562FF13B8DBE01B6F74517402BB8D458E7BA86467E262D4C1","True"
"_handoff\cesium_handover_20260804\罗宜高速ESG_Cesium地图模块交接包_20260804\src\modules\traffic-gis-overview\components\FeatureCard.vue","handoff\archive\cesium_handover_20260804\罗宜高速ESG_Cesium地图模块交接包_20260804\src\modules\traffic-gis-overview\components\FeatureCard.vue","19973","A709AB27EDC245A793746F96A4D4D84A6E08B699F3C3AA057A651FE0104F8501","A709AB27EDC245A793746F96A4D4D84A6E08B699F3C3AA057A651FE0104F8501","True"
"_handoff\cesium_handover_20260804\罗宜高速ESG_Cesium地图模块交接包_20260804\src\modules\traffic-gis-overview\components\LayerControl.vue","handoff\archive\cesium_handover_20260804\罗宜高速ESG_Cesium地图模块交接包_20260804\src\modules\traffic-gis-overview\components\LayerControl.vue","13624","7DA5FEF80EE38983DA2BC37B059770650BA831A2911E190D3B61744F16471985","7DA5FEF80EE38983DA2BC37B059770650BA831A2911E190D3B61744F16471985","True"
"_handoff\cesium_handover_20260804\罗宜高速ESG_Cesium地图模块交接包_20260804\src\modules\traffic-gis-overview\components\MapChrome.vue","handoff\archive\cesium_handover_20260804\罗宜高速ESG_Cesium地图模块交接包_20260804\src\modules\traffic-gis-overview\components\MapChrome.vue","7868","5749FBCA2C426B8A86ADC100D8E0CD637A867088D2D2C0C445083766ABAB7B9A","5749FBCA2C426B8A86ADC100D8E0CD637A867088D2D2C0C445083766ABAB7B9A","True"
"_handoff\cesium_handover_20260804\罗宜高速ESG_Cesium地图模块交接包_20260804\src\modules\traffic-gis-overview\components\TrafficGisOverview.vue","handoff\archive\cesium_handover_20260804\罗宜高速ESG_Cesium地图模块交接包_20260804\src\modules\traffic-gis-overview\components\TrafficGisOverview.vue","35379","6D2AE13A97CB684AB71DCCC2A1426C152689FFAB78EE5C1E0E8A7B197809B75D","6D2AE13A97CB684AB71DCCC2A1426C152689FFAB78EE5C1E0E8A7B197809B75D","True"
"_handoff\cesium_handover_20260804\罗宜高速ESG_Cesium地图模块交接包_20260804\src\modules\traffic-gis-overview\components\TrafficLegend.vue","handoff\archive\cesium_handover_20260804\罗宜高速ESG_Cesium地图模块交接包_20260804\src\modules\traffic-gis-overview\components\TrafficLegend.vue","807","B1100FEDE8D08E9535DFEFFE5EBB0DD40CD048B48F9AB0D4B02283610E011481","B1100FEDE8D08E9535DFEFFE5EBB0DD40CD048B48F9AB0D4B02283610E011481","True"
"_handoff\cesium_handover_20260804\罗宜高速ESG_Cesium地图模块交接包_20260804\src\modules\traffic-gis-overview\config\basemaps.config.ts","handoff\archive\cesium_handover_20260804\罗宜高速ESG_Cesium地图模块交接包_20260804\src\modules\traffic-gis-overview\config\basemaps.config.ts","1873","6A1C96717160D8914BB4ACFA5A68E003EFFE5C60AEDA615F5704E45F9DA8B6A4","6A1C96717160D8914BB4ACFA5A68E003EFFE5C60AEDA615F5704E45F9DA8B6A4","True"
"_handoff\cesium_handover_20260804\罗宜高速ESG_Cesium地图模块交接包_20260804\src\modules\traffic-gis-overview\config\configuration-api.ts","handoff\archive\cesium_handover_20260804\罗宜高速ESG_Cesium地图模块交接包_20260804\src\modules\traffic-gis-overview\config\configuration-api.ts","1245","8334FE580B46554DFE2DD4B69A083426FB7E4CFBC8CC2B086F62E8FCC74B3EE3","8334FE580B46554DFE2DD4B69A083426FB7E4CFBC8CC2B086F62E8FCC74B3EE3","True"
"_handoff\cesium_handover_20260804\罗宜高速ESG_Cesium地图模块交接包_20260804\src\modules\traffic-gis-overview\config\design-map.config.ts","handoff\archive\cesium_handover_20260804\罗宜高速ESG_Cesium地图模块交接包_20260804\src\modules\traffic-gis-overview\config\design-map.config.ts","292","D90A90DEA45B00786D37A9C3603161E95F9B23B8374F7B806794B989EA8E6DBE","D90A90DEA45B00786D37A9C3603161E95F9B23B8374F7B806794B989EA8E6DBE","True"
"_handoff\cesium_handover_20260804\罗宜高速ESG_Cesium地图模块交接包_20260804\src\modules\traffic-gis-overview\config\historical-imagery.config.ts","handoff\archive\cesium_handover_20260804\罗宜高速ESG_Cesium地图模块交接包_20260804\src\modules\traffic-gis-overview\config\historical-imagery.config.ts","671","0E6D341EC647D654E4A959EF573096117422E8447EA15F4D950079B07B7467CF","0E6D341EC647D654E4A959EF573096117422E8447EA15F4D950079B07B7467CF","True"
"_handoff\cesium_handover_20260804\罗宜高速ESG_Cesium地图模块交接包_20260804\src\modules\traffic-gis-overview\config\layers.config.ts","handoff\archive\cesium_handover_20260804\罗宜高速ESG_Cesium地图模块交接包_20260804\src\modules\traffic-gis-overview\config\layers.config.ts","1203","5861AC825B3E4FBFC16324F479C22DABC6DB12A8EBD3ACCAA2D0A3CB25F11FA7","5861AC825B3E4FBFC16324F479C22DABC6DB12A8EBD3ACCAA2D0A3CB25F11FA7","True"
"_handoff\cesium_handover_20260804\罗宜高速ESG_Cesium地图模块交接包_20260804\src\modules\traffic-gis-overview\config\style-tokens.ts","handoff\archive\cesium_handover_20260804\罗宜高速ESG_Cesium地图模块交接包_20260804\src\modules\traffic-gis-overview\config\style-tokens.ts","460","4E5FB1777A0CD46E8E0FE38FFD879CEFA3E19AB6BD02E91D4B449A38E3A2DB87","4E5FB1777A0CD46E8E0FE38FFD879CEFA3E19AB6BD02E91D4B449A38E3A2DB87","True"
"_handoff\cesium_handover_20260804\罗宜高速ESG_Cesium地图模块交接包_20260804\src\modules\traffic-gis-overview\config\traffic-gis.config.ts","handoff\archive\cesium_handover_20260804\罗宜高速ESG_Cesium地图模块交接包_20260804\src\modules\traffic-gis-overview\config\traffic-gis.config.ts","562","B46989B41078D1C6D8CE732D7ACC901E4AC7714378E066A568F43D480D3682B5","B46989B41078D1C6D8CE732D7ACC901E4AC7714378E066A568F43D480D3682B5","True"
"_handoff\cesium_handover_20260804\罗宜高速ESG_Cesium地图模块交接包_20260804\src\modules\traffic-gis-overview\domain\chainage.ts","handoff\archive\cesium_handover_20260804\罗宜高速ESG_Cesium地图模块交接包_20260804\src\modules\traffic-gis-overview\domain\chainage.ts","1695","3E578911F0DB5112063FD736954CADDB34617652A53FA5A5FAD33ADDADE45F26","3E578911F0DB5112063FD736954CADDB34617652A53FA5A5FAD33ADDADE45F26","True"
"_handoff\cesium_handover_20260804\罗宜高速ESG_Cesium地图模块交接包_20260804\src\modules\traffic-gis-overview\mock\features.ts","handoff\archive\cesium_handover_20260804\罗宜高速ESG_Cesium地图模块交接包_20260804\src\modules\traffic-gis-overview\mock\features.ts","240","F807592D8AA0705B6CB76983EE93A8D427B5D374659447578609B13E3293E3D4","F807592D8AA0705B6CB76983EE93A8D427B5D374659447578609B13E3293E3D4","True"
"_handoff\cesium_handover_20260804\罗宜高速ESG_Cesium地图模块交接包_20260804\src\modules\traffic-gis-overview\types\design-layers.ts","handoff\archive\cesium_handover_20260804\罗宜高速ESG_Cesium地图模块交接包_20260804\src\modules\traffic-gis-overview\types\design-layers.ts","1088","ABDF09CC3BEC305A6BD5678F865F596889F8AA5364D8B6E2C5CBA64CC1635B8E","ABDF09CC3BEC305A6BD5678F865F596889F8AA5364D8B6E2C5CBA64CC1635B8E","True"
"_handoff\cesium_handover_20260804\罗宜高速ESG_Cesium地图模块交接包_20260804\src\modules\traffic-gis-overview\types\index.ts","handoff\archive\cesium_handover_20260804\罗宜高速ESG_Cesium地图模块交接包_20260804\src\modules\traffic-gis-overview\types\index.ts","4910","74E3AEED11A8DA2205CD6941281E243E86AB95E68870DBFACC9EEA525AEC92E6","74E3AEED11A8DA2205CD6941281E243E86AB95E68870DBFACC9EEA525AEC92E6","True"
"_handoff\cesium_handover_20260804\罗宜高速ESG_Cesium地图模块交接包_20260804\src\modules\traffic-gis-overview\vector\VectorLayerStore.ts","handoff\archive\cesium_handover_20260804\罗宜高速ESG_Cesium地图模块交接包_20260804\src\modules\traffic-gis-overview\vector\VectorLayerStore.ts","3361","85162699E02512D4C91B86FC283D0D24F68966269AA555BF54DDE98F73C5AF0F","85162699E02512D4C91B86FC283D0D24F68966269AA555BF54DDE98F73C5AF0F","True"
"_handoff\e01_screenshots\e01-detail-1436x880.png","handoff\archive\e01_screenshots\e01-detail-1436x880.png","1177966","964E12DF37BD67004DFA534A284ED12710C857BDC99BCD9267257E3F5F62D18A","964E12DF37BD67004DFA534A284ED12710C857BDC99BCD9267257E3F5F62D18A","True"
"_handoff\e01_screenshots\e01-overview-1436x880.png","handoff\archive\e01_screenshots\e01-overview-1436x880.png","1172187","2981E5E449B0FA027A6ADD7D36840F0031327755F819940D630D5AD868E4ECF0","2981E5E449B0FA027A6ADD7D36840F0031327755F819940D630D5AD868E4ECF0","True"
"_handoff\e01_screenshots\e01-summary-infocard-1436x880.png","handoff\archive\e01_screenshots\e01-summary-infocard-1436x880.png","1173542","B37C2DCE2B3E62229376948C8AF415F4E72EE31C2DA2546444258D45CB69AD79","B37C2DCE2B3E62229376948C8AF415F4E72EE31C2DA2546444258D45CB69AD79","True"
"_handoff\esg-smart-entry-screenshots\01-upload-three-files-1440x900.png","handoff\archive\esg-smart-entry-screenshots\01-upload-three-files-1440x900.png","82318","442D1E68F6C847345966445EFDC0BC0BDC0FA6C79BE5EAA3F2A57BCAD5520942","442D1E68F6C847345966445EFDC0BC0BDC0FA6C79BE5EAA3F2A57BCAD5520942","True"
"_handoff\esg-smart-entry-screenshots\02-ai-analysis-complete-1440x900.png","handoff\archive\esg-smart-entry-screenshots\02-ai-analysis-complete-1440x900.png","77869","D81CCFCD1E9BAA4BFB8EBFFC4E3144D83423850429F4CEA0D6E4E0719F35BE5C","D81CCFCD1E9BAA4BFB8EBFFC4E3144D83423850429F4CEA0D6E4E0719F35BE5C","True"
"_handoff\esg-smart-entry-screenshots\03-manual-review-two-items-1440x900.png","handoff\archive\esg-smart-entry-screenshots\03-manual-review-two-items-1440x900.png","67323","043F5A5964A6BF0A875706BC7E77EC2AF2998544DDA341752DBF4C6864C8914C","043F5A5964A6BF0A875706BC7E77EC2AF2998544DDA341752DBF4C6864C8914C","True"
"_handoff\esg-smart-entry-screenshots\04-demo-ingestion-manifest-1440x900.png","handoff\archive\esg-smart-entry-screenshots\04-demo-ingestion-manifest-1440x900.png","67644","80310FFA84390F686454502467C9785BCFD9FBAADD2416F967B52BEB0ABED68F","80310FFA84390F686454502467C9785BCFD9FBAADD2416F967B52BEB0ABED68F","True"
"_handoff\esg-smart-entry-screenshots\05-demo-workflow-complete-1440x900.png","handoff\archive\esg-smart-entry-screenshots\05-demo-workflow-complete-1440x900.png","51608","4E3D7CC4F0976BA5C13027CDE68B216D86326B642E3873798744082033236B71","4E3D7CC4F0976BA5C13027CDE68B216D86326B642E3873798744082033236B71","True"
"_handoff\ESG智能入库一页式\Cursor校核_V0.2_20260726.md","handoff\archive\ESG智能入库一页式\Cursor校核_V0.2_20260726.md","4203","3AE354FC849691C442FD386ED8F63B531D957A7584910BAA38D9125E8E31FB99","3AE354FC849691C442FD386ED8F63B531D957A7584910BAA38D9125E8E31FB99","True"
"_handoff\ESG智能入库一页式\ESG智能数据填报_一页式工作台设计与联调任务书_V0.2_20260726.md","handoff\archive\ESG智能入库一页式\ESG智能数据填报_一页式工作台设计与联调任务书_V0.2_20260726.md","21541","6C6CB2B35B2C018D6B6761889BBE71E8C166F03D527113B603CD933958B1DCAA","6C6CB2B35B2C018D6B6761889BBE71E8C166F03D527113B603CD933958B1DCAA","True"
"_handoff\ESG智能入库一页式\ESG智能数据填报_一页式核对工作台_V0.2_20260726.png","handoff\archive\ESG智能入库一页式\ESG智能数据填报_一页式核对工作台_V0.2_20260726.png","131250","E1DB3BFE15D57A6A6EE1E247E696C4172FB6B8D547BE6CB690CD8E47A59F8314","E1DB3BFE15D57A6A6EE1E247E696C4172FB6B8D547BE6CB690CD8E47A59F8314","True"
"_handoff\ESG智能入库一页式\README.md","handoff\archive\ESG智能入库一页式\README.md","1221","D61F47F96A467F0E24C71963F69F33474776B216D49997C9019086A807A2589F","D61F47F96A467F0E24C71963F69F33474776B216D49997C9019086A807A2589F","True"
"_handoff\ESG智能入库一页式\现状与设计图对照_20260726.md","handoff\archive\ESG智能入库一页式\现状与设计图对照_20260726.md","4632","A2430D547B60BC84871BDF93F683C13BE8C7BD041F8CFC03CD17BCD38EC1AF00","A2430D547B60BC84871BDF93F683C13BE8C7BD041F8CFC03CD17BCD38EC1AF00","True"
"_handoff\碳核算与月报独立页\README.md","handoff\archive\碳核算与月报独立页\README.md","1741","3DCF4A8BC15D3DCD09BAFFB70BFCAD9E43030DE0A2B6EC47713FBB5ED87C3F8D","3DCF4A8BC15D3DCD09BAFFB70BFCAD9E43030DE0A2B6EC47713FBB5ED87C3F8D","True"
"_handoff\碳核算与月报独立页\Trae实施任务单_月报独立页_V1.0_20260726.md","handoff\archive\碳核算与月报独立页\Trae实施任务单_月报独立页_V1.0_20260726.md","9304","66AA0389362B156E45ED764DD672977EBB231ED5554A34C374BC1C03BBB2F95F","66AA0389362B156E45ED764DD672977EBB231ED5554A34C374BC1C03BBB2F95F","True"
"_handoff\碳核算与月报独立页\Trae实施任务单_碳核算独立页_V1.0_20260726.md","handoff\archive\碳核算与月报独立页\Trae实施任务单_碳核算独立页_V1.0_20260726.md","9424","6B9A72D129EEF8E3E232410BE55DE462CB0F1EA8CD12A52ECFB250578CB5FC0F","6B9A72D129EEF8E3E232410BE55DE462CB0F1EA8CD12A52ECFB250578CB5FC0F","True"
"_handoff\碳核算与月报独立页\月报独立页设计_V0.1_20260726.md","handoff\archive\碳核算与月报独立页\月报独立页设计_V0.1_20260726.md","8253","85A96C5D8E1A79C83737E4EBF7BE87F1EA8789740EBA956AF22ED0BC16F1B661","85A96C5D8E1A79C83737E4EBF7BE87F1EA8789740EBA956AF22ED0BC16F1B661","True"
"_handoff\碳核算与月报独立页\碳核算独立页设计_V0.1_20260726.md","handoff\archive\碳核算与月报独立页\碳核算独立页设计_V0.1_20260726.md","8846","3D7539FC728170B63E0D7BC2F992627CAE6BE36B54CE8E82E019104CE262E762","3D7539FC728170B63E0D7BC2F992627CAE6BE36B54CE8E82E019104CE262E762","True"
"_handoff\碳核算与月报独立页\作废\Trae实施任务单_Workspace右侧碳与月报_V1.0_20260726.md","handoff\archive\碳核算与月报独立页\作废\Trae实施任务单_Workspace右侧碳与月报_V1.0_20260726.md","8383","2A5911ED24E4F5000F689AF7CC221651832C2CE7B20BDF89C70AEB3239199C94","2A5911ED24E4F5000F689AF7CC221651832C2CE7B20BDF89C70AEB3239199C94","True"
"_handoff\碳核算与月报独立页\作废\Trae实施任务单_碳与月报独立页_V1.0_20260726.md","handoff\archive\碳核算与月报独立页\作废\Trae实施任务单_碳与月报独立页_V1.0_20260726.md","10198","A12A528F4D42F9FD3BB0FD5DE0A98040215C709A23E8D1617A55697745ED54F0","A12A528F4D42F9FD3BB0FD5DE0A98040215C709A23E8D1617A55697745ED54F0","True"
"_handoff\碳核算与月报独立页\作废\Workspace右侧_碳与月报模块设计_V0.1_20260726.md","handoff\archive\碳核算与月报独立页\作废\Workspace右侧_碳与月报模块设计_V0.1_20260726.md","17282","6E77D35D4938D5C5A4B407ED1E64AE98A0E0DF7AC9FCF4B2C7F8482F22E4C8E6","6E77D35D4938D5C5A4B407ED1E64AE98A0E0DF7AC9FCF4B2C7F8482F22E4C8E6","True"
"_handoff\碳核算与月报独立页\作废\碳与月报独立页设计_V0.1_20260726.md","handoff\archive\碳核算与月报独立页\作废\碳与月报独立页设计_V0.1_20260726.md","12044","2554115B1EDCAD5ED613191E20017B023639135C4393299E3E2F901785BB6CD8","2554115B1EDCAD5ED613191E20017B023639135C4393299E3E2F901785BB6CD8","True"
"docs\ai-collaboration.md","docs\archive\source-docs\ai-collaboration.md","3412","9358214FA2727A9E7DB2DA6DD27C4A6AF807DBCE5D974AEFC1194CD1AAB8FE39","9358214FA2727A9E7DB2DA6DD27C4A6AF807DBCE5D974AEFC1194CD1AAB8FE39","True"
"AGENTS.md","docs\archive\root\AGENTS.md","3781","9142F56CD29D2E8C704A7709564E8BB125B1AEA637196F2E36BA53EA466D66C4","9142F56CD29D2E8C704A7709564E8BB125B1AEA637196F2E36BA53EA466D66C4","True"
"TRAE_GIS_API模式预览联调任务书_V0.1.md","docs\archive\root\TRAE_GIS_API模式预览联调任务书_V0.1.md","4353","EF3F13A566B83907B0F7FDA0DCE3040448195EE7789A3D6FFC84B996B05AA3AA","EF3F13A566B83907B0F7FDA0DCE3040448195EE7789A3D6FFC84B996B05AA3AA","True"
"TRAE_前端接入本地后端API任务书.md","docs\archive\root\TRAE_前端接入本地后端API任务书.md","6017","99763A52BE4C3111B09202431A229962A45F380AA37E7A131E475729AD2B403C","99763A52BE4C3111B09202431A229962A45F380AA37E7A131E475729AD2B403C","True"
"TRAE_领导层E01_E02_S02真实库态前端点测任务.md","docs\archive\root\TRAE_领导层E01_E02_S02真实库态前端点测任务.md","3142","9418F4F91DBB3442D1F6BF18907CA15F0EDA8778B0FF034581DED15045B333E3","9418F4F91DBB3442D1F6BF18907CA15F0EDA8778B0FF034581DED15045B333E3","True"
"TRAE_领导层G组KPI真实库态前端点测任务.md","docs\archive\root\TRAE_领导层G组KPI真实库态前端点测任务.md","2819","24A21CBCA838ACA73DFF54010F2B3890F215C08ABB321127AEEC57F2B11D65D2","24A21CBCA838ACA73DFF54010F2B3890F215C08ABB321127AEEC57F2B11D65D2","True"
"TRAE_领导层S03_S04真实库态前端点测任务.md","docs\archive\root\TRAE_领导层S03_S04真实库态前端点测任务.md","2630","95F1205FA877B80F161CB95E50700E07867211F64A63E911F7D9E5ADDB949F7B","95F1205FA877B80F161CB95E50700E07867211F64A63E911F7D9E5ADDB949F7B","True"
"V1.1设计实施差异与门禁清单.md","docs\archive\root\V1.1设计实施差异与门禁清单.md","3977","F1BBBF95A0929291737983BDA18CE5AF1BA4FC523A692EA023F950A787B8E996","F1BBBF95A0929291737983BDA18CE5AF1BA4FC523A692EA023F950A787B8E996","True"
"_sec_0.md","docs\archive\root\_sec_0.md","1229","2EF50C8D3A5ADA9A2B485CD7DAA9CDE42E1ED4BF5D76643300799EE309C84C58","2EF50C8D3A5ADA9A2B485CD7DAA9CDE42E1ED4BF5D76643300799EE309C84C58","True"
"_sec_10.md","docs\archive\root\_sec_10.md","868","C39DCDC132750854D5DD28DAB3DBD4FB2A799664D6B99D4D1D75736EFCB36E63","C39DCDC132750854D5DD28DAB3DBD4FB2A799664D6B99D4D1D75736EFCB36E63","True"
"_sec_2.2.md","docs\archive\root\_sec_2.2.md","843","92097695D85396373C51885B007E03E438A05DA5D9CAED54AE582284C83FE97F","92097695D85396373C51885B007E03E438A05DA5D9CAED54AE582284C83FE97F","True"
"_sec_2.7.3.md","docs\archive\root\_sec_2.7.3.md","626","68470CD91749C9E298D7900B2EDBB66A3580083059C583E296FFC47477FB4945","68470CD91749C9E298D7900B2EDBB66A3580083059C583E296FFC47477FB4945","True"
"_sec_4.2.md","docs\archive\root\_sec_4.2.md","659","32B883E1618E788ADC69FE8CD3FCFDAD7473725BDB810BA811B8BF92FF36C856","32B883E1618E788ADC69FE8CD3FCFDAD7473725BDB810BA811B8BF92FF36C856","True"
"_sec_5.2.md","docs\archive\root\_sec_5.2.md","732","25C960635344F530A00F7C53F8B56270EEC8CDD671FD31D3CE05CF7CB67C21F4","25C960635344F530A00F7C53F8B56270EEC8CDD671FD31D3CE05CF7CB67C21F4","True"
"_sec_5.4.md","docs\archive\root\_sec_5.4.md","423","0B9511B1D803B00595275B7335DB56B30B189F5C19E7207F3A315DB7C0EFE9D9","0B9511B1D803B00595275B7335DB56B30B189F5C19E7207F3A315DB7C0EFE9D9","True"
"_sec_6.1.md","docs\archive\root\_sec_6.1.md","674","D203BDCF4AA3432DD6B61C275C3E9788FBDA37899CFE661975F3DCC41F1614D0","D203BDCF4AA3432DD6B61C275C3E9788FBDA37899CFE661975F3DCC41F1614D0","True"
"_sec_6.3.md","docs\archive\root\_sec_6.3.md","460","53FA832F3513D0CC8FCB30F4B08B74AF1ECCD06319FF8F60DF5FD69E20CF240D","53FA832F3513D0CC8FCB30F4B08B74AF1ECCD06319FF8F60DF5FD69E20CF240D","True"
"_sec_7.md","docs\archive\root\_sec_7.md","321","07EDDC361119B32631D3B232C5A4B438F4AE8ACA820805D7086412009E06F7BE","07EDDC361119B32631D3B232C5A4B438F4AE8ACA820805D7086412009E06F7BE","True"
"_sec_9.md","docs\archive\root\_sec_9.md","482","34873C307565CBA1AAF77D3D887E3901C3E793638ABCF127934F1AD1300E4589","34873C307565CBA1AAF77D3D887E3901C3E793638ABCF127934F1AD1300E4589","True"
"_sec_header.md","docs\archive\root\_sec_header.md","1641","B629BBDECBBFE5C9CF519D91A93E8550127C1D0AC555C36F64038B0751D1A30E","B629BBDECBBFE5C9CF519D91A93E8550127C1D0AC555C36F64038B0751D1A30E","True"
"使用说明.md","docs\archive\root\使用说明.md","1164","ACFED76D46CD9F456B7934DF2F59ED78390763B57E5CBA35F8469B2B5B36C3F7","ACFED76D46CD9F456B7934DF2F59ED78390763B57E5CBA35F8469B2B5B36C3F7","True"
"罗宜高速ESG多源数据流与首页指标动态更新设计_V1.0.md","docs\archive\root\罗宜高速ESG多源数据流与首页指标动态更新设计_V1.0.md","13532","2CBFC7847812D6C88B4EC7290E2BAA9FA7598F9FFD19F007A8D39318256636E1","2CBFC7847812D6C88B4EC7290E2BAA9FA7598F9FFD19F007A8D39318256636E1","True"
"罗宜高速ESG数据上传工作台_交付包说明_V1.0.md","docs\archive\root\罗宜高速ESG数据上传工作台_交付包说明_V1.0.md","10975","85DEA0DA4CAAB7B428B16B63EF743B695CEF6F2ECEECCB98AC37DC2539A03974","85DEA0DA4CAAB7B428B16B63EF743B695CEF6F2ECEECCB98AC37DC2539A03974","True"
"领导层首页专题与KPI入库扩展设计_V1.2.md","docs\archive\root\领导层首页专题与KPI入库扩展设计_V1.2.md","10363","B34893D3426A4CF8AA09729DA813D19A3E3087161D6FE55D209A677D3291A2E4","B34893D3426A4CF8AA09729DA813D19A3E3087161D6FE55D209A677D3291A2E4","True"
"领导层首页剩余弹窗与专题接口接入说明_V1.1.md","docs\archive\root\领导层首页剩余弹窗与专题接口接入说明_V1.1.md","5308","045EF52E437B455561CD0ED7E06120F2CBDC8DBFA735056A616C348B769F4B81","045EF52E437B455561CD0ED7E06120F2CBDC8DBFA735056A616C348B769F4B81","True"
"versions\V0.3_homepage_kpi_calibration\README.md","versions\V0.3_homepage_kpi_calibration\README.md","2761","1BE58DDA1FC4C86A92931D97679D9C3DC22788686243A0293F762216428E22F7","1BE58DDA1FC4C86A92931D97679D9C3DC22788686243A0293F762216428E22F7","True"
"versions\V0.3_homepage_kpi_calibration\backend\server\AI_DOCUMENT_ANALYSIS_API.md","versions\V0.3_homepage_kpi_calibration\backend\server\AI_DOCUMENT_ANALYSIS_API.md","2614","5A9AFEF45B95E80E13511B3E5B4E562A8504638C51AC8042900BEFF2422564AA","5A9AFEF45B95E80E13511B3E5B4E562A8504638C51AC8042900BEFF2422564AA","True"
"versions\V0.3_homepage_kpi_calibration\backend\server\ai_document_analysis_api_test.py","versions\V0.3_homepage_kpi_calibration\backend\server\ai_document_analysis_api_test.py","2264","730E3C926AB764EFDB1FD3ACCA9147B6A01A9DA96996C36D84A5DEF8EA8193CC","730E3C926AB764EFDB1FD3ACCA9147B6A01A9DA96996C36D84A5DEF8EA8193CC","True"
"versions\V0.3_homepage_kpi_calibration\backend\server\ai_document_analysis_test.py","versions\V0.3_homepage_kpi_calibration\backend\server\ai_document_analysis_test.py","4428","0A4C768A0D70D531565BD5D3F38DA27838F301A3B4B9AD06C939C132DC4C00E6","0A4C768A0D70D531565BD5D3F38DA27838F301A3B4B9AD06C939C132DC4C00E6","True"
"versions\V0.3_homepage_kpi_calibration\backend\server\API_CONTRACT.md","versions\V0.3_homepage_kpi_calibration\backend\server\API_CONTRACT.md","13551","54AD9D76D7FA836322CD9998765FA6F2EB4305F814A615CD47C1A305E50D2E79","54AD9D76D7FA836322CD9998765FA6F2EB4305F814A615CD47C1A305E50D2E79","True"
"versions\V0.3_homepage_kpi_calibration\backend\server\app.py","versions\V0.3_homepage_kpi_calibration\backend\server\app.py","74028","8AE9D8E352E5BA4DF597916EC939E3FC88DF982B7FF237D11326010D4C9483DC","8AE9D8E352E5BA4DF597916EC939E3FC88DF982B7FF237D11326010D4C9483DC","True"
"versions\V0.3_homepage_kpi_calibration\backend\server\assistant_qa.py","versions\V0.3_homepage_kpi_calibration\backend\server\assistant_qa.py","67323","DA15910A591E12566ADB2939AF6AC4864AC4844175EFDB5DA08E24FF66F6A26C","DA15910A591E12566ADB2939AF6AC4864AC4844175EFDB5DA08E24FF66F6A26C","True"
"versions\V0.3_homepage_kpi_calibration\backend\server\carbon_benefit_overview.py","versions\V0.3_homepage_kpi_calibration\backend\server\carbon_benefit_overview.py","19183","F7EC88AF652B4D8CF82E06C90FDEC361B32E348963FD3A2009AC3254AEC592AB","F7EC88AF652B4D8CF82E06C90FDEC361B32E348963FD3A2009AC3254AEC592AB","True"
"versions\V0.3_homepage_kpi_calibration\backend\server\carbon_topic_mysql_test.py","versions\V0.3_homepage_kpi_calibration\backend\server\carbon_topic_mysql_test.py","2265","82A4D442732E4878857C8D48B6B02397A825F8E17E18899E169921B00B5C6178","82A4D442732E4878857C8D48B6B02397A825F8E17E18899E169921B00B5C6178","True"
"versions\V0.3_homepage_kpi_calibration\backend\server\confirm_ingestion_trace_test.py","versions\V0.3_homepage_kpi_calibration\backend\server\confirm_ingestion_trace_test.py","5910","D4A04A69E4F541E34A17086487D57BEC0EF6CFCB52098F5DAC922CEF6AF12A8E","D4A04A69E4F541E34A17086487D57BEC0EF6CFCB52098F5DAC922CEF6AF12A8E","True"
"versions\V0.3_homepage_kpi_calibration\backend\server\confirm_updates_task_test.py","versions\V0.3_homepage_kpi_calibration\backend\server\confirm_updates_task_test.py","3430","46E2FCA12B3CC6E152E3D938E49BBCE6585473454EC18A44AA4DEC32F2ADC2C1","46E2FCA12B3CC6E152E3D938E49BBCE6585473454EC18A44AA4DEC32F2ADC2C1","True"
"versions\V0.3_homepage_kpi_calibration\backend\server\content_parser_demo_test.py","versions\V0.3_homepage_kpi_calibration\backend\server\content_parser_demo_test.py","1306","180095FAF6F5830D8CE8AFBDE03EBCB2B9090C8091E199584C396802F0095D69","180095FAF6F5830D8CE8AFBDE03EBCB2B9090C8091E199584C396802F0095D69","True"
"versions\V0.3_homepage_kpi_calibration\backend\server\dashboard_acceptance_test.py","versions\V0.3_homepage_kpi_calibration\backend\server\dashboard_acceptance_test.py","3717","8FDFA6EB4BBC8C531C3393752270757E569BD3BC2D3B343A3E8547ACA2764B94","8FDFA6EB4BBC8C531C3393752270757E569BD3BC2D3B343A3E8547ACA2764B94","True"
"versions\V0.3_homepage_kpi_calibration\backend\server\dashboard_mysql_snapshot_test.py","versions\V0.3_homepage_kpi_calibration\backend\server\dashboard_mysql_snapshot_test.py","2724","66C220C88380B5CBA3F87E9E911B227565DA512154A53FB9E4963E3562F8EBA4","66C220C88380B5CBA3F87E9E911B227565DA512154A53FB9E4963E3562F8EBA4","True"
"versions\V0.3_homepage_kpi_calibration\backend\server\dashboard_panels_mysql_test.py","versions\V0.3_homepage_kpi_calibration\backend\server\dashboard_panels_mysql_test.py","2850","04A7345BFA4CCFCDA1FC1AAC5048D42EA614E269BB3E0E966875A3A04DAAF800","04A7345BFA4CCFCDA1FC1AAC5048D42EA614E269BB3E0E966875A3A04DAAF800","True"
"versions\V0.3_homepage_kpi_calibration\backend\server\dashboard_payload.json","versions\V0.3_homepage_kpi_calibration\backend\server\dashboard_payload.json","65506","F4D089971601DF6F66618111A09DD0B07A55FA58D5FB5F7DA43A56F18A62DF67","F4D089971601DF6F66618111A09DD0B07A55FA58D5FB5F7DA43A56F18A62DF67","True"
"versions\V0.3_homepage_kpi_calibration\backend\server\e03_e04_kpi_mysql_test.py","versions\V0.3_homepage_kpi_calibration\backend\server\e03_e04_kpi_mysql_test.py","2902","DBF99191F125DA7AF6CD895E726DF5DA451A3ED484DFC16D48D8CB48D458F3CD","DBF99191F125DA7AF6CD895E726DF5DA451A3ED484DFC16D48D8CB48D458F3CD","True"
"versions\V0.3_homepage_kpi_calibration\backend\server\environment_safety_kpi_mysql_test.py","versions\V0.3_homepage_kpi_calibration\backend\server\environment_safety_kpi_mysql_test.py","3521","A11C6722624D8F49B18D90E7191663693A811DE85FD32F6AB1907315F4EBD5EC","A11C6722624D8F49B18D90E7191663693A811DE85FD32F6AB1907315F4EBD5EC","True"
"versions\V0.3_homepage_kpi_calibration\backend\server\esg_demo_api.py","versions\V0.3_homepage_kpi_calibration\backend\server\esg_demo_api.py","91979","6F1DAB555D610453729A2B1E95BDC63CA1E234EDB26008A060FE216CA9A7DDB6","6F1DAB555D610453729A2B1E95BDC63CA1E234EDB26008A060FE216CA9A7DDB6","True"
"versions\V0.3_homepage_kpi_calibration\backend\server\FRONTEND_BACKEND_BASELINE.md","versions\V0.3_homepage_kpi_calibration\backend\server\FRONTEND_BACKEND_BASELINE.md","3572","B45FF43748AE84F92673686FE9B72B50D7780B86AD289033F09BC1659C0C43E8","B45FF43748AE84F92673686FE9B72B50D7780B86AD289033F09BC1659C0C43E8","True"
"versions\V0.3_homepage_kpi_calibration\backend\server\gis_api_test.py","versions\V0.3_homepage_kpi_calibration\backend\server\gis_api_test.py","3635","9E9449BAE1481271CDDB166AF8DB1A226D40E3CEE812C728E8532AB3363963CF","9E9449BAE1481271CDDB166AF8DB1A226D40E3CEE812C728E8532AB3363963CF","True"
"versions\V0.3_homepage_kpi_calibration\backend\server\governance_kpi_mysql_test.py","versions\V0.3_homepage_kpi_calibration\backend\server\governance_kpi_mysql_test.py","2029","D6C3A862D31DC4023AE64A0235C6F4FD036D9AB0BC263E5B4DFBDAE1F3E8C19E","D6C3A862D31DC4023AE64A0235C6F4FD036D9AB0BC263E5B4DFBDAE1F3E8C19E","True"
"versions\V0.3_homepage_kpi_calibration\backend\server\ingestion_api_test.py","versions\V0.3_homepage_kpi_calibration\backend\server\ingestion_api_test.py","4246","A38555E4389E325F87F8BE42BFDAB11B3F218B85AA3244610530B9EE6055EF8B","A38555E4389E325F87F8BE42BFDAB11B3F218B85AA3244610530B9EE6055EF8B","True"
"versions\V0.3_homepage_kpi_calibration\backend\server\init_db.py","versions\V0.3_homepage_kpi_calibration\backend\server\init_db.py","19075","C863315C4F5F0C520CD5F1217813414881B1E9E072D5F6C3D4B49A1980F20C55","C863315C4F5F0C520CD5F1217813414881B1E9E072D5F6C3D4B49A1980F20C55","True"
"versions\V0.3_homepage_kpi_calibration\backend\server\monthly_report_overview.py","versions\V0.3_homepage_kpi_calibration\backend\server\monthly_report_overview.py","13773","9DD2DC535F25BBCFF288A60846E5D48BF02A4D30EE32D200EAAC17CFD32E36A0","9DD2DC535F25BBCFF288A60846E5D48BF02A4D30EE32D200EAAC17CFD32E36A0","True"
"versions\V0.3_homepage_kpi_calibration\backend\server\monthly_report_readiness.py","versions\V0.3_homepage_kpi_calibration\backend\server\monthly_report_readiness.py","4994","456C5D984B7486F21240815382D76A77F9B723F852315A0AD17AFB901A70A0EA","456C5D984B7486F21240815382D76A77F9B723F852315A0AD17AFB901A70A0EA","True"
"versions\V0.3_homepage_kpi_calibration\backend\server\monthly_topic_mysql_test.py","versions\V0.3_homepage_kpi_calibration\backend\server\monthly_topic_mysql_test.py","2478","460EA60E081085A49604A717BAC66A842E820E87AAF42326E212D3D079C8A4B0","460EA60E081085A49604A717BAC66A842E820E87AAF42326E212D3D079C8A4B0","True"
"versions\V0.3_homepage_kpi_calibration\backend\server\multipart_upload_test.py","versions\V0.3_homepage_kpi_calibration\backend\server\multipart_upload_test.py","3104","B3B2F7AE07B04ED5CFA60A80662BC2ACF48B9CEA887D57A03344536C4203F504","B3B2F7AE07B04ED5CFA60A80662BC2ACF48B9CEA887D57A03344536C4203F504","True"
"versions\V0.3_homepage_kpi_calibration\backend\server\multisource_data_flow_test.py","versions\V0.3_homepage_kpi_calibration\backend\server\multisource_data_flow_test.py","2272","F8E090EF2FB4008C587C14862684FBCE5E2D6556E9C59A9148F6E630C46BE0BE","F8E090EF2FB4008C587C14862684FBCE5E2D6556E9C59A9148F6E630C46BE0BE","True"
"versions\V0.3_homepage_kpi_calibration\backend\server\mysql_api.py","versions\V0.3_homepage_kpi_calibration\backend\server\mysql_api.py","357432","ADF93F6C7C7E075A922DF470CA3868D74FD2A33A5911A8B4A260686B34372845","ADF93F6C7C7E075A922DF470CA3868D74FD2A33A5911A8B4A260686B34372845","True"
"versions\V0.3_homepage_kpi_calibration\backend\server\mysql_db.py","versions\V0.3_homepage_kpi_calibration\backend\server\mysql_db.py","2004","70605088F0168F3AF4C877D09ADB48B92CB5CD443A1A44F0313758EDEAA6AA5C","70605088F0168F3AF4C877D09ADB48B92CB5CD443A1A44F0313758EDEAA6AA5C","True"
"versions\V0.3_homepage_kpi_calibration\backend\server\mysql_smoke_test.py","versions\V0.3_homepage_kpi_calibration\backend\server\mysql_smoke_test.py","1920","114E71C89EFC96D049E2C6EA569F780197CA00FA25BC7105523028C791B1E206","114E71C89EFC96D049E2C6EA569F780197CA00FA25BC7105523028C791B1E206","True"
"versions\V0.3_homepage_kpi_calibration\backend\server\parse_rule_dedup_test.py","versions\V0.3_homepage_kpi_calibration\backend\server\parse_rule_dedup_test.py","3594","DDC754342348881FAFFFD03F44A803C1B2F9073AB622E72C28DF1C1D8B8BA651","DDC754342348881FAFFFD03F44A803C1B2F9073AB622E72C28DF1C1D8B8BA651","True"
"versions\V0.3_homepage_kpi_calibration\backend\server\README.md","versions\V0.3_homepage_kpi_calibration\backend\server\README.md","2819","881325D1C4C4E4A7F50C17B0038027158DCD68A9A383F178DEDAA6B086BF3F1C","881325D1C4C4E4A7F50C17B0038027158DCD68A9A383F178DEDAA6B086BF3F1C","True"
"versions\V0.3_homepage_kpi_calibration\backend\server\requirements.txt","versions\V0.3_homepage_kpi_calibration\backend\server\requirements.txt","15","267A83EE1150A0DC918FFFE0E4A39B732EA37BA4D8AAE091275611098687A8EA","267A83EE1150A0DC918FFFE0E4A39B732EA37BA4D8AAE091275611098687A8EA","True"
"versions\V0.3_homepage_kpi_calibration\backend\server\review_action_flow_test.py","versions\V0.3_homepage_kpi_calibration\backend\server\review_action_flow_test.py","7748","138B68F03B92C9AD2D3CA27F4CC8BCCD23AD21B67B75B44665B11E94F1E4350E","138B68F03B92C9AD2D3CA27F4CC8BCCD23AD21B67B75B44665B11E94F1E4350E","True"
"versions\V0.3_homepage_kpi_calibration\backend\server\schema.sql","versions\V0.3_homepage_kpi_calibration\backend\server\schema.sql","3733","8B468D23DC2DD26411B9514A25372E684972A69093CCF456865ACA60FFB2781C","8B468D23DC2DD26411B9514A25372E684972A69093CCF456865ACA60FFB2781C","True"
"versions\V0.3_homepage_kpi_calibration\backend\server\seed_ai_document_analysis_v1.py","versions\V0.3_homepage_kpi_calibration\backend\server\seed_ai_document_analysis_v1.py","1000","B2FA8F2C0DA9575D6D22FA8F479C4B53F21C2E31471415E1102E58A99449440D","B2FA8F2C0DA9575D6D22FA8F479C4B53F21C2E31471415E1102E58A99449440D","True"
"versions\V0.3_homepage_kpi_calibration\backend\server\seed_dashboard_snapshots_v0_2.py","versions\V0.3_homepage_kpi_calibration\backend\server\seed_dashboard_snapshots_v0_2.py","4912","02A34F66E6BC53F40C1B127F2071BC453E3DCD6CA785ABC586841891F82AB0DC","02A34F66E6BC53F40C1B127F2071BC453E3DCD6CA785ABC586841891F82AB0DC","True"
"versions\V0.3_homepage_kpi_calibration\backend\server\seed_e03_e04_detail_v0_6.py","versions\V0.3_homepage_kpi_calibration\backend\server\seed_e03_e04_detail_v0_6.py","6609","2351C57D52F97A38187B6D50DA6C5D7CCE8127C487CAAD68B9011EBF75C39C34","2351C57D52F97A38187B6D50DA6C5D7CCE8127C487CAAD68B9011EBF75C39C34","True"
"versions\V0.3_homepage_kpi_calibration\backend\server\seed_environment_safety_detail_v0_4.py","versions\V0.3_homepage_kpi_calibration\backend\server\seed_environment_safety_detail_v0_4.py","7962","FADE831B1B3ED2DF9C5ED9ECD366E438949F8C60DF8829E3EF06BEA336028B3D","FADE831B1B3ED2DF9C5ED9ECD366E438949F8C60DF8829E3EF06BEA336028B3D","True"
"versions\V0.3_homepage_kpi_calibration\backend\server\seed_gis_map_v0_8.py","versions\V0.3_homepage_kpi_calibration\backend\server\seed_gis_map_v0_8.py","12019","14B8D3ABE34BF87A024944655273DC4A03EC5B4137ECC40DCA537F93E1237E1D","14B8D3ABE34BF87A024944655273DC4A03EC5B4137ECC40DCA537F93E1237E1D","True"
"versions\V0.3_homepage_kpi_calibration\backend\server\seed_governance_detail_v0_3.py","versions\V0.3_homepage_kpi_calibration\backend\server\seed_governance_detail_v0_3.py","9155","09F28C2FF368DC811B7E9CF4FADD0E7599D09C09A49CB7D8AA943F52A8C2EE14","09F28C2FF368DC811B7E9CF4FADD0E7599D09C09A49CB7D8AA943F52A8C2EE14","True"
"versions\V0.3_homepage_kpi_calibration\backend\server\seed_monthly_report_topic_v0_7.py","versions\V0.3_homepage_kpi_calibration\backend\server\seed_monthly_report_topic_v0_7.py","7371","B2D402EA6D8498F496635F1FD7D818F2E336E3138E0A493F9FD2D0C969E2540F","B2D402EA6D8498F496635F1FD7D818F2E336E3138E0A493F9FD2D0C969E2540F","True"
"versions\V0.3_homepage_kpi_calibration\backend\server\seed_multisource_data_flow_v1_0.py","versions\V0.3_homepage_kpi_calibration\backend\server\seed_multisource_data_flow_v1_0.py","14311","87EBF5E2C5BC2CE720A92B964219B99CDF4952A53C5AFF449A2426E62CBA0F3A","87EBF5E2C5BC2CE720A92B964219B99CDF4952A53C5AFF449A2426E62CBA0F3A","True"
"versions\V0.3_homepage_kpi_calibration\backend\server\seed_s02_risk_display_v0_2.py","versions\V0.3_homepage_kpi_calibration\backend\server\seed_s02_risk_display_v0_2.py","7290","3BBD1E39F108936005F7B843393E8375887B449C28F53BCED9D3AE1FAD594941","3BBD1E39F108936005F7B843393E8375887B449C28F53BCED9D3AE1FAD594941","True"
"versions\V0.3_homepage_kpi_calibration\backend\server\seed_social_detail_v0_5.py","versions\V0.3_homepage_kpi_calibration\backend\server\seed_social_detail_v0_5.py","5631","8D2591A679178DD34C9D0C74422DDFCFC81F90A30B4F9B240CB2F38570368ED4","8D2591A679178DD34C9D0C74422DDFCFC81F90A30B4F9B240CB2F38570368ED4","True"
"versions\V0.3_homepage_kpi_calibration\backend\server\smoke_test.py","versions\V0.3_homepage_kpi_calibration\backend\server\smoke_test.py","7788","9B562A79F0C683D2143B4DC48293C938E6DECB18ADAC6D48E73BC8860EC0D487","9B562A79F0C683D2143B4DC48293C938E6DECB18ADAC6D48E73BC8860EC0D487","True"
"versions\V0.3_homepage_kpi_calibration\backend\server\social_kpi_mysql_test.py","versions\V0.3_homepage_kpi_calibration\backend\server\social_kpi_mysql_test.py","2315","CA45961CD674AF29372F29BC8300D65D5C68093EC86082147580AA2228F8C4D2","CA45961CD674AF29372F29BC8300D65D5C68093EC86082147580AA2228F8C4D2","True"
"versions\V0.3_homepage_kpi_calibration\backend\server\start_backend.ps1","versions\V0.3_homepage_kpi_calibration\backend\server\start_backend.ps1","2733","1F8A29ACFAA41A488BEC6919493387E8F7BB68F004EDC11971A6154A41111574","1F8A29ACFAA41A488BEC6919493387E8F7BB68F004EDC11971A6154A41111574","True"
"versions\V0.3_homepage_kpi_calibration\backend\server\stop_backend.ps1","versions\V0.3_homepage_kpi_calibration\backend\server\stop_backend.ps1","701","BEA8959B5B5BE34B20F3A5E7A391F736EBAF254C5614E0C968F4AE9A4B0D50B8","BEA8959B5B5BE34B20F3A5E7A391F736EBAF254C5614E0C968F4AE9A4B0D50B8","True"
"versions\V0.3_homepage_kpi_calibration\backend\server\submit_review_flow_test.py","versions\V0.3_homepage_kpi_calibration\backend\server\submit_review_flow_test.py","4421","098406AED31653D4847550882A4D448E8D8511C77625F15C853F2EA53D9048AA","098406AED31653D4847550882A4D448E8D8511C77625F15C853F2EA53D9048AA","True"
"versions\V0.3_homepage_kpi_calibration\backend\server\workspace_acceptance_test.py","versions\V0.3_homepage_kpi_calibration\backend\server\workspace_acceptance_test.py","4626","BFACE27839B3E3AF65A4E5D6096861F67BB1D90D264CF417B46F17193B48E11E","BFACE27839B3E3AF65A4E5D6096861F67BB1D90D264CF417B46F17193B48E11E","True"
"versions\V0.3_homepage_kpi_calibration\backend\server\ai_document_analysis\models.py","versions\V0.3_homepage_kpi_calibration\backend\server\ai_document_analysis\models.py","3021","E7CD95B384330D97A2AD7ABA532EE0A86064F4A877F751467FEF20999099CF27","E7CD95B384330D97A2AD7ABA532EE0A86064F4A877F751467FEF20999099CF27","True"
"versions\V0.3_homepage_kpi_calibration\backend\server\ai_document_analysis\service.py","versions\V0.3_homepage_kpi_calibration\backend\server\ai_document_analysis\service.py","18913","AB105591C0A9ED322D50838747337A4B2AEE2EFACDFA0298E7FF30FDEE5EA90B","AB105591C0A9ED322D50838747337A4B2AEE2EFACDFA0298E7FF30FDEE5EA90B","True"
"versions\V0.3_homepage_kpi_calibration\backend\server\ai_document_analysis\__init__.py","versions\V0.3_homepage_kpi_calibration\backend\server\ai_document_analysis\__init__.py","176","177231B410B4A8F1248B8B9465826837895ADB3C713E1C06054FBC3F98D7E04F","177231B410B4A8F1248B8B9465826837895ADB3C713E1C06054FBC3F98D7E04F","True"
"versions\V0.3_homepage_kpi_calibration\backend\server\e_group\enums.py","versions\V0.3_homepage_kpi_calibration\backend\server\e_group\enums.py","17623","77EAA397BB86B8541637F5A78F1D9EE32E53B776E87813260B3E0960A3A8FCA2","77EAA397BB86B8541637F5A78F1D9EE32E53B776E87813260B3E0960A3A8FCA2","True"
"versions\V0.3_homepage_kpi_calibration\backend\server\e_group\models.py","versions\V0.3_homepage_kpi_calibration\backend\server\e_group\models.py","60980","533C7A6A41841734B79E88A2CBF22FCC5E0787640660B83599960203007A4A12","533C7A6A41841734B79E88A2CBF22FCC5E0787640660B83599960203007A4A12","True"
"versions\V0.3_homepage_kpi_calibration\backend\server\e_group\service_skeleton.py","versions\V0.3_homepage_kpi_calibration\backend\server\e_group\service_skeleton.py","41750","6454D9346B0BBC6C5F331BE19334FBF816FEAC22F6148CF66FEE40CBDCD837E8","6454D9346B0BBC6C5F331BE19334FBF816FEAC22F6148CF66FEE40CBDCD837E8","True"
"versions\V0.3_homepage_kpi_calibration\backend\server\e_group\test_v1_1_db_integration.py","versions\V0.3_homepage_kpi_calibration\backend\server\e_group\test_v1_1_db_integration.py","19769","914F165B91F91DEDC877F14CAA1E08238A6F539E99AC667541035677BAE3DB9C","914F165B91F91DEDC877F14CAA1E08238A6F539E99AC667541035677BAE3DB9C","True"
"versions\V0.3_homepage_kpi_calibration\backend\server\e_group\test_v1_1_migration_structure.py","versions\V0.3_homepage_kpi_calibration\backend\server\e_group\test_v1_1_migration_structure.py","20365","F8E069587DCFFC90C6BA985A1B6629E7EBAC5ADB6247FDAF85C244D5911D4226","F8E069587DCFFC90C6BA985A1B6629E7EBAC5ADB6247FDAF85C244D5911D4226","True"
"versions\V0.3_homepage_kpi_calibration\backend\server\e_group\test_v1_1_migrator_mock.py","versions\V0.3_homepage_kpi_calibration\backend\server\e_group\test_v1_1_migrator_mock.py","7628","33C518F0FDCFFFD41770AA619F17D7BD8CECEA8D72B8CA1EC4F2DEB545951A36","33C518F0FDCFFFD41770AA619F17D7BD8CECEA8D72B8CA1EC4F2DEB545951A36","True"
"versions\V0.3_homepage_kpi_calibration\backend\server\e_group\test_v1_1_structure.py","versions\V0.3_homepage_kpi_calibration\backend\server\e_group\test_v1_1_structure.py","30690","253CE369B211C9D2AFC287CC0043E3A49934F335BCE74B78452EBA97642EA505","253CE369B211C9D2AFC287CC0043E3A49934F335BCE74B78452EBA97642EA505","True"
"versions\V0.3_homepage_kpi_calibration\backend\server\e_group\__init__.py","versions\V0.3_homepage_kpi_calibration\backend\server\e_group\__init__.py","4369","8ECA3954CDACA50B6BBDF53EE49B0E2D7156B9797D08B2D0A153B47B05B4E061","8ECA3954CDACA50B6BBDF53EE49B0E2D7156B9797D08B2D0A153B47B05B4E061","True"
"versions\V0.3_homepage_kpi_calibration\backend\server\full_design_v0.1\API_MODULE_BLUEPRINT_V0.1.md","versions\V0.3_homepage_kpi_calibration\backend\server\full_design_v0.1\API_MODULE_BLUEPRINT_V0.1.md","3273","5C8AD80564E326097044D12D060E19E396DA596DCF640D9FDB85D3D38890403F","5C8AD80564E326097044D12D060E19E396DA596DCF640D9FDB85D3D38890403F","True"
"versions\V0.3_homepage_kpi_calibration\backend\server\full_design_v0.1\DATA_FLOW_DESIGN_V0.1.md","versions\V0.3_homepage_kpi_calibration\backend\server\full_design_v0.1\DATA_FLOW_DESIGN_V0.1.md","2829","1D8DF97B1E3D2EEF1F82D35E0D88353ECABD88FEDCCF29D463FA64EC361BF4BF","1D8DF97B1E3D2EEF1F82D35E0D88353ECABD88FEDCCF29D463FA64EC361BF4BF","True"
"versions\V0.3_homepage_kpi_calibration\backend\server\full_design_v0.1\IMPLEMENTATION_SEQUENCE_V0.1.md","versions\V0.3_homepage_kpi_calibration\backend\server\full_design_v0.1\IMPLEMENTATION_SEQUENCE_V0.1.md","1893","5CD5E5FFDD821839AC37DDE56556814FF5AB15ABC9C3490353A6D4047B16D2ED","5CD5E5FFDD821839AC37DDE56556814FF5AB15ABC9C3490353A6D4047B16D2ED","True"
"versions\V0.3_homepage_kpi_calibration\backend\server\full_design_v0.1\PAGE_DATA_MAPPING_V0.1.md","versions\V0.3_homepage_kpi_calibration\backend\server\full_design_v0.1\PAGE_DATA_MAPPING_V0.1.md","2550","7DDF87E4869E1ACE4735154818E7A4ED6D0EC2AAC7010BF3DD8D29D3C8196A03","7DDF87E4869E1ACE4735154818E7A4ED6D0EC2AAC7010BF3DD8D29D3C8196A03","True"
"versions\V0.3_homepage_kpi_calibration\backend\server\full_design_v0.1\README.md","versions\V0.3_homepage_kpi_calibration\backend\server\full_design_v0.1\README.md","1173","BF1D655AEDC21CCF41B2D7BD16EBD7C2024DE720AEFB5F3A9D0C92EE3E0162D9","BF1D655AEDC21CCF41B2D7BD16EBD7C2024DE720AEFB5F3A9D0C92EE3E0162D9","True"
"versions\V0.3_homepage_kpi_calibration\backend\server\full_design_v0.1\TABLE_MODULE_BLUEPRINT_V0.1.md","versions\V0.3_homepage_kpi_calibration\backend\server\full_design_v0.1\TABLE_MODULE_BLUEPRINT_V0.1.md","3520","E0D97430169F53784A29E6F3D5B91C4EB5093D44498C80C5DE6D8C5444D6864D","E0D97430169F53784A29E6F3D5B91C4EB5093D44498C80C5DE6D8C5444D6864D","True"
"versions\V0.3_homepage_kpi_calibration\backend\server\intelligent_ingestion\CONFIRM_LINK_TASK_PROGRESS_V0.4.md","versions\V0.3_homepage_kpi_calibration\backend\server\intelligent_ingestion\CONFIRM_LINK_TASK_PROGRESS_V0.4.md","1668","79AC5EAA8F4DFBA4028703B58CEE5FE8B46480925E08237E287DDC617B2822D2","79AC5EAA8F4DFBA4028703B58CEE5FE8B46480925E08237E287DDC617B2822D2","True"
"versions\V0.3_homepage_kpi_calibration\backend\server\intelligent_ingestion\content_parser.py","versions\V0.3_homepage_kpi_calibration\backend\server\intelligent_ingestion\content_parser.py","10098","84CE2E3CC94B30699CA7C3F27F5D325E6FA98DE7F1E6853B7DAA8F2E01371810","84CE2E3CC94B30699CA7C3F27F5D325E6FA98DE7F1E6853B7DAA8F2E01371810","True"
"versions\V0.3_homepage_kpi_calibration\backend\server\intelligent_ingestion\CORRECTION_RESUBMIT_FLOW_V0.8.md","versions\V0.3_homepage_kpi_calibration\backend\server\intelligent_ingestion\CORRECTION_RESUBMIT_FLOW_V0.8.md","3293","F7F11B485B37B36D98D116C748199537A0966D0083A2B139A301ADE7C1F35907","F7F11B485B37B36D98D116C748199537A0966D0083A2B139A301ADE7C1F35907","True"
"versions\V0.3_homepage_kpi_calibration\backend\server\intelligent_ingestion\CROSS_PAGE_REFRESH_V0.5.md","versions\V0.3_homepage_kpi_calibration\backend\server\intelligent_ingestion\CROSS_PAGE_REFRESH_V0.5.md","2114","57CAA3F3A0723481827A0B89DDF6FE436F14744C1472A10D3FE5D7B6C50AE056","57CAA3F3A0723481827A0B89DDF6FE436F14744C1472A10D3FE5D7B6C50AE056","True"
"versions\V0.3_homepage_kpi_calibration\backend\server\intelligent_ingestion\DELIVERY_PACKAGE_GUIDE_V1.0.md","versions\V0.3_homepage_kpi_calibration\backend\server\intelligent_ingestion\DELIVERY_PACKAGE_GUIDE_V1.0.md","1621","2765DA130154D94661A2F4AB5E267926538F7B74E24F15D82BF44359E2836756","2765DA130154D94661A2F4AB5E267926538F7B74E24F15D82BF44359E2836756","True"
"versions\V0.3_homepage_kpi_calibration\backend\server\intelligent_ingestion\field_mapping_seed_v0.1.sql","versions\V0.3_homepage_kpi_calibration\backend\server\intelligent_ingestion\field_mapping_seed_v0.1.sql","5133","0DA250B0474F2FCD16C46D713C8A96D659994E230AE875DD150C3698F1694464","0DA250B0474F2FCD16C46D713C8A96D659994E230AE875DD150C3698F1694464","True"
"versions\V0.3_homepage_kpi_calibration\backend\server\intelligent_ingestion\FRONTEND_STYLE_HANDOFF_V1.0.md","versions\V0.3_homepage_kpi_calibration\backend\server\intelligent_ingestion\FRONTEND_STYLE_HANDOFF_V1.0.md","7624","DAFC71E3C700D54CD6A0D740AEA1A048E82AE80ED41491852FDAAFE87B51577A","DAFC71E3C700D54CD6A0D740AEA1A048E82AE80ED41491852FDAAFE87B51577A","True"
"versions\V0.3_homepage_kpi_calibration\backend\server\intelligent_ingestion\INGESTION_API_CONTRACT_V0.1.md","versions\V0.3_homepage_kpi_calibration\backend\server\intelligent_ingestion\INGESTION_API_CONTRACT_V0.1.md","2512","D13DD0F4EE03CEC1436226D9AAD442EDD34F95333FD223A8B27C4CF19D6DA3FF","D13DD0F4EE03CEC1436226D9AAD442EDD34F95333FD223A8B27C4CF19D6DA3FF","True"
"versions\V0.3_homepage_kpi_calibration\backend\server\intelligent_ingestion\INGESTION_DB_DESIGN_V0.1.md","versions\V0.3_homepage_kpi_calibration\backend\server\intelligent_ingestion\INGESTION_DB_DESIGN_V0.1.md","4049","06459B72E784F0F510B5FBF262C3005F6DA9AB78FFFED288AE52C7DF898F7DE0","06459B72E784F0F510B5FBF262C3005F6DA9AB78FFFED288AE52C7DF898F7DE0","True"
"versions\V0.3_homepage_kpi_calibration\backend\server\intelligent_ingestion\PARSE_RULE_AND_DEDUP_V0.3.md","versions\V0.3_homepage_kpi_calibration\backend\server\intelligent_ingestion\PARSE_RULE_AND_DEDUP_V0.3.md","2247","5C3E3F3AEF09A700967EC793B27E8C057082FBE7D97615166F6F5ECE84C664EC","5C3E3F3AEF09A700967EC793B27E8C057082FBE7D97615166F6F5ECE84C664EC","True"
"versions\V0.3_homepage_kpi_calibration\backend\server\intelligent_ingestion\README.md","versions\V0.3_homepage_kpi_calibration\backend\server\intelligent_ingestion\README.md","1369","CEC7E0088A443E4EFD1B5DFFFF187AC96AD24D6E9396C76DF9F991794BAD6886","CEC7E0088A443E4EFD1B5DFFFF187AC96AD24D6E9396C76DF9F991794BAD6886","True"
"versions\V0.3_homepage_kpi_calibration\backend\server\intelligent_ingestion\REAL_FILE_UPLOAD_V0.2.md","versions\V0.3_homepage_kpi_calibration\backend\server\intelligent_ingestion\REAL_FILE_UPLOAD_V0.2.md","2167","2364654DB41AC3A42500FB9F698AD756CE6C7D4DEF011C653A02E5EE34138BC5","2364654DB41AC3A42500FB9F698AD756CE6C7D4DEF011C653A02E5EE34138BC5","True"
"versions\V0.3_homepage_kpi_calibration\backend\server\intelligent_ingestion\REVIEW_ACTION_FLOW_V0.7.md","versions\V0.3_homepage_kpi_calibration\backend\server\intelligent_ingestion\REVIEW_ACTION_FLOW_V0.7.md","4410","2C32DC2F87788577FD2E3A602A71DD039041F51A7B12394B4E32CC1F6FA423D3","2C32DC2F87788577FD2E3A602A71DD039041F51A7B12394B4E32CC1F6FA423D3","True"
"versions\V0.3_homepage_kpi_calibration\backend\server\intelligent_ingestion\schema_extension_v0.1.sql","versions\V0.3_homepage_kpi_calibration\backend\server\intelligent_ingestion\schema_extension_v0.1.sql","5306","A1CEDA8314F298250C147101F1300DF6CF995D233039BABDB4485FB22393CAA3","A1CEDA8314F298250C147101F1300DF6CF995D233039BABDB4485FB22393CAA3","True"
"versions\V0.3_homepage_kpi_calibration\backend\server\intelligent_ingestion\SUBMIT_REVIEW_FLOW_V0.6.md","versions\V0.3_homepage_kpi_calibration\backend\server\intelligent_ingestion\SUBMIT_REVIEW_FLOW_V0.6.md","3451","279ED047D7704978937C90407CA2B6384AA58B759F308FBA464C1DB148DE1FE7","279ED047D7704978937C90407CA2B6384AA58B759F308FBA464C1DB148DE1FE7","True"
"versions\V0.3_homepage_kpi_calibration\backend\server\intelligent_ingestion\TRAE_STYLE_TASK_BRIEF.md","versions\V0.3_homepage_kpi_calibration\backend\server\intelligent_ingestion\TRAE_STYLE_TASK_BRIEF.md","3081","3B9FABAC14DECDFD431C5D5966C8668A468227FA5AC33F50804BF31950266146","3B9FABAC14DECDFD431C5D5966C8668A468227FA5AC33F50804BF31950266146","True"
"versions\V0.3_homepage_kpi_calibration\backend\server\intelligent_ingestion\WORKSPACE_FINAL_ACCEPTANCE_V1.0.md","versions\V0.3_homepage_kpi_calibration\backend\server\intelligent_ingestion\WORKSPACE_FINAL_ACCEPTANCE_V1.0.md","5987","B490F6836C1AD47E514CBA3CB3FD881EDE22B0A570CF4633CA33E211E06160DA","B490F6836C1AD47E514CBA3CB3FD881EDE22B0A570CF4633CA33E211E06160DA","True"
"versions\V0.3_homepage_kpi_calibration\backend\server\intelligent_ingestion\WORKSPACE_REFRESH_FLOW_V0.9.md","versions\V0.3_homepage_kpi_calibration\backend\server\intelligent_ingestion\WORKSPACE_REFRESH_FLOW_V0.9.md","3195","55FA7F0252F6FD5F3A410D53EBBBFFAB8AFA389611F00ECAB6A7A8B89CEDB444","55FA7F0252F6FD5F3A410D53EBBBFFAB8AFA389611F00ECAB6A7A8B89CEDB444","True"
"versions\V0.3_homepage_kpi_calibration\backend\server\intelligent_ingestion\__init__.py","versions\V0.3_homepage_kpi_calibration\backend\server\intelligent_ingestion\__init__.py","68","931C4DBF6EBAD55DD3043E9CDC8853BB3D8734DE80232D9DF0AFB2E64E869439","931C4DBF6EBAD55DD3043E9CDC8853BB3D8734DE80232D9DF0AFB2E64E869439","True"
"versions\V0.3_homepage_kpi_calibration\backend\server\migrations\migration_001_ai_document_analysis.py","versions\V0.3_homepage_kpi_calibration\backend\server\migrations\migration_001_ai_document_analysis.py","6542","9CC24A8F309D5598040CED6E0927AF8254B05846DBB711902A5862A022F9EC96","9CC24A8F309D5598040CED6E0927AF8254B05846DBB711902A5862A022F9EC96","True"
"versions\V0.3_homepage_kpi_calibration\backend\server\migrations\esg_demo_v0_1\esg_demo_api_contract_v0.1.md","versions\V0.3_homepage_kpi_calibration\backend\server\migrations\esg_demo_v0_1\esg_demo_api_contract_v0.1.md","5089","5C64F390539325C88D2A9249B2C9A5BCCB3EF3C217747708490734A034C5D347","5C64F390539325C88D2A9249B2C9A5BCCB3EF3C217747708490734A034C5D347","True"
"versions\V0.3_homepage_kpi_calibration\backend\server\migrations\esg_demo_v0_1\esg_demo_e01_env_monitor_slim.sql","versions\V0.3_homepage_kpi_calibration\backend\server\migrations\esg_demo_v0_1\esg_demo_e01_env_monitor_slim.sql","1892","CB02105D3096E767BC8B6AF227125EF3076ABE9208B09BAC75A9DEF9544B11E9","CB02105D3096E767BC8B6AF227125EF3076ABE9208B09BAC75A9DEF9544B11E9","True"
"versions\V0.3_homepage_kpi_calibration\backend\server\migrations\esg_demo_v0_1\esg_demo_schema_v0.1.sql","versions\V0.3_homepage_kpi_calibration\backend\server\migrations\esg_demo_v0_1\esg_demo_schema_v0.1.sql","17368","BE324891CEBDE71DB73ACB727074289DD5980381F89A043491C15E238E5CD02F","BE324891CEBDE71DB73ACB727074289DD5980381F89A043491C15E238E5CD02F","True"
"versions\V0.3_homepage_kpi_calibration\backend\server\migrations\esg_demo_v0_1\esg_demo_seed_v0.1.sql","versions\V0.3_homepage_kpi_calibration\backend\server\migrations\esg_demo_v0_1\esg_demo_seed_v0.1.sql","19901","85D815B68B58162DDB7BBCE2D27378B7C55FA084D2BAFDC0EE0B818D28C420DA","85D815B68B58162DDB7BBCE2D27378B7C55FA084D2BAFDC0EE0B818D28C420DA","True"
"versions\V0.3_homepage_kpi_calibration\backend\server\migrations\esg_demo_v0_3\V0_3_001__homepage_kpi_business_fact_calibration.sql","versions\V0.3_homepage_kpi_calibration\backend\server\migrations\esg_demo_v0_3\V0_3_001__homepage_kpi_business_fact_calibration.sql","4630","53CEF9AD9AF66ADC76EDF7FCB093B0623A97753A4DC4284C6FBEC3568D0B5493","53CEF9AD9AF66ADC76EDF7FCB093B0623A97753A4DC4284C6FBEC3568D0B5493","True"
"versions\V0.3_homepage_kpi_calibration\backend\server\migrations\e_group_e01_v1_1\migrate_v1_1.py","versions\V0.3_homepage_kpi_calibration\backend\server\migrations\e_group_e01_v1_1\migrate_v1_1.py","11868","E361A27527402777557AD6291783A018013CA6FB10BC39D86E1DF6C99B0488A0","E361A27527402777557AD6291783A018013CA6FB10BC39D86E1DF6C99B0488A0","True"
"versions\V0.3_homepage_kpi_calibration\backend\server\migrations\e_group_e01_v1_1\V1_1_000__environment_gate.sql","versions\V0.3_homepage_kpi_calibration\backend\server\migrations\e_group_e01_v1_1\V1_1_000__environment_gate.sql","13592","2AEDB52DBF30D20BB6F63C8C63B00192DE8CCAF6B064F490978CD0C706136600","2AEDB52DBF30D20BB6F63C8C63B00192DE8CCAF6B064F490978CD0C706136600","True"
"versions\V0.3_homepage_kpi_calibration\backend\server\migrations\e_group_e01_v1_1\V1_1_001__migration_history_bootstrap.sql","versions\V0.3_homepage_kpi_calibration\backend\server\migrations\e_group_e01_v1_1\V1_1_001__migration_history_bootstrap.sql","1735","D9472D17F3DAB5F21039A07BC1E4A093247F6511F1A2A364C27546C3C8C0451B","D9472D17F3DAB5F21039A07BC1E4A093247F6511F1A2A364C27546C3C8C0451B","True"
"versions\V0.3_homepage_kpi_calibration\backend\server\migrations\e_group_e01_v1_1\V1_1_010__e01_config_and_monitor_tables.sql","versions\V0.3_homepage_kpi_calibration\backend\server\migrations\e_group_e01_v1_1\V1_1_010__e01_config_and_monitor_tables.sql","15968","79BABB2400D97B3684F72C7725FF3DBA1350F1A83E6B523967F795D5A43799E1","79BABB2400D97B3684F72C7725FF3DBA1350F1A83E6B523967F795D5A43799E1","True"
"versions\V0.3_homepage_kpi_calibration\backend\server\migrations\e_group_e01_v1_1\V1_1_012__e01_factor_result.sql","versions\V0.3_homepage_kpi_calibration\backend\server\migrations\e_group_e01_v1_1\V1_1_012__e01_factor_result.sql","3875","B07916C28498E6D27EE826CD502AF75ACF566A9C0A11B5BAA8810A915CA4EBF2","B07916C28498E6D27EE826CD502AF75ACF566A9C0A11B5BAA8810A915CA4EBF2","True"
"versions\V0.3_homepage_kpi_calibration\backend\server\migrations\e_group_e01_v1_1\V1_1_015__project_context_and_frequency.sql","versions\V0.3_homepage_kpi_calibration\backend\server\migrations\e_group_e01_v1_1\V1_1_015__project_context_and_frequency.sql","10675","8B0CA26BC52A017F3B74FA488E5AB647709A484220C4083C6B178FE12EFC199C","8B0CA26BC52A017F3B74FA488E5AB647709A484220C4083C6B178FE12EFC199C","True"
"versions\V0.3_homepage_kpi_calibration\backend\server\migrations\e_group_e01_v1_1\V1_1_020__closure_case_tables.sql","versions\V0.3_homepage_kpi_calibration\backend\server\migrations\e_group_e01_v1_1\V1_1_020__closure_case_tables.sql","13442","FC8C3D361876BAA2109E96D70317161CAB8409B31206B1C28E7CBEB94A5CED40","FC8C3D361876BAA2109E96D70317161CAB8409B31206B1C28E7CBEB94A5CED40","True"
"versions\V0.3_homepage_kpi_calibration\backend\server\migrations\e_group_e01_v1_1\V1_1_030__e01_event_retest_tables.sql","versions\V0.3_homepage_kpi_calibration\backend\server\migrations\e_group_e01_v1_1\V1_1_030__e01_event_retest_tables.sql","8829","28DC83A4B8426F4CA11A714C7D87BEEDB31453800D964961EA78DD62BEA53A10","28DC83A4B8426F4CA11A714C7D87BEEDB31453800D964961EA78DD62BEA53A10","True"
"versions\V0.3_homepage_kpi_calibration\backend\server\migrations\e_group_e01_v1_1\V1_1_035__professional_demo_seed.sql","versions\V0.3_homepage_kpi_calibration\backend\server\migrations\e_group_e01_v1_1\V1_1_035__professional_demo_seed.sql","27934","6F07CF0ABE0A31ABDDEC1D1018E78D0F731A9F7944D4858FC1CA25114EF15E93","6F07CF0ABE0A31ABDDEC1D1018E78D0F731A9F7944D4858FC1CA25114EF15E93","True"
"versions\V0.3_homepage_kpi_calibration\backend\server\migrations\e_group_e01_v1_1\V1_1_036__gis_link_seed.sql","versions\V0.3_homepage_kpi_calibration\backend\server\migrations\e_group_e01_v1_1\V1_1_036__gis_link_seed.sql","704","AA769F2FDC511A24282A87735B52C44079BDB4F55CEF6845A0E75470B9EB904F","AA769F2FDC511A24282A87735B52C44079BDB4F55CEF6845A0E75470B9EB904F","True"
"versions\V0.3_homepage_kpi_calibration\backend\server\migrations\e_group_e01_v1_1\V1_1_037__construction_time_consistency.sql","versions\V0.3_homepage_kpi_calibration\backend\server\migrations\e_group_e01_v1_1\V1_1_037__construction_time_consistency.sql","2232","71A99C6B87F6197DAED8D7D1D8F8D2571E97EF8C95C000F7BD4118DBEE307DDC","71A99C6B87F6197DAED8D7D1D8F8D2571E97EF8C95C000F7BD4118DBEE307DDC","True"
"versions\V0.3_homepage_kpi_calibration\backend\server\migrations\e_group_e01_v1_1\V1_1_038__e01_demo_coordinate_alignment.sql","versions\V0.3_homepage_kpi_calibration\backend\server\migrations\e_group_e01_v1_1\V1_1_038__e01_demo_coordinate_alignment.sql","1857","A282D75852FE225A7420FD55C51EAD0D215E04EA1A8303648F9FB48E1B19C2F1","A282D75852FE225A7420FD55C51EAD0D215E04EA1A8303648F9FB48E1B19C2F1","True"
"versions\V0.3_homepage_kpi_calibration\backend\server\migrations\e_group_e01_v1_1\V1_1_039__e01_open_overview_demo_enrichment.sql","versions\V0.3_homepage_kpi_calibration\backend\server\migrations\e_group_e01_v1_1\V1_1_039__e01_open_overview_demo_enrichment.sql","7487","A7CFEB545D8507F546385B09F6972F813E69F0CFDFCEA3707EC953C78BF9910D","A7CFEB545D8507F546385B09F6972F813E69F0CFDFCEA3707EC953C78BF9910D","True"
"versions\V0.3_homepage_kpi_calibration\backend\server\migrations\e_group_e01_v1_1\V1_1_040__external_fk_and_circular_fk_guarded.sql","versions\V0.3_homepage_kpi_calibration\backend\server\migrations\e_group_e01_v1_1\V1_1_040__external_fk_and_circular_fk_guarded.sql","3478","8AE6FD236FF35017826DB0717CBAB2C1151F07C38A388365C6C50C3B2CB44286","8AE6FD236FF35017826DB0717CBAB2C1151F07C38A388365C6C50C3B2CB44286","True"
"versions\V0.3_homepage_kpi_calibration\backend\server\migrations\e_group_e01_v1_1\V1_1_041__e01_demo_trend_series.sql","versions\V0.3_homepage_kpi_calibration\backend\server\migrations\e_group_e01_v1_1\V1_1_041__e01_demo_trend_series.sql","18417","C36A62A833E60E72325D414CDA1AE3C596855B22A802E4E5AE90D67677CB7C20","C36A62A833E60E72325D414CDA1AE3C596855B22A802E4E5AE90D67677CB7C20","True"
"versions\V0.3_homepage_kpi_calibration\backend\server\migrations\e_group_e01_v1_1\V1_1_042__e01_water_point_near_source_zone.sql","versions\V0.3_homepage_kpi_calibration\backend\server\migrations\e_group_e01_v1_1\V1_1_042__e01_water_point_near_source_zone.sql","963","7020803E0C265BCA72F004070295512261B709E25B6684E587F9601ED35B55B9","7020803E0C265BCA72F004070295512261B709E25B6684E587F9601ED35B55B9","True"
"versions\V0.3_homepage_kpi_calibration\backend\server\migrations\e_group_e01_v1_1\V1_1_043__e02_env_issue_fields.sql","versions\V0.3_homepage_kpi_calibration\backend\server\migrations\e_group_e01_v1_1\V1_1_043__e02_env_issue_fields.sql","4122","0DB31C2D9C073AB40D5DD06304D6FCC58CEB2CABD42EBFE59E5F808EB9DF2545","0DB31C2D9C073AB40D5DD06304D6FCC58CEB2CABD42EBFE59E5F808EB9DF2545","True"
"versions\V0.3_homepage_kpi_calibration\backend\server\migrations\e_group_e01_v1_1\V1_1_044__e02_demo_seed.sql","versions\V0.3_homepage_kpi_calibration\backend\server\migrations\e_group_e01_v1_1\V1_1_044__e02_demo_seed.sql","21456","223CB7D8D633F0891FF379A778E1C002C7353995EDFC4D6096C692EFE42D8733","223CB7D8D633F0891FF379A778E1C002C7353995EDFC4D6096C692EFE42D8733","True"
"versions\V0.3_homepage_kpi_calibration\backend\server\migrations\e_group_e01_v1_1\V1_1_045__e02_gis_body_relink.sql","versions\V0.3_homepage_kpi_calibration\backend\server\migrations\e_group_e01_v1_1\V1_1_045__e02_gis_body_relink.sql","3531","B5800C84DD79F48099DBD55B918CA28DFAB1A57C88E23B54202793BFC9F79713","B5800C84DD79F48099DBD55B918CA28DFAB1A57C88E23B54202793BFC9F79713","True"
"versions\V0.3_homepage_kpi_calibration\backend\server\migrations\e_group_e01_v1_1\V1_1_046__e03_schema_fields.sql","versions\V0.3_homepage_kpi_calibration\backend\server\migrations\e_group_e01_v1_1\V1_1_046__e03_schema_fields.sql","6526","86EEEDAA2768B0E52C2677D7062822EEBB03B9B3F3D6A73E81E527CC8045584F","86EEEDAA2768B0E52C2677D7062822EEBB03B9B3F3D6A73E81E527CC8045584F","True"
"versions\V0.3_homepage_kpi_calibration\backend\server\migrations\e_group_e01_v1_1\V1_1_047__e03_demo_seed.sql","versions\V0.3_homepage_kpi_calibration\backend\server\migrations\e_group_e01_v1_1\V1_1_047__e03_demo_seed.sql","30906","A5F82313E2CD4B9BEB0A5AF39F7B0F4C09CED634013BA31223AE0D3F78B46AF2","A5F82313E2CD4B9BEB0A5AF39F7B0F4C09CED634013BA31223AE0D3F78B46AF2","True"
"versions\V0.3_homepage_kpi_calibration\backend\server\migrations\e_group_e01_v1_1\V1_1_048__e04_schema_boundary.sql","versions\V0.3_homepage_kpi_calibration\backend\server\migrations\e_group_e01_v1_1\V1_1_048__e04_schema_boundary.sql","15561","F8B90D4ED60BB07018EE428A888C012D36E6D9E12207BA883C47ECE0B9BD1751","F8B90D4ED60BB07018EE428A888C012D36E6D9E12207BA883C47ECE0B9BD1751","True"
"versions\V0.3_homepage_kpi_calibration\backend\server\migrations\e_group_e01_v1_1\V1_1_049__e04_demo_seed.sql","versions\V0.3_homepage_kpi_calibration\backend\server\migrations\e_group_e01_v1_1\V1_1_049__e04_demo_seed.sql","8645","6AC3B8475747CD5DA3EE60D351147B31ECE5AFDBCF2AB6DD2BD09F655029CFCB","6AC3B8475747CD5DA3EE60D351147B31ECE5AFDBCF2AB6DD2BD09F655029CFCB","True"
"versions\V0.3_homepage_kpi_calibration\backend\server\migrations\e_group_e01_v1_1\V1_1_050__history_and_kpi_views.sql","versions\V0.3_homepage_kpi_calibration\backend\server\migrations\e_group_e01_v1_1\V1_1_050__history_and_kpi_views.sql","4268","8CA74F6D0BC5BA6A36F20C42B3E7A8E6D1E7B4C4518486292EEC6259867A43D7","8CA74F6D0BC5BA6A36F20C42B3E7A8E6D1E7B4C4518486292EEC6259867A43D7","True"
"versions\V0.3_homepage_kpi_calibration\backend\server\migrations\e_group_e01_v1_1\V1_1_051__e04_may_jul_boundary_rebuild.sql","versions\V0.3_homepage_kpi_calibration\backend\server\migrations\e_group_e01_v1_1\V1_1_051__e04_may_jul_boundary_rebuild.sql","7284","DEA8064456A41AA5F30F72580497397642DEF468E6C8738F7EE62B382CCE71F3","DEA8064456A41AA5F30F72580497397642DEF468E6C8738F7EE62B382CCE71F3","True"
"versions\V0.3_homepage_kpi_calibration\backend\server\migrations\e_group_e01_v1_1\V1_1_052__e04_cultural_relic_demo.sql","versions\V0.3_homepage_kpi_calibration\backend\server\migrations\e_group_e01_v1_1\V1_1_052__e04_cultural_relic_demo.sql","2767","CC7F29B95DAC1736C0E60290E8F1F32E5609442B09D3502B9309E6B2B0E38870","CC7F29B95DAC1736C0E60290E8F1F32E5609442B09D3502B9309E6B2B0E38870","True"
"versions\V0.3_homepage_kpi_calibration\backend\server\migrations\e_group_e01_v1_1\V1_1_060__consistency_views.sql","versions\V0.3_homepage_kpi_calibration\backend\server\migrations\e_group_e01_v1_1\V1_1_060__consistency_views.sql","19482","992AF7E6EEDB7E43D01DB4402E352910AE8395BEF85EC1368EF3DD667F3CCBF5","992AF7E6EEDB7E43D01DB4402E352910AE8395BEF85EC1368EF3DD667F3CCBF5","True"
"versions\V0.3_homepage_kpi_calibration\backend\server\migrations\e_group_e01_v1_1\V1_1_070__privilege_and_append_only_guard.sql","versions\V0.3_homepage_kpi_calibration\backend\server\migrations\e_group_e01_v1_1\V1_1_070__privilege_and_append_only_guard.sql","2488","D0B19A29B21DB29C724D92DBAF51E4954D4C522CA0993D819F06A3624C74A00C","D0B19A29B21DB29C724D92DBAF51E4954D4C522CA0993D819F06A3624C74A00C","True"
"versions\V0.3_homepage_kpi_calibration\backend\server\migrations\e_group_e01_v1_1\V1_1_080__shadow_reconciliation_views.sql","versions\V0.3_homepage_kpi_calibration\backend\server\migrations\e_group_e01_v1_1\V1_1_080__shadow_reconciliation_views.sql","796","D322D9CF4B7513845C7FA798D4887DFB56292F02DF89493A17DFE70E9BF74512","D322D9CF4B7513845C7FA798D4887DFB56292F02DF89493A17DFE70E9BF74512","True"
"versions\V0.3_homepage_kpi_calibration\backend\server\migrations\e_group_e01_v1_1\V1_1_090__post_migration_verification.sql","versions\V0.3_homepage_kpi_calibration\backend\server\migrations\e_group_e01_v1_1\V1_1_090__post_migration_verification.sql","7496","33420FDF1A9525F8764FD6A5F1E58881C6B4E9CBCBD018FACCE853AFFDF68559","33420FDF1A9525F8764FD6A5F1E58881C6B4E9CBCBD018FACCE853AFFDF68559","True"
"versions\V0.3_homepage_kpi_calibration\backend\server\migrations\s_group_s01_v1_0\migrate_v1_0.py","versions\V0.3_homepage_kpi_calibration\backend\server\migrations\s_group_s01_v1_0\migrate_v1_0.py","11371","1DF212D5AB79B98EFA85216969448C257D1F8EF0FCD395850AD04C396A4659D9","1DF212D5AB79B98EFA85216969448C257D1F8EF0FCD395850AD04C396A4659D9","True"
"versions\V0.3_homepage_kpi_calibration\backend\server\migrations\s_group_s01_v1_0\V1_0_000__environment_gate.sql","versions\V0.3_homepage_kpi_calibration\backend\server\migrations\s_group_s01_v1_0\V1_0_000__environment_gate.sql","4174","BBAEAE48C00747EA832ACC6FEEF42C42408666F388E20B343BB4E4F50FB08BFC","BBAEAE48C00747EA832ACC6FEEF42C42408666F388E20B343BB4E4F50FB08BFC","True"
"versions\V0.3_homepage_kpi_calibration\backend\server\migrations\s_group_s01_v1_0\V1_0_001__migration_history_bootstrap.sql","versions\V0.3_homepage_kpi_calibration\backend\server\migrations\s_group_s01_v1_0\V1_0_001__migration_history_bootstrap.sql","1627","88C8BE23CC581E6EF700B32127A7907CEAE471067AAA10A5F63E81AF940E2F10","88C8BE23CC581E6EF700B32127A7907CEAE471067AAA10A5F63E81AF940E2F10","True"
"versions\V0.3_homepage_kpi_calibration\backend\server\migrations\s_group_s01_v1_0\V1_0_010__s01_new_tables.sql","versions\V0.3_homepage_kpi_calibration\backend\server\migrations\s_group_s01_v1_0\V1_0_010__s01_new_tables.sql","3752","5CB5D7F0AC0E2FC6D558E7D78497AF862DDAFFBFDF6E268C8F073D2D4D2C561F","5CB5D7F0AC0E2FC6D558E7D78497AF862DDAFFBFDF6E268C8F073D2D4D2C561F","True"
"versions\V0.3_homepage_kpi_calibration\backend\server\migrations\s_group_s01_v1_0\V1_0_015__s01_legacy_table_enhancement.sql","versions\V0.3_homepage_kpi_calibration\backend\server\migrations\s_group_s01_v1_0\V1_0_015__s01_legacy_table_enhancement.sql","22067","E4399EF3C3C213DAF8F457C0633C1D7135D2147D12DD2D0AAA55FA0A234C2CE1","E4399EF3C3C213DAF8F457C0633C1D7135D2147D12DD2D0AAA55FA0A234C2CE1","True"
"versions\V0.3_homepage_kpi_calibration\backend\server\migrations\s_group_s01_v1_0\V1_0_020__s01_spr_field_enhancement.sql","versions\V0.3_homepage_kpi_calibration\backend\server\migrations\s_group_s01_v1_0\V1_0_020__s01_spr_field_enhancement.sql","8446","4FA7ED22D60013ADF2667A5657F25882371D83CB1B129381E9BFEC4A91E2178C","4FA7ED22D60013ADF2667A5657F25882371D83CB1B129381E9BFEC4A91E2178C","True"
"versions\V0.3_homepage_kpi_calibration\backend\server\migrations\s_group_s01_v1_0\V1_0_030__s01_demo_seed.sql","versions\V0.3_homepage_kpi_calibration\backend\server\migrations\s_group_s01_v1_0\V1_0_030__s01_demo_seed.sql","7980","63F98991791ECC31AD414AC1E1275E19F9A15DCA2810AF5A530C76BD4337E1AD","63F98991791ECC31AD414AC1E1275E19F9A15DCA2810AF5A530C76BD4337E1AD","True"
"versions\V0.3_homepage_kpi_calibration\backend\server\multisource_data_flow_v1.0\01_multisource_schema.sql","versions\V0.3_homepage_kpi_calibration\backend\server\multisource_data_flow_v1.0\01_multisource_schema.sql","6472","5A58B2E3E69DAF831BDB36AB7C892EDF96F6AD67FA24EA35E0F07587C0CCA7EA","5A58B2E3E69DAF831BDB36AB7C892EDF96F6AD67FA24EA35E0F07587C0CCA7EA","True"
"versions\V0.3_homepage_kpi_calibration\backend\server\multisource_data_flow_v1.0\schema_draft.sql","versions\V0.3_homepage_kpi_calibration\backend\server\multisource_data_flow_v1.0\schema_draft.sql","6358","6C792AB530CCE757908E6E9D36967511F4B4E169D00D83F654CBEA8AC61F3D20","6C792AB530CCE757908E6E9D36967511F4B4E169D00D83F654CBEA8AC61F3D20","True"
"versions\V0.3_homepage_kpi_calibration\backend\server\mysql_build_v0.1\01_schema_mysql.sql","versions\V0.3_homepage_kpi_calibration\backend\server\mysql_build_v0.1\01_schema_mysql.sql","21158","2729765BB26141250905149B0E16B3B40FD030D01941B11A2B8B7D72731DEAA1","2729765BB26141250905149B0E16B3B40FD030D01941B11A2B8B7D72731DEAA1","True"
"versions\V0.3_homepage_kpi_calibration\backend\server\mysql_build_v0.1\02_seed_dictionary.sql","versions\V0.3_homepage_kpi_calibration\backend\server\mysql_build_v0.1\02_seed_dictionary.sql","3786","F8FE8B860DCC63037251991C2432F9864E1C6A001E8940177BDDD6668F9BCC2D","F8FE8B860DCC63037251991C2432F9864E1C6A001E8940177BDDD6668F9BCC2D","True"
"versions\V0.3_homepage_kpi_calibration\backend\server\mysql_build_v0.1\03_seed_field_mapping.sql","versions\V0.3_homepage_kpi_calibration\backend\server\mysql_build_v0.1\03_seed_field_mapping.sql","4243","AF82CF1784E806A15B7ED2A2FD72383D2CC27E898B4DB7FAFF60F3D8797C51A3","AF82CF1784E806A15B7ED2A2FD72383D2CC27E898B4DB7FAFF60F3D8797C51A3","True"
"versions\V0.3_homepage_kpi_calibration\backend\server\mysql_build_v0.1\04_seed_demo_data.sql","versions\V0.3_homepage_kpi_calibration\backend\server\mysql_build_v0.1\04_seed_demo_data.sql","18199","8906EBC32D4942F3D2E3D4B342E3573AB100B72DA3E268B9D53ABF6F85FFCFEC","8906EBC32D4942F3D2E3D4B342E3573AB100B72DA3E268B9D53ABF6F85FFCFEC","True"
"versions\V0.3_homepage_kpi_calibration\backend\server\mysql_build_v0.1\05_views.sql","versions\V0.3_homepage_kpi_calibration\backend\server\mysql_build_v0.1\05_views.sql","2040","E1D988EC7EFA93E19A63DD32D30CAE7042BCDCAF186BB989E7599C2C9420BDC3","E1D988EC7EFA93E19A63DD32D30CAE7042BCDCAF186BB989E7599C2C9420BDC3","True"
"versions\V0.3_homepage_kpi_calibration\backend\server\mysql_build_v0.1\06_validation_queries.sql","versions\V0.3_homepage_kpi_calibration\backend\server\mysql_build_v0.1\06_validation_queries.sql","1799","487419429D82F8549E0FBC11AE47AABDB786EC3E15A717F47CEE29CB53D16992","487419429D82F8549E0FBC11AE47AABDB786EC3E15A717F47CEE29CB53D16992","True"
"versions\V0.3_homepage_kpi_calibration\backend\server\mysql_build_v0.1\MYSQL_LOCAL_INSTANCE.md","versions\V0.3_homepage_kpi_calibration\backend\server\mysql_build_v0.1\MYSQL_LOCAL_INSTANCE.md","1229","5F48F2692EA8278A87ACDD2DE6DB11ED6F5FCD3078916F840183F4BC2B28A4F0","5F48F2692EA8278A87ACDD2DE6DB11ED6F5FCD3078916F840183F4BC2B28A4F0","True"
"versions\V0.3_homepage_kpi_calibration\backend\server\mysql_build_v0.1\README.md","versions\V0.3_homepage_kpi_calibration\backend\server\mysql_build_v0.1\README.md","647","7BDD31261C77454ACCA66B00095E3E9AC6832669C8A1A280B9D2CB96D9A01843","7BDD31261C77454ACCA66B00095E3E9AC6832669C8A1A280B9D2CB96D9A01843","True"
"versions\V0.3_homepage_kpi_calibration\backend\server\mysql_build_v0.1\README_建库说明.md","versions\V0.3_homepage_kpi_calibration\backend\server\mysql_build_v0.1\README_建库说明.md","2181","2CC6308B796DBA45F188685DBA6AACF7EC56F0F08CCC71EA5B20854F462D40D6","2CC6308B796DBA45F188685DBA6AACF7EC56F0F08CCC71EA5B20854F462D40D6","True"
"versions\V0.3_homepage_kpi_calibration\backend\server\mysql_build_v0.2_dashboard\01_dashboard_snapshot_extension.sql","versions\V0.3_homepage_kpi_calibration\backend\server\mysql_build_v0.2_dashboard\01_dashboard_snapshot_extension.sql","2193","09A1D91A27343B5E14CD1125B6C11226AFB35A2E4BCEBE72166A50B76B681ED3","09A1D91A27343B5E14CD1125B6C11226AFB35A2E4BCEBE72166A50B76B681ED3","True"
"versions\V0.3_homepage_kpi_calibration\backend\server\mysql_build_v0.2_dashboard\README_领导层首页扩展说明.md","versions\V0.3_homepage_kpi_calibration\backend\server\mysql_build_v0.2_dashboard\README_领导层首页扩展说明.md","1431","29D941EA008C423282EC004C48B5DD2ADF1730B8787A136267D15CA2D9367BA9","29D941EA008C423282EC004C48B5DD2ADF1730B8787A136267D15CA2D9367BA9","True"
"versions\V0.3_homepage_kpi_calibration\database\init_db.py","versions\V0.3_homepage_kpi_calibration\database\init_db.py","19075","C863315C4F5F0C520CD5F1217813414881B1E9E072D5F6C3D4B49A1980F20C55","C863315C4F5F0C520CD5F1217813414881B1E9E072D5F6C3D4B49A1980F20C55","True"
"versions\V0.3_homepage_kpi_calibration\database\schema.sql","versions\V0.3_homepage_kpi_calibration\database\schema.sql","3733","8B468D23DC2DD26411B9514A25372E684972A69093CCF456865ACA60FFB2781C","8B468D23DC2DD26411B9514A25372E684972A69093CCF456865ACA60FFB2781C","True"
"versions\V0.3_homepage_kpi_calibration\database\seed_ai_document_analysis_v1.py","versions\V0.3_homepage_kpi_calibration\database\seed_ai_document_analysis_v1.py","1000","B2FA8F2C0DA9575D6D22FA8F479C4B53F21C2E31471415E1102E58A99449440D","B2FA8F2C0DA9575D6D22FA8F479C4B53F21C2E31471415E1102E58A99449440D","True"
"versions\V0.3_homepage_kpi_calibration\database\seed_dashboard_snapshots_v0_2.py","versions\V0.3_homepage_kpi_calibration\database\seed_dashboard_snapshots_v0_2.py","4912","02A34F66E6BC53F40C1B127F2071BC453E3DCD6CA785ABC586841891F82AB0DC","02A34F66E6BC53F40C1B127F2071BC453E3DCD6CA785ABC586841891F82AB0DC","True"
"versions\V0.3_homepage_kpi_calibration\database\seed_e03_e04_detail_v0_6.py","versions\V0.3_homepage_kpi_calibration\database\seed_e03_e04_detail_v0_6.py","6609","2351C57D52F97A38187B6D50DA6C5D7CCE8127C487CAAD68B9011EBF75C39C34","2351C57D52F97A38187B6D50DA6C5D7CCE8127C487CAAD68B9011EBF75C39C34","True"
"versions\V0.3_homepage_kpi_calibration\database\seed_environment_safety_detail_v0_4.py","versions\V0.3_homepage_kpi_calibration\database\seed_environment_safety_detail_v0_4.py","7962","FADE831B1B3ED2DF9C5ED9ECD366E438949F8C60DF8829E3EF06BEA336028B3D","FADE831B1B3ED2DF9C5ED9ECD366E438949F8C60DF8829E3EF06BEA336028B3D","True"
"versions\V0.3_homepage_kpi_calibration\database\seed_gis_map_v0_8.py","versions\V0.3_homepage_kpi_calibration\database\seed_gis_map_v0_8.py","12019","14B8D3ABE34BF87A024944655273DC4A03EC5B4137ECC40DCA537F93E1237E1D","14B8D3ABE34BF87A024944655273DC4A03EC5B4137ECC40DCA537F93E1237E1D","True"
"versions\V0.3_homepage_kpi_calibration\database\seed_governance_detail_v0_3.py","versions\V0.3_homepage_kpi_calibration\database\seed_governance_detail_v0_3.py","9155","09F28C2FF368DC811B7E9CF4FADD0E7599D09C09A49CB7D8AA943F52A8C2EE14","09F28C2FF368DC811B7E9CF4FADD0E7599D09C09A49CB7D8AA943F52A8C2EE14","True"
"versions\V0.3_homepage_kpi_calibration\database\seed_monthly_report_topic_v0_7.py","versions\V0.3_homepage_kpi_calibration\database\seed_monthly_report_topic_v0_7.py","7371","B2D402EA6D8498F496635F1FD7D818F2E336E3138E0A493F9FD2D0C969E2540F","B2D402EA6D8498F496635F1FD7D818F2E336E3138E0A493F9FD2D0C969E2540F","True"
"versions\V0.3_homepage_kpi_calibration\database\seed_multisource_data_flow_v1_0.py","versions\V0.3_homepage_kpi_calibration\database\seed_multisource_data_flow_v1_0.py","14311","87EBF5E2C5BC2CE720A92B964219B99CDF4952A53C5AFF449A2426E62CBA0F3A","87EBF5E2C5BC2CE720A92B964219B99CDF4952A53C5AFF449A2426E62CBA0F3A","True"
"versions\V0.3_homepage_kpi_calibration\database\seed_s02_risk_display_v0_2.py","versions\V0.3_homepage_kpi_calibration\database\seed_s02_risk_display_v0_2.py","7290","3BBD1E39F108936005F7B843393E8375887B449C28F53BCED9D3AE1FAD594941","3BBD1E39F108936005F7B843393E8375887B449C28F53BCED9D3AE1FAD594941","True"
"versions\V0.3_homepage_kpi_calibration\database\seed_social_detail_v0_5.py","versions\V0.3_homepage_kpi_calibration\database\seed_social_detail_v0_5.py","5631","8D2591A679178DD34C9D0C74422DDFCFC81F90A30B4F9B240CB2F38570368ED4","8D2591A679178DD34C9D0C74422DDFCFC81F90A30B4F9B240CB2F38570368ED4","True"
"versions\V0.3_homepage_kpi_calibration\database\migrations\migration_001_ai_document_analysis.py","versions\V0.3_homepage_kpi_calibration\database\migrations\migration_001_ai_document_analysis.py","6542","9CC24A8F309D5598040CED6E0927AF8254B05846DBB711902A5862A022F9EC96","9CC24A8F309D5598040CED6E0927AF8254B05846DBB711902A5862A022F9EC96","True"
"versions\V0.3_homepage_kpi_calibration\database\migrations\esg_demo_v0_1\esg_demo_api_contract_v0.1.md","versions\V0.3_homepage_kpi_calibration\database\migrations\esg_demo_v0_1\esg_demo_api_contract_v0.1.md","5089","5C64F390539325C88D2A9249B2C9A5BCCB3EF3C217747708490734A034C5D347","5C64F390539325C88D2A9249B2C9A5BCCB3EF3C217747708490734A034C5D347","True"
"versions\V0.3_homepage_kpi_calibration\database\migrations\esg_demo_v0_1\esg_demo_e01_env_monitor_slim.sql","versions\V0.3_homepage_kpi_calibration\database\migrations\esg_demo_v0_1\esg_demo_e01_env_monitor_slim.sql","1892","CB02105D3096E767BC8B6AF227125EF3076ABE9208B09BAC75A9DEF9544B11E9","CB02105D3096E767BC8B6AF227125EF3076ABE9208B09BAC75A9DEF9544B11E9","True"
"versions\V0.3_homepage_kpi_calibration\database\migrations\esg_demo_v0_1\esg_demo_schema_v0.1.sql","versions\V0.3_homepage_kpi_calibration\database\migrations\esg_demo_v0_1\esg_demo_schema_v0.1.sql","17368","BE324891CEBDE71DB73ACB727074289DD5980381F89A043491C15E238E5CD02F","BE324891CEBDE71DB73ACB727074289DD5980381F89A043491C15E238E5CD02F","True"
"versions\V0.3_homepage_kpi_calibration\database\migrations\esg_demo_v0_1\esg_demo_seed_v0.1.sql","versions\V0.3_homepage_kpi_calibration\database\migrations\esg_demo_v0_1\esg_demo_seed_v0.1.sql","19901","85D815B68B58162DDB7BBCE2D27378B7C55FA084D2BAFDC0EE0B818D28C420DA","85D815B68B58162DDB7BBCE2D27378B7C55FA084D2BAFDC0EE0B818D28C420DA","True"
"versions\V0.3_homepage_kpi_calibration\database\migrations\esg_demo_v0_3\V0_3_001__homepage_kpi_business_fact_calibration.sql","versions\V0.3_homepage_kpi_calibration\database\migrations\esg_demo_v0_3\V0_3_001__homepage_kpi_business_fact_calibration.sql","4630","53CEF9AD9AF66ADC76EDF7FCB093B0623A97753A4DC4284C6FBEC3568D0B5493","53CEF9AD9AF66ADC76EDF7FCB093B0623A97753A4DC4284C6FBEC3568D0B5493","True"
"versions\V0.3_homepage_kpi_calibration\database\migrations\e_group_e01_v1_1\migrate_v1_1.py","versions\V0.3_homepage_kpi_calibration\database\migrations\e_group_e01_v1_1\migrate_v1_1.py","11868","E361A27527402777557AD6291783A018013CA6FB10BC39D86E1DF6C99B0488A0","E361A27527402777557AD6291783A018013CA6FB10BC39D86E1DF6C99B0488A0","True"
"versions\V0.3_homepage_kpi_calibration\database\migrations\e_group_e01_v1_1\V1_1_000__environment_gate.sql","versions\V0.3_homepage_kpi_calibration\database\migrations\e_group_e01_v1_1\V1_1_000__environment_gate.sql","13592","2AEDB52DBF30D20BB6F63C8C63B00192DE8CCAF6B064F490978CD0C706136600","2AEDB52DBF30D20BB6F63C8C63B00192DE8CCAF6B064F490978CD0C706136600","True"
"versions\V0.3_homepage_kpi_calibration\database\migrations\e_group_e01_v1_1\V1_1_001__migration_history_bootstrap.sql","versions\V0.3_homepage_kpi_calibration\database\migrations\e_group_e01_v1_1\V1_1_001__migration_history_bootstrap.sql","1735","D9472D17F3DAB5F21039A07BC1E4A093247F6511F1A2A364C27546C3C8C0451B","D9472D17F3DAB5F21039A07BC1E4A093247F6511F1A2A364C27546C3C8C0451B","True"
"versions\V0.3_homepage_kpi_calibration\database\migrations\e_group_e01_v1_1\V1_1_010__e01_config_and_monitor_tables.sql","versions\V0.3_homepage_kpi_calibration\database\migrations\e_group_e01_v1_1\V1_1_010__e01_config_and_monitor_tables.sql","15968","79BABB2400D97B3684F72C7725FF3DBA1350F1A83E6B523967F795D5A43799E1","79BABB2400D97B3684F72C7725FF3DBA1350F1A83E6B523967F795D5A43799E1","True"
"versions\V0.3_homepage_kpi_calibration\database\migrations\e_group_e01_v1_1\V1_1_012__e01_factor_result.sql","versions\V0.3_homepage_kpi_calibration\database\migrations\e_group_e01_v1_1\V1_1_012__e01_factor_result.sql","3875","B07916C28498E6D27EE826CD502AF75ACF566A9C0A11B5BAA8810A915CA4EBF2","B07916C28498E6D27EE826CD502AF75ACF566A9C0A11B5BAA8810A915CA4EBF2","True"
"versions\V0.3_homepage_kpi_calibration\database\migrations\e_group_e01_v1_1\V1_1_015__project_context_and_frequency.sql","versions\V0.3_homepage_kpi_calibration\database\migrations\e_group_e01_v1_1\V1_1_015__project_context_and_frequency.sql","10675","8B0CA26BC52A017F3B74FA488E5AB647709A484220C4083C6B178FE12EFC199C","8B0CA26BC52A017F3B74FA488E5AB647709A484220C4083C6B178FE12EFC199C","True"
"versions\V0.3_homepage_kpi_calibration\database\migrations\e_group_e01_v1_1\V1_1_020__closure_case_tables.sql","versions\V0.3_homepage_kpi_calibration\database\migrations\e_group_e01_v1_1\V1_1_020__closure_case_tables.sql","13442","FC8C3D361876BAA2109E96D70317161CAB8409B31206B1C28E7CBEB94A5CED40","FC8C3D361876BAA2109E96D70317161CAB8409B31206B1C28E7CBEB94A5CED40","True"
"versions\V0.3_homepage_kpi_calibration\database\migrations\e_group_e01_v1_1\V1_1_030__e01_event_retest_tables.sql","versions\V0.3_homepage_kpi_calibration\database\migrations\e_group_e01_v1_1\V1_1_030__e01_event_retest_tables.sql","8829","28DC83A4B8426F4CA11A714C7D87BEEDB31453800D964961EA78DD62BEA53A10","28DC83A4B8426F4CA11A714C7D87BEEDB31453800D964961EA78DD62BEA53A10","True"
"versions\V0.3_homepage_kpi_calibration\database\migrations\e_group_e01_v1_1\V1_1_035__professional_demo_seed.sql","versions\V0.3_homepage_kpi_calibration\database\migrations\e_group_e01_v1_1\V1_1_035__professional_demo_seed.sql","27934","6F07CF0ABE0A31ABDDEC1D1018E78D0F731A9F7944D4858FC1CA25114EF15E93","6F07CF0ABE0A31ABDDEC1D1018E78D0F731A9F7944D4858FC1CA25114EF15E93","True"
"versions\V0.3_homepage_kpi_calibration\database\migrations\e_group_e01_v1_1\V1_1_036__gis_link_seed.sql","versions\V0.3_homepage_kpi_calibration\database\migrations\e_group_e01_v1_1\V1_1_036__gis_link_seed.sql","704","AA769F2FDC511A24282A87735B52C44079BDB4F55CEF6845A0E75470B9EB904F","AA769F2FDC511A24282A87735B52C44079BDB4F55CEF6845A0E75470B9EB904F","True"
"versions\V0.3_homepage_kpi_calibration\database\migrations\e_group_e01_v1_1\V1_1_037__construction_time_consistency.sql","versions\V0.3_homepage_kpi_calibration\database\migrations\e_group_e01_v1_1\V1_1_037__construction_time_consistency.sql","2232","71A99C6B87F6197DAED8D7D1D8F8D2571E97EF8C95C000F7BD4118DBEE307DDC","71A99C6B87F6197DAED8D7D1D8F8D2571E97EF8C95C000F7BD4118DBEE307DDC","True"
"versions\V0.3_homepage_kpi_calibration\database\migrations\e_group_e01_v1_1\V1_1_038__e01_demo_coordinate_alignment.sql","versions\V0.3_homepage_kpi_calibration\database\migrations\e_group_e01_v1_1\V1_1_038__e01_demo_coordinate_alignment.sql","1857","A282D75852FE225A7420FD55C51EAD0D215E04EA1A8303648F9FB48E1B19C2F1","A282D75852FE225A7420FD55C51EAD0D215E04EA1A8303648F9FB48E1B19C2F1","True"
"versions\V0.3_homepage_kpi_calibration\database\migrations\e_group_e01_v1_1\V1_1_039__e01_open_overview_demo_enrichment.sql","versions\V0.3_homepage_kpi_calibration\database\migrations\e_group_e01_v1_1\V1_1_039__e01_open_overview_demo_enrichment.sql","7487","A7CFEB545D8507F546385B09F6972F813E69F0CFDFCEA3707EC953C78BF9910D","A7CFEB545D8507F546385B09F6972F813E69F0CFDFCEA3707EC953C78BF9910D","True"
"versions\V0.3_homepage_kpi_calibration\database\migrations\e_group_e01_v1_1\V1_1_040__external_fk_and_circular_fk_guarded.sql","versions\V0.3_homepage_kpi_calibration\database\migrations\e_group_e01_v1_1\V1_1_040__external_fk_and_circular_fk_guarded.sql","3478","8AE6FD236FF35017826DB0717CBAB2C1151F07C38A388365C6C50C3B2CB44286","8AE6FD236FF35017826DB0717CBAB2C1151F07C38A388365C6C50C3B2CB44286","True"
"versions\V0.3_homepage_kpi_calibration\database\migrations\e_group_e01_v1_1\V1_1_041__e01_demo_trend_series.sql","versions\V0.3_homepage_kpi_calibration\database\migrations\e_group_e01_v1_1\V1_1_041__e01_demo_trend_series.sql","18417","C36A62A833E60E72325D414CDA1AE3C596855B22A802E4E5AE90D67677CB7C20","C36A62A833E60E72325D414CDA1AE3C596855B22A802E4E5AE90D67677CB7C20","True"
"versions\V0.3_homepage_kpi_calibration\database\migrations\e_group_e01_v1_1\V1_1_042__e01_water_point_near_source_zone.sql","versions\V0.3_homepage_kpi_calibration\database\migrations\e_group_e01_v1_1\V1_1_042__e01_water_point_near_source_zone.sql","963","7020803E0C265BCA72F004070295512261B709E25B6684E587F9601ED35B55B9","7020803E0C265BCA72F004070295512261B709E25B6684E587F9601ED35B55B9","True"
"versions\V0.3_homepage_kpi_calibration\database\migrations\e_group_e01_v1_1\V1_1_043__e02_env_issue_fields.sql","versions\V0.3_homepage_kpi_calibration\database\migrations\e_group_e01_v1_1\V1_1_043__e02_env_issue_fields.sql","4122","0DB31C2D9C073AB40D5DD06304D6FCC58CEB2CABD42EBFE59E5F808EB9DF2545","0DB31C2D9C073AB40D5DD06304D6FCC58CEB2CABD42EBFE59E5F808EB9DF2545","True"
"versions\V0.3_homepage_kpi_calibration\database\migrations\e_group_e01_v1_1\V1_1_044__e02_demo_seed.sql","versions\V0.3_homepage_kpi_calibration\database\migrations\e_group_e01_v1_1\V1_1_044__e02_demo_seed.sql","21456","223CB7D8D633F0891FF379A778E1C002C7353995EDFC4D6096C692EFE42D8733","223CB7D8D633F0891FF379A778E1C002C7353995EDFC4D6096C692EFE42D8733","True"
"versions\V0.3_homepage_kpi_calibration\database\migrations\e_group_e01_v1_1\V1_1_045__e02_gis_body_relink.sql","versions\V0.3_homepage_kpi_calibration\database\migrations\e_group_e01_v1_1\V1_1_045__e02_gis_body_relink.sql","3531","B5800C84DD79F48099DBD55B918CA28DFAB1A57C88E23B54202793BFC9F79713","B5800C84DD79F48099DBD55B918CA28DFAB1A57C88E23B54202793BFC9F79713","True"
"versions\V0.3_homepage_kpi_calibration\database\migrations\e_group_e01_v1_1\V1_1_046__e03_schema_fields.sql","versions\V0.3_homepage_kpi_calibration\database\migrations\e_group_e01_v1_1\V1_1_046__e03_schema_fields.sql","6526","86EEEDAA2768B0E52C2677D7062822EEBB03B9B3F3D6A73E81E527CC8045584F","86EEEDAA2768B0E52C2677D7062822EEBB03B9B3F3D6A73E81E527CC8045584F","True"
"versions\V0.3_homepage_kpi_calibration\database\migrations\e_group_e01_v1_1\V1_1_047__e03_demo_seed.sql","versions\V0.3_homepage_kpi_calibration\database\migrations\e_group_e01_v1_1\V1_1_047__e03_demo_seed.sql","30906","A5F82313E2CD4B9BEB0A5AF39F7B0F4C09CED634013BA31223AE0D3F78B46AF2","A5F82313E2CD4B9BEB0A5AF39F7B0F4C09CED634013BA31223AE0D3F78B46AF2","True"
"versions\V0.3_homepage_kpi_calibration\database\migrations\e_group_e01_v1_1\V1_1_048__e04_schema_boundary.sql","versions\V0.3_homepage_kpi_calibration\database\migrations\e_group_e01_v1_1\V1_1_048__e04_schema_boundary.sql","15561","F8B90D4ED60BB07018EE428A888C012D36E6D9E12207BA883C47ECE0B9BD1751","F8B90D4ED60BB07018EE428A888C012D36E6D9E12207BA883C47ECE0B9BD1751","True"
"versions\V0.3_homepage_kpi_calibration\database\migrations\e_group_e01_v1_1\V1_1_049__e04_demo_seed.sql","versions\V0.3_homepage_kpi_calibration\database\migrations\e_group_e01_v1_1\V1_1_049__e04_demo_seed.sql","8645","6AC3B8475747CD5DA3EE60D351147B31ECE5AFDBCF2AB6DD2BD09F655029CFCB","6AC3B8475747CD5DA3EE60D351147B31ECE5AFDBCF2AB6DD2BD09F655029CFCB","True"
"versions\V0.3_homepage_kpi_calibration\database\migrations\e_group_e01_v1_1\V1_1_050__history_and_kpi_views.sql","versions\V0.3_homepage_kpi_calibration\database\migrations\e_group_e01_v1_1\V1_1_050__history_and_kpi_views.sql","4268","8CA74F6D0BC5BA6A36F20C42B3E7A8E6D1E7B4C4518486292EEC6259867A43D7","8CA74F6D0BC5BA6A36F20C42B3E7A8E6D1E7B4C4518486292EEC6259867A43D7","True"
"versions\V0.3_homepage_kpi_calibration\database\migrations\e_group_e01_v1_1\V1_1_051__e04_may_jul_boundary_rebuild.sql","versions\V0.3_homepage_kpi_calibration\database\migrations\e_group_e01_v1_1\V1_1_051__e04_may_jul_boundary_rebuild.sql","7284","DEA8064456A41AA5F30F72580497397642DEF468E6C8738F7EE62B382CCE71F3","DEA8064456A41AA5F30F72580497397642DEF468E6C8738F7EE62B382CCE71F3","True"
"versions\V0.3_homepage_kpi_calibration\database\migrations\e_group_e01_v1_1\V1_1_052__e04_cultural_relic_demo.sql","versions\V0.3_homepage_kpi_calibration\database\migrations\e_group_e01_v1_1\V1_1_052__e04_cultural_relic_demo.sql","2767","CC7F29B95DAC1736C0E60290E8F1F32E5609442B09D3502B9309E6B2B0E38870","CC7F29B95DAC1736C0E60290E8F1F32E5609442B09D3502B9309E6B2B0E38870","True"
"versions\V0.3_homepage_kpi_calibration\database\migrations\e_group_e01_v1_1\V1_1_060__consistency_views.sql","versions\V0.3_homepage_kpi_calibration\database\migrations\e_group_e01_v1_1\V1_1_060__consistency_views.sql","19482","992AF7E6EEDB7E43D01DB4402E352910AE8395BEF85EC1368EF3DD667F3CCBF5","992AF7E6EEDB7E43D01DB4402E352910AE8395BEF85EC1368EF3DD667F3CCBF5","True"
"versions\V0.3_homepage_kpi_calibration\database\migrations\e_group_e01_v1_1\V1_1_070__privilege_and_append_only_guard.sql","versions\V0.3_homepage_kpi_calibration\database\migrations\e_group_e01_v1_1\V1_1_070__privilege_and_append_only_guard.sql","2488","D0B19A29B21DB29C724D92DBAF51E4954D4C522CA0993D819F06A3624C74A00C","D0B19A29B21DB29C724D92DBAF51E4954D4C522CA0993D819F06A3624C74A00C","True"
"versions\V0.3_homepage_kpi_calibration\database\migrations\e_group_e01_v1_1\V1_1_080__shadow_reconciliation_views.sql","versions\V0.3_homepage_kpi_calibration\database\migrations\e_group_e01_v1_1\V1_1_080__shadow_reconciliation_views.sql","796","D322D9CF4B7513845C7FA798D4887DFB56292F02DF89493A17DFE70E9BF74512","D322D9CF4B7513845C7FA798D4887DFB56292F02DF89493A17DFE70E9BF74512","True"
"versions\V0.3_homepage_kpi_calibration\database\migrations\e_group_e01_v1_1\V1_1_090__post_migration_verification.sql","versions\V0.3_homepage_kpi_calibration\database\migrations\e_group_e01_v1_1\V1_1_090__post_migration_verification.sql","7496","33420FDF1A9525F8764FD6A5F1E58881C6B4E9CBCBD018FACCE853AFFDF68559","33420FDF1A9525F8764FD6A5F1E58881C6B4E9CBCBD018FACCE853AFFDF68559","True"
"versions\V0.3_homepage_kpi_calibration\database\migrations\e_group_e01_v1_1\__pycache__\migrate_v1_1.cpython-310.pyc","versions\V0.3_homepage_kpi_calibration\database\migrations\e_group_e01_v1_1\__pycache__\migrate_v1_1.cpython-310.pyc","9828","A894701C1EAFE21A897AE2C1ED0E3EBE0CEA96087A7EAF2B5122323D44BB5B57","A894701C1EAFE21A897AE2C1ED0E3EBE0CEA96087A7EAF2B5122323D44BB5B57","True"
"versions\V0.3_homepage_kpi_calibration\database\migrations\e_group_e01_v1_1\__pycache__\migrate_v1_1.cpython-311.pyc","versions\V0.3_homepage_kpi_calibration\database\migrations\e_group_e01_v1_1\__pycache__\migrate_v1_1.cpython-311.pyc","18592","14EC9B4C6DDD0AB3F0AFE2BF6AF39AC3B0DF1DBC481297BDD0F037F17335D203","14EC9B4C6DDD0AB3F0AFE2BF6AF39AC3B0DF1DBC481297BDD0F037F17335D203","True"
"versions\V0.3_homepage_kpi_calibration\database\migrations\s_group_s01_v1_0\migrate_v1_0.py","versions\V0.3_homepage_kpi_calibration\database\migrations\s_group_s01_v1_0\migrate_v1_0.py","11371","1DF212D5AB79B98EFA85216969448C257D1F8EF0FCD395850AD04C396A4659D9","1DF212D5AB79B98EFA85216969448C257D1F8EF0FCD395850AD04C396A4659D9","True"
"versions\V0.3_homepage_kpi_calibration\database\migrations\s_group_s01_v1_0\V1_0_000__environment_gate.sql","versions\V0.3_homepage_kpi_calibration\database\migrations\s_group_s01_v1_0\V1_0_000__environment_gate.sql","4174","BBAEAE48C00747EA832ACC6FEEF42C42408666F388E20B343BB4E4F50FB08BFC","BBAEAE48C00747EA832ACC6FEEF42C42408666F388E20B343BB4E4F50FB08BFC","True"
"versions\V0.3_homepage_kpi_calibration\database\migrations\s_group_s01_v1_0\V1_0_001__migration_history_bootstrap.sql","versions\V0.3_homepage_kpi_calibration\database\migrations\s_group_s01_v1_0\V1_0_001__migration_history_bootstrap.sql","1627","88C8BE23CC581E6EF700B32127A7907CEAE471067AAA10A5F63E81AF940E2F10","88C8BE23CC581E6EF700B32127A7907CEAE471067AAA10A5F63E81AF940E2F10","True"
"versions\V0.3_homepage_kpi_calibration\database\migrations\s_group_s01_v1_0\V1_0_010__s01_new_tables.sql","versions\V0.3_homepage_kpi_calibration\database\migrations\s_group_s01_v1_0\V1_0_010__s01_new_tables.sql","3752","5CB5D7F0AC0E2FC6D558E7D78497AF862DDAFFBFDF6E268C8F073D2D4D2C561F","5CB5D7F0AC0E2FC6D558E7D78497AF862DDAFFBFDF6E268C8F073D2D4D2C561F","True"
"versions\V0.3_homepage_kpi_calibration\database\migrations\s_group_s01_v1_0\V1_0_015__s01_legacy_table_enhancement.sql","versions\V0.3_homepage_kpi_calibration\database\migrations\s_group_s01_v1_0\V1_0_015__s01_legacy_table_enhancement.sql","22067","E4399EF3C3C213DAF8F457C0633C1D7135D2147D12DD2D0AAA55FA0A234C2CE1","E4399EF3C3C213DAF8F457C0633C1D7135D2147D12DD2D0AAA55FA0A234C2CE1","True"
"versions\V0.3_homepage_kpi_calibration\database\migrations\s_group_s01_v1_0\V1_0_020__s01_spr_field_enhancement.sql","versions\V0.3_homepage_kpi_calibration\database\migrations\s_group_s01_v1_0\V1_0_020__s01_spr_field_enhancement.sql","8446","4FA7ED22D60013ADF2667A5657F25882371D83CB1B129381E9BFEC4A91E2178C","4FA7ED22D60013ADF2667A5657F25882371D83CB1B129381E9BFEC4A91E2178C","True"
"versions\V0.3_homepage_kpi_calibration\database\migrations\s_group_s01_v1_0\V1_0_030__s01_demo_seed.sql","versions\V0.3_homepage_kpi_calibration\database\migrations\s_group_s01_v1_0\V1_0_030__s01_demo_seed.sql","7980","63F98991791ECC31AD414AC1E1275E19F9A15DCA2810AF5A530C76BD4337E1AD","63F98991791ECC31AD414AC1E1275E19F9A15DCA2810AF5A530C76BD4337E1AD","True"
"versions\V0.3_homepage_kpi_calibration\database\migrations\s_group_s01_v1_0\__pycache__\migrate_v1_0.cpython-310.pyc","versions\V0.3_homepage_kpi_calibration\database\migrations\s_group_s01_v1_0\__pycache__\migrate_v1_0.cpython-310.pyc","9909","089955228F6B2DD06B41DCCCBD35313503140372A1CF4C757D17EA1B7133ACB2","089955228F6B2DD06B41DCCCBD35313503140372A1CF4C757D17EA1B7133ACB2","True"
"versions\V0.3_homepage_kpi_calibration\database\migrations\s_group_s01_v1_0\__pycache__\migrate_v1_0.cpython-311.pyc","versions\V0.3_homepage_kpi_calibration\database\migrations\s_group_s01_v1_0\__pycache__\migrate_v1_0.cpython-311.pyc","18752","1BCE540FBA8272CB91A0007C6D9097596F8A0EC0E2C0866EB89A3D95D9CE2212","1BCE540FBA8272CB91A0007C6D9097596F8A0EC0E2C0866EB89A3D95D9CE2212","True"
"versions\V0.3_homepage_kpi_calibration\database\migrations\__pycache__\20260718_e04_demo_accounting_v0_1.cpython-310.pyc","versions\V0.3_homepage_kpi_calibration\database\migrations\__pycache__\20260718_e04_demo_accounting_v0_1.cpython-310.pyc","14281","F4BF9BEEC2449CDA18943D9FF11C8745BEB083A39576F62E19276A2086DEA146","F4BF9BEEC2449CDA18943D9FF11C8745BEB083A39576F62E19276A2086DEA146","True"
"versions\V0.3_homepage_kpi_calibration\database\migrations\__pycache__\20260718_e04_demo_accounting_v0_1.cpython-311.pyc","versions\V0.3_homepage_kpi_calibration\database\migrations\__pycache__\20260718_e04_demo_accounting_v0_1.cpython-311.pyc","21952","7BD8F5B1ED1405D08707FB6EED5AA594D3F006AB72DC526248C65E5A79D2DFF1","7BD8F5B1ED1405D08707FB6EED5AA594D3F006AB72DC526248C65E5A79D2DFF1","True"
"versions\V0.3_homepage_kpi_calibration\database\migrations\__pycache__\20260719_carbon_benefit_topic_v0_1.cpython-310.pyc","versions\V0.3_homepage_kpi_calibration\database\migrations\__pycache__\20260719_carbon_benefit_topic_v0_1.cpython-310.pyc","14180","684C70ADC7763AEB9FE8ED945619D3662C12AD0DB35DABF21BC8246AEE3F2658","684C70ADC7763AEB9FE8ED945619D3662C12AD0DB35DABF21BC8246AEE3F2658","True"
"versions\V0.3_homepage_kpi_calibration\database\migrations\__pycache__\20260719_carbon_benefit_topic_v0_1.cpython-311.pyc","versions\V0.3_homepage_kpi_calibration\database\migrations\__pycache__\20260719_carbon_benefit_topic_v0_1.cpython-311.pyc","18267","4DF8CFF7BFD7E7702790EADE71660382AFCD98E7703805DDE09B1A3F234AEA37","4DF8CFF7BFD7E7702790EADE71660382AFCD98E7703805DDE09B1A3F234AEA37","True"
"versions\V0.3_homepage_kpi_calibration\database\migrations\__pycache__\20260719_carbon_segment_and_cost_detail_v0_1.cpython-310.pyc","versions\V0.3_homepage_kpi_calibration\database\migrations\__pycache__\20260719_carbon_segment_and_cost_detail_v0_1.cpython-310.pyc","13675","EFE13D525CB88A1C39FE3A06197155E325C71F43BA50C4551C1D2ED3DB956BD6","EFE13D525CB88A1C39FE3A06197155E325C71F43BA50C4551C1D2ED3DB956BD6","True"
"versions\V0.3_homepage_kpi_calibration\database\migrations\__pycache__\20260719_carbon_segment_and_cost_detail_v0_1.cpython-311.pyc","versions\V0.3_homepage_kpi_calibration\database\migrations\__pycache__\20260719_carbon_segment_and_cost_detail_v0_1.cpython-311.pyc","22529","2A9ADB68953B72999D02833A464A8494EA1F323C0EA91783B02EF10B838DC19A","2A9ADB68953B72999D02833A464A8494EA1F323C0EA91783B02EF10B838DC19A","True"
"versions\V0.3_homepage_kpi_calibration\database\migrations\__pycache__\20260719_monthly_report_data_contract_v0_1.cpython-310.pyc","versions\V0.3_homepage_kpi_calibration\database\migrations\__pycache__\20260719_monthly_report_data_contract_v0_1.cpython-310.pyc","12844","C33CA91E8383CE81E10FF13349F83C8AC199BF8D6DDCA1AF8E9155410528A2F5","C33CA91E8383CE81E10FF13349F83C8AC199BF8D6DDCA1AF8E9155410528A2F5","True"
"versions\V0.3_homepage_kpi_calibration\database\migrations\__pycache__\20260719_monthly_report_data_contract_v0_1.cpython-311.pyc","versions\V0.3_homepage_kpi_calibration\database\migrations\__pycache__\20260719_monthly_report_data_contract_v0_1.cpython-311.pyc","17272","207FD22006364CE14F5C722A93B849D5F13F7F76743899ABEDF43A949C0BBA0E","207FD22006364CE14F5C722A93B849D5F13F7F76743899ABEDF43A949C0BBA0E","True"
"versions\V0.3_homepage_kpi_calibration\database\migrations\__pycache__\20260719_monthly_validated_material_evidence_v0_1.cpython-310.pyc","versions\V0.3_homepage_kpi_calibration\database\migrations\__pycache__\20260719_monthly_validated_material_evidence_v0_1.cpython-310.pyc","8396","C71AD9DFF767709D948A5D43190242C027B616334B44F94B62B3D4D2D613EC2E","C71AD9DFF767709D948A5D43190242C027B616334B44F94B62B3D4D2D613EC2E","True"
"versions\V0.3_homepage_kpi_calibration\database\migrations\__pycache__\20260719_monthly_validated_material_evidence_v0_1.cpython-311.pyc","versions\V0.3_homepage_kpi_calibration\database\migrations\__pycache__\20260719_monthly_validated_material_evidence_v0_1.cpython-311.pyc","11840","507C64FA79ABBACF73CA49D7217275787DC6F8399A767C93F732B93FA5A9920A","507C64FA79ABBACF73CA49D7217275787DC6F8399A767C93F732B93FA5A9920A","True"
"versions\V0.3_homepage_kpi_calibration\database\migrations\__pycache__\migration_001_ai_document_analysis.cpython-311.pyc","versions\V0.3_homepage_kpi_calibration\database\migrations\__pycache__\migration_001_ai_document_analysis.cpython-311.pyc","8409","51BCA09F605FE59D619D72A0B68CB208900325538A25EE75D474EF43DC128850","51BCA09F605FE59D619D72A0B68CB208900325538A25EE75D474EF43DC128850","True"
"versions\V0.3_homepage_kpi_calibration\database\mysql_build_v0.1\01_schema_mysql.sql","versions\V0.3_homepage_kpi_calibration\database\mysql_build_v0.1\01_schema_mysql.sql","21158","2729765BB26141250905149B0E16B3B40FD030D01941B11A2B8B7D72731DEAA1","2729765BB26141250905149B0E16B3B40FD030D01941B11A2B8B7D72731DEAA1","True"
"versions\V0.3_homepage_kpi_calibration\database\mysql_build_v0.1\02_seed_dictionary.sql","versions\V0.3_homepage_kpi_calibration\database\mysql_build_v0.1\02_seed_dictionary.sql","3786","F8FE8B860DCC63037251991C2432F9864E1C6A001E8940177BDDD6668F9BCC2D","F8FE8B860DCC63037251991C2432F9864E1C6A001E8940177BDDD6668F9BCC2D","True"
"versions\V0.3_homepage_kpi_calibration\database\mysql_build_v0.1\03_seed_field_mapping.sql","versions\V0.3_homepage_kpi_calibration\database\mysql_build_v0.1\03_seed_field_mapping.sql","4243","AF82CF1784E806A15B7ED2A2FD72383D2CC27E898B4DB7FAFF60F3D8797C51A3","AF82CF1784E806A15B7ED2A2FD72383D2CC27E898B4DB7FAFF60F3D8797C51A3","True"
"versions\V0.3_homepage_kpi_calibration\database\mysql_build_v0.1\04_seed_demo_data.sql","versions\V0.3_homepage_kpi_calibration\database\mysql_build_v0.1\04_seed_demo_data.sql","18199","8906EBC32D4942F3D2E3D4B342E3573AB100B72DA3E268B9D53ABF6F85FFCFEC","8906EBC32D4942F3D2E3D4B342E3573AB100B72DA3E268B9D53ABF6F85FFCFEC","True"
"versions\V0.3_homepage_kpi_calibration\database\mysql_build_v0.1\05_views.sql","versions\V0.3_homepage_kpi_calibration\database\mysql_build_v0.1\05_views.sql","2040","E1D988EC7EFA93E19A63DD32D30CAE7042BCDCAF186BB989E7599C2C9420BDC3","E1D988EC7EFA93E19A63DD32D30CAE7042BCDCAF186BB989E7599C2C9420BDC3","True"
"versions\V0.3_homepage_kpi_calibration\database\mysql_build_v0.1\06_validation_queries.sql","versions\V0.3_homepage_kpi_calibration\database\mysql_build_v0.1\06_validation_queries.sql","1799","487419429D82F8549E0FBC11AE47AABDB786EC3E15A717F47CEE29CB53D16992","487419429D82F8549E0FBC11AE47AABDB786EC3E15A717F47CEE29CB53D16992","True"
"versions\V0.3_homepage_kpi_calibration\database\mysql_build_v0.1\MYSQL_LOCAL_INSTANCE.md","versions\V0.3_homepage_kpi_calibration\database\mysql_build_v0.1\MYSQL_LOCAL_INSTANCE.md","1229","5F48F2692EA8278A87ACDD2DE6DB11ED6F5FCD3078916F840183F4BC2B28A4F0","5F48F2692EA8278A87ACDD2DE6DB11ED6F5FCD3078916F840183F4BC2B28A4F0","True"
"versions\V0.3_homepage_kpi_calibration\database\mysql_build_v0.1\README.md","versions\V0.3_homepage_kpi_calibration\database\mysql_build_v0.1\README.md","647","7BDD31261C77454ACCA66B00095E3E9AC6832669C8A1A280B9D2CB96D9A01843","7BDD31261C77454ACCA66B00095E3E9AC6832669C8A1A280B9D2CB96D9A01843","True"
"versions\V0.3_homepage_kpi_calibration\database\mysql_build_v0.1\README_建库说明.md","versions\V0.3_homepage_kpi_calibration\database\mysql_build_v0.1\README_建库说明.md","2181","2CC6308B796DBA45F188685DBA6AACF7EC56F0F08CCC71EA5B20854F462D40D6","2CC6308B796DBA45F188685DBA6AACF7EC56F0F08CCC71EA5B20854F462D40D6","True"
"versions\V0.3_homepage_kpi_calibration\database\mysql_build_v0.2_dashboard\01_dashboard_snapshot_extension.sql","versions\V0.3_homepage_kpi_calibration\database\mysql_build_v0.2_dashboard\01_dashboard_snapshot_extension.sql","2193","09A1D91A27343B5E14CD1125B6C11226AFB35A2E4BCEBE72166A50B76B681ED3","09A1D91A27343B5E14CD1125B6C11226AFB35A2E4BCEBE72166A50B76B681ED3","True"
"versions\V0.3_homepage_kpi_calibration\database\mysql_build_v0.2_dashboard\README_领导层首页扩展说明.md","versions\V0.3_homepage_kpi_calibration\database\mysql_build_v0.2_dashboard\README_领导层首页扩展说明.md","1431","29D941EA008C423282EC004C48B5DD2ADF1730B8787A136267D15CA2D9367BA9","29D941EA008C423282EC004C48B5DD2ADF1730B8787A136267D15CA2D9367BA9","True"
"versions\V0.3_homepage_kpi_calibration\demo_data\dashboard_payload.json","versions\V0.3_homepage_kpi_calibration\demo_data\dashboard_payload.json","65506","F4D089971601DF6F66618111A09DD0B07A55FA58D5FB5F7DA43A56F18A62DF67","F4D089971601DF6F66618111A09DD0B07A55FA58D5FB5F7DA43A56F18A62DF67","True"
"versions\V0.3_homepage_kpi_calibration\demo_data\esg_demo_v0_1\esg_demo_api_contract_v0.1.md","versions\V0.3_homepage_kpi_calibration\demo_data\esg_demo_v0_1\esg_demo_api_contract_v0.1.md","5089","5C64F390539325C88D2A9249B2C9A5BCCB3EF3C217747708490734A034C5D347","5C64F390539325C88D2A9249B2C9A5BCCB3EF3C217747708490734A034C5D347","True"
"versions\V0.3_homepage_kpi_calibration\demo_data\esg_demo_v0_1\esg_demo_e01_env_monitor_slim.sql","versions\V0.3_homepage_kpi_calibration\demo_data\esg_demo_v0_1\esg_demo_e01_env_monitor_slim.sql","1892","CB02105D3096E767BC8B6AF227125EF3076ABE9208B09BAC75A9DEF9544B11E9","CB02105D3096E767BC8B6AF227125EF3076ABE9208B09BAC75A9DEF9544B11E9","True"
"versions\V0.3_homepage_kpi_calibration\demo_data\esg_demo_v0_1\esg_demo_schema_v0.1.sql","versions\V0.3_homepage_kpi_calibration\demo_data\esg_demo_v0_1\esg_demo_schema_v0.1.sql","17368","BE324891CEBDE71DB73ACB727074289DD5980381F89A043491C15E238E5CD02F","BE324891CEBDE71DB73ACB727074289DD5980381F89A043491C15E238E5CD02F","True"
"versions\V0.3_homepage_kpi_calibration\demo_data\esg_demo_v0_1\esg_demo_seed_v0.1.sql","versions\V0.3_homepage_kpi_calibration\demo_data\esg_demo_v0_1\esg_demo_seed_v0.1.sql","19901","85D815B68B58162DDB7BBCE2D27378B7C55FA084D2BAFDC0EE0B818D28C420DA","85D815B68B58162DDB7BBCE2D27378B7C55FA084D2BAFDC0EE0B818D28C420DA","True"
"versions\V0.3_homepage_kpi_calibration\demo_data\esg_demo_v0_3\V0_3_001__homepage_kpi_business_fact_calibration.sql","versions\V0.3_homepage_kpi_calibration\demo_data\esg_demo_v0_3\V0_3_001__homepage_kpi_business_fact_calibration.sql","4630","53CEF9AD9AF66ADC76EDF7FCB093B0623A97753A4DC4284C6FBEC3568D0B5493","53CEF9AD9AF66ADC76EDF7FCB093B0623A97753A4DC4284C6FBEC3568D0B5493","True"
"versions\V0.3_homepage_kpi_calibration\demo_data\frontend_samples\README.md","versions\V0.3_homepage_kpi_calibration\demo_data\frontend_samples\README.md","2485","249C7D909336EA771EA30A278F1115E32D1F18F57348A121DA4A5ECAC2BA24EC","249C7D909336EA771EA30A278F1115E32D1F18F57348A121DA4A5ECAC2BA24EC","True"
"versions\V0.3_homepage_kpi_calibration\demo_data\frontend_samples\罗宜高速_2026年7月水保监测月报摘要.csv","versions\V0.3_homepage_kpi_calibration\demo_data\frontend_samples\罗宜高速_2026年7月水保监测月报摘要.csv","703","FA555FACDFFB1AE4FF2949F196AF53CF3F11143BF5B1B13725AE6534A5BC759B","FA555FACDFFB1AE4FF2949F196AF53CF3F11143BF5B1B13725AE6534A5BC759B","True"
"versions\V0.3_homepage_kpi_calibration\demo_data\frontend_samples\assistant-compliance-packs\README.md","versions\V0.3_homepage_kpi_calibration\demo_data\frontend_samples\assistant-compliance-packs\README.md","2096","A35480F1AEEDB56079835AC96EE23541F19CF1D4EBEECCA13EDF90984E3CDBA1","A35480F1AEEDB56079835AC96EE23541F19CF1D4EBEECCA13EDF90984E3CDBA1","True"
"versions\V0.3_homepage_kpi_calibration\demo_data\frontend_samples\assistant-compliance-packs\上级检查_安全合规资料包_202607.zip","versions\V0.3_homepage_kpi_calibration\demo_data\frontend_samples\assistant-compliance-packs\上级检查_安全合规资料包_202607.zip","2374","F90F16AAA1D43CA6FCA515700D3D2B49866C58F13FA5BEC7A9EB6F569E5A1228","F90F16AAA1D43CA6FCA515700D3D2B49866C58F13FA5BEC7A9EB6F569E5A1228","True"
"versions\V0.3_homepage_kpi_calibration\demo_data\frontend_samples\assistant-compliance-packs\上级检查_环保合规资料包_202607.zip","versions\V0.3_homepage_kpi_calibration\demo_data\frontend_samples\assistant-compliance-packs\上级检查_环保合规资料包_202607.zip","36616","2FA3764E263F5BACFD1CE9FFFFE884092714F28A36052CDF69C83BDC391549FE","2FA3764E263F5BACFD1CE9FFFFE884092714F28A36052CDF69C83BDC391549FE","True"
"versions\V0.3_homepage_kpi_calibration\demo_data\frontend_samples\assistant-compliance-packs\上级检查_综合合规资料包_202607.zip","versions\V0.3_homepage_kpi_calibration\demo_data\frontend_samples\assistant-compliance-packs\上级检查_综合合规资料包_202607.zip","2675","C5D56A64632430CB738A4244CE8B329CA7DDD8E924E46CC1B015A91D6532527D","C5D56A64632430CB738A4244CE8B329CA7DDD8E924E46CC1B015A91D6532527D","True"
"versions\V0.3_homepage_kpi_calibration\demo_data\frontend_samples\assistant-compliance-packs\manifests\pack_superior_comprehensive.json","versions\V0.3_homepage_kpi_calibration\demo_data\frontend_samples\assistant-compliance-packs\manifests\pack_superior_comprehensive.json","1323","768BE89C61332E9FE42908F950918636E95D6FC0810C0EF3E7E6402A71205445","768BE89C61332E9FE42908F950918636E95D6FC0810C0EF3E7E6402A71205445","True"
"versions\V0.3_homepage_kpi_calibration\demo_data\frontend_samples\assistant-compliance-packs\manifests\pack_superior_env.json","versions\V0.3_homepage_kpi_calibration\demo_data\frontend_samples\assistant-compliance-packs\manifests\pack_superior_env.json","20937","84B7A884562012790F73977D65D2F48F1A6A10783E98C17E7D40E4D6F586FC85","84B7A884562012790F73977D65D2F48F1A6A10783E98C17E7D40E4D6F586FC85","True"
"versions\V0.3_homepage_kpi_calibration\demo_data\frontend_samples\assistant-compliance-packs\manifests\pack_superior_safety.json","versions\V0.3_homepage_kpi_calibration\demo_data\frontend_samples\assistant-compliance-packs\manifests\pack_superior_safety.json","1156","5ACA549701B61CA8B35025FDFF0FE475C40C27EDC61424B71661C9CAF0B379C6","5ACA549701B61CA8B35025FDFF0FE475C40C27EDC61424B71661C9CAF0B379C6","True"
"versions\V0.3_homepage_kpi_calibration\demo_data\frontend_samples\assistant-compliance-packs\上级检查_安全合规资料包_202607\01_清单_合规资料目录.md","versions\V0.3_homepage_kpi_calibration\demo_data\frontend_samples\assistant-compliance-packs\上级检查_安全合规资料包_202607\01_清单_合规资料目录.md","1019","87F9755367D81E280CC23953F94F4C239C8FB555168F137D4630FDE3D9F00FE4","87F9755367D81E280CC23953F94F4C239C8FB555168F137D4630FDE3D9F00FE4","True"
"versions\V0.3_homepage_kpi_calibration\demo_data\frontend_samples\assistant-compliance-packs\上级检查_安全合规资料包_202607\README.md","versions\V0.3_homepage_kpi_calibration\demo_data\frontend_samples\assistant-compliance-packs\上级检查_安全合规资料包_202607\README.md","648","31C5EA8EF38149FA6CA2F31BAAB508A55FE4C7E17956578D3FBCAB5EA5E61E88","31C5EA8EF38149FA6CA2F31BAAB508A55FE4C7E17956578D3FBCAB5EA5E61E88","True"
"versions\V0.3_homepage_kpi_calibration\demo_data\frontend_samples\assistant-compliance-packs\上级检查_安全合规资料包_202607\02_风险台账\在管安全风险台账.csv","versions\V0.3_homepage_kpi_calibration\demo_data\frontend_samples\assistant-compliance-packs\上级检查_安全合规资料包_202607\02_风险台账\在管安全风险台账.csv","436","C46189E092C21D7142BEC2F34A70E0FBA275B08F8B7197DE4B7D1B8CABB5C18E","C46189E092C21D7142BEC2F34A70E0FBA275B08F8B7197DE4B7D1B8CABB5C18E","True"
"versions\V0.3_homepage_kpi_calibration\demo_data\frontend_samples\assistant-compliance-packs\上级检查_安全合规资料包_202607\03_核查表\上级安全检查核查项与台账缺口.md","versions\V0.3_homepage_kpi_calibration\demo_data\frontend_samples\assistant-compliance-packs\上级检查_安全合规资料包_202607\03_核查表\上级安全检查核查项与台账缺口.md","652","1DD7AAF6A5054125A6A4B1AD63DF8E684FD6D3FDE31ABD0B1C3AC755820FFDD9","1DD7AAF6A5054125A6A4B1AD63DF8E684FD6D3FDE31ABD0B1C3AC755820FFDD9","True"
"versions\V0.3_homepage_kpi_calibration\demo_data\frontend_samples\assistant-compliance-packs\上级检查_环保合规资料包_202607\README.md","versions\V0.3_homepage_kpi_calibration\demo_data\frontend_samples\assistant-compliance-packs\上级检查_环保合规资料包_202607\README.md","936","27117D6232E1869CD330F3B00E1CF8C21EEE26CFAAA3B6BFF7420C38A288A0B3","27117D6232E1869CD330F3B00E1CF8C21EEE26CFAAA3B6BFF7420C38A288A0B3","True"
"versions\V0.3_homepage_kpi_calibration\demo_data\frontend_samples\assistant-compliance-packs\上级检查_环保合规资料包_202607\00_资料目录及缺失说明\README.md","versions\V0.3_homepage_kpi_calibration\demo_data\frontend_samples\assistant-compliance-packs\上级检查_环保合规资料包_202607\00_资料目录及缺失说明\README.md","92","B88BFB005A19E3826C530ADFF481A5A237D60F3A92BAB9C02CA8FB48F800EC64","B88BFB005A19E3826C530ADFF481A5A237D60F3A92BAB9C02CA8FB48F800EC64","True"
"versions\V0.3_homepage_kpi_calibration\demo_data\frontend_samples\assistant-compliance-packs\上级检查_环保合规资料包_202607\00_资料目录及缺失说明\资料目录及缺失说明.md","versions\V0.3_homepage_kpi_calibration\demo_data\frontend_samples\assistant-compliance-packs\上级检查_环保合规资料包_202607\00_资料目录及缺失说明\资料目录及缺失说明.md","2866","7A5EB638AAC00E7B02CE0C677FADB790AF494E9D896ED1370F53DED0497B4240","7A5EB638AAC00E7B02CE0C677FADB790AF494E9D896ED1370F53DED0497B4240","True"
"versions\V0.3_homepage_kpi_calibration\demo_data\frontend_samples\assistant-compliance-packs\上级检查_环保合规资料包_202607\01_审批文件与环评批复落实\清单_应备文件.md","versions\V0.3_homepage_kpi_calibration\demo_data\frontend_samples\assistant-compliance-packs\上级检查_环保合规资料包_202607\01_审批文件与环评批复落实\清单_应备文件.md","590","1B8C47184F2BFF547F8049FFE496D300F03913A4054D3BDF48956E26A582C2D5","1B8C47184F2BFF547F8049FFE496D300F03913A4054D3BDF48956E26A582C2D5","True"
"versions\V0.3_homepage_kpi_calibration\demo_data\frontend_samples\assistant-compliance-packs\上级检查_环保合规资料包_202607\01_审批文件与环评批复落实\环评及水保批复落实台账.md","versions\V0.3_homepage_kpi_calibration\demo_data\frontend_samples\assistant-compliance-packs\上级检查_环保合规资料包_202607\01_审批文件与环评批复落实\环评及水保批复落实台账.md","410","83D70DFBE43228C45BCF81C89B58CF9139D645B3BE1E7B1C4B7660F24C2D0FE1","83D70DFBE43228C45BCF81C89B58CF9139D645B3BE1E7B1C4B7660F24C2D0FE1","True"
"versions\V0.3_homepage_kpi_calibration\demo_data\frontend_samples\assistant-compliance-packs\上级检查_环保合规资料包_202607\01_审批文件与环评批复落实\罗宜高速水土保持方案批复.md","versions\V0.3_homepage_kpi_calibration\demo_data\frontend_samples\assistant-compliance-packs\上级检查_环保合规资料包_202607\01_审批文件与环评批复落实\罗宜高速水土保持方案批复.md","413","7F29C993806A2863A903749D604478392A1640BB2B00979FF38923E6FF079926","7F29C993806A2863A903749D604478392A1640BB2B00979FF38923E6FF079926","True"
"versions\V0.3_homepage_kpi_calibration\demo_data\frontend_samples\assistant-compliance-packs\上级检查_环保合规资料包_202607\01_审批文件与环评批复落实\罗宜高速环境影响评价批复.md","versions\V0.3_homepage_kpi_calibration\demo_data\frontend_samples\assistant-compliance-packs\上级检查_环保合规资料包_202607\01_审批文件与环评批复落实\罗宜高速环境影响评价批复.md","407","3F9A4E70602E8B5AAD2FB8686E67D4390ABDCEBCB3DB936D868BF4280E4A40B4","3F9A4E70602E8B5AAD2FB8686E67D4390ABDCEBCB3DB936D868BF4280E4A40B4","True"
"versions\V0.3_homepage_kpi_calibration\demo_data\frontend_samples\assistant-compliance-packs\上级检查_环保合规资料包_202607\01_审批文件与环评批复落实\罗宜高速环境影响评价报告书_摘要.md","versions\V0.3_homepage_kpi_calibration\demo_data\frontend_samples\assistant-compliance-packs\上级检查_环保合规资料包_202607\01_审批文件与环评批复落实\罗宜高速环境影响评价报告书_摘要.md","423","3B94247768FB7753E0916A154F243E5A69FF93504ECE0AE6752C51B33008D67E","3B94247768FB7753E0916A154F243E5A69FF93504ECE0AE6752C51B33008D67E","True"
"versions\V0.3_homepage_kpi_calibration\demo_data\frontend_samples\assistant-compliance-packs\上级检查_环保合规资料包_202607\01_审批文件与环评批复落实\重大变更及备案说明.md","versions\V0.3_homepage_kpi_calibration\demo_data\frontend_samples\assistant-compliance-packs\上级检查_环保合规资料包_202607\01_审批文件与环评批复落实\重大变更及备案说明.md","410","6594DE52B90FA32A4E1D6FD85E96AC76D47663DB94C7F62904C5637BF8CD2807","6594DE52B90FA32A4E1D6FD85E96AC76D47663DB94C7F62904C5637BF8CD2807","True"
"versions\V0.3_homepage_kpi_calibration\demo_data\frontend_samples\assistant-compliance-packs\上级检查_环保合规资料包_202607\02_环保组织机构与管理制度\专职环保管理人员任命文件.md","versions\V0.3_homepage_kpi_calibration\demo_data\frontend_samples\assistant-compliance-packs\上级检查_环保合规资料包_202607\02_环保组织机构与管理制度\专职环保管理人员任命文件.md","407","741F6EF89DD88768210FFDB22B38A5F3806A9445D9AD9856F5C854DF7410D4A5","741F6EF89DD88768210FFDB22B38A5F3806A9445D9AD9856F5C854DF7410D4A5","True"
"versions\V0.3_homepage_kpi_calibration\demo_data\frontend_samples\assistant-compliance-packs\上级检查_环保合规资料包_202607\02_环保组织机构与管理制度\清单_应备文件.md","versions\V0.3_homepage_kpi_calibration\demo_data\frontend_samples\assistant-compliance-packs\上级检查_环保合规资料包_202607\02_环保组织机构与管理制度\清单_应备文件.md","482","4545E0ED193820AC096823539CD222C8AC8CA3A438C9944AD72BB2B312D57961","4545E0ED193820AC096823539CD222C8AC8CA3A438C9944AD72BB2B312D57961","True"
"versions\V0.3_homepage_kpi_calibration\demo_data\frontend_samples\assistant-compliance-packs\上级检查_环保合规资料包_202607\02_环保组织机构与管理制度\环境保护目标责任书.md","versions\V0.3_homepage_kpi_calibration\demo_data\frontend_samples\assistant-compliance-packs\上级检查_环保合规资料包_202607\02_环保组织机构与管理制度\环境保护目标责任书.md","395","054836D0EA49CC02F5A904DFA2413B44A8DD57F1C7FAAB733AB83BBD63C52B37","054836D0EA49CC02F5A904DFA2413B44A8DD57F1C7FAAB733AB83BBD63C52B37","True"
"versions\V0.3_homepage_kpi_calibration\demo_data\frontend_samples\assistant-compliance-packs\上级检查_环保合规资料包_202607\02_环保组织机构与管理制度\环境保护管理制度汇编.md","versions\V0.3_homepage_kpi_calibration\demo_data\frontend_samples\assistant-compliance-packs\上级检查_环保合规资料包_202607\02_环保组织机构与管理制度\环境保护管理制度汇编.md","401","9C578BC4B8A7BFE71114C9FA4F95E799D22FA9EE7730ED136CCEDF8B43C31A4F","9C578BC4B8A7BFE71114C9FA4F95E799D22FA9EE7730ED136CCEDF8B43C31A4F","True"
"versions\V0.3_homepage_kpi_calibration\demo_data\frontend_samples\assistant-compliance-packs\上级检查_环保合规资料包_202607\02_环保组织机构与管理制度\项目环境保护组织架构及职责分工.md","versions\V0.3_homepage_kpi_calibration\demo_data\frontend_samples\assistant-compliance-packs\上级检查_环保合规资料包_202607\02_环保组织机构与管理制度\项目环境保护组织架构及职责分工.md","416","4083FB2086B015D875C5A71A9A64F824857E5258C2900B6F27FE3D075A2BB05B","4083FB2086B015D875C5A71A9A64F824857E5258C2900B6F27FE3D075A2BB05B","True"
"versions\V0.3_homepage_kpi_calibration\demo_data\frontend_samples\assistant-compliance-packs\上级检查_环保合规资料包_202607\03_施工环保方案及交底培训\专项方案审批意见.md","versions\V0.3_homepage_kpi_calibration\demo_data\frontend_samples\assistant-compliance-packs\上级检查_环保合规资料包_202607\03_施工环保方案及交底培训\专项方案审批意见.md","395","DDA1232A9DDFD15427D8EA78AF94A0250B85DFE6CE88C7F38055DD0F6AE73E36","DDA1232A9DDFD15427D8EA78AF94A0250B85DFE6CE88C7F38055DD0F6AE73E36","True"
"versions\V0.3_homepage_kpi_calibration\demo_data\frontend_samples\assistant-compliance-packs\上级检查_环保合规资料包_202607\03_施工环保方案及交底培训\施工环境保护专项方案.md","versions\V0.3_homepage_kpi_calibration\demo_data\frontend_samples\assistant-compliance-packs\上级检查_环保合规资料包_202607\03_施工环保方案及交底培训\施工环境保护专项方案.md","401","8971B19AB70F438190B026B62448B3EB3E4AEDFA72673331D44DF37D4EDD6C99","8971B19AB70F438190B026B62448B3EB3E4AEDFA72673331D44DF37D4EDD6C99","True"
"versions\V0.3_homepage_kpi_calibration\demo_data\frontend_samples\assistant-compliance-packs\上级检查_环保合规资料包_202607\03_施工环保方案及交底培训\清单_应备文件.md","versions\V0.3_homepage_kpi_calibration\demo_data\frontend_samples\assistant-compliance-packs\上级检查_环保合规资料包_202607\03_施工环保方案及交底培训\清单_应备文件.md","452","E332734E149881D056BCFC4FC55B20AADD6382A4B36447BF41E2CCE87DE12DB5","E332734E149881D056BCFC4FC55B20AADD6382A4B36447BF41E2CCE87DE12DB5","True"
"versions\V0.3_homepage_kpi_calibration\demo_data\frontend_samples\assistant-compliance-packs\上级检查_环保合规资料包_202607\03_施工环保方案及交底培训\环保培训签到表及课件摘要.md","versions\V0.3_homepage_kpi_calibration\demo_data\frontend_samples\assistant-compliance-packs\上级检查_环保合规资料包_202607\03_施工环保方案及交底培训\环保培训签到表及课件摘要.md","407","6035FE6DE822BC0223C3F505A35D256C0D79C68163C44C79C74424479D63E83A","6035FE6DE822BC0223C3F505A35D256C0D79C68163C44C79C74424479D63E83A","True"
"versions\V0.3_homepage_kpi_calibration\demo_data\frontend_samples\assistant-compliance-packs\上级检查_环保合规资料包_202607\03_施工环保方案及交底培训\环保技术交底记录.md","versions\V0.3_homepage_kpi_calibration\demo_data\frontend_samples\assistant-compliance-packs\上级检查_环保合规资料包_202607\03_施工环保方案及交底培训\环保技术交底记录.md","395","808205E1B6C2D96EE35C547E4FCBE3A700694A9ED7E326909A6B44737C620121","808205E1B6C2D96EE35C547E4FCBE3A700694A9ED7E326909A6B44737C620121","True"
"versions\V0.3_homepage_kpi_calibration\demo_data\frontend_samples\assistant-compliance-packs\上级检查_环保合规资料包_202607\04_日常巡查与污染防治设施运行\噪声污染防治措施落实记录.md","versions\V0.3_homepage_kpi_calibration\demo_data\frontend_samples\assistant-compliance-packs\上级检查_环保合规资料包_202607\04_日常巡查与污染防治设施运行\噪声污染防治措施落实记录.md","413","E5075D9759F35FE55FC5C65378045FBA7B307156653404ED290CD96E232C296F","E5075D9759F35FE55FC5C65378045FBA7B307156653404ED290CD96E232C296F","True"
"versions\V0.3_homepage_kpi_calibration\demo_data\frontend_samples\assistant-compliance-packs\上级检查_环保合规资料包_202607\04_日常巡查与污染防治设施运行\施工扬尘防治检查表.md","versions\V0.3_homepage_kpi_calibration\demo_data\frontend_samples\assistant-compliance-packs\上级检查_环保合规资料包_202607\04_日常巡查与污染防治设施运行\施工扬尘防治检查表.md","404","6A26B039B2663BFE60402A3E1D522FFC5066D8A86B698900CDCB7583725AFDD1","6A26B039B2663BFE60402A3E1D522FFC5066D8A86B698900CDCB7583725AFDD1","True"
"versions\V0.3_homepage_kpi_calibration\demo_data\frontend_samples\assistant-compliance-packs\上级检查_环保合规资料包_202607\04_日常巡查与污染防治设施运行\施工现场环保日常巡查记录.md","versions\V0.3_homepage_kpi_calibration\demo_data\frontend_samples\assistant-compliance-packs\上级检查_环保合规资料包_202607\04_日常巡查与污染防治设施运行\施工现场环保日常巡查记录.md","413","860C9112C3B03CDFBFACEF7E39A427073B1B3CC7C6A2F8B03569C5B76E5D4713","860C9112C3B03CDFBFACEF7E39A427073B1B3CC7C6A2F8B03569C5B76E5D4713","True"
"versions\V0.3_homepage_kpi_calibration\demo_data\frontend_samples\assistant-compliance-packs\上级检查_环保合规资料包_202607\04_日常巡查与污染防治设施运行\沉淀池及污水处理设施运行台账.md","versions\V0.3_homepage_kpi_calibration\demo_data\frontend_samples\assistant-compliance-packs\上级检查_环保合规资料包_202607\04_日常巡查与污染防治设施运行\沉淀池及污水处理设施运行台账.md","419","5A98C4D02ABC49254D9B475B53AC5B33DDBF7447CB328A30B717FF02A187AD02","5A98C4D02ABC49254D9B475B53AC5B33DDBF7447CB328A30B717FF02A187AD02","True"
"versions\V0.3_homepage_kpi_calibration\demo_data\frontend_samples\assistant-compliance-packs\上级检查_环保合规资料包_202607\04_日常巡查与污染防治设施运行\洒水抑尘作业台账.md","versions\V0.3_homepage_kpi_calibration\demo_data\frontend_samples\assistant-compliance-packs\上级检查_环保合规资料包_202607\04_日常巡查与污染防治设施运行\洒水抑尘作业台账.md","401","AC6B5EB7A8031C2A3C3810CBE092413D790C0BB0118EC7BB281D240D8D72D491","AC6B5EB7A8031C2A3C3810CBE092413D790C0BB0118EC7BB281D240D8D72D491","True"
"versions\V0.3_homepage_kpi_calibration\demo_data\frontend_samples\assistant-compliance-packs\上级检查_环保合规资料包_202607\04_日常巡查与污染防治设施运行\清单_应备文件.md","versions\V0.3_homepage_kpi_calibration\demo_data\frontend_samples\assistant-compliance-packs\上级检查_环保合规资料包_202607\04_日常巡查与污染防治设施运行\清单_应备文件.md","549","CCAA441A5356FE73591455EA96B04A120E5862C151D72CCFF94DAE234363F22D","CCAA441A5356FE73591455EA96B04A120E5862C151D72CCFF94DAE234363F22D","True"
"versions\V0.3_homepage_kpi_calibration\demo_data\frontend_samples\assistant-compliance-packs\上级检查_环保合规资料包_202607\05_施工期环境监测\施工期环境监测方案.md","versions\V0.3_homepage_kpi_calibration\demo_data\frontend_samples\assistant-compliance-packs\上级检查_环保合规资料包_202607\05_施工期环境监测\施工期环境监测方案.md","386","CAE3E23493C4AAEB88864C5B6A5358EC5DBC61BCA2AEB403CEDD59ED186BE486","CAE3E23493C4AAEB88864C5B6A5358EC5DBC61BCA2AEB403CEDD59ED186BE486","True"
"versions\V0.3_homepage_kpi_calibration\demo_data\frontend_samples\assistant-compliance-packs\上级检查_环保合规资料包_202607\05_施工期环境监测\清单_应备文件.md","versions\V0.3_homepage_kpi_calibration\demo_data\frontend_samples\assistant-compliance-packs\上级检查_环保合规资料包_202607\05_施工期环境监测\清单_应备文件.md","645","44ED71EA8C9E152507913D153600284818BD7F0FFF386A2C56EF76352AE72DAA","44ED71EA8C9E152507913D153600284818BD7F0FFF386A2C56EF76352AE72DAA","True"
"versions\V0.3_homepage_kpi_calibration\demo_data\frontend_samples\assistant-compliance-packs\上级检查_环保合规资料包_202607\05_施工期环境监测\罗宜高速_2026年6月施工期环境监测月报.md","versions\V0.3_homepage_kpi_calibration\demo_data\frontend_samples\assistant-compliance-packs\上级检查_环保合规资料包_202607\05_施工期环境监测\罗宜高速_2026年6月施工期环境监测月报.md","404","438DB8D7B30C2553B6215F7873810D27FFF81AC250A18F0258A0255BDA5A14FD","438DB8D7B30C2553B6215F7873810D27FFF81AC250A18F0258A0255BDA5A14FD","True"
"versions\V0.3_homepage_kpi_calibration\demo_data\frontend_samples\assistant-compliance-packs\上级检查_环保合规资料包_202607\05_施工期环境监测\罗宜高速_2026年第三季度环境监测送检委托及计划.md","versions\V0.3_homepage_kpi_calibration\demo_data\frontend_samples\assistant-compliance-packs\上级检查_环保合规资料包_202607\05_施工期环境监测\罗宜高速_2026年第三季度环境监测送检委托及计划.md","439","62AC2DD05472D50ADFA8E9009709CA049F32AAFC0163D91A3BC7369D36B4D57A","62AC2DD05472D50ADFA8E9009709CA049F32AAFC0163D91A3BC7369D36B4D57A","True"
"versions\V0.3_homepage_kpi_calibration\demo_data\frontend_samples\assistant-compliance-packs\上级检查_环保合规资料包_202607\05_施工期环境监测\罗宜高速_2026年第二季度施工期环境监测季报.md","versions\V0.3_homepage_kpi_calibration\demo_data\frontend_samples\assistant-compliance-packs\上级检查_环保合规资料包_202607\05_施工期环境监测\罗宜高速_2026年第二季度施工期环境监测季报.md","440","0A4FFEFAAE507C18D6D6266D13DAB35247ADAD02B863DED4387D509ED1117C49","0A4FFEFAAE507C18D6D6266D13DAB35247ADAD02B863DED4387D509ED1117C49","True"
"versions\V0.3_homepage_kpi_calibration\demo_data\frontend_samples\assistant-compliance-packs\上级检查_环保合规资料包_202607\05_施工期环境监测\超标监测处置与复测记录.md","versions\V0.3_homepage_kpi_calibration\demo_data\frontend_samples\assistant-compliance-packs\上级检查_环保合规资料包_202607\05_施工期环境监测\超标监测处置与复测记录.md","392","6826C0F82ED6833B27F7DD5660BB2EEA842DFEF03E86EDF039B70EDB0AB5885C","6826C0F82ED6833B27F7DD5660BB2EEA842DFEF03E86EDF039B70EDB0AB5885C","True"
"versions\V0.3_homepage_kpi_calibration\demo_data\frontend_samples\assistant-compliance-packs\上级检查_环保合规资料包_202607\06_环保监理检查\清单_应备文件.md","versions\V0.3_homepage_kpi_calibration\demo_data\frontend_samples\assistant-compliance-packs\上级检查_环保合规资料包_202607\06_环保监理检查\清单_应备文件.md","481","62E97AAB824BD308F0DAF8696549D9463B7997E7B4D6C745249DD9385C116B65","62E97AAB824BD308F0DAF8696549D9463B7997E7B4D6C745249DD9385C116B65","True"
"versions\V0.3_homepage_kpi_calibration\demo_data\frontend_samples\assistant-compliance-packs\上级检查_环保合规资料包_202607\06_环保监理检查\环保监理巡视记录.md","versions\V0.3_homepage_kpi_calibration\demo_data\frontend_samples\assistant-compliance-packs\上级检查_环保合规资料包_202607\06_环保监理检查\环保监理巡视记录.md","380","2B817315F66BE74B9E66A5EE3FC1F97047C4A8DA6FBF0EE6E3115DD22A654065","2B817315F66BE74B9E66A5EE3FC1F97047C4A8DA6FBF0EE6E3115DD22A654065","True"
"versions\V0.3_homepage_kpi_calibration\demo_data\frontend_samples\assistant-compliance-packs\上级检查_环保合规资料包_202607\06_环保监理检查\环保监理通知单汇编.md","versions\V0.3_homepage_kpi_calibration\demo_data\frontend_samples\assistant-compliance-packs\上级检查_环保合规资料包_202607\06_环保监理检查\环保监理通知单汇编.md","383","B3D35E1AC414A992AA872F09409B3BD36B2011F6BB0E55B42A2A735B72AD1D64","B3D35E1AC414A992AA872F09409B3BD36B2011F6BB0E55B42A2A735B72AD1D64","True"
"versions\V0.3_homepage_kpi_calibration\demo_data\frontend_samples\assistant-compliance-packs\上级检查_环保合规资料包_202607\06_环保监理检查\监理旁站及平行检测摘要.md","versions\V0.3_homepage_kpi_calibration\demo_data\frontend_samples\assistant-compliance-packs\上级检查_环保合规资料包_202607\06_环保监理检查\监理旁站及平行检测摘要.md","396","8F83504BB37767D3BA026601730711237435478BD9F5320407EED9BA6390538C","8F83504BB37767D3BA026601730711237435478BD9F5320407EED9BA6390538C","True"
"versions\V0.3_homepage_kpi_calibration\demo_data\frontend_samples\assistant-compliance-packs\上级检查_环保合规资料包_202607\06_环保监理检查\监理月报_环境保护专章_2026年6月.md","versions\V0.3_homepage_kpi_calibration\demo_data\frontend_samples\assistant-compliance-packs\上级检查_环保合规资料包_202607\06_环保监理检查\监理月报_环境保护专章_2026年6月.md","411","54622A1A9C123765C2FC8D5399B7B9BCDF2D8347F6E227FE950246C8B51E5606","54622A1A9C123765C2FC8D5399B7B9BCDF2D8347F6E227FE950246C8B51E5606","True"
"versions\V0.3_homepage_kpi_calibration\demo_data\frontend_samples\assistant-compliance-packs\上级检查_环保合规资料包_202607\07_环保问题整改与闭环\复查销项证明材料清单.md","versions\V0.3_homepage_kpi_calibration\demo_data\frontend_samples\assistant-compliance-packs\上级检查_环保合规资料包_202607\07_环保问题整改与闭环\复查销项证明材料清单.md","395","4EDD3D380A1A8A7D5720DC79A37096B8CA3176682968C07CF704FC6A6F01A825","4EDD3D380A1A8A7D5720DC79A37096B8CA3176682968C07CF704FC6A6F01A825","True"
"versions\V0.3_homepage_kpi_calibration\demo_data\frontend_samples\assistant-compliance-packs\上级检查_环保合规资料包_202607\07_环保问题整改与闭环\整改回单及现场复核记录.md","versions\V0.3_homepage_kpi_calibration\demo_data\frontend_samples\assistant-compliance-packs\上级检查_环保合规资料包_202607\07_环保问题整改与闭环\整改回单及现场复核记录.md","398","74761C744350EC89A7CB851D4D066A29FF2C7FF455C1724ED68E4261E78F2086","74761C744350EC89A7CB851D4D066A29FF2C7FF455C1724ED68E4261E78F2086","True"
"versions\V0.3_homepage_kpi_calibration\demo_data\frontend_samples\assistant-compliance-packs\上级检查_环保合规资料包_202607\07_环保问题整改与闭环\未闭环环保问题摘要说明.txt","versions\V0.3_homepage_kpi_calibration\demo_data\frontend_samples\assistant-compliance-packs\上级检查_环保合规资料包_202607\07_环保问题整改与闭环\未闭环环保问题摘要说明.txt","229","D18F1F4A292F2DEB9B5C0B507A4D8DB8C0CF2D933EADE65083383FD59FC51FDA","D18F1F4A292F2DEB9B5C0B507A4D8DB8C0CF2D933EADE65083383FD59FC51FDA","True"
"versions\V0.3_homepage_kpi_calibration\demo_data\frontend_samples\assistant-compliance-packs\上级检查_环保合规资料包_202607\07_环保问题整改与闭环\清单_应备文件.md","versions\V0.3_homepage_kpi_calibration\demo_data\frontend_samples\assistant-compliance-packs\上级检查_环保合规资料包_202607\07_环保问题整改与闭环\清单_应备文件.md","494","8B0D22C528CDE58C92CACFE1DB2D36BF1B76E1B3F7A491015F5A51E1EC8A4E40","8B0D22C528CDE58C92CACFE1DB2D36BF1B76E1B3F7A491015F5A51E1EC8A4E40","True"
"versions\V0.3_homepage_kpi_calibration\demo_data\frontend_samples\assistant-compliance-packs\上级检查_环保合规资料包_202607\07_环保问题整改与闭环\环保问题整改台账.md","versions\V0.3_homepage_kpi_calibration\demo_data\frontend_samples\assistant-compliance-packs\上级检查_环保合规资料包_202607\07_环保问题整改与闭环\环保问题整改台账.md","405","AA26A3BF90372A53812AC6D095FD9F36F36506E7DED367087FBF9D120C6A6172","AA26A3BF90372A53812AC6D095FD9F36F36506E7DED367087FBF9D120C6A6172","True"
"versions\V0.3_homepage_kpi_calibration\demo_data\frontend_samples\assistant-compliance-packs\上级检查_环保合规资料包_202607\08_固废危废及应急管理\一般工业固体废物产生及处置台账.md","versions\V0.3_homepage_kpi_calibration\demo_data\frontend_samples\assistant-compliance-packs\上级检查_环保合规资料包_202607\08_固废危废及应急管理\一般工业固体废物产生及处置台账.md","410","CE5604539E5988C9B51292E4DD157163838D1D5E94454B89A8CA21B3357C7CFE","CE5604539E5988C9B51292E4DD157163838D1D5E94454B89A8CA21B3357C7CFE","True"
"versions\V0.3_homepage_kpi_calibration\demo_data\frontend_samples\assistant-compliance-packs\上级检查_环保合规资料包_202607\08_固废危废及应急管理\危险废物转移联单及台账.md","versions\V0.3_homepage_kpi_calibration\demo_data\frontend_samples\assistant-compliance-packs\上级检查_环保合规资料包_202607\08_固废危废及应急管理\危险废物转移联单及台账.md","398","00083A4D94E2F456F33C62C3B86C19D15B9180FE4EF3723C3A81D945518D9AA1","00083A4D94E2F456F33C62C3B86C19D15B9180FE4EF3723C3A81D945518D9AA1","True"
"versions\V0.3_homepage_kpi_calibration\demo_data\frontend_samples\assistant-compliance-packs\上级检查_环保合规资料包_202607\08_固废危废及应急管理\清单_应备文件.md","versions\V0.3_homepage_kpi_calibration\demo_data\frontend_samples\assistant-compliance-packs\上级检查_环保合规资料包_202607\08_固废危废及应急管理\清单_应备文件.md","555","887BBB7A76137DC8662EFE142A6486A8B0083FEFAA0A1B059F9C71A6706A807A","887BBB7A76137DC8662EFE142A6486A8B0083FEFAA0A1B059F9C71A6706A807A","True"
"versions\V0.3_homepage_kpi_calibration\demo_data\frontend_samples\assistant-compliance-packs\上级检查_环保合规资料包_202607\08_固废危废及应急管理\突发环境事件应急预案.md","versions\V0.3_homepage_kpi_calibration\demo_data\frontend_samples\assistant-compliance-packs\上级检查_环保合规资料包_202607\08_固废危废及应急管理\突发环境事件应急预案.md","395","F474CD99E415A52B658DB219CAC0005854B5B771FFAF96AAA9DCBCC759219153","F474CD99E415A52B658DB219CAC0005854B5B771FFAF96AAA9DCBCC759219153","True"
"versions\V0.3_homepage_kpi_calibration\demo_data\frontend_samples\assistant-compliance-packs\上级检查_环保合规资料包_202607\08_固废危废及应急管理\罗宜高速_突发环境事件应急预案演练记录_2026年第二季度.md","versions\V0.3_homepage_kpi_calibration\demo_data\frontend_samples\assistant-compliance-packs\上级检查_环保合规资料包_202607\08_固废危废及应急管理\罗宜高速_突发环境事件应急预案演练记录_2026年第二季度.md","468","8C2D5461DFA05FF23253BC22E695C2408C59FECBFDD99CF1B2045AFB763226E9","8C2D5461DFA05FF23253BC22E695C2408C59FECBFDD99CF1B2045AFB763226E9","True"
"versions\V0.3_homepage_kpi_calibration\demo_data\frontend_samples\assistant-compliance-packs\上级检查_环保合规资料包_202607\09_生态保护与水土保持\临时用地植被恢复记录.md","versions\V0.3_homepage_kpi_calibration\demo_data\frontend_samples\assistant-compliance-packs\上级检查_环保合规资料包_202607\09_生态保护与水土保持\临时用地植被恢复记录.md","395","2BE4A8FE8452BE848F5C3FC89517AD84FC383276F1697CA211E5308475D30902","2BE4A8FE8452BE848F5C3FC89517AD84FC383276F1697CA211E5308475D30902","True"
"versions\V0.3_homepage_kpi_calibration\demo_data\frontend_samples\assistant-compliance-packs\上级检查_环保合规资料包_202607\09_生态保护与水土保持\水土保持监测方案.md","versions\V0.3_homepage_kpi_calibration\demo_data\frontend_samples\assistant-compliance-packs\上级检查_环保合规资料包_202607\09_生态保护与水土保持\水土保持监测方案.md","395","B341FBCA43C99A1628189E388CF5D694BBA73D1D4E8D0BCC0613D9D277E3112C","B341FBCA43C99A1628189E388CF5D694BBA73D1D4E8D0BCC0613D9D277E3112C","True"
"versions\V0.3_homepage_kpi_calibration\demo_data\frontend_samples\assistant-compliance-packs\上级检查_环保合规资料包_202607\09_生态保护与水土保持\清单_应备文件.md","versions\V0.3_homepage_kpi_calibration\demo_data\frontend_samples\assistant-compliance-packs\上级检查_环保合规资料包_202607\09_生态保护与水土保持\清单_应备文件.md","492","A0A3F02364AF5E7F2A6ED7D353B5DCDD8F3AD917A4190770D3BBC84F4D1D62A4","A0A3F02364AF5E7F2A6ED7D353B5DCDD8F3AD917A4190770D3BBC84F4D1D62A4","True"
"versions\V0.3_homepage_kpi_calibration\demo_data\frontend_samples\assistant-compliance-packs\上级检查_环保合规资料包_202607\09_生态保护与水土保持\罗宜高速_2026年7月水土保持监测月报摘要.csv","versions\V0.3_homepage_kpi_calibration\demo_data\frontend_samples\assistant-compliance-packs\上级检查_环保合规资料包_202607\09_生态保护与水土保持\罗宜高速_2026年7月水土保持监测月报摘要.csv","173","351D1687268B2ADC962179E5F9E8489710411542BE076253DFA85B2FA52F5947","351D1687268B2ADC962179E5F9E8489710411542BE076253DFA85B2FA52F5947","True"
"versions\V0.3_homepage_kpi_calibration\demo_data\frontend_samples\assistant-compliance-packs\上级检查_环保合规资料包_202607\09_生态保护与水土保持\表土剥离与保护台账.md","versions\V0.3_homepage_kpi_calibration\demo_data\frontend_samples\assistant-compliance-packs\上级检查_环保合规资料包_202607\09_生态保护与水土保持\表土剥离与保护台账.md","392","37B4A7082A19087317105A8DB817844C06A4AA2603A73315BC832BFCD7B779EB","37B4A7082A19087317105A8DB817844C06A4AA2603A73315BC832BFCD7B779EB","True"
"versions\V0.3_homepage_kpi_calibration\demo_data\frontend_samples\assistant-compliance-packs\上级检查_环保合规资料包_202607\10_环保月报及阶段总结\施工期环境保护阶段工作总结.md","versions\V0.3_homepage_kpi_calibration\demo_data\frontend_samples\assistant-compliance-packs\上级检查_环保合规资料包_202607\10_环保月报及阶段总结\施工期环境保护阶段工作总结.md","404","8C5A7C3D775A1A87C34D6CB5B523CF67211AFC57184CBAAD164B77B1AEEA39E1","8C5A7C3D775A1A87C34D6CB5B523CF67211AFC57184CBAAD164B77B1AEEA39E1","True"
"versions\V0.3_homepage_kpi_calibration\demo_data\frontend_samples\assistant-compliance-packs\上级检查_环保合规资料包_202607\10_环保月报及阶段总结\清单_应备文件.md","versions\V0.3_homepage_kpi_calibration\demo_data\frontend_samples\assistant-compliance-packs\上级检查_环保合规资料包_202607\10_环保月报及阶段总结\清单_应备文件.md","446","EE082B5D925647967ED699FF56C9A4CF13889283B0FAD0ABE0859DD2C2339D05","EE082B5D925647967ED699FF56C9A4CF13889283B0FAD0ABE0859DD2C2339D05","True"
"versions\V0.3_homepage_kpi_calibration\demo_data\frontend_samples\assistant-compliance-packs\上级检查_环保合规资料包_202607\10_环保月报及阶段总结\罗宜高速_2026年6月环境保护月报.md","versions\V0.3_homepage_kpi_calibration\demo_data\frontend_samples\assistant-compliance-packs\上级检查_环保合规资料包_202607\10_环保月报及阶段总结\罗宜高速_2026年6月环境保护月报.md","407","8D25B1BF1723C825C05C53C74E6F2D96E145584142FDC147D061B07601B8E907","8D25B1BF1723C825C05C53C74E6F2D96E145584142FDC147D061B07601B8E907","True"
"versions\V0.3_homepage_kpi_calibration\demo_data\frontend_samples\assistant-compliance-packs\上级检查_环保合规资料包_202607\10_环保月报及阶段总结\罗宜高速_环境保护合规性评价报告_2026.md","versions\V0.3_homepage_kpi_calibration\demo_data\frontend_samples\assistant-compliance-packs\上级检查_环保合规资料包_202607\10_环保月报及阶段总结\罗宜高速_环境保护合规性评价报告_2026.md","441","27F5CB77DDAA3505F3676772C759650CEECD374BC66C592159531CD1BE1CA90C","27F5CB77DDAA3505F3676772C759650CEECD374BC66C592159531CD1BE1CA90C","True"
"versions\V0.3_homepage_kpi_calibration\demo_data\frontend_samples\assistant-compliance-packs\上级检查_环保合规资料包_202607\11_上级检查、投诉及处罚整改\上级环保检查核查项清单.md","versions\V0.3_homepage_kpi_calibration\demo_data\frontend_samples\assistant-compliance-packs\上级检查_环保合规资料包_202607\11_上级检查、投诉及处罚整改\上级环保检查核查项清单.md","410","DF500E020E304733297F808FE803521CAFDC7CBD7AA5B1388C037BF1988A2F7E","DF500E020E304733297F808FE803521CAFDC7CBD7AA5B1388C037BF1988A2F7E","True"
"versions\V0.3_homepage_kpi_calibration\demo_data\frontend_samples\assistant-compliance-packs\上级检查_环保合规资料包_202607\11_上级检查、投诉及处罚整改\上级环保检查通知及反馈汇编.md","versions\V0.3_homepage_kpi_calibration\demo_data\frontend_samples\assistant-compliance-packs\上级检查_环保合规资料包_202607\11_上级检查、投诉及处罚整改\上级环保检查通知及反馈汇编.md","420","FFE61ADCEEF133575C98962F5DD9E930905294E424BB21F640A759EF71D0FE09","FFE61ADCEEF133575C98962F5DD9E930905294E424BB21F640A759EF71D0FE09","True"
"versions\V0.3_homepage_kpi_calibration\demo_data\frontend_samples\assistant-compliance-packs\上级检查_环保合规资料包_202607\11_上级检查、投诉及处罚整改\清单_应备文件.md","versions\V0.3_homepage_kpi_calibration\demo_data\frontend_samples\assistant-compliance-packs\上级检查_环保合规资料包_202607\11_上级检查、投诉及处罚整改\清单_应备文件.md","504","06A6EB7692697849D048B3878421B48F242E751EE0BAC2AA6D6BB2A8DC5D107E","06A6EB7692697849D048B3878421B48F242E751EE0BAC2AA6D6BB2A8DC5D107E","True"
"versions\V0.3_homepage_kpi_calibration\demo_data\frontend_samples\assistant-compliance-packs\上级检查_环保合规资料包_202607\11_上级检查、投诉及处罚整改\环境信访投诉处置台账.md","versions\V0.3_homepage_kpi_calibration\demo_data\frontend_samples\assistant-compliance-packs\上级检查_环保合规资料包_202607\11_上级检查、投诉及处罚整改\环境信访投诉处置台账.md","404","DA8FABF88C0B16ECA6F03229A938F0010C20F12387C6C72E944071A302B046D7","DA8FABF88C0B16ECA6F03229A938F0010C20F12387C6C72E944071A302B046D7","True"
"versions\V0.3_homepage_kpi_calibration\demo_data\frontend_samples\assistant-compliance-packs\上级检查_环保合规资料包_202607\11_上级检查、投诉及处罚整改\行政处罚及整改闭环材料.md","versions\V0.3_homepage_kpi_calibration\demo_data\frontend_samples\assistant-compliance-packs\上级检查_环保合规资料包_202607\11_上级检查、投诉及处罚整改\行政处罚及整改闭环材料.md","419","EE04769198B4A53B824DDC3E5DDFB919B34C3364A91BCED93DAE7FB6788A78E1","EE04769198B4A53B824DDC3E5DDFB919B34C3364A91BCED93DAE7FB6788A78E1","True"
"versions\V0.3_homepage_kpi_calibration\demo_data\frontend_samples\assistant-compliance-packs\上级检查_综合合规资料包_202607\01_清单_合规资料目录.md","versions\V0.3_homepage_kpi_calibration\demo_data\frontend_samples\assistant-compliance-packs\上级检查_综合合规资料包_202607\01_清单_合规资料目录.md","701","077673253B85A15CC2958EFE4B43E7631F7515EE693CA423EDDF793483B6548B","077673253B85A15CC2958EFE4B43E7631F7515EE693CA423EDDF793483B6548B","True"
"versions\V0.3_homepage_kpi_calibration\demo_data\frontend_samples\assistant-compliance-packs\上级检查_综合合规资料包_202607\README.md","versions\V0.3_homepage_kpi_calibration\demo_data\frontend_samples\assistant-compliance-packs\上级检查_综合合规资料包_202607\README.md","770","E53EB3DD1D4AB094EA94C697C55C415517F02340F269429CBF4762BE82B3DC4B","E53EB3DD1D4AB094EA94C697C55C415517F02340F269429CBF4762BE82B3DC4B","True"
"versions\V0.3_homepage_kpi_calibration\demo_data\frontend_samples\assistant-compliance-packs\上级检查_综合合规资料包_202607\02_合同履约\合同与履约合规检查表.md","versions\V0.3_homepage_kpi_calibration\demo_data\frontend_samples\assistant-compliance-packs\上级检查_综合合规资料包_202607\02_合同履约\合同与履约合规检查表.md","421","6D2F1B74F7CAA20ED6EC6342949469775A259197052321B00A2085E2127CD1EE","6D2F1B74F7CAA20ED6EC6342949469775A259197052321B00A2085E2127CD1EE","True"
"versions\V0.3_homepage_kpi_calibration\demo_data\frontend_samples\assistant-compliance-packs\上级检查_综合合规资料包_202607\03_合规资料缺口\待补齐关键合规资料摘录.csv","versions\V0.3_homepage_kpi_calibration\demo_data\frontend_samples\assistant-compliance-packs\上级检查_综合合规资料包_202607\03_合规资料缺口\待补齐关键合规资料摘录.csv","383","302070273734CAE9F7FDB92CDC681B7E52B28DB7445ECA292172255C3E04CE6A","302070273734CAE9F7FDB92CDC681B7E52B28DB7445ECA292172255C3E04CE6A","True"
"versions\V0.3_homepage_kpi_calibration\demo_data\frontend_samples\assistant-compliance-packs\上级检查_综合合规资料包_202607\04_报批报建\未完成报批报建手续进度摘要.txt","versions\V0.3_homepage_kpi_calibration\demo_data\frontend_samples\assistant-compliance-packs\上级检查_综合合规资料包_202607\04_报批报建\未完成报批报建手续进度摘要.txt","510","571AA6339FB33EB2C717E9DB417374E194DDC1A70B71DE1EF00500A50E5377B8","571AA6339FB33EB2C717E9DB417374E194DDC1A70B71DE1EF00500A50E5377B8","True"
"versions\V0.3_homepage_kpi_calibration\demo_data\frontend_test_data\esg-smart-entry\01_环境监测原始记录_2026年6月.pdf","versions\V0.3_homepage_kpi_calibration\demo_data\frontend_test_data\esg-smart-entry\01_环境监测原始记录_2026年6月.pdf","73431","2C701293320341869345DA4374F5F2A0F121AA2A166061EE53662577E2FCA172","2C701293320341869345DA4374F5F2A0F121AA2A166061EE53662577E2FCA172","True"
"versions\V0.3_homepage_kpi_calibration\demo_data\frontend_test_data\esg-smart-entry\01_环境监测原始记录_2026年6月.xlsx","versions\V0.3_homepage_kpi_calibration\demo_data\frontend_test_data\esg-smart-entry\01_环境监测原始记录_2026年6月.xlsx","6443","1C177CD21D67AAF6B0EB03055CF71EA0BDCC5CE5D25594F3A21A24A41CCC759D","1C177CD21D67AAF6B0EB03055CF71EA0BDCC5CE5D25594F3A21A24A41CCC759D","True"
"versions\V0.3_homepage_kpi_calibration\demo_data\frontend_test_data\esg-smart-entry\02_水保问题整改台账_2026年6月.pdf","versions\V0.3_homepage_kpi_calibration\demo_data\frontend_test_data\esg-smart-entry\02_水保问题整改台账_2026年6月.pdf","90672","A2E5A4AE24633D1877EC8A6902D6A9A187479065A2C61EDE5FEE335D543F3AF6","A2E5A4AE24633D1877EC8A6902D6A9A187479065A2C61EDE5FEE335D543F3AF6","True"
"versions\V0.3_homepage_kpi_calibration\demo_data\frontend_test_data\esg-smart-entry\02_水保问题整改台账_2026年6月.xlsx","versions\V0.3_homepage_kpi_calibration\demo_data\frontend_test_data\esg-smart-entry\02_水保问题整改台账_2026年6月.xlsx","7200","F4EBC9E0A8A926EDD49526B1B923549DB7EE34D16DC383C0C5B7DCB742D78C9F","F4EBC9E0A8A926EDD49526B1B923549DB7EE34D16DC383C0C5B7DCB742D78C9F","True"
"versions\V0.3_homepage_kpi_calibration\demo_data\frontend_test_data\esg-smart-entry\03_碳排放活动数据_2026年6月.pdf","versions\V0.3_homepage_kpi_calibration\demo_data\frontend_test_data\esg-smart-entry\03_碳排放活动数据_2026年6月.pdf","69631","A2AD1B1657CECFEB95504FEFFEF2684223D48202C68E4360412D92994C10DCE5","A2AD1B1657CECFEB95504FEFFEF2684223D48202C68E4360412D92994C10DCE5","True"
"versions\V0.3_homepage_kpi_calibration\demo_data\frontend_test_data\esg-smart-entry\03_碳排放活动数据_2026年6月.xlsx","versions\V0.3_homepage_kpi_calibration\demo_data\frontend_test_data\esg-smart-entry\03_碳排放活动数据_2026年6月.xlsx","6369","5894257184670761CF774FAFC3CB52B9E4E3801ECB4B814E3C46D2B25E728FE4","5894257184670761CF774FAFC3CB52B9E4E3801ECB4B814E3C46D2B25E728FE4","True"
"versions\V0.3_homepage_kpi_calibration\demo_data\frontend_test_data\esg-smart-entry\填报资料使用说明.md","versions\V0.3_homepage_kpi_calibration\demo_data\frontend_test_data\esg-smart-entry\填报资料使用说明.md","848","E16B89818D95CE2AAE62C5ACD11B147EDD0B8A0E8A7517D96571119640AC0D92","E16B89818D95CE2AAE62C5ACD11B147EDD0B8A0E8A7517D96571119640AC0D92","True"
"versions\V0.3_homepage_kpi_calibration\demo_data\frontend_test_data\esg-smart-entry\测试数据使用说明.md","versions\V0.3_homepage_kpi_calibration\demo_data\frontend_test_data\esg-smart-entry\测试数据使用说明.md","2675","43E98EBD1AD51B85FBCDD21B0CBDCCA27E8AEE78513AD317D94DC7BF90D38E0C","43E98EBD1AD51B85FBCDD21B0CBDCCA27E8AEE78513AD317D94DC7BF90D38E0C","True"
"versions\V0.3_homepage_kpi_calibration\docs\freeze_created_at.txt","versions\V0.3_homepage_kpi_calibration\docs\freeze_created_at.txt","31","C3467BD8062200AB11AA9950012066EFF2B82FC2EBC72E020578CA02BE17BAE7","C3467BD8062200AB11AA9950012066EFF2B82FC2EBC72E020578CA02BE17BAE7","True"
"versions\V0.3_homepage_kpi_calibration\docs\freeze_git_head.txt","versions\V0.3_homepage_kpi_calibration\docs\freeze_git_head.txt","81","656E05AD39F09F2A74568086B3409FC373AF71587559943208C3556B31B879AD","656E05AD39F09F2A74568086B3409FC373AF71587559943208C3556B31B879AD","True"
"versions\V0.3_homepage_kpi_calibration\docs\freeze_git_status.txt","versions\V0.3_homepage_kpi_calibration\docs\freeze_git_status.txt","17531","476667E8A6DB5C9DBD60CED50B507FF8793AA98BAA2BCE5654E7030BDB0A27CF","476667E8A6DB5C9DBD60CED50B507FF8793AA98BAA2BCE5654E7030BDB0A27CF","True"
"versions\V0.3_homepage_kpi_calibration\docs\migration_manifest_v1.1.md","versions\V0.3_homepage_kpi_calibration\docs\migration_manifest_v1.1.md","5666","65F7740A9A05FA750067428681E0B21BB7E60B3D412149E1A3EC8785024FB827","65F7740A9A05FA750067428681E0B21BB7E60B3D412149E1A3EC8785024FB827","True"
"versions\V0.3_homepage_kpi_calibration\docs\root","versions\V0.3_homepage_kpi_calibration\docs\root","5308","045EF52E437B455561CD0ED7E06120F2CBDC8DBFA735056A616C348B769F4B81","045EF52E437B455561CD0ED7E06120F2CBDC8DBFA735056A616C348B769F4B81","True"
"versions\V0.3_homepage_kpi_calibration\docs\deployment\scripts\start-luoyi-esg.ps1","versions\V0.3_homepage_kpi_calibration\docs\deployment\scripts\start-luoyi-esg.ps1","6100","708F5F10567B560CD1B0D7E9BAF6B261B49448DFC3B1DBF8295EAEC83D08BDDD","708F5F10567B560CD1B0D7E9BAF6B261B49448DFC3B1DBF8295EAEC83D08BDDD","True"
"versions\V0.3_homepage_kpi_calibration\docs\docs\ai-collaboration.md","versions\V0.3_homepage_kpi_calibration\docs\docs\ai-collaboration.md","3412","9358214FA2727A9E7DB2DA6DD27C4A6AF807DBCE5D974AEFC1194CD1AAB8FE39","9358214FA2727A9E7DB2DA6DD27C4A6AF807DBCE5D974AEFC1194CD1AAB8FE39","True"
"versions\V0.3_homepage_kpi_calibration\docs\handoff\BASELINE_assistant_smartentry_20260728.md","versions\V0.3_homepage_kpi_calibration\docs\handoff\BASELINE_assistant_smartentry_20260728.md","3126","2A78328A81B728D5FA1A794590F9ED52BE2D5386AE997D2F362C8571B836116F","2A78328A81B728D5FA1A794590F9ED52BE2D5386AE997D2F362C8571B836116F","True"
"versions\V0.3_homepage_kpi_calibration\docs\handoff\BASELINE_L1L2_GIS_20260726.md","versions\V0.3_homepage_kpi_calibration\docs\handoff\BASELINE_L1L2_GIS_20260726.md","1472","96196DCEBC06FAD7D9187F01F20D3E587B3DD02A10E84A112B3344E6071805AF","96196DCEBC06FAD7D9187F01F20D3E587B3DD02A10E84A112B3344E6071805AF","True"
"versions\V0.3_homepage_kpi_calibration\docs\handoff\BASELINE_Workspace_UI_20260726.md","versions\V0.3_homepage_kpi_calibration\docs\handoff\BASELINE_Workspace_UI_20260726.md","2273","202B48F77C87CFF0725B8B299D1F2B253EBEEEBD8460509EFF4886BE611680C2","202B48F77C87CFF0725B8B299D1F2B253EBEEEBD8460509EFF4886BE611680C2","True"
"versions\V0.3_homepage_kpi_calibration\docs\handoff\Cesium地图模块替换实施说明_V1.0_20260804.md","versions\V0.3_homepage_kpi_calibration\docs\handoff\Cesium地图模块替换实施说明_V1.0_20260804.md","6862","57EC9ED75B7F0DD59875B0B4C5849CEA20476475FAA1FD228C32F4B5E5773ED1","57EC9ED75B7F0DD59875B0B4C5849CEA20476475FAA1FD228C32F4B5E5773ED1","True"
"versions\V0.3_homepage_kpi_calibration\docs\handoff\CODEX_MERGE_102_BRIEF.md","versions\V0.3_homepage_kpi_calibration\docs\handoff\CODEX_MERGE_102_BRIEF.md","3248","BB6B497FF99724D426C1F309C304E05136295A512889543D2ABBFF0A2AECA0A7","BB6B497FF99724D426C1F309C304E05136295A512889543D2ABBFF0A2AECA0A7","True"
"versions\V0.3_homepage_kpi_calibration\docs\handoff\Cursor_L1L2_GIS完整态恢复说明_20260726.md","versions\V0.3_homepage_kpi_calibration\docs\handoff\Cursor_L1L2_GIS完整态恢复说明_20260726.md","3323","D4B9622C6CBE8C7A252ED03EC099FA4096BC315F00623175673EB3ABC9DA6881","D4B9622C6CBE8C7A252ED03EC099FA4096BC315F00623175673EB3ABC9DA6881","True"
"versions\V0.3_homepage_kpi_calibration\docs\handoff\Cursor_完整态校核_20260726.md","versions\V0.3_homepage_kpi_calibration\docs\handoff\Cursor_完整态校核_20260726.md","4369","54693D7E0732F513D6FD8DA0E7D0CA94D4BC7B2018E9D9CC0984ACCAC0AEDFA1","54693D7E0732F513D6FD8DA0E7D0CA94D4BC7B2018E9D9CC0984ACCAC0AEDFA1","True"
"versions\V0.3_homepage_kpi_calibration\docs\handoff\Cursor_首页回归回退说明_20260726.md","versions\V0.3_homepage_kpi_calibration\docs\handoff\Cursor_首页回归回退说明_20260726.md","3700","E9B6EBBDA3592D246A80923F4173EDE98E4B80413867F72C8ED08E4A740C7F95","E9B6EBBDA3592D246A80923F4173EDE98E4B80413867F72C8ED08E4A740C7F95","True"
"versions\V0.3_homepage_kpi_calibration\docs\handoff\E02_Trae实施任务单_V1.0_20260723.md","versions\V0.3_homepage_kpi_calibration\docs\handoff\E02_Trae实施任务单_V1.0_20260723.md","13918","521BABAC86719BCB94BBCD519F8CD3E8EF72E3D800A32AE386CEB9EB9CCA157F","521BABAC86719BCB94BBCD519F8CD3E8EF72E3D800A32AE386CEB9EB9CCA157F","True"
"versions\V0.3_homepage_kpi_calibration\docs\handoff\E02_Trae实施校核报告_20260723.md","versions\V0.3_homepage_kpi_calibration\docs\handoff\E02_Trae实施校核报告_20260723.md","5154","C4638D6EAB84945EAC3D1F1E08417C7C48144C71D1825FE78EDE5AB9CE949A62","C4638D6EAB84945EAC3D1F1E08417C7C48144C71D1825FE78EDE5AB9CE949A62","True"
"versions\V0.3_homepage_kpi_calibration\docs\handoff\E02_工作台设计说明_B方案_20260723.md","versions\V0.3_homepage_kpi_calibration\docs\handoff\E02_工作台设计说明_B方案_20260723.md","15561","9CEFA6A9A290C3003D70DDC0BB5E58CD467ED922F0ED99736281102C206F72F3","9CEFA6A9A290C3003D70DDC0BB5E58CD467ED922F0ED99736281102C206F72F3","True"
"versions\V0.3_homepage_kpi_calibration\docs\handoff\E03_Trae实施任务单_P1_V1.0_20260724.md","versions\V0.3_homepage_kpi_calibration\docs\handoff\E03_Trae实施任务单_P1_V1.0_20260724.md","8998","0F96EE8F547859BC53BB3123B7F7326F08F0BE792097F4893B7A323CFD0B1654","0F96EE8F547859BC53BB3123B7F7326F08F0BE792097F4893B7A323CFD0B1654","True"
"versions\V0.3_homepage_kpi_calibration\docs\handoff\E03_Trae实施任务单_P2_V1.0_20260724.md","versions\V0.3_homepage_kpi_calibration\docs\handoff\E03_Trae实施任务单_P2_V1.0_20260724.md","6981","7782B698A1DA497471CC9FED57228A3C47B4C9D44DB03F6BDDBD50104DE90ECB","7782B698A1DA497471CC9FED57228A3C47B4C9D44DB03F6BDDBD50104DE90ECB","True"
"versions\V0.3_homepage_kpi_calibration\docs\handoff\E03_Trae实施任务单_P3_V1.0_20260724.md","versions\V0.3_homepage_kpi_calibration\docs\handoff\E03_Trae实施任务单_P3_V1.0_20260724.md","6698","B9D2C1C7DA0A3E80E5EC910821DE167022FCD6B3FDEA470ED7563415E457CACE","B9D2C1C7DA0A3E80E5EC910821DE167022FCD6B3FDEA470ED7563415E457CACE","True"
"versions\V0.3_homepage_kpi_calibration\docs\handoff\E03_工作台设计说明_B方案_V1.0冻结稿_20260724.md","versions\V0.3_homepage_kpi_calibration\docs\handoff\E03_工作台设计说明_B方案_V1.0冻结稿_20260724.md","18280","3D222CD557C533C3B94FEFB7036B3B5061A956C97DBDEBC351038B7DCA932A59","3D222CD557C533C3B94FEFB7036B3B5061A956C97DBDEBC351038B7DCA932A59","True"
"versions\V0.3_homepage_kpi_calibration\docs\handoff\E04_Trae实施任务单_P1_V1.0_20260724.md","versions\V0.3_homepage_kpi_calibration\docs\handoff\E04_Trae实施任务单_P1_V1.0_20260724.md","8214","9934B29A5B99B09EB31AE9628ED8F8B3FB80E0D2A4ED4CBDDA9C92505102FED7","9934B29A5B99B09EB31AE9628ED8F8B3FB80E0D2A4ED4CBDDA9C92505102FED7","True"
"versions\V0.3_homepage_kpi_calibration\docs\handoff\E04_Trae实施任务单_P2_V1.0_20260724.md","versions\V0.3_homepage_kpi_calibration\docs\handoff\E04_Trae实施任务单_P2_V1.0_20260724.md","4089","3D1595C6157E905183254B68A0E1520BA39C9AE44F51E218E6BA464032C45DBE","3D1595C6157E905183254B68A0E1520BA39C9AE44F51E218E6BA464032C45DBE","True"
"versions\V0.3_homepage_kpi_calibration\docs\handoff\E04_Trae实施任务单_P3_V1.0_20260724.md","versions\V0.3_homepage_kpi_calibration\docs\handoff\E04_Trae实施任务单_P3_V1.0_20260724.md","2446","2BE906E09A5925CAE41DCBB43175A5E93F34FE166BC2BA0F70980F16B978D9C8","2BE906E09A5925CAE41DCBB43175A5E93F34FE166BC2BA0F70980F16B978D9C8","True"
"versions\V0.3_homepage_kpi_calibration\docs\handoff\E04_Trae返修任务单_P3_V1.0_20260724.md","versions\V0.3_homepage_kpi_calibration\docs\handoff\E04_Trae返修任务单_P3_V1.0_20260724.md","2976","16D34B2F6D4A2FA0A230D3A4EB94CAA09052A857152EF78B54B3D70DA3FF164B","16D34B2F6D4A2FA0A230D3A4EB94CAA09052A857152EF78B54B3D70DA3FF164B","True"
"versions\V0.3_homepage_kpi_calibration\docs\handoff\E04_文物保护管控_替换实施说明_20260804.md","versions\V0.3_homepage_kpi_calibration\docs\handoff\E04_文物保护管控_替换实施说明_20260804.md","2237","952B4F5C3C15F0ED2799FC2586511EB776996DD08CE0FEFD2EA9B360C6BFE71B","952B4F5C3C15F0ED2799FC2586511EB776996DD08CE0FEFD2EA9B360C6BFE71B","True"
"versions\V0.3_homepage_kpi_calibration\docs\handoff\E04_甲方7.14数据重构与设计基线_20260724.md","versions\V0.3_homepage_kpi_calibration\docs\handoff\E04_甲方7.14数据重构与设计基线_20260724.md","3477","31EDC8A6CDC3A6469E31BC4065FF941FD768892A3787CD0D23F05D99313227A1","31EDC8A6CDC3A6469E31BC4065FF941FD768892A3787CD0D23F05D99313227A1","True"
"versions\V0.3_homepage_kpi_calibration\docs\handoff\E04_累计碳排放工作台设计说明_B方案_V1.0冻结稿_20260724.md","versions\V0.3_homepage_kpi_calibration\docs\handoff\E04_累计碳排放工作台设计说明_B方案_V1.0冻结稿_20260724.md","24439","7A891A26C4FF682FE671EB6170C06FF5A06749F749E5A2DFF18482642519B2DC","7A891A26C4FF682FE671EB6170C06FF5A06749F749E5A2DFF18482642519B2DC","True"
"versions\V0.3_homepage_kpi_calibration\docs\handoff\ESG智能助手_上级环保检查资料包_设计问答与校核报告_20260727.md","versions\V0.3_homepage_kpi_calibration\docs\handoff\ESG智能助手_上级环保检查资料包_设计问答与校核报告_20260727.md","22968","5D2A23A1E0362D7063D22CE85417CA8AC09007B08724508DCBD629A37FF049E6","5D2A23A1E0362D7063D22CE85417CA8AC09007B08724508DCBD629A37FF049E6","True"
"versions\V0.3_homepage_kpi_calibration\docs\handoff\ESG智能助手_回答展示业务化优化_V1.1实施说明_20260727.md","versions\V0.3_homepage_kpi_calibration\docs\handoff\ESG智能助手_回答展示业务化优化_V1.1实施说明_20260727.md","1669","CDFB42D753F590923745A55B9FB4F9C70F89DB47EEC1E30F988A35663E0C302C","CDFB42D753F590923745A55B9FB4F9C70F89DB47EEC1E30F988A35663E0C302C","True"
"versions\V0.3_homepage_kpi_calibration\docs\handoff\ESG智能助手_库驱动问答与合规资料包设计_V0.1_20260727.md","versions\V0.3_homepage_kpi_calibration\docs\handoff\ESG智能助手_库驱动问答与合规资料包设计_V0.1_20260727.md","849","C3D167EBF41A9D2145B7C7CB4054C2837DBECEF56755B4BCD5955871B02F06C6","C3D167EBF41A9D2145B7C7CB4054C2837DBECEF56755B4BCD5955871B02F06C6","True"
"versions\V0.3_homepage_kpi_calibration\docs\handoff\ESG智能助手_库驱动问答与合规资料包设计_V0.2_20260727.md","versions\V0.3_homepage_kpi_calibration\docs\handoff\ESG智能助手_库驱动问答与合规资料包设计_V0.2_20260727.md","22727","47AAD75A98340710FE8FEDD5982474C60C9DCC1A0CAB57D9443E88F609B56CFB","47AAD75A98340710FE8FEDD5982474C60C9DCC1A0CAB57D9443E88F609B56CFB","True"
"versions\V0.3_homepage_kpi_calibration\docs\handoff\ESG智能助手_数据库驱动问答实现方案_V0.1_20260726.md","versions\V0.3_homepage_kpi_calibration\docs\handoff\ESG智能助手_数据库驱动问答实现方案_V0.1_20260726.md","12622","4C86D3F6A0771288B5BBD8D1F0A559EC0D71E56122AD50A41AAD0F3C6F3B5F86","4C86D3F6A0771288B5BBD8D1F0A559EC0D71E56122AD50A41AAD0F3C6F3B5F86","True"
"versions\V0.3_homepage_kpi_calibration\docs\handoff\ESG智能助手_问答设计更新_V1.0_20260727.md","versions\V0.3_homepage_kpi_calibration\docs\handoff\ESG智能助手_问答设计更新_V1.0_20260727.md","17097","7E26C25D9485B5E2B0A7E11BE9F8F5031295E4C08DB7A57B61FB557BCE6C8657","7E26C25D9485B5E2B0A7E11BE9F8F5031295E4C08DB7A57B61FB557BCE6C8657","True"
"versions\V0.3_homepage_kpi_calibration\docs\handoff\ESG智能数据填报_AI解析结果JSON_V1.0_20260727.md","versions\V0.3_homepage_kpi_calibration\docs\handoff\ESG智能数据填报_AI解析结果JSON_V1.0_20260727.md","3719","6E9144815C40883640BC7991854A892C92E44C98EEAF4641C073836F08DDF5A3","6E9144815C40883640BC7991854A892C92E44C98EEAF4641C073836F08DDF5A3","True"
"versions\V0.3_homepage_kpi_calibration\docs\handoff\ESG智能数据填报_AI解析结果展示优化_V1.0实施说明_20260727.md","versions\V0.3_homepage_kpi_calibration\docs\handoff\ESG智能数据填报_AI解析结果展示优化_V1.0实施说明_20260727.md","1559","95F137EB5AB7DA2B7D637B4CF395547C8E4F5172C13A1C8734E3ABF32371C9F6","95F137EB5AB7DA2B7D637B4CF395547C8E4F5172C13A1C8734E3ABF32371C9F6","True"
"versions\V0.3_homepage_kpi_calibration\docs\handoff\ESG演示_PhaseA_首页接入_20260804.md","versions\V0.3_homepage_kpi_calibration\docs\handoff\ESG演示_PhaseA_首页接入_20260804.md","3870","1468C586D0DF01DE5637A0007BEF520DD60261D09110C3F4EFE6ED0E91FB2318","1468C586D0DF01DE5637A0007BEF520DD60261D09110C3F4EFE6ED0E91FB2318","True"
"versions\V0.3_homepage_kpi_calibration\docs\handoff\ESG演示_PhaseB1_E组Demo数据闭环_20260804.md","versions\V0.3_homepage_kpi_calibration\docs\handoff\ESG演示_PhaseB1_E组Demo数据闭环_20260804.md","5788","9866EF9C1266BC354B3C66EA8E809B3468FD66FEED5BC0B00A1AC48A2FA2D735","9866EF9C1266BC354B3C66EA8E809B3468FD66FEED5BC0B00A1AC48A2FA2D735","True"
"versions\V0.3_homepage_kpi_calibration\docs\handoff\ESG演示_PhaseB1_验收总结_20260804.md","versions\V0.3_homepage_kpi_calibration\docs\handoff\ESG演示_PhaseB1_验收总结_20260804.md","7671","BA829F215B2788708FF62FB6830AF1FF3616F809176AC365E1DBFC8FE21BC104","BA829F215B2788708FF62FB6830AF1FF3616F809176AC365E1DBFC8FE21BC104","True"
"versions\V0.3_homepage_kpi_calibration\docs\handoff\ESG演示_PhaseB_E组工作台_20260804.md","versions\V0.3_homepage_kpi_calibration\docs\handoff\ESG演示_PhaseB_E组工作台_20260804.md","5409","E9CE5B243C637480BEB99C92595688268259DF9B73268A6FE4AD321C00E37E98","E9CE5B243C637480BEB99C92595688268259DF9B73268A6FE4AD321C00E37E98","True"
"versions\V0.3_homepage_kpi_calibration\docs\handoff\ESG演示_PhaseC_G组_20260804.md","versions\V0.3_homepage_kpi_calibration\docs\handoff\ESG演示_PhaseC_G组_20260804.md","5625","2926E09BA6E73C4CE89CD63A2C4C4ECF5070D34E9B2CE7728477476A8DA7447F","2926E09BA6E73C4CE89CD63A2C4C4ECF5070D34E9B2CE7728477476A8DA7447F","True"
"versions\V0.3_homepage_kpi_calibration\docs\handoff\ESG演示_前后端联调报告_20260804.md","versions\V0.3_homepage_kpi_calibration\docs\handoff\ESG演示_前后端联调报告_20260804.md","6422","A1E09B2A9979E5186E0E991ADE26AB00312DC2D8D2AA79E53F42A90697B84C6C","A1E09B2A9979E5186E0E991ADE26AB00312DC2D8D2AA79E53F42A90697B84C6C","True"
"versions\V0.3_homepage_kpi_calibration\docs\handoff\handoff_status.json","versions\V0.3_homepage_kpi_calibration\docs\handoff\handoff_status.json","1364","0C3A6349C2B19F50AAA137F5EC5D0EE354E46664DFE45B8250A5466574F2DBDB","0C3A6349C2B19F50AAA137F5EC5D0EE354E46664DFE45B8250A5466574F2DBDB","True"
"versions\V0.3_homepage_kpi_calibration\docs\handoff\Header顶栏打磨回退_baseline_20260726.md","versions\V0.3_homepage_kpi_calibration\docs\handoff\Header顶栏打磨回退_baseline_20260726.md","876","83E362B3D42D1E6502FEF7D165ECD1BEB756ADB0E0F20AB13901F20C847C9951","83E362B3D42D1E6502FEF7D165ECD1BEB756ADB0E0F20AB13901F20C847C9951","True"
"versions\V0.3_homepage_kpi_calibration\docs\handoff\NEXT_FOR_TRAE.md","versions\V0.3_homepage_kpi_calibration\docs\handoff\NEXT_FOR_TRAE.md","1495","BE39D570FCA3F554E4D2FCDE31A692756DF599E4C4F474EA126233F01C498EEA","BE39D570FCA3F554E4D2FCDE31A692756DF599E4C4F474EA126233F01C498EEA","True"
"versions\V0.3_homepage_kpi_calibration\docs\handoff\README.md","versions\V0.3_homepage_kpi_calibration\docs\handoff\README.md","1309","150350A3A98FD90E87F89520C6259D791EDB33849B2268DB2EDC006740A9E0EE","150350A3A98FD90E87F89520C6259D791EDB33849B2268DB2EDC006740A9E0EE","True"
"versions\V0.3_homepage_kpi_calibration\docs\handoff\S01_Trae实施任务单_P1_V1.0_20260724.md","versions\V0.3_homepage_kpi_calibration\docs\handoff\S01_Trae实施任务单_P1_V1.0_20260724.md","5182","CFB5B32366A72ECBE895F1338D33C7DBD5115D048DF9B9DB996B47BEA94BF373","CFB5B32366A72ECBE895F1338D33C7DBD5115D048DF9B9DB996B47BEA94BF373","True"
"versions\V0.3_homepage_kpi_calibration\docs\handoff\S01_Trae实施任务单_P2_V1.0_20260724.md","versions\V0.3_homepage_kpi_calibration\docs\handoff\S01_Trae实施任务单_P2_V1.0_20260724.md","14591","7F32C9BE302AA069CC34BE42D1665D0F4D61D04C16BE473F3F8B80AD50199D94","7F32C9BE302AA069CC34BE42D1665D0F4D61D04C16BE473F3F8B80AD50199D94","True"
"versions\V0.3_homepage_kpi_calibration\docs\handoff\S01_Trae实施任务单_P3_V1.0_20260724.md","versions\V0.3_homepage_kpi_calibration\docs\handoff\S01_Trae实施任务单_P3_V1.0_20260724.md","9909","3C15A71D531FC8A4AFC2921947EE64CBDB1B7D83B49FE0BADA4AE9D5E3E29899","3C15A71D531FC8A4AFC2921947EE64CBDB1B7D83B49FE0BADA4AE9D5E3E29899","True"
"versions\V0.3_homepage_kpi_calibration\docs\handoff\S01_Trae实施任务单_V0.1_20260724.md","versions\V0.3_homepage_kpi_calibration\docs\handoff\S01_Trae实施任务单_V0.1_20260724.md","2023","3920D2FF8FAA81556EEBE6458562ADA8AB75E00E8876AAFEF4F1D64EF42969B3","3920D2FF8FAA81556EEBE6458562ADA8AB75E00E8876AAFEF4F1D64EF42969B3","True"
"versions\V0.3_homepage_kpi_calibration\docs\handoff\S01_Trae实施任务单_V0.2_20260724.md","versions\V0.3_homepage_kpi_calibration\docs\handoff\S01_Trae实施任务单_V0.2_20260724.md","1781","1F89687EDE30A7F736DA0E5170E7AB876019BC6132A1E58F54A40376197802AC","1F89687EDE30A7F736DA0E5170E7AB876019BC6132A1E58F54A40376197802AC","True"
"versions\V0.3_homepage_kpi_calibration\docs\handoff\S01_Trae返修任务单_P1_V1.0_20260724.md","versions\V0.3_homepage_kpi_calibration\docs\handoff\S01_Trae返修任务单_P1_V1.0_20260724.md","6249","66AA03949F048137DD0926F62E093803D83FC5ACAAEE3FBABA528E900C428B82","66AA03949F048137DD0926F62E093803D83FC5ACAAEE3FBABA528E900C428B82","True"
"versions\V0.3_homepage_kpi_calibration\docs\handoff\S01_Trae返修任务单_P3_UI打磨_V1.0_20260725.md","versions\V0.3_homepage_kpi_calibration\docs\handoff\S01_Trae返修任务单_P3_UI打磨_V1.0_20260725.md","11825","DDD746BF589A9FBBAE4D9490A0D28344DBFC0D5CA9B7A487FAC1303A45BE777E","DDD746BF589A9FBBAE4D9490A0D28344DBFC0D5CA9B7A487FAC1303A45BE777E","True"
"versions\V0.3_homepage_kpi_calibration\docs\handoff\S01_弹窗可读性与排版优化方案_V0.1_20260725.md","versions\V0.3_homepage_kpi_calibration\docs\handoff\S01_弹窗可读性与排版优化方案_V0.1_20260725.md","17731","9AC4E31947138E49BCF3036A757EBF5D50635CCA6FE2F85375C01B24B1003636","9AC4E31947138E49BCF3036A757EBF5D50635CCA6FE2F85375C01B24B1003636","True"
"versions\V0.3_homepage_kpi_calibration\docs\handoff\S01_连续安全生产天数设计说明_B方案_V0.1_20260724.md","versions\V0.3_homepage_kpi_calibration\docs\handoff\S01_连续安全生产天数设计说明_B方案_V0.1_20260724.md","9048","C6725F3AE5315C6F296C868D375327AC1001ACF89EA5C8863D6B71495C946F95","C6725F3AE5315C6F296C868D375327AC1001ACF89EA5C8863D6B71495C946F95","True"
"versions\V0.3_homepage_kpi_calibration\docs\handoff\S01_连续安全生产天数设计说明_B方案_V0.2候选_20260724.md","versions\V0.3_homepage_kpi_calibration\docs\handoff\S01_连续安全生产天数设计说明_B方案_V0.2候选_20260724.md","15719","F18F00A2814D97B87437840894FB0A8DDE92EFA2B0E741F6F90824511D4E7824","F18F00A2814D97B87437840894FB0A8DDE92EFA2B0E741F6F90824511D4E7824","True"
"versions\V0.3_homepage_kpi_calibration\docs\handoff\S01_连续安全生产天数设计说明_B方案_V1.0冻结稿_20260724.md","versions\V0.3_homepage_kpi_calibration\docs\handoff\S01_连续安全生产天数设计说明_B方案_V1.0冻结稿_20260724.md","15249","D1030C921DD8B421D4C3EDAD55D843A9BC13D0A066CAE8D9371570A37C50C5B7","D1030C921DD8B421D4C3EDAD55D843A9BC13D0A066CAE8D9371570A37C50C5B7","True"
"versions\V0.3_homepage_kpi_calibration\docs\handoff\S02_S03_用语与地图摘要卡方案_V0.1_20260726.md","versions\V0.3_homepage_kpi_calibration\docs\handoff\S02_S03_用语与地图摘要卡方案_V0.1_20260726.md","11635","F5B0245978B502047BA327E79B2D8E1C27D3123E8E8139B4B11937EC76CDE7FD","F5B0245978B502047BA327E79B2D8E1C27D3123E8E8139B4B11937EC76CDE7FD","True"
"versions\V0.3_homepage_kpi_calibration\docs\handoff\S02_安全风险点工作台设计说明_B方案_V0.1_20260725.md","versions\V0.3_homepage_kpi_calibration\docs\handoff\S02_安全风险点工作台设计说明_B方案_V0.1_20260725.md","4619","1D065607DC4A7968B85B5F375AF45F1E1AB44F702C51A0AF4F36F5750BE9F883","1D065607DC4A7968B85B5F375AF45F1E1AB44F702C51A0AF4F36F5750BE9F883","True"
"versions\V0.3_homepage_kpi_calibration\docs\handoff\S02_安全风险点工作台设计说明_B方案_V0.2_20260725.md","versions\V0.3_homepage_kpi_calibration\docs\handoff\S02_安全风险点工作台设计说明_B方案_V0.2_20260725.md","6396","A6336C98472F0B0E859C191EE2E3237747D0E37FEBDC74340ABD7B9515C4DC2E","A6336C98472F0B0E859C191EE2E3237747D0E37FEBDC74340ABD7B9515C4DC2E","True"
"versions\V0.3_homepage_kpi_calibration\docs\handoff\S03_S04_G01_G04_内容打磨实施记录_20260725.md","versions\V0.3_homepage_kpi_calibration\docs\handoff\S03_S04_G01_G04_内容打磨实施记录_20260725.md","2130","79E646F042BCE4BB601A2210DCAF6DBF494D67F75CA2E3D427961FD59375B72F","79E646F042BCE4BB601A2210DCAF6DBF494D67F75CA2E3D427961FD59375B72F","True"
"versions\V0.3_homepage_kpi_calibration\docs\handoff\S03_S04_G01_G04_内容打磨方案_V0.1_20260725.md","versions\V0.3_homepage_kpi_calibration\docs\handoff\S03_S04_G01_G04_内容打磨方案_V0.1_20260725.md","15265","99EC3FB2178EDF9D30746836F4BAF9D51B0AAC39A7BF4931DEA8AC8E5D5DCF54","99EC3FB2178EDF9D30746836F4BAF9D51B0AAC39A7BF4931DEA8AC8E5D5DCF54","True"
"versions\V0.3_homepage_kpi_calibration\docs\handoff\TRAE_DONE_REPORT.md","versions\V0.3_homepage_kpi_calibration\docs\handoff\TRAE_DONE_REPORT.md","98","9A863BF088C113170CC01118195C14B72E292D8044613F9502086195083DC58F","9A863BF088C113170CC01118195C14B72E292D8044613F9502086195083DC58F","True"
"versions\V0.3_homepage_kpi_calibration\docs\handoff\TRAE_E_GROUP_V1_1_TEST_FIX_REPORT.md","versions\V0.3_homepage_kpi_calibration\docs\handoff\TRAE_E_GROUP_V1_1_TEST_FIX_REPORT.md","3159","335672082813152CE13DE3834BF3430C4566EE91C2019D4A8569FD51BC882E39","335672082813152CE13DE3834BF3430C4566EE91C2019D4A8569FD51BC882E39","True"
"versions\V0.3_homepage_kpi_calibration\docs\handoff\TRAE_REPORT_TEMPLATE.md","versions\V0.3_homepage_kpi_calibration\docs\handoff\TRAE_REPORT_TEMPLATE.md","512","550C4E0F39BC5ECB46248C3DBACA9F9C2BCCDB3891A74CA1B5D27838616CCBC2","550C4E0F39BC5ECB46248C3DBACA9F9C2BCCDB3891A74CA1B5D27838616CCBC2","True"
"versions\V0.3_homepage_kpi_calibration\docs\handoff\Trae实施任务单_Workspace入口与S02S03小改_V1.0_20260726.md","versions\V0.3_homepage_kpi_calibration\docs\handoff\Trae实施任务单_Workspace入口与S02S03小改_V1.0_20260726.md","13797","2A947EC17923ADCEA323F377E9EABBB7DC54655235A6178EBE1E9028250C03E1","2A947EC17923ADCEA323F377E9EABBB7DC54655235A6178EBE1E9028250C03E1","True"
"versions\V0.3_homepage_kpi_calibration\docs\handoff\Trae实施任务单_Workspace智能入库真解析演示_V1.0_20260726.md","versions\V0.3_homepage_kpi_calibration\docs\handoff\Trae实施任务单_Workspace智能入库真解析演示_V1.0_20260726.md","2279","153E3A07767210C8B64C6A218E57D6B3960F0EEB22207A83CBAF6DD0A452D70D","153E3A07767210C8B64C6A218E57D6B3960F0EEB22207A83CBAF6DD0A452D70D","True"
"versions\V0.3_homepage_kpi_calibration\docs\handoff\Trae实施任务单_数据填报页续作_仅Workspace_V1.0_20260726.md","versions\V0.3_homepage_kpi_calibration\docs\handoff\Trae实施任务单_数据填报页续作_仅Workspace_V1.0_20260726.md","12291","2E9318392D11EC0E4647FE9659F2C41759C4E19D3232409A74CF65879893A62E","2E9318392D11EC0E4647FE9659F2C41759C4E19D3232409A74CF65879893A62E","True"
"versions\V0.3_homepage_kpi_calibration\docs\handoff\Workspace_ESG智能入库页_简化流程设计_V0.1_20260726.md","versions\V0.3_homepage_kpi_calibration\docs\handoff\Workspace_ESG智能入库页_简化流程设计_V0.1_20260726.md","14403","3D45D9EC4379B588E3E613C8CC0CC0401CDFB3BA814C0A9659D1F8D2ABFB77EA","3D45D9EC4379B588E3E613C8CC0CC0401CDFB3BA814C0A9659D1F8D2ABFB77EA","True"
"versions\V0.3_homepage_kpi_calibration\docs\handoff\Workspace数据填报页_基线自检_20260726.md","versions\V0.3_homepage_kpi_calibration\docs\handoff\Workspace数据填报页_基线自检_20260726.md","11036","CF5B43E45A2358AC345C486A9972662186F8066405E4535B2990400999DB7828","CF5B43E45A2358AC345C486A9972662186F8066405E4535B2990400999DB7828","True"
"versions\V0.3_homepage_kpi_calibration\docs\handoff\Workspace智能入库真解析_演示说明_20260726.md","versions\V0.3_homepage_kpi_calibration\docs\handoff\Workspace智能入库真解析_演示说明_20260726.md","1294","C363FFA9453347424FF4708842DA13CE6AADA25D2FFE3B3B31A6396EA1CFF333","C363FFA9453347424FF4708842DA13CE6AADA25D2FFE3B3B31A6396EA1CFF333","True"
"versions\V0.3_homepage_kpi_calibration\docs\handoff\Workspace模块顶栏入口与组织方案_V0.1_20260726.md","versions\V0.3_homepage_kpi_calibration\docs\handoff\Workspace模块顶栏入口与组织方案_V0.1_20260726.md","11198","298FED06DF5031CBD10022438CB1D4EA3D3E86198AD54431C615973E9898C680","298FED06DF5031CBD10022438CB1D4EA3D3E86198AD54431C615973E9898C680","True"
"versions\V0.3_homepage_kpi_calibration\docs\handoff\_sec9_snip.txt","versions\V0.3_homepage_kpi_calibration\docs\handoff\_sec9_snip.txt","1563","F01225A3D0A0523E1F0EAFC4C8E78ADE402749BD7ABC4F41444239837538401F","F01225A3D0A0523E1F0EAFC4C8E78ADE402749BD7ABC4F41444239837538401F","True"
"versions\V0.3_homepage_kpi_calibration\docs\handoff\对方精简开发版_引入建议_V0.1_20260725.md","versions\V0.3_homepage_kpi_calibration\docs\handoff\对方精简开发版_引入建议_V0.1_20260725.md","10698","5710BCB5C958FBD632FFF8FA843F06D84B32BA4A997E5B8D1F984987178D09E4","5710BCB5C958FBD632FFF8FA843F06D84B32BA4A997E5B8D1F984987178D09E4","True"
"versions\V0.3_homepage_kpi_calibration\docs\handoff\数据库表设计与结构说明_V1.0_20260731.md","versions\V0.3_homepage_kpi_calibration\docs\handoff\数据库表设计与结构说明_V1.0_20260731.md","90189","E5CE0E28AF7D7B24AEB1E358EDCE293F4E745C6038211D89F79D8BAC6AEF2B88","E5CE0E28AF7D7B24AEB1E358EDCE293F4E745C6038211D89F79D8BAC6AEF2B88","True"
"versions\V0.3_homepage_kpi_calibration\docs\handoff\版本回退_baseline_l1-l2-gis_20260726.md","versions\V0.3_homepage_kpi_calibration\docs\handoff\版本回退_baseline_l1-l2-gis_20260726.md","935","A35FBE749B7458DDC52BC9FADDD379A4760C6D8CAF3CF7EFAB6460C25202E6A3","A35FBE749B7458DDC52BC9FADDD379A4760C6D8CAF3CF7EFAB6460C25202E6A3","True"
"versions\V0.3_homepage_kpi_calibration\docs\handoff\罗宜高速ESG数字化管理平台_AI开发冻结基线说明_V1.0.md","versions\V0.3_homepage_kpi_calibration\docs\handoff\罗宜高速ESG数字化管理平台_AI开发冻结基线说明_V1.0.md","3382","BEE941681EA7B8A3C6F1F5BA317232E09EADCCDA97CAE21BA41EFFCD3832B664","BEE941681EA7B8A3C6F1F5BA317232E09EADCCDA97CAE21BA41EFFCD3832B664","True"
"versions\V0.3_homepage_kpi_calibration\docs\handoff\罗宜高速ESG数字化管理平台_Cursor前端开发任务书_V1.1_实施版.md","versions\V0.3_homepage_kpi_calibration\docs\handoff\罗宜高速ESG数字化管理平台_Cursor前端开发任务书_V1.1_实施版.md","5751","8EE7A3F87E5488D2D4418DBADA11FB280D89149B7076DD4550AAD1A4F2DD9A08","8EE7A3F87E5488D2D4418DBADA11FB280D89149B7076DD4550AAD1A4F2DD9A08","True"
"versions\V0.3_homepage_kpi_calibration\docs\handoff\罗宜高速ESG数字化管理平台_前端改造计划与文件清单_V1.1_20260804.md","versions\V0.3_homepage_kpi_calibration\docs\handoff\罗宜高速ESG数字化管理平台_前端改造计划与文件清单_V1.1_20260804.md","27548","E9F49CA6799A7C2631A8E46F16223CB24029F0EAB956D88341AB987A53916E22","E9F49CA6799A7C2631A8E46F16223CB24029F0EAB956D88341AB987A53916E22","True"
"versions\V0.3_homepage_kpi_calibration\docs\handoff\罗宜高速ESG数字化管理平台前端现状分析与设计说明_V1.0_20260804.md","versions\V0.3_homepage_kpi_calibration\docs\handoff\罗宜高速ESG数字化管理平台前端现状分析与设计说明_V1.0_20260804.md","24483","F6EBC47E20F39B7B6E4D1454E677C9D6541095E16DD271A97CD4F7176D81C37F","F6EBC47E20F39B7B6E4D1454E677C9D6541095E16DD271A97CD4F7176D81C37F","True"
"versions\V0.3_homepage_kpi_calibration\docs\handoff\首页一级指标业务事实校正报告_V0.3_20260804.md","versions\V0.3_homepage_kpi_calibration\docs\handoff\首页一级指标业务事实校正报告_V0.3_20260804.md","7228","13A58DFC217AEBF3A918D6C38285143A50E7DA0EEBD69753D5380652CB6BBF63","13A58DFC217AEBF3A918D6C38285143A50E7DA0EEBD69753D5380652CB6BBF63","True"
"versions\V0.3_homepage_kpi_calibration\docs\handoff\首页驾驶舱二次优化_V1.2实施说明_20260803.md","versions\V0.3_homepage_kpi_calibration\docs\handoff\首页驾驶舱二次优化_V1.2实施说明_20260803.md","3911","29B07765B82CA71BC9601F98815A2628C5726E85E929568D849F5726008548E5","29B07765B82CA71BC9601F98815A2628C5726E85E929568D849F5726008548E5","True"
"versions\V0.3_homepage_kpi_calibration\docs\handoff\首页驾驶舱指标优化_V1.0实施说明_20260803.md","versions\V0.3_homepage_kpi_calibration\docs\handoff\首页驾驶舱指标优化_V1.0实施说明_20260803.md","2612","E4F72404D71AF16D250D60D98B9521317AB3B29A329BBB37FC5442994C56025D","E4F72404D71AF16D250D60D98B9521317AB3B29A329BBB37FC5442994C56025D","True"
"versions\V0.3_homepage_kpi_calibration\docs\handoff\cesium_handover_20260804\罗宜高速ESG_Cesium地图模块交接包_20260804\KML_SHA256.txt","versions\V0.3_homepage_kpi_calibration\docs\handoff\cesium_handover_20260804\罗宜高速ESG_Cesium地图模块交接包_20260804\KML_SHA256.txt","236","ADAABD9F3150D0138AF9BE11F4FC6D77FB27B31BF398DDB6126023FA84863F76","ADAABD9F3150D0138AF9BE11F4FC6D77FB27B31BF398DDB6126023FA84863F76","True"
"versions\V0.3_homepage_kpi_calibration\docs\handoff\cesium_handover_20260804\罗宜高速ESG_Cesium地图模块交接包_20260804\地图模块接入与替换说明.md","versions\V0.3_homepage_kpi_calibration\docs\handoff\cesium_handover_20260804\罗宜高速ESG_Cesium地图模块交接包_20260804\地图模块接入与替换说明.md","12301","E4F2A69BDF3D9EE8D93D525AD5954FC8306BF99CC0F72CD6C23E27D050DEB7A9","E4F2A69BDF3D9EE8D93D525AD5954FC8306BF99CC0F72CD6C23E27D050DEB7A9","True"
"versions\V0.3_homepage_kpi_calibration\docs\handoff\cesium_handover_20260804\罗宜高速ESG_Cesium地图模块交接包_20260804\接口与环境变量示例.md","versions\V0.3_homepage_kpi_calibration\docs\handoff\cesium_handover_20260804\罗宜高速ESG_Cesium地图模块交接包_20260804\接口与环境变量示例.md","1121","6970CEA1652D851D56C785748A88792C3EBCBD95A1281C5B4689E09B6C18D04B","6970CEA1652D851D56C785748A88792C3EBCBD95A1281C5B4689E09B6C18D04B","True"
"versions\V0.3_homepage_kpi_calibration\docs\handoff\cesium_handover_20260804\罗宜高速ESG_Cesium地图模块交接包_20260804\integration-examples\GisPreviewPage.vue","versions\V0.3_homepage_kpi_calibration\docs\handoff\cesium_handover_20260804\罗宜高速ESG_Cesium地图模块交接包_20260804\integration-examples\GisPreviewPage.vue","1784","FCECDE0B84F14D01C5AD70E651F29B87E950268A5D8CDAF6A47C5702D6846ADA","FCECDE0B84F14D01C5AD70E651F29B87E950268A5D8CDAF6A47C5702D6846ADA","True"
"versions\V0.3_homepage_kpi_calibration\docs\handoff\cesium_handover_20260804\罗宜高速ESG_Cesium地图模块交接包_20260804\integration-examples\package.reference.json","versions\V0.3_homepage_kpi_calibration\docs\handoff\cesium_handover_20260804\罗宜高速ESG_Cesium地图模块交接包_20260804\integration-examples\package.reference.json","742","B1A13C05B2005BDB7843022EF79FA7D2710728A4277058EF452E0501507C61DC","B1A13C05B2005BDB7843022EF79FA7D2710728A4277058EF452E0501507C61DC","True"
"versions\V0.3_homepage_kpi_calibration\docs\handoff\cesium_handover_20260804\罗宜高速ESG_Cesium地图模块交接包_20260804\integration-examples\vite.config.reference.ts","versions\V0.3_homepage_kpi_calibration\docs\handoff\cesium_handover_20260804\罗宜高速ESG_Cesium地图模块交接包_20260804\integration-examples\vite.config.reference.ts","1759","05052D6CA800E1A68EA69E385B1520AE07D4D2F7519CC78AF5706858B16F74DE","05052D6CA800E1A68EA69E385B1520AE07D4D2F7519CC78AF5706858B16F74DE","True"
"versions\V0.3_homepage_kpi_calibration\docs\handoff\cesium_handover_20260804\罗宜高速ESG_Cesium地图模块交接包_20260804\public\gis\s1-6\layer-config.json","versions\V0.3_homepage_kpi_calibration\docs\handoff\cesium_handover_20260804\罗宜高速ESG_Cesium地图模块交接包_20260804\public\gis\s1-6\layer-config.json","2465","C0B2C63B75D53FBEE992031A6397430298A3CCB8A5B3E03BE91B524E78D77A70","C0B2C63B75D53FBEE992031A6397430298A3CCB8A5B3E03BE91B524E78D77A70","True"
"versions\V0.3_homepage_kpi_calibration\docs\handoff\cesium_handover_20260804\罗宜高速ESG_Cesium地图模块交接包_20260804\public\gis\s1-6\README.md","versions\V0.3_homepage_kpi_calibration\docs\handoff\cesium_handover_20260804\罗宜高速ESG_Cesium地图模块交接包_20260804\public\gis\s1-6\README.md","2275","35EF08F6AE81A91C5910D9F6024B5C3EBEBCA8AD5A71D2DA18B3DDE51532CA66","35EF08F6AE81A91C5910D9F6024B5C3EBEBCA8AD5A71D2DA18B3DDE51532CA66","True"
"versions\V0.3_homepage_kpi_calibration\docs\handoff\cesium_handover_20260804\罗宜高速ESG_Cesium地图模块交接包_20260804\public\gis\s1-6\layers\高速公路首页_SPX边坡_独立图层.kml","versions\V0.3_homepage_kpi_calibration\docs\handoff\cesium_handover_20260804\罗宜高速ESG_Cesium地图模块交接包_20260804\public\gis\s1-6\layers\高速公路首页_SPX边坡_独立图层.kml","16453142","852D6792C7C20D47DEE09B116CBA5C8F1855A9C067F531F375FC63F0DE95FED8","852D6792C7C20D47DEE09B116CBA5C8F1855A9C067F531F375FC63F0DE95FED8","True"
"versions\V0.3_homepage_kpi_calibration\docs\handoff\cesium_handover_20260804\罗宜高速ESG_Cesium地图模块交接包_20260804\public\gis\s1-6\layers\高速公路首页_道路生态关键要素_不含SPX.kml","versions\V0.3_homepage_kpi_calibration\docs\handoff\cesium_handover_20260804\罗宜高速ESG_Cesium地图模块交接包_20260804\public\gis\s1-6\layers\高速公路首页_道路生态关键要素_不含SPX.kml","20606586","53C9C5EAD642EDE33E5848D8DB498F3E4D046C22E05E8705CF58FD59B8634C15","53C9C5EAD642EDE33E5848D8DB498F3E4D046C22E05E8705CF58FD59B8634C15","True"
"versions\V0.3_homepage_kpi_calibration\docs\handoff\cesium_handover_20260804\罗宜高速ESG_Cesium地图模块交接包_20260804\src\components\gis\GisOverviewCesiumPanel.vue","versions\V0.3_homepage_kpi_calibration\docs\handoff\cesium_handover_20260804\罗宜高速ESG_Cesium地图模块交接包_20260804\src\components\gis\GisOverviewCesiumPanel.vue","1408","E8FD381E19FC917A6A30E71DA2733D88001DE5DA7B83C51542633269435ECED4","E8FD381E19FC917A6A30E71DA2733D88001DE5DA7B83C51542633269435ECED4","True"
"versions\V0.3_homepage_kpi_calibration\docs\handoff\cesium_handover_20260804\罗宜高速ESG_Cesium地图模块交接包_20260804\src\components\layout\PanelCard.vue","versions\V0.3_homepage_kpi_calibration\docs\handoff\cesium_handover_20260804\罗宜高速ESG_Cesium地图模块交接包_20260804\src\components\layout\PanelCard.vue","1226","8F119005A66A0ADB1C99300BB270A5EC34AFFE26058E19B240773CC1EE024DC4","8F119005A66A0ADB1C99300BB270A5EC34AFFE26058E19B240773CC1EE024DC4","True"
"versions\V0.3_homepage_kpi_calibration\docs\handoff\cesium_handover_20260804\罗宜高速ESG_Cesium地图模块交接包_20260804\src\config\gis.config.ts","versions\V0.3_homepage_kpi_calibration\docs\handoff\cesium_handover_20260804\罗宜高速ESG_Cesium地图模块交接包_20260804\src\config\gis.config.ts","570","88DC6CA06B6D9D4A70987A471C03AD88C06924084FA85BA34686AC89E590DD1E","88DC6CA06B6D9D4A70987A471C03AD88C06924084FA85BA34686AC89E590DD1E","True"
"versions\V0.3_homepage_kpi_calibration\docs\handoff\cesium_handover_20260804\罗宜高速ESG_Cesium地图模块交接包_20260804\src\modules\traffic-gis-overview\index.ts","versions\V0.3_homepage_kpi_calibration\docs\handoff\cesium_handover_20260804\罗宜高速ESG_Cesium地图模块交接包_20260804\src\modules\traffic-gis-overview\index.ts","184","EE41CF5596164166C048F315FF8DE6DF7B68904B16376A88F2E8F27684141E39","EE41CF5596164166C048F315FF8DE6DF7B68904B16376A88F2E8F27684141E39","True"
"versions\V0.3_homepage_kpi_calibration\docs\handoff\cesium_handover_20260804\罗宜高速ESG_Cesium地图模块交接包_20260804\src\modules\traffic-gis-overview\README.md","versions\V0.3_homepage_kpi_calibration\docs\handoff\cesium_handover_20260804\罗宜高速ESG_Cesium地图模块交接包_20260804\src\modules\traffic-gis-overview\README.md","2094","0238D5C465EE36860E1BF99D89801A56DB058DF19B23EA70672D3C3828F80847","0238D5C465EE36860E1BF99D89801A56DB058DF19B23EA70672D3C3828F80847","True"
"versions\V0.3_homepage_kpi_calibration\docs\handoff\cesium_handover_20260804\罗宜高速ESG_Cesium地图模块交接包_20260804\src\modules\traffic-gis-overview\adapters\http-adapter.ts","versions\V0.3_homepage_kpi_calibration\docs\handoff\cesium_handover_20260804\罗宜高速ESG_Cesium地图模块交接包_20260804\src\modules\traffic-gis-overview\adapters\http-adapter.ts","2271","B6A7178E426AEBD47CD0514587EC0C9675ED62443907D27B838E6B42199F118E","B6A7178E426AEBD47CD0514587EC0C9675ED62443907D27B838E6B42199F118E","True"
"versions\V0.3_homepage_kpi_calibration\docs\handoff\cesium_handover_20260804\罗宜高速ESG_Cesium地图模块交接包_20260804\src\modules\traffic-gis-overview\adapters\index.ts","versions\V0.3_homepage_kpi_calibration\docs\handoff\cesium_handover_20260804\罗宜高速ESG_Cesium地图模块交接包_20260804\src\modules\traffic-gis-overview\adapters\index.ts","157","1251E2F43B960E82BF1347E970B6F5185F32BE5FD4AA1DB9A874625D1F560EC8","1251E2F43B960E82BF1347E970B6F5185F32BE5FD4AA1DB9A874625D1F560EC8","True"
"versions\V0.3_homepage_kpi_calibration\docs\handoff\cesium_handover_20260804\罗宜高速ESG_Cesium地图模块交接包_20260804\src\modules\traffic-gis-overview\adapters\mock-adapter.ts","versions\V0.3_homepage_kpi_calibration\docs\handoff\cesium_handover_20260804\罗宜高速ESG_Cesium地图模块交接包_20260804\src\modules\traffic-gis-overview\adapters\mock-adapter.ts","813","87BD9C3FFE200BB4A7AF76122932AC291D402BF7D21B2A415B300070690359ED","87BD9C3FFE200BB4A7AF76122932AC291D402BF7D21B2A415B300070690359ED","True"
"versions\V0.3_homepage_kpi_calibration\docs\handoff\cesium_handover_20260804\罗宜高速ESG_Cesium地图模块交接包_20260804\src\modules\traffic-gis-overview\adapters\shp-adapter.ts","versions\V0.3_homepage_kpi_calibration\docs\handoff\cesium_handover_20260804\罗宜高速ESG_Cesium地图模块交接包_20260804\src\modules\traffic-gis-overview\adapters\shp-adapter.ts","8030","2A1CAD7A52067A974F5AAAFBFD34375666C0D2DAD8652FB4E09D58D7CABD35D8","2A1CAD7A52067A974F5AAAFBFD34375666C0D2DAD8652FB4E09D58D7CABD35D8","True"
"versions\V0.3_homepage_kpi_calibration\docs\handoff\cesium_handover_20260804\罗宜高速ESG_Cesium地图模块交接包_20260804\src\modules\traffic-gis-overview\assets\SpatialAssetStore.ts","versions\V0.3_homepage_kpi_calibration\docs\handoff\cesium_handover_20260804\罗宜高速ESG_Cesium地图模块交接包_20260804\src\modules\traffic-gis-overview\assets\SpatialAssetStore.ts","2618","145D2700323500BD29A585B1B7D8820C5787C03598DE44AE8A4796EB300ACFF0","145D2700323500BD29A585B1B7D8820C5787C03598DE44AE8A4796EB300ACFF0","True"
"versions\V0.3_homepage_kpi_calibration\docs\handoff\cesium_handover_20260804\罗宜高速ESG_Cesium地图模块交接包_20260804\src\modules\traffic-gis-overview\cesium\core\CameraManager.ts","versions\V0.3_homepage_kpi_calibration\docs\handoff\cesium_handover_20260804\罗宜高速ESG_Cesium地图模块交接包_20260804\src\modules\traffic-gis-overview\cesium\core\CameraManager.ts","1200","CFFA71AF1C1564A423DD39519264A8C9A486AB463E6A5751F05BD5375BC15A76","CFFA71AF1C1564A423DD39519264A8C9A486AB463E6A5751F05BD5375BC15A76","True"
"versions\V0.3_homepage_kpi_calibration\docs\handoff\cesium_handover_20260804\罗宜高速ESG_Cesium地图模块交接包_20260804\src\modules\traffic-gis-overview\cesium\core\CoordinateAdapter.ts","versions\V0.3_homepage_kpi_calibration\docs\handoff\cesium_handover_20260804\罗宜高速ESG_Cesium地图模块交接包_20260804\src\modules\traffic-gis-overview\cesium\core\CoordinateAdapter.ts","4068","017F81F5C413E9EAC7E868766DB63640D71BA346B9B550F20F53F9B88AC8C9E1","017F81F5C413E9EAC7E868766DB63640D71BA346B9B550F20F53F9B88AC8C9E1","True"
"versions\V0.3_homepage_kpi_calibration\docs\handoff\cesium_handover_20260804\罗宜高速ESG_Cesium地图模块交接包_20260804\src\modules\traffic-gis-overview\cesium\core\ViewerManager.ts","versions\V0.3_homepage_kpi_calibration\docs\handoff\cesium_handover_20260804\罗宜高速ESG_Cesium地图模块交接包_20260804\src\modules\traffic-gis-overview\cesium\core\ViewerManager.ts","2149","B1E7C69E1F76298B6FEC9BFFF000028F340EF192F044780D0D4028F556AB85BA","B1E7C69E1F76298B6FEC9BFFF000028F340EF192F044780D0D4028F556AB85BA","True"
"versions\V0.3_homepage_kpi_calibration\docs\handoff\cesium_handover_20260804\罗宜高速ESG_Cesium地图模块交接包_20260804\src\modules\traffic-gis-overview\cesium\interaction\HighlightManager.ts","versions\V0.3_homepage_kpi_calibration\docs\handoff\cesium_handover_20260804\罗宜高速ESG_Cesium地图模块交接包_20260804\src\modules\traffic-gis-overview\cesium\interaction\HighlightManager.ts","973","DCBCB707CD4F942EC3E8326B741B05F88022014C5337C2110B2738615E723CDF","DCBCB707CD4F942EC3E8326B741B05F88022014C5337C2110B2738615E723CDF","True"
"versions\V0.3_homepage_kpi_calibration\docs\handoff\cesium_handover_20260804\罗宜高速ESG_Cesium地图模块交接包_20260804\src\modules\traffic-gis-overview\cesium\interaction\PickManager.ts","versions\V0.3_homepage_kpi_calibration\docs\handoff\cesium_handover_20260804\罗宜高速ESG_Cesium地图模块交接包_20260804\src\modules\traffic-gis-overview\cesium\interaction\PickManager.ts","2243","0BB2D6CCBCCF3CEB109D76DE1E1A50B46008BC57A920FE3D3E308FC3807F4666","0BB2D6CCBCCF3CEB109D76DE1E1A50B46008BC57A920FE3D3E308FC3807F4666","True"
"versions\V0.3_homepage_kpi_calibration\docs\handoff\cesium_handover_20260804\罗宜高速ESG_Cesium地图模块交接包_20260804\src\modules\traffic-gis-overview\cesium\layers\BasemapManager.ts","versions\V0.3_homepage_kpi_calibration\docs\handoff\cesium_handover_20260804\罗宜高速ESG_Cesium地图模块交接包_20260804\src\modules\traffic-gis-overview\cesium\layers\BasemapManager.ts","1505","285CFA47C6EB30AE44DDBEC721C2D510E313F8A9B5DE58B2B6973B0CC9EA9D9B","285CFA47C6EB30AE44DDBEC721C2D510E313F8A9B5DE58B2B6973B0CC9EA9D9B","True"
"versions\V0.3_homepage_kpi_calibration\docs\handoff\cesium_handover_20260804\罗宜高速ESG_Cesium地图模块交接包_20260804\src\modules\traffic-gis-overview\cesium\layers\DesignKmlLayerManager.ts","versions\V0.3_homepage_kpi_calibration\docs\handoff\cesium_handover_20260804\罗宜高速ESG_Cesium地图模块交接包_20260804\src\modules\traffic-gis-overview\cesium\layers\DesignKmlLayerManager.ts","24117","3F1D3BE8DB2A5EDA7F6B566363D7F58F1F213E02B703182C472607AE5931B55D","3F1D3BE8DB2A5EDA7F6B566363D7F58F1F213E02B703182C472607AE5931B55D","True"
"versions\V0.3_homepage_kpi_calibration\docs\handoff\cesium_handover_20260804\罗宜高速ESG_Cesium地图模块交接包_20260804\src\modules\traffic-gis-overview\cesium\layers\HistoricalCompareManager.ts","versions\V0.3_homepage_kpi_calibration\docs\handoff\cesium_handover_20260804\罗宜高速ESG_Cesium地图模块交接包_20260804\src\modules\traffic-gis-overview\cesium\layers\HistoricalCompareManager.ts","1316","99E2686FFC80EE361DB2A0CB7781E3D34E811A670AC9763B82C440968545144B","99E2686FFC80EE361DB2A0CB7781E3D34E811A670AC9763B82C440968545144B","True"
"versions\V0.3_homepage_kpi_calibration\docs\handoff\cesium_handover_20260804\罗宜高速ESG_Cesium地图模块交接包_20260804\src\modules\traffic-gis-overview\cesium\layers\LayerRegistry.ts","versions\V0.3_homepage_kpi_calibration\docs\handoff\cesium_handover_20260804\罗宜高速ESG_Cesium地图模块交接包_20260804\src\modules\traffic-gis-overview\cesium\layers\LayerRegistry.ts","729","9C548388552E8C6F8B6B81479352C416DCF133FAD27CC81033A5C32BB574F3AD","9C548388552E8C6F8B6B81479352C416DCF133FAD27CC81033A5C32BB574F3AD","True"
"versions\V0.3_homepage_kpi_calibration\docs\handoff\cesium_handover_20260804\罗宜高速ESG_Cesium地图模块交接包_20260804\src\modules\traffic-gis-overview\cesium\layers\SpatialAssetManager.ts","versions\V0.3_homepage_kpi_calibration\docs\handoff\cesium_handover_20260804\罗宜高速ESG_Cesium地图模块交接包_20260804\src\modules\traffic-gis-overview\cesium\layers\SpatialAssetManager.ts","5288","E4084E8F0D9F4A921126E132D12BF59A7068CC026BF435954E4CEC5BB91E0258","E4084E8F0D9F4A921126E132D12BF59A7068CC026BF435954E4CEC5BB91E0258","True"
"versions\V0.3_homepage_kpi_calibration\docs\handoff\cesium_handover_20260804\罗宜高速ESG_Cesium地图模块交接包_20260804\src\modules\traffic-gis-overview\cesium\layers\spx-kml.worker.ts","versions\V0.3_homepage_kpi_calibration\docs\handoff\cesium_handover_20260804\罗宜高速ESG_Cesium地图模块交接包_20260804\src\modules\traffic-gis-overview\cesium\layers\spx-kml.worker.ts","3064","B0EF92C4D7CD3F9B6C87A71DD4F32B1E236081FB6F0A13C05CA82F3FA0381A0B","B0EF92C4D7CD3F9B6C87A71DD4F32B1E236081FB6F0A13C05CA82F3FA0381A0B","True"
"versions\V0.3_homepage_kpi_calibration\docs\handoff\cesium_handover_20260804\罗宜高速ESG_Cesium地图模块交接包_20260804\src\modules\traffic-gis-overview\cesium\layers\SpxPrimitiveLayer.ts","versions\V0.3_homepage_kpi_calibration\docs\handoff\cesium_handover_20260804\罗宜高速ESG_Cesium地图模块交接包_20260804\src\modules\traffic-gis-overview\cesium\layers\SpxPrimitiveLayer.ts","6540","1085432699E1A663DDABB59BEE2D933F3639ACCFED08265FCADA5CDB6C328F02","1085432699E1A663DDABB59BEE2D933F3639ACCFED08265FCADA5CDB6C328F02","True"
"versions\V0.3_homepage_kpi_calibration\docs\handoff\cesium_handover_20260804\罗宜高速ESG_Cesium地图模块交接包_20260804\src\modules\traffic-gis-overview\cesium\renderers\PointRenderer.ts","versions\V0.3_homepage_kpi_calibration\docs\handoff\cesium_handover_20260804\罗宜高速ESG_Cesium地图模块交接包_20260804\src\modules\traffic-gis-overview\cesium\renderers\PointRenderer.ts","4960","D7A1C493B99DD58A87CFE34C801141AF7969F446139BDE8CA1B98FD06DBB5F81","D7A1C493B99DD58A87CFE34C801141AF7969F446139BDE8CA1B98FD06DBB5F81","True"
"versions\V0.3_homepage_kpi_calibration\docs\handoff\cesium_handover_20260804\罗宜高速ESG_Cesium地图模块交接包_20260804\src\modules\traffic-gis-overview\cesium\renderers\PolygonRenderer.ts","versions\V0.3_homepage_kpi_calibration\docs\handoff\cesium_handover_20260804\罗宜高速ESG_Cesium地图模块交接包_20260804\src\modules\traffic-gis-overview\cesium\renderers\PolygonRenderer.ts","2775","F0C0161715A3BF0DCB0CD9389F968D051F9DF2F94F46BD1C6BA3CF5A9C7DD222","F0C0161715A3BF0DCB0CD9389F968D051F9DF2F94F46BD1C6BA3CF5A9C7DD222","True"
"versions\V0.3_homepage_kpi_calibration\docs\handoff\cesium_handover_20260804\罗宜高速ESG_Cesium地图模块交接包_20260804\src\modules\traffic-gis-overview\cesium\renderers\PolylineRenderer.ts","versions\V0.3_homepage_kpi_calibration\docs\handoff\cesium_handover_20260804\罗宜高速ESG_Cesium地图模块交接包_20260804\src\modules\traffic-gis-overview\cesium\renderers\PolylineRenderer.ts","2767","68AEA79427F0E4E55446D7A0BD0462C4B9EE972AD3E4687028F2394412831730","68AEA79427F0E4E55446D7A0BD0462C4B9EE972AD3E4687028F2394412831730","True"
"versions\V0.3_homepage_kpi_calibration\docs\handoff\cesium_handover_20260804\罗宜高速ESG_Cesium地图模块交接包_20260804\src\modules\traffic-gis-overview\cesium\renderers\render-utils.ts","versions\V0.3_homepage_kpi_calibration\docs\handoff\cesium_handover_20260804\罗宜高速ESG_Cesium地图模块交接包_20260804\src\modules\traffic-gis-overview\cesium\renderers\render-utils.ts","3144","A440EADEA6E49734A913B073B2511B00127E43E0AD12C8130BBD8888B181BCE5","A440EADEA6E49734A913B073B2511B00127E43E0AD12C8130BBD8888B181BCE5","True"
"versions\V0.3_homepage_kpi_calibration\docs\handoff\cesium_handover_20260804\罗宜高速ESG_Cesium地图模块交接包_20260804\src\modules\traffic-gis-overview\cesium\renderers\TilesetRenderer.ts","versions\V0.3_homepage_kpi_calibration\docs\handoff\cesium_handover_20260804\罗宜高速ESG_Cesium地图模块交接包_20260804\src\modules\traffic-gis-overview\cesium\renderers\TilesetRenderer.ts","363","C679D531FBEC0024D955B0FD29AB0743326E10324B3A5ED4F5BCB82D75C1F000","C679D531FBEC0024D955B0FD29AB0743326E10324B3A5ED4F5BCB82D75C1F000","True"
"versions\V0.3_homepage_kpi_calibration\docs\handoff\cesium_handover_20260804\罗宜高速ESG_Cesium地图模块交接包_20260804\src\modules\traffic-gis-overview\components\BusinessLinksPanel.vue","versions\V0.3_homepage_kpi_calibration\docs\handoff\cesium_handover_20260804\罗宜高速ESG_Cesium地图模块交接包_20260804\src\modules\traffic-gis-overview\components\BusinessLinksPanel.vue","10364","73D9A692D92A81037491C8CACA6DA40FC46E2E2142F4E57F112EA724B408CEF7","73D9A692D92A81037491C8CACA6DA40FC46E2E2142F4E57F112EA724B408CEF7","True"
"versions\V0.3_homepage_kpi_calibration\docs\handoff\cesium_handover_20260804\罗宜高速ESG_Cesium地图模块交接包_20260804\src\modules\traffic-gis-overview\components\DesignLayerTree.vue","versions\V0.3_homepage_kpi_calibration\docs\handoff\cesium_handover_20260804\罗宜高速ESG_Cesium地图模块交接包_20260804\src\modules\traffic-gis-overview\components\DesignLayerTree.vue","12259","5AFDE5AE3970FAB562FF13B8DBE01B6F74517402BB8D458E7BA86467E262D4C1","5AFDE5AE3970FAB562FF13B8DBE01B6F74517402BB8D458E7BA86467E262D4C1","True"
"versions\V0.3_homepage_kpi_calibration\docs\handoff\cesium_handover_20260804\罗宜高速ESG_Cesium地图模块交接包_20260804\src\modules\traffic-gis-overview\components\FeatureCard.vue","versions\V0.3_homepage_kpi_calibration\docs\handoff\cesium_handover_20260804\罗宜高速ESG_Cesium地图模块交接包_20260804\src\modules\traffic-gis-overview\components\FeatureCard.vue","19973","A709AB27EDC245A793746F96A4D4D84A6E08B699F3C3AA057A651FE0104F8501","A709AB27EDC245A793746F96A4D4D84A6E08B699F3C3AA057A651FE0104F8501","True"
"versions\V0.3_homepage_kpi_calibration\docs\handoff\cesium_handover_20260804\罗宜高速ESG_Cesium地图模块交接包_20260804\src\modules\traffic-gis-overview\components\LayerControl.vue","versions\V0.3_homepage_kpi_calibration\docs\handoff\cesium_handover_20260804\罗宜高速ESG_Cesium地图模块交接包_20260804\src\modules\traffic-gis-overview\components\LayerControl.vue","13624","7DA5FEF80EE38983DA2BC37B059770650BA831A2911E190D3B61744F16471985","7DA5FEF80EE38983DA2BC37B059770650BA831A2911E190D3B61744F16471985","True"
"versions\V0.3_homepage_kpi_calibration\docs\handoff\cesium_handover_20260804\罗宜高速ESG_Cesium地图模块交接包_20260804\src\modules\traffic-gis-overview\components\MapChrome.vue","versions\V0.3_homepage_kpi_calibration\docs\handoff\cesium_handover_20260804\罗宜高速ESG_Cesium地图模块交接包_20260804\src\modules\traffic-gis-overview\components\MapChrome.vue","7868","5749FBCA2C426B8A86ADC100D8E0CD637A867088D2D2C0C445083766ABAB7B9A","5749FBCA2C426B8A86ADC100D8E0CD637A867088D2D2C0C445083766ABAB7B9A","True"
"versions\V0.3_homepage_kpi_calibration\docs\handoff\cesium_handover_20260804\罗宜高速ESG_Cesium地图模块交接包_20260804\src\modules\traffic-gis-overview\components\TrafficGisOverview.vue","versions\V0.3_homepage_kpi_calibration\docs\handoff\cesium_handover_20260804\罗宜高速ESG_Cesium地图模块交接包_20260804\src\modules\traffic-gis-overview\components\TrafficGisOverview.vue","35379","6D2AE13A97CB684AB71DCCC2A1426C152689FFAB78EE5C1E0E8A7B197809B75D","6D2AE13A97CB684AB71DCCC2A1426C152689FFAB78EE5C1E0E8A7B197809B75D","True"
"versions\V0.3_homepage_kpi_calibration\docs\handoff\cesium_handover_20260804\罗宜高速ESG_Cesium地图模块交接包_20260804\src\modules\traffic-gis-overview\components\TrafficLegend.vue","versions\V0.3_homepage_kpi_calibration\docs\handoff\cesium_handover_20260804\罗宜高速ESG_Cesium地图模块交接包_20260804\src\modules\traffic-gis-overview\components\TrafficLegend.vue","807","B1100FEDE8D08E9535DFEFFE5EBB0DD40CD048B48F9AB0D4B02283610E011481","B1100FEDE8D08E9535DFEFFE5EBB0DD40CD048B48F9AB0D4B02283610E011481","True"
"versions\V0.3_homepage_kpi_calibration\docs\handoff\cesium_handover_20260804\罗宜高速ESG_Cesium地图模块交接包_20260804\src\modules\traffic-gis-overview\config\basemaps.config.ts","versions\V0.3_homepage_kpi_calibration\docs\handoff\cesium_handover_20260804\罗宜高速ESG_Cesium地图模块交接包_20260804\src\modules\traffic-gis-overview\config\basemaps.config.ts","1873","6A1C96717160D8914BB4ACFA5A68E003EFFE5C60AEDA615F5704E45F9DA8B6A4","6A1C96717160D8914BB4ACFA5A68E003EFFE5C60AEDA615F5704E45F9DA8B6A4","True"
"versions\V0.3_homepage_kpi_calibration\docs\handoff\cesium_handover_20260804\罗宜高速ESG_Cesium地图模块交接包_20260804\src\modules\traffic-gis-overview\config\configuration-api.ts","versions\V0.3_homepage_kpi_calibration\docs\handoff\cesium_handover_20260804\罗宜高速ESG_Cesium地图模块交接包_20260804\src\modules\traffic-gis-overview\config\configuration-api.ts","1245","8334FE580B46554DFE2DD4B69A083426FB7E4CFBC8CC2B086F62E8FCC74B3EE3","8334FE580B46554DFE2DD4B69A083426FB7E4CFBC8CC2B086F62E8FCC74B3EE3","True"
"versions\V0.3_homepage_kpi_calibration\docs\handoff\cesium_handover_20260804\罗宜高速ESG_Cesium地图模块交接包_20260804\src\modules\traffic-gis-overview\config\design-map.config.ts","versions\V0.3_homepage_kpi_calibration\docs\handoff\cesium_handover_20260804\罗宜高速ESG_Cesium地图模块交接包_20260804\src\modules\traffic-gis-overview\config\design-map.config.ts","292","D90A90DEA45B00786D37A9C3603161E95F9B23B8374F7B806794B989EA8E6DBE","D90A90DEA45B00786D37A9C3603161E95F9B23B8374F7B806794B989EA8E6DBE","True"
"versions\V0.3_homepage_kpi_calibration\docs\handoff\cesium_handover_20260804\罗宜高速ESG_Cesium地图模块交接包_20260804\src\modules\traffic-gis-overview\config\historical-imagery.config.ts","versions\V0.3_homepage_kpi_calibration\docs\handoff\cesium_handover_20260804\罗宜高速ESG_Cesium地图模块交接包_20260804\src\modules\traffic-gis-overview\config\historical-imagery.config.ts","671","0E6D341EC647D654E4A959EF573096117422E8447EA15F4D950079B07B7467CF","0E6D341EC647D654E4A959EF573096117422E8447EA15F4D950079B07B7467CF","True"
"versions\V0.3_homepage_kpi_calibration\docs\handoff\cesium_handover_20260804\罗宜高速ESG_Cesium地图模块交接包_20260804\src\modules\traffic-gis-overview\config\layers.config.ts","versions\V0.3_homepage_kpi_calibration\docs\handoff\cesium_handover_20260804\罗宜高速ESG_Cesium地图模块交接包_20260804\src\modules\traffic-gis-overview\config\layers.config.ts","1203","5861AC825B3E4FBFC16324F479C22DABC6DB12A8EBD3ACCAA2D0A3CB25F11FA7","5861AC825B3E4FBFC16324F479C22DABC6DB12A8EBD3ACCAA2D0A3CB25F11FA7","True"
"versions\V0.3_homepage_kpi_calibration\docs\handoff\cesium_handover_20260804\罗宜高速ESG_Cesium地图模块交接包_20260804\src\modules\traffic-gis-overview\config\style-tokens.ts","versions\V0.3_homepage_kpi_calibration\docs\handoff\cesium_handover_20260804\罗宜高速ESG_Cesium地图模块交接包_20260804\src\modules\traffic-gis-overview\config\style-tokens.ts","460","4E5FB1777A0CD46E8E0FE38FFD879CEFA3E19AB6BD02E91D4B449A38E3A2DB87","4E5FB1777A0CD46E8E0FE38FFD879CEFA3E19AB6BD02E91D4B449A38E3A2DB87","True"
"versions\V0.3_homepage_kpi_calibration\docs\handoff\cesium_handover_20260804\罗宜高速ESG_Cesium地图模块交接包_20260804\src\modules\traffic-gis-overview\config\traffic-gis.config.ts","versions\V0.3_homepage_kpi_calibration\docs\handoff\cesium_handover_20260804\罗宜高速ESG_Cesium地图模块交接包_20260804\src\modules\traffic-gis-overview\config\traffic-gis.config.ts","562","B46989B41078D1C6D8CE732D7ACC901E4AC7714378E066A568F43D480D3682B5","B46989B41078D1C6D8CE732D7ACC901E4AC7714378E066A568F43D480D3682B5","True"
"versions\V0.3_homepage_kpi_calibration\docs\handoff\cesium_handover_20260804\罗宜高速ESG_Cesium地图模块交接包_20260804\src\modules\traffic-gis-overview\domain\chainage.ts","versions\V0.3_homepage_kpi_calibration\docs\handoff\cesium_handover_20260804\罗宜高速ESG_Cesium地图模块交接包_20260804\src\modules\traffic-gis-overview\domain\chainage.ts","1695","3E578911F0DB5112063FD736954CADDB34617652A53FA5A5FAD33ADDADE45F26","3E578911F0DB5112063FD736954CADDB34617652A53FA5A5FAD33ADDADE45F26","True"
"versions\V0.3_homepage_kpi_calibration\docs\handoff\cesium_handover_20260804\罗宜高速ESG_Cesium地图模块交接包_20260804\src\modules\traffic-gis-overview\mock\features.ts","versions\V0.3_homepage_kpi_calibration\docs\handoff\cesium_handover_20260804\罗宜高速ESG_Cesium地图模块交接包_20260804\src\modules\traffic-gis-overview\mock\features.ts","240","F807592D8AA0705B6CB76983EE93A8D427B5D374659447578609B13E3293E3D4","F807592D8AA0705B6CB76983EE93A8D427B5D374659447578609B13E3293E3D4","True"
"versions\V0.3_homepage_kpi_calibration\docs\handoff\cesium_handover_20260804\罗宜高速ESG_Cesium地图模块交接包_20260804\src\modules\traffic-gis-overview\types\design-layers.ts","versions\V0.3_homepage_kpi_calibration\docs\handoff\cesium_handover_20260804\罗宜高速ESG_Cesium地图模块交接包_20260804\src\modules\traffic-gis-overview\types\design-layers.ts","1088","ABDF09CC3BEC305A6BD5678F865F596889F8AA5364D8B6E2C5CBA64CC1635B8E","ABDF09CC3BEC305A6BD5678F865F596889F8AA5364D8B6E2C5CBA64CC1635B8E","True"
"versions\V0.3_homepage_kpi_calibration\docs\handoff\cesium_handover_20260804\罗宜高速ESG_Cesium地图模块交接包_20260804\src\modules\traffic-gis-overview\types\index.ts","versions\V0.3_homepage_kpi_calibration\docs\handoff\cesium_handover_20260804\罗宜高速ESG_Cesium地图模块交接包_20260804\src\modules\traffic-gis-overview\types\index.ts","4910","74E3AEED11A8DA2205CD6941281E243E86AB95E68870DBFACC9EEA525AEC92E6","74E3AEED11A8DA2205CD6941281E243E86AB95E68870DBFACC9EEA525AEC92E6","True"
"versions\V0.3_homepage_kpi_calibration\docs\handoff\cesium_handover_20260804\罗宜高速ESG_Cesium地图模块交接包_20260804\src\modules\traffic-gis-overview\vector\VectorLayerStore.ts","versions\V0.3_homepage_kpi_calibration\docs\handoff\cesium_handover_20260804\罗宜高速ESG_Cesium地图模块交接包_20260804\src\modules\traffic-gis-overview\vector\VectorLayerStore.ts","3361","85162699E02512D4C91B86FC283D0D24F68966269AA555BF54DDE98F73C5AF0F","85162699E02512D4C91B86FC283D0D24F68966269AA555BF54DDE98F73C5AF0F","True"
"versions\V0.3_homepage_kpi_calibration\docs\handoff\e01_screenshots\e01-detail-1436x880.png","versions\V0.3_homepage_kpi_calibration\docs\handoff\e01_screenshots\e01-detail-1436x880.png","1177966","964E12DF37BD67004DFA534A284ED12710C857BDC99BCD9267257E3F5F62D18A","964E12DF37BD67004DFA534A284ED12710C857BDC99BCD9267257E3F5F62D18A","True"
"versions\V0.3_homepage_kpi_calibration\docs\handoff\e01_screenshots\e01-overview-1436x880.png","versions\V0.3_homepage_kpi_calibration\docs\handoff\e01_screenshots\e01-overview-1436x880.png","1172187","2981E5E449B0FA027A6ADD7D36840F0031327755F819940D630D5AD868E4ECF0","2981E5E449B0FA027A6ADD7D36840F0031327755F819940D630D5AD868E4ECF0","True"
"versions\V0.3_homepage_kpi_calibration\docs\handoff\e01_screenshots\e01-summary-infocard-1436x880.png","versions\V0.3_homepage_kpi_calibration\docs\handoff\e01_screenshots\e01-summary-infocard-1436x880.png","1173542","B37C2DCE2B3E62229376948C8AF415F4E72EE31C2DA2546444258D45CB69AD79","B37C2DCE2B3E62229376948C8AF415F4E72EE31C2DA2546444258D45CB69AD79","True"
"versions\V0.3_homepage_kpi_calibration\docs\handoff\esg-smart-entry-screenshots\01-upload-three-files-1440x900.png","versions\V0.3_homepage_kpi_calibration\docs\handoff\esg-smart-entry-screenshots\01-upload-three-files-1440x900.png","82318","442D1E68F6C847345966445EFDC0BC0BDC0FA6C79BE5EAA3F2A57BCAD5520942","442D1E68F6C847345966445EFDC0BC0BDC0FA6C79BE5EAA3F2A57BCAD5520942","True"
"versions\V0.3_homepage_kpi_calibration\docs\handoff\esg-smart-entry-screenshots\02-ai-analysis-complete-1440x900.png","versions\V0.3_homepage_kpi_calibration\docs\handoff\esg-smart-entry-screenshots\02-ai-analysis-complete-1440x900.png","77869","D81CCFCD1E9BAA4BFB8EBFFC4E3144D83423850429F4CEA0D6E4E0719F35BE5C","D81CCFCD1E9BAA4BFB8EBFFC4E3144D83423850429F4CEA0D6E4E0719F35BE5C","True"
"versions\V0.3_homepage_kpi_calibration\docs\handoff\esg-smart-entry-screenshots\03-manual-review-two-items-1440x900.png","versions\V0.3_homepage_kpi_calibration\docs\handoff\esg-smart-entry-screenshots\03-manual-review-two-items-1440x900.png","67323","043F5A5964A6BF0A875706BC7E77EC2AF2998544DDA341752DBF4C6864C8914C","043F5A5964A6BF0A875706BC7E77EC2AF2998544DDA341752DBF4C6864C8914C","True"
"versions\V0.3_homepage_kpi_calibration\docs\handoff\esg-smart-entry-screenshots\04-demo-ingestion-manifest-1440x900.png","versions\V0.3_homepage_kpi_calibration\docs\handoff\esg-smart-entry-screenshots\04-demo-ingestion-manifest-1440x900.png","67644","80310FFA84390F686454502467C9785BCFD9FBAADD2416F967B52BEB0ABED68F","80310FFA84390F686454502467C9785BCFD9FBAADD2416F967B52BEB0ABED68F","True"
"versions\V0.3_homepage_kpi_calibration\docs\handoff\esg-smart-entry-screenshots\05-demo-workflow-complete-1440x900.png","versions\V0.3_homepage_kpi_calibration\docs\handoff\esg-smart-entry-screenshots\05-demo-workflow-complete-1440x900.png","51608","4E3D7CC4F0976BA5C13027CDE68B216D86326B642E3873798744082033236B71","4E3D7CC4F0976BA5C13027CDE68B216D86326B642E3873798744082033236B71","True"
"versions\V0.3_homepage_kpi_calibration\docs\handoff\ESG智能入库一页式\Cursor校核_V0.2_20260726.md","versions\V0.3_homepage_kpi_calibration\docs\handoff\ESG智能入库一页式\Cursor校核_V0.2_20260726.md","4203","3AE354FC849691C442FD386ED8F63B531D957A7584910BAA38D9125E8E31FB99","3AE354FC849691C442FD386ED8F63B531D957A7584910BAA38D9125E8E31FB99","True"
"versions\V0.3_homepage_kpi_calibration\docs\handoff\ESG智能入库一页式\ESG智能数据填报_一页式工作台设计与联调任务书_V0.2_20260726.md","versions\V0.3_homepage_kpi_calibration\docs\handoff\ESG智能入库一页式\ESG智能数据填报_一页式工作台设计与联调任务书_V0.2_20260726.md","21541","6C6CB2B35B2C018D6B6761889BBE71E8C166F03D527113B603CD933958B1DCAA","6C6CB2B35B2C018D6B6761889BBE71E8C166F03D527113B603CD933958B1DCAA","True"
"versions\V0.3_homepage_kpi_calibration\docs\handoff\ESG智能入库一页式\ESG智能数据填报_一页式核对工作台_V0.2_20260726.png","versions\V0.3_homepage_kpi_calibration\docs\handoff\ESG智能入库一页式\ESG智能数据填报_一页式核对工作台_V0.2_20260726.png","131250","E1DB3BFE15D57A6A6EE1E247E696C4172FB6B8D547BE6CB690CD8E47A59F8314","E1DB3BFE15D57A6A6EE1E247E696C4172FB6B8D547BE6CB690CD8E47A59F8314","True"
"versions\V0.3_homepage_kpi_calibration\docs\handoff\ESG智能入库一页式\README.md","versions\V0.3_homepage_kpi_calibration\docs\handoff\ESG智能入库一页式\README.md","1221","D61F47F96A467F0E24C71963F69F33474776B216D49997C9019086A807A2589F","D61F47F96A467F0E24C71963F69F33474776B216D49997C9019086A807A2589F","True"
"versions\V0.3_homepage_kpi_calibration\docs\handoff\ESG智能入库一页式\现状与设计图对照_20260726.md","versions\V0.3_homepage_kpi_calibration\docs\handoff\ESG智能入库一页式\现状与设计图对照_20260726.md","4632","A2430D547B60BC84871BDF93F683C13BE8C7BD041F8CFC03CD17BCD38EC1AF00","A2430D547B60BC84871BDF93F683C13BE8C7BD041F8CFC03CD17BCD38EC1AF00","True"
"versions\V0.3_homepage_kpi_calibration\docs\handoff\碳核算与月报独立页\README.md","versions\V0.3_homepage_kpi_calibration\docs\handoff\碳核算与月报独立页\README.md","1741","3DCF4A8BC15D3DCD09BAFFB70BFCAD9E43030DE0A2B6EC47713FBB5ED87C3F8D","3DCF4A8BC15D3DCD09BAFFB70BFCAD9E43030DE0A2B6EC47713FBB5ED87C3F8D","True"
"versions\V0.3_homepage_kpi_calibration\docs\handoff\碳核算与月报独立页\Trae实施任务单_月报独立页_V1.0_20260726.md","versions\V0.3_homepage_kpi_calibration\docs\handoff\碳核算与月报独立页\Trae实施任务单_月报独立页_V1.0_20260726.md","9304","66AA0389362B156E45ED764DD672977EBB231ED5554A34C374BC1C03BBB2F95F","66AA0389362B156E45ED764DD672977EBB231ED5554A34C374BC1C03BBB2F95F","True"
"versions\V0.3_homepage_kpi_calibration\docs\handoff\碳核算与月报独立页\Trae实施任务单_碳核算独立页_V1.0_20260726.md","versions\V0.3_homepage_kpi_calibration\docs\handoff\碳核算与月报独立页\Trae实施任务单_碳核算独立页_V1.0_20260726.md","9424","6B9A72D129EEF8E3E232410BE55DE462CB0F1EA8CD12A52ECFB250578CB5FC0F","6B9A72D129EEF8E3E232410BE55DE462CB0F1EA8CD12A52ECFB250578CB5FC0F","True"
"versions\V0.3_homepage_kpi_calibration\docs\handoff\碳核算与月报独立页\月报独立页设计_V0.1_20260726.md","versions\V0.3_homepage_kpi_calibration\docs\handoff\碳核算与月报独立页\月报独立页设计_V0.1_20260726.md","8253","85A96C5D8E1A79C83737E4EBF7BE87F1EA8789740EBA956AF22ED0BC16F1B661","85A96C5D8E1A79C83737E4EBF7BE87F1EA8789740EBA956AF22ED0BC16F1B661","True"
"versions\V0.3_homepage_kpi_calibration\docs\handoff\碳核算与月报独立页\碳核算独立页设计_V0.1_20260726.md","versions\V0.3_homepage_kpi_calibration\docs\handoff\碳核算与月报独立页\碳核算独立页设计_V0.1_20260726.md","8846","3D7539FC728170B63E0D7BC2F992627CAE6BE36B54CE8E82E019104CE262E762","3D7539FC728170B63E0D7BC2F992627CAE6BE36B54CE8E82E019104CE262E762","True"
"versions\V0.3_homepage_kpi_calibration\docs\handoff\碳核算与月报独立页\作废\Trae实施任务单_Workspace右侧碳与月报_V1.0_20260726.md","versions\V0.3_homepage_kpi_calibration\docs\handoff\碳核算与月报独立页\作废\Trae实施任务单_Workspace右侧碳与月报_V1.0_20260726.md","8383","2A5911ED24E4F5000F689AF7CC221651832C2CE7B20BDF89C70AEB3239199C94","2A5911ED24E4F5000F689AF7CC221651832C2CE7B20BDF89C70AEB3239199C94","True"
"versions\V0.3_homepage_kpi_calibration\docs\handoff\碳核算与月报独立页\作废\Trae实施任务单_碳与月报独立页_V1.0_20260726.md","versions\V0.3_homepage_kpi_calibration\docs\handoff\碳核算与月报独立页\作废\Trae实施任务单_碳与月报独立页_V1.0_20260726.md","10198","A12A528F4D42F9FD3BB0FD5DE0A98040215C709A23E8D1617A55697745ED54F0","A12A528F4D42F9FD3BB0FD5DE0A98040215C709A23E8D1617A55697745ED54F0","True"
"versions\V0.3_homepage_kpi_calibration\docs\handoff\碳核算与月报独立页\作废\Workspace右侧_碳与月报模块设计_V0.1_20260726.md","versions\V0.3_homepage_kpi_calibration\docs\handoff\碳核算与月报独立页\作废\Workspace右侧_碳与月报模块设计_V0.1_20260726.md","17282","6E77D35D4938D5C5A4B407ED1E64AE98A0E0DF7AC9FCF4B2C7F8482F22E4C8E6","6E77D35D4938D5C5A4B407ED1E64AE98A0E0DF7AC9FCF4B2C7F8482F22E4C8E6","True"
"versions\V0.3_homepage_kpi_calibration\docs\handoff\碳核算与月报独立页\作废\碳与月报独立页设计_V0.1_20260726.md","versions\V0.3_homepage_kpi_calibration\docs\handoff\碳核算与月报独立页\作废\碳与月报独立页设计_V0.1_20260726.md","12044","2554115B1EDCAD5ED613191E20017B023639135C4393299E3E2F901785BB6CD8","2554115B1EDCAD5ED613191E20017B023639135C4393299E3E2F901785BB6CD8","True"
"versions\V0.3_homepage_kpi_calibration\frontend\.gitignore","versions\V0.3_homepage_kpi_calibration\frontend\.gitignore","609","50411DF1752F89C2DF53E29549CF3176238E1EB465B286895CCD6F48DF2F0BEE","50411DF1752F89C2DF53E29549CF3176238E1EB465B286895CCD6F48DF2F0BEE","True"
"versions\V0.3_homepage_kpi_calibration\frontend\index.html","versions\V0.3_homepage_kpi_calibration\frontend\index.html","686","5F69561919F0A35CDFFD0D0F3C647936D803F5D878F5E2809EE97EBE35978151","5F69561919F0A35CDFFD0D0F3C647936D803F5D878F5E2809EE97EBE35978151","True"
"versions\V0.3_homepage_kpi_calibration\frontend\package-lock.json","versions\V0.3_homepage_kpi_calibration\frontend\package-lock.json","95946","5B35301DDA076ADEB115B7734AAEC04BD474B0C26BC4EBF594F3E2863ED651A4","5B35301DDA076ADEB115B7734AAEC04BD474B0C26BC4EBF594F3E2863ED651A4","True"
"versions\V0.3_homepage_kpi_calibration\frontend\package.json","versions\V0.3_homepage_kpi_calibration\frontend\package.json","742","B1A13C05B2005BDB7843022EF79FA7D2710728A4277058EF452E0501507C61DC","B1A13C05B2005BDB7843022EF79FA7D2710728A4277058EF452E0501507C61DC","True"
"versions\V0.3_homepage_kpi_calibration\frontend\tsconfig.json","versions\V0.3_homepage_kpi_calibration\frontend\tsconfig.json","545","F43FDE519A1DF307B83674368A4E3253A1D931A383419FA2ECBA28CF410552C0","F43FDE519A1DF307B83674368A4E3253A1D931A383419FA2ECBA28CF410552C0","True"
"versions\V0.3_homepage_kpi_calibration\frontend\vite.config.ts","versions\V0.3_homepage_kpi_calibration\frontend\vite.config.ts","1360","F49C7BE2214C9A57C3D81945C851DB9763349F50A24337983D6DAE0AB71F5EE5","F49C7BE2214C9A57C3D81945C851DB9763349F50A24337983D6DAE0AB71F5EE5","True"
"versions\V0.3_homepage_kpi_calibration\frontend\public\favicon.svg","versions\V0.3_homepage_kpi_calibration\frontend\public\favicon.svg","453","AA35D9CBB5F8E9D15CFE02B2B3CD7FD9FE00C10A76B7B9BE250843DB5CD369EF","AA35D9CBB5F8E9D15CFE02B2B3CD7FD9FE00C10A76B7B9BE250843DB5CD369EF","True"
"versions\V0.3_homepage_kpi_calibration\frontend\public\data\shp\1标段.geojson","versions\V0.3_homepage_kpi_calibration\frontend\public\data\shp\1标段.geojson","763","90C5375CA48EAEC73BE3B917479DF09A8DEFB5BA173072F268DE263FD16AF8B5","90C5375CA48EAEC73BE3B917479DF09A8DEFB5BA173072F268DE263FD16AF8B5","True"
"versions\V0.3_homepage_kpi_calibration\frontend\public\data\shp\2标段.geojson","versions\V0.3_homepage_kpi_calibration\frontend\public\data\shp\2标段.geojson","808","7FAD10AE013F77F3A6E410B4C6DA2DBF59E5F786EE2CF119B7ED2EC4E6020A84","7FAD10AE013F77F3A6E410B4C6DA2DBF59E5F786EE2CF119B7ED2EC4E6020A84","True"
"versions\V0.3_homepage_kpi_calibration\frontend\public\data\shp\3标段.geojson","versions\V0.3_homepage_kpi_calibration\frontend\public\data\shp\3标段.geojson","2581","7276C0F23A4518B3CD2507853B99D4A926A6EFEE0B7341D81E99AF3FA306AB14","7276C0F23A4518B3CD2507853B99D4A926A6EFEE0B7341D81E99AF3FA306AB14","True"
"versions\V0.3_homepage_kpi_calibration\frontend\public\data\shp\manifest.json","versions\V0.3_homepage_kpi_calibration\frontend\public\data\shp\manifest.json","5766","3F216A97FD0756AE84FD6AC7B551098196B517789DE91AAF4D5657518EAF91E3","3F216A97FD0756AE84FD6AC7B551098196B517789DE91AAF4D5657518EAF91E3","True"
"versions\V0.3_homepage_kpi_calibration\frontend\public\data\shp\弃渣点1.geojson","versions\V0.3_homepage_kpi_calibration\frontend\public\data\shp\弃渣点1.geojson","668","3D0400E5C05C51890936C43DCE827911C85DF892CDB6676AE5644EDC3F804C12","3D0400E5C05C51890936C43DCE827911C85DF892CDB6676AE5644EDC3F804C12","True"
"versions\V0.3_homepage_kpi_calibration\frontend\public\data\shp\弃渣点2.geojson","versions\V0.3_homepage_kpi_calibration\frontend\public\data\shp\弃渣点2.geojson","824","8C3EAB4DCA8F444708F2078ECB47D9BC2414189DF986E33F038B1CD9DF08652E","8C3EAB4DCA8F444708F2078ECB47D9BC2414189DF986E33F038B1CD9DF08652E","True"
"versions\V0.3_homepage_kpi_calibration\frontend\public\data\shp\水源保护区1.geojson","versions\V0.3_homepage_kpi_calibration\frontend\public\data\shp\水源保护区1.geojson","743","02BBC62FAE6C6E8BE4000502D4F5087C07D3CFF8EEA62FB78B37E1D660D963F1","02BBC62FAE6C6E8BE4000502D4F5087C07D3CFF8EEA62FB78B37E1D660D963F1","True"
"versions\V0.3_homepage_kpi_calibration\frontend\public\data\shp\水源保护区2.geojson","versions\V0.3_homepage_kpi_calibration\frontend\public\data\shp\水源保护区2.geojson","528","0007D70724B7837C4BCC76EB4EAF2D18A6F2AEE594D6CA066FF7E2470C21DFD5","0007D70724B7837C4BCC76EB4EAF2D18A6F2AEE594D6CA066FF7E2470C21DFD5","True"
"versions\V0.3_homepage_kpi_calibration\frontend\public\data\shp\生态保护区1.geojson","versions\V0.3_homepage_kpi_calibration\frontend\public\data\shp\生态保护区1.geojson","960","30132CC0AF524AB707E4B066FF9A324FAA6A4870298BE3DE1826FD9B6DEC0375","30132CC0AF524AB707E4B066FF9A324FAA6A4870298BE3DE1826FD9B6DEC0375","True"
"versions\V0.3_homepage_kpi_calibration\frontend\public\data\shp\边坡监测点1.geojson","versions\V0.3_homepage_kpi_calibration\frontend\public\data\shp\边坡监测点1.geojson","295","2CBD7FB96CCE877A25491DC2243DE94AE3478EBB1A75912E23E3A55F230D4EA4","2CBD7FB96CCE877A25491DC2243DE94AE3478EBB1A75912E23E3A55F230D4EA4","True"
"versions\V0.3_homepage_kpi_calibration\frontend\public\data\shp\边坡监测点2.geojson","versions\V0.3_homepage_kpi_calibration\frontend\public\data\shp\边坡监测点2.geojson","298","E4ECDBD348F3DF277146C2B39F6048E50706D30468B9D5AA8BD2D037D01DD053","E4ECDBD348F3DF277146C2B39F6048E50706D30468B9D5AA8BD2D037D01DD053","True"
"versions\V0.3_homepage_kpi_calibration\frontend\public\gis\s1-6\layer-config.json","versions\V0.3_homepage_kpi_calibration\frontend\public\gis\s1-6\layer-config.json","2465","C0B2C63B75D53FBEE992031A6397430298A3CCB8A5B3E03BE91B524E78D77A70","C0B2C63B75D53FBEE992031A6397430298A3CCB8A5B3E03BE91B524E78D77A70","True"
"versions\V0.3_homepage_kpi_calibration\frontend\public\gis\s1-6\README.md","versions\V0.3_homepage_kpi_calibration\frontend\public\gis\s1-6\README.md","2275","35EF08F6AE81A91C5910D9F6024B5C3EBEBCA8AD5A71D2DA18B3DDE51532CA66","35EF08F6AE81A91C5910D9F6024B5C3EBEBCA8AD5A71D2DA18B3DDE51532CA66","True"
"versions\V0.3_homepage_kpi_calibration\frontend\public\gis\s1-6\layers\高速公路首页_SPX边坡_独立图层.kml","versions\V0.3_homepage_kpi_calibration\frontend\public\gis\s1-6\layers\高速公路首页_SPX边坡_独立图层.kml","16453142","852D6792C7C20D47DEE09B116CBA5C8F1855A9C067F531F375FC63F0DE95FED8","852D6792C7C20D47DEE09B116CBA5C8F1855A9C067F531F375FC63F0DE95FED8","True"
"versions\V0.3_homepage_kpi_calibration\frontend\public\gis\s1-6\layers\高速公路首页_道路生态关键要素_不含SPX.kml","versions\V0.3_homepage_kpi_calibration\frontend\public\gis\s1-6\layers\高速公路首页_道路生态关键要素_不含SPX.kml","20606586","53C9C5EAD642EDE33E5848D8DB498F3E4D046C22E05E8705CF58FD59B8634C15","53C9C5EAD642EDE33E5848D8DB498F3E4D046C22E05E8705CF58FD59B8634C15","True"
"versions\V0.3_homepage_kpi_calibration\frontend\public\samples\README.md","versions\V0.3_homepage_kpi_calibration\frontend\public\samples\README.md","2485","249C7D909336EA771EA30A278F1115E32D1F18F57348A121DA4A5ECAC2BA24EC","249C7D909336EA771EA30A278F1115E32D1F18F57348A121DA4A5ECAC2BA24EC","True"
"versions\V0.3_homepage_kpi_calibration\frontend\public\samples\罗宜高速_2026年7月水保监测月报摘要.csv","versions\V0.3_homepage_kpi_calibration\frontend\public\samples\罗宜高速_2026年7月水保监测月报摘要.csv","703","FA555FACDFFB1AE4FF2949F196AF53CF3F11143BF5B1B13725AE6534A5BC759B","FA555FACDFFB1AE4FF2949F196AF53CF3F11143BF5B1B13725AE6534A5BC759B","True"
"versions\V0.3_homepage_kpi_calibration\frontend\public\samples\assistant-compliance-packs\README.md","versions\V0.3_homepage_kpi_calibration\frontend\public\samples\assistant-compliance-packs\README.md","2096","A35480F1AEEDB56079835AC96EE23541F19CF1D4EBEECCA13EDF90984E3CDBA1","A35480F1AEEDB56079835AC96EE23541F19CF1D4EBEECCA13EDF90984E3CDBA1","True"
"versions\V0.3_homepage_kpi_calibration\frontend\public\samples\assistant-compliance-packs\上级检查_安全合规资料包_202607.zip","versions\V0.3_homepage_kpi_calibration\frontend\public\samples\assistant-compliance-packs\上级检查_安全合规资料包_202607.zip","2374","F90F16AAA1D43CA6FCA515700D3D2B49866C58F13FA5BEC7A9EB6F569E5A1228","F90F16AAA1D43CA6FCA515700D3D2B49866C58F13FA5BEC7A9EB6F569E5A1228","True"
"versions\V0.3_homepage_kpi_calibration\frontend\public\samples\assistant-compliance-packs\上级检查_环保合规资料包_202607.zip","versions\V0.3_homepage_kpi_calibration\frontend\public\samples\assistant-compliance-packs\上级检查_环保合规资料包_202607.zip","36616","2FA3764E263F5BACFD1CE9FFFFE884092714F28A36052CDF69C83BDC391549FE","2FA3764E263F5BACFD1CE9FFFFE884092714F28A36052CDF69C83BDC391549FE","True"
"versions\V0.3_homepage_kpi_calibration\frontend\public\samples\assistant-compliance-packs\上级检查_综合合规资料包_202607.zip","versions\V0.3_homepage_kpi_calibration\frontend\public\samples\assistant-compliance-packs\上级检查_综合合规资料包_202607.zip","2675","C5D56A64632430CB738A4244CE8B329CA7DDD8E924E46CC1B015A91D6532527D","C5D56A64632430CB738A4244CE8B329CA7DDD8E924E46CC1B015A91D6532527D","True"
"versions\V0.3_homepage_kpi_calibration\frontend\public\samples\assistant-compliance-packs\manifests\pack_superior_comprehensive.json","versions\V0.3_homepage_kpi_calibration\frontend\public\samples\assistant-compliance-packs\manifests\pack_superior_comprehensive.json","1323","768BE89C61332E9FE42908F950918636E95D6FC0810C0EF3E7E6402A71205445","768BE89C61332E9FE42908F950918636E95D6FC0810C0EF3E7E6402A71205445","True"
"versions\V0.3_homepage_kpi_calibration\frontend\public\samples\assistant-compliance-packs\manifests\pack_superior_env.json","versions\V0.3_homepage_kpi_calibration\frontend\public\samples\assistant-compliance-packs\manifests\pack_superior_env.json","20937","84B7A884562012790F73977D65D2F48F1A6A10783E98C17E7D40E4D6F586FC85","84B7A884562012790F73977D65D2F48F1A6A10783E98C17E7D40E4D6F586FC85","True"
"versions\V0.3_homepage_kpi_calibration\frontend\public\samples\assistant-compliance-packs\manifests\pack_superior_safety.json","versions\V0.3_homepage_kpi_calibration\frontend\public\samples\assistant-compliance-packs\manifests\pack_superior_safety.json","1156","5ACA549701B61CA8B35025FDFF0FE475C40C27EDC61424B71661C9CAF0B379C6","5ACA549701B61CA8B35025FDFF0FE475C40C27EDC61424B71661C9CAF0B379C6","True"
"versions\V0.3_homepage_kpi_calibration\frontend\public\samples\assistant-compliance-packs\上级检查_安全合规资料包_202607\01_清单_合规资料目录.md","versions\V0.3_homepage_kpi_calibration\frontend\public\samples\assistant-compliance-packs\上级检查_安全合规资料包_202607\01_清单_合规资料目录.md","1019","87F9755367D81E280CC23953F94F4C239C8FB555168F137D4630FDE3D9F00FE4","87F9755367D81E280CC23953F94F4C239C8FB555168F137D4630FDE3D9F00FE4","True"
"versions\V0.3_homepage_kpi_calibration\frontend\public\samples\assistant-compliance-packs\上级检查_安全合规资料包_202607\README.md","versions\V0.3_homepage_kpi_calibration\frontend\public\samples\assistant-compliance-packs\上级检查_安全合规资料包_202607\README.md","648","31C5EA8EF38149FA6CA2F31BAAB508A55FE4C7E17956578D3FBCAB5EA5E61E88","31C5EA8EF38149FA6CA2F31BAAB508A55FE4C7E17956578D3FBCAB5EA5E61E88","True"
"versions\V0.3_homepage_kpi_calibration\frontend\public\samples\assistant-compliance-packs\上级检查_安全合规资料包_202607\02_风险台账\在管安全风险台账.csv","versions\V0.3_homepage_kpi_calibration\frontend\public\samples\assistant-compliance-packs\上级检查_安全合规资料包_202607\02_风险台账\在管安全风险台账.csv","436","C46189E092C21D7142BEC2F34A70E0FBA275B08F8B7197DE4B7D1B8CABB5C18E","C46189E092C21D7142BEC2F34A70E0FBA275B08F8B7197DE4B7D1B8CABB5C18E","True"
"versions\V0.3_homepage_kpi_calibration\frontend\public\samples\assistant-compliance-packs\上级检查_安全合规资料包_202607\03_核查表\上级安全检查核查项与台账缺口.md","versions\V0.3_homepage_kpi_calibration\frontend\public\samples\assistant-compliance-packs\上级检查_安全合规资料包_202607\03_核查表\上级安全检查核查项与台账缺口.md","652","1DD7AAF6A5054125A6A4B1AD63DF8E684FD6D3FDE31ABD0B1C3AC755820FFDD9","1DD7AAF6A5054125A6A4B1AD63DF8E684FD6D3FDE31ABD0B1C3AC755820FFDD9","True"
"versions\V0.3_homepage_kpi_calibration\frontend\public\samples\assistant-compliance-packs\上级检查_环保合规资料包_202607\README.md","versions\V0.3_homepage_kpi_calibration\frontend\public\samples\assistant-compliance-packs\上级检查_环保合规资料包_202607\README.md","936","27117D6232E1869CD330F3B00E1CF8C21EEE26CFAAA3B6BFF7420C38A288A0B3","27117D6232E1869CD330F3B00E1CF8C21EEE26CFAAA3B6BFF7420C38A288A0B3","True"
"versions\V0.3_homepage_kpi_calibration\frontend\public\samples\assistant-compliance-packs\上级检查_环保合规资料包_202607\00_资料目录及缺失说明\README.md","versions\V0.3_homepage_kpi_calibration\frontend\public\samples\assistant-compliance-packs\上级检查_环保合规资料包_202607\00_资料目录及缺失说明\README.md","92","B88BFB005A19E3826C530ADFF481A5A237D60F3A92BAB9C02CA8FB48F800EC64","B88BFB005A19E3826C530ADFF481A5A237D60F3A92BAB9C02CA8FB48F800EC64","True"
"versions\V0.3_homepage_kpi_calibration\frontend\public\samples\assistant-compliance-packs\上级检查_环保合规资料包_202607\00_资料目录及缺失说明\资料目录及缺失说明.md","versions\V0.3_homepage_kpi_calibration\frontend\public\samples\assistant-compliance-packs\上级检查_环保合规资料包_202607\00_资料目录及缺失说明\资料目录及缺失说明.md","2866","7A5EB638AAC00E7B02CE0C677FADB790AF494E9D896ED1370F53DED0497B4240","7A5EB638AAC00E7B02CE0C677FADB790AF494E9D896ED1370F53DED0497B4240","True"
"versions\V0.3_homepage_kpi_calibration\frontend\public\samples\assistant-compliance-packs\上级检查_环保合规资料包_202607\01_审批文件与环评批复落实\清单_应备文件.md","versions\V0.3_homepage_kpi_calibration\frontend\public\samples\assistant-compliance-packs\上级检查_环保合规资料包_202607\01_审批文件与环评批复落实\清单_应备文件.md","590","1B8C47184F2BFF547F8049FFE496D300F03913A4054D3BDF48956E26A582C2D5","1B8C47184F2BFF547F8049FFE496D300F03913A4054D3BDF48956E26A582C2D5","True"
"versions\V0.3_homepage_kpi_calibration\frontend\public\samples\assistant-compliance-packs\上级检查_环保合规资料包_202607\01_审批文件与环评批复落实\环评及水保批复落实台账.md","versions\V0.3_homepage_kpi_calibration\frontend\public\samples\assistant-compliance-packs\上级检查_环保合规资料包_202607\01_审批文件与环评批复落实\环评及水保批复落实台账.md","410","83D70DFBE43228C45BCF81C89B58CF9139D645B3BE1E7B1C4B7660F24C2D0FE1","83D70DFBE43228C45BCF81C89B58CF9139D645B3BE1E7B1C4B7660F24C2D0FE1","True"
"versions\V0.3_homepage_kpi_calibration\frontend\public\samples\assistant-compliance-packs\上级检查_环保合规资料包_202607\01_审批文件与环评批复落实\罗宜高速水土保持方案批复.md","versions\V0.3_homepage_kpi_calibration\frontend\public\samples\assistant-compliance-packs\上级检查_环保合规资料包_202607\01_审批文件与环评批复落实\罗宜高速水土保持方案批复.md","413","7F29C993806A2863A903749D604478392A1640BB2B00979FF38923E6FF079926","7F29C993806A2863A903749D604478392A1640BB2B00979FF38923E6FF079926","True"
"versions\V0.3_homepage_kpi_calibration\frontend\public\samples\assistant-compliance-packs\上级检查_环保合规资料包_202607\01_审批文件与环评批复落实\罗宜高速环境影响评价批复.md","versions\V0.3_homepage_kpi_calibration\frontend\public\samples\assistant-compliance-packs\上级检查_环保合规资料包_202607\01_审批文件与环评批复落实\罗宜高速环境影响评价批复.md","407","3F9A4E70602E8B5AAD2FB8686E67D4390ABDCEBCB3DB936D868BF4280E4A40B4","3F9A4E70602E8B5AAD2FB8686E67D4390ABDCEBCB3DB936D868BF4280E4A40B4","True"
"versions\V0.3_homepage_kpi_calibration\frontend\public\samples\assistant-compliance-packs\上级检查_环保合规资料包_202607\01_审批文件与环评批复落实\罗宜高速环境影响评价报告书_摘要.md","versions\V0.3_homepage_kpi_calibration\frontend\public\samples\assistant-compliance-packs\上级检查_环保合规资料包_202607\01_审批文件与环评批复落实\罗宜高速环境影响评价报告书_摘要.md","423","3B94247768FB7753E0916A154F243E5A69FF93504ECE0AE6752C51B33008D67E","3B94247768FB7753E0916A154F243E5A69FF93504ECE0AE6752C51B33008D67E","True"
"versions\V0.3_homepage_kpi_calibration\frontend\public\samples\assistant-compliance-packs\上级检查_环保合规资料包_202607\01_审批文件与环评批复落实\重大变更及备案说明.md","versions\V0.3_homepage_kpi_calibration\frontend\public\samples\assistant-compliance-packs\上级检查_环保合规资料包_202607\01_审批文件与环评批复落实\重大变更及备案说明.md","410","6594DE52B90FA32A4E1D6FD85E96AC76D47663DB94C7F62904C5637BF8CD2807","6594DE52B90FA32A4E1D6FD85E96AC76D47663DB94C7F62904C5637BF8CD2807","True"
"versions\V0.3_homepage_kpi_calibration\frontend\public\samples\assistant-compliance-packs\上级检查_环保合规资料包_202607\02_环保组织机构与管理制度\专职环保管理人员任命文件.md","versions\V0.3_homepage_kpi_calibration\frontend\public\samples\assistant-compliance-packs\上级检查_环保合规资料包_202607\02_环保组织机构与管理制度\专职环保管理人员任命文件.md","407","741F6EF89DD88768210FFDB22B38A5F3806A9445D9AD9856F5C854DF7410D4A5","741F6EF89DD88768210FFDB22B38A5F3806A9445D9AD9856F5C854DF7410D4A5","True"
"versions\V0.3_homepage_kpi_calibration\frontend\public\samples\assistant-compliance-packs\上级检查_环保合规资料包_202607\02_环保组织机构与管理制度\清单_应备文件.md","versions\V0.3_homepage_kpi_calibration\frontend\public\samples\assistant-compliance-packs\上级检查_环保合规资料包_202607\02_环保组织机构与管理制度\清单_应备文件.md","482","4545E0ED193820AC096823539CD222C8AC8CA3A438C9944AD72BB2B312D57961","4545E0ED193820AC096823539CD222C8AC8CA3A438C9944AD72BB2B312D57961","True"
"versions\V0.3_homepage_kpi_calibration\frontend\public\samples\assistant-compliance-packs\上级检查_环保合规资料包_202607\02_环保组织机构与管理制度\环境保护目标责任书.md","versions\V0.3_homepage_kpi_calibration\frontend\public\samples\assistant-compliance-packs\上级检查_环保合规资料包_202607\02_环保组织机构与管理制度\环境保护目标责任书.md","395","054836D0EA49CC02F5A904DFA2413B44A8DD57F1C7FAAB733AB83BBD63C52B37","054836D0EA49CC02F5A904DFA2413B44A8DD57F1C7FAAB733AB83BBD63C52B37","True"
"versions\V0.3_homepage_kpi_calibration\frontend\public\samples\assistant-compliance-packs\上级检查_环保合规资料包_202607\02_环保组织机构与管理制度\环境保护管理制度汇编.md","versions\V0.3_homepage_kpi_calibration\frontend\public\samples\assistant-compliance-packs\上级检查_环保合规资料包_202607\02_环保组织机构与管理制度\环境保护管理制度汇编.md","401","9C578BC4B8A7BFE71114C9FA4F95E799D22FA9EE7730ED136CCEDF8B43C31A4F","9C578BC4B8A7BFE71114C9FA4F95E799D22FA9EE7730ED136CCEDF8B43C31A4F","True"
"versions\V0.3_homepage_kpi_calibration\frontend\public\samples\assistant-compliance-packs\上级检查_环保合规资料包_202607\02_环保组织机构与管理制度\项目环境保护组织架构及职责分工.md","versions\V0.3_homepage_kpi_calibration\frontend\public\samples\assistant-compliance-packs\上级检查_环保合规资料包_202607\02_环保组织机构与管理制度\项目环境保护组织架构及职责分工.md","416","4083FB2086B015D875C5A71A9A64F824857E5258C2900B6F27FE3D075A2BB05B","4083FB2086B015D875C5A71A9A64F824857E5258C2900B6F27FE3D075A2BB05B","True"
"versions\V0.3_homepage_kpi_calibration\frontend\public\samples\assistant-compliance-packs\上级检查_环保合规资料包_202607\03_施工环保方案及交底培训\专项方案审批意见.md","versions\V0.3_homepage_kpi_calibration\frontend\public\samples\assistant-compliance-packs\上级检查_环保合规资料包_202607\03_施工环保方案及交底培训\专项方案审批意见.md","395","DDA1232A9DDFD15427D8EA78AF94A0250B85DFE6CE88C7F38055DD0F6AE73E36","DDA1232A9DDFD15427D8EA78AF94A0250B85DFE6CE88C7F38055DD0F6AE73E36","True"
"versions\V0.3_homepage_kpi_calibration\frontend\public\samples\assistant-compliance-packs\上级检查_环保合规资料包_202607\03_施工环保方案及交底培训\施工环境保护专项方案.md","versions\V0.3_homepage_kpi_calibration\frontend\public\samples\assistant-compliance-packs\上级检查_环保合规资料包_202607\03_施工环保方案及交底培训\施工环境保护专项方案.md","401","8971B19AB70F438190B026B62448B3EB3E4AEDFA72673331D44DF37D4EDD6C99","8971B19AB70F438190B026B62448B3EB3E4AEDFA72673331D44DF37D4EDD6C99","True"
"versions\V0.3_homepage_kpi_calibration\frontend\public\samples\assistant-compliance-packs\上级检查_环保合规资料包_202607\03_施工环保方案及交底培训\清单_应备文件.md","versions\V0.3_homepage_kpi_calibration\frontend\public\samples\assistant-compliance-packs\上级检查_环保合规资料包_202607\03_施工环保方案及交底培训\清单_应备文件.md","452","E332734E149881D056BCFC4FC55B20AADD6382A4B36447BF41E2CCE87DE12DB5","E332734E149881D056BCFC4FC55B20AADD6382A4B36447BF41E2CCE87DE12DB5","True"
"versions\V0.3_homepage_kpi_calibration\frontend\public\samples\assistant-compliance-packs\上级检查_环保合规资料包_202607\03_施工环保方案及交底培训\环保培训签到表及课件摘要.md","versions\V0.3_homepage_kpi_calibration\frontend\public\samples\assistant-compliance-packs\上级检查_环保合规资料包_202607\03_施工环保方案及交底培训\环保培训签到表及课件摘要.md","407","6035FE6DE822BC0223C3F505A35D256C0D79C68163C44C79C74424479D63E83A","6035FE6DE822BC0223C3F505A35D256C0D79C68163C44C79C74424479D63E83A","True"
"versions\V0.3_homepage_kpi_calibration\frontend\public\samples\assistant-compliance-packs\上级检查_环保合规资料包_202607\03_施工环保方案及交底培训\环保技术交底记录.md","versions\V0.3_homepage_kpi_calibration\frontend\public\samples\assistant-compliance-packs\上级检查_环保合规资料包_202607\03_施工环保方案及交底培训\环保技术交底记录.md","395","808205E1B6C2D96EE35C547E4FCBE3A700694A9ED7E326909A6B44737C620121","808205E1B6C2D96EE35C547E4FCBE3A700694A9ED7E326909A6B44737C620121","True"
"versions\V0.3_homepage_kpi_calibration\frontend\public\samples\assistant-compliance-packs\上级检查_环保合规资料包_202607\04_日常巡查与污染防治设施运行\噪声污染防治措施落实记录.md","versions\V0.3_homepage_kpi_calibration\frontend\public\samples\assistant-compliance-packs\上级检查_环保合规资料包_202607\04_日常巡查与污染防治设施运行\噪声污染防治措施落实记录.md","413","E5075D9759F35FE55FC5C65378045FBA7B307156653404ED290CD96E232C296F","E5075D9759F35FE55FC5C65378045FBA7B307156653404ED290CD96E232C296F","True"
"versions\V0.3_homepage_kpi_calibration\frontend\public\samples\assistant-compliance-packs\上级检查_环保合规资料包_202607\04_日常巡查与污染防治设施运行\施工扬尘防治检查表.md","versions\V0.3_homepage_kpi_calibration\frontend\public\samples\assistant-compliance-packs\上级检查_环保合规资料包_202607\04_日常巡查与污染防治设施运行\施工扬尘防治检查表.md","404","6A26B039B2663BFE60402A3E1D522FFC5066D8A86B698900CDCB7583725AFDD1","6A26B039B2663BFE60402A3E1D522FFC5066D8A86B698900CDCB7583725AFDD1","True"
"versions\V0.3_homepage_kpi_calibration\frontend\public\samples\assistant-compliance-packs\上级检查_环保合规资料包_202607\04_日常巡查与污染防治设施运行\施工现场环保日常巡查记录.md","versions\V0.3_homepage_kpi_calibration\frontend\public\samples\assistant-compliance-packs\上级检查_环保合规资料包_202607\04_日常巡查与污染防治设施运行\施工现场环保日常巡查记录.md","413","860C9112C3B03CDFBFACEF7E39A427073B1B3CC7C6A2F8B03569C5B76E5D4713","860C9112C3B03CDFBFACEF7E39A427073B1B3CC7C6A2F8B03569C5B76E5D4713","True"
"versions\V0.3_homepage_kpi_calibration\frontend\public\samples\assistant-compliance-packs\上级检查_环保合规资料包_202607\04_日常巡查与污染防治设施运行\沉淀池及污水处理设施运行台账.md","versions\V0.3_homepage_kpi_calibration\frontend\public\samples\assistant-compliance-packs\上级检查_环保合规资料包_202607\04_日常巡查与污染防治设施运行\沉淀池及污水处理设施运行台账.md","419","5A98C4D02ABC49254D9B475B53AC5B33DDBF7447CB328A30B717FF02A187AD02","5A98C4D02ABC49254D9B475B53AC5B33DDBF7447CB328A30B717FF02A187AD02","True"
"versions\V0.3_homepage_kpi_calibration\frontend\public\samples\assistant-compliance-packs\上级检查_环保合规资料包_202607\04_日常巡查与污染防治设施运行\洒水抑尘作业台账.md","versions\V0.3_homepage_kpi_calibration\frontend\public\samples\assistant-compliance-packs\上级检查_环保合规资料包_202607\04_日常巡查与污染防治设施运行\洒水抑尘作业台账.md","401","AC6B5EB7A8031C2A3C3810CBE092413D790C0BB0118EC7BB281D240D8D72D491","AC6B5EB7A8031C2A3C3810CBE092413D790C0BB0118EC7BB281D240D8D72D491","True"
"versions\V0.3_homepage_kpi_calibration\frontend\public\samples\assistant-compliance-packs\上级检查_环保合规资料包_202607\04_日常巡查与污染防治设施运行\清单_应备文件.md","versions\V0.3_homepage_kpi_calibration\frontend\public\samples\assistant-compliance-packs\上级检查_环保合规资料包_202607\04_日常巡查与污染防治设施运行\清单_应备文件.md","549","CCAA441A5356FE73591455EA96B04A120E5862C151D72CCFF94DAE234363F22D","CCAA441A5356FE73591455EA96B04A120E5862C151D72CCFF94DAE234363F22D","True"
"versions\V0.3_homepage_kpi_calibration\frontend\public\samples\assistant-compliance-packs\上级检查_环保合规资料包_202607\05_施工期环境监测\施工期环境监测方案.md","versions\V0.3_homepage_kpi_calibration\frontend\public\samples\assistant-compliance-packs\上级检查_环保合规资料包_202607\05_施工期环境监测\施工期环境监测方案.md","386","CAE3E23493C4AAEB88864C5B6A5358EC5DBC61BCA2AEB403CEDD59ED186BE486","CAE3E23493C4AAEB88864C5B6A5358EC5DBC61BCA2AEB403CEDD59ED186BE486","True"
"versions\V0.3_homepage_kpi_calibration\frontend\public\samples\assistant-compliance-packs\上级检查_环保合规资料包_202607\05_施工期环境监测\清单_应备文件.md","versions\V0.3_homepage_kpi_calibration\frontend\public\samples\assistant-compliance-packs\上级检查_环保合规资料包_202607\05_施工期环境监测\清单_应备文件.md","645","44ED71EA8C9E152507913D153600284818BD7F0FFF386A2C56EF76352AE72DAA","44ED71EA8C9E152507913D153600284818BD7F0FFF386A2C56EF76352AE72DAA","True"
"versions\V0.3_homepage_kpi_calibration\frontend\public\samples\assistant-compliance-packs\上级检查_环保合规资料包_202607\05_施工期环境监测\罗宜高速_2026年6月施工期环境监测月报.md","versions\V0.3_homepage_kpi_calibration\frontend\public\samples\assistant-compliance-packs\上级检查_环保合规资料包_202607\05_施工期环境监测\罗宜高速_2026年6月施工期环境监测月报.md","404","438DB8D7B30C2553B6215F7873810D27FFF81AC250A18F0258A0255BDA5A14FD","438DB8D7B30C2553B6215F7873810D27FFF81AC250A18F0258A0255BDA5A14FD","True"
"versions\V0.3_homepage_kpi_calibration\frontend\public\samples\assistant-compliance-packs\上级检查_环保合规资料包_202607\05_施工期环境监测\罗宜高速_2026年第三季度环境监测送检委托及计划.md","versions\V0.3_homepage_kpi_calibration\frontend\public\samples\assistant-compliance-packs\上级检查_环保合规资料包_202607\05_施工期环境监测\罗宜高速_2026年第三季度环境监测送检委托及计划.md","439","62AC2DD05472D50ADFA8E9009709CA049F32AAFC0163D91A3BC7369D36B4D57A","62AC2DD05472D50ADFA8E9009709CA049F32AAFC0163D91A3BC7369D36B4D57A","True"
"versions\V0.3_homepage_kpi_calibration\frontend\public\samples\assistant-compliance-packs\上级检查_环保合规资料包_202607\05_施工期环境监测\罗宜高速_2026年第二季度施工期环境监测季报.md","versions\V0.3_homepage_kpi_calibration\frontend\public\samples\assistant-compliance-packs\上级检查_环保合规资料包_202607\05_施工期环境监测\罗宜高速_2026年第二季度施工期环境监测季报.md","440","0A4FFEFAAE507C18D6D6266D13DAB35247ADAD02B863DED4387D509ED1117C49","0A4FFEFAAE507C18D6D6266D13DAB35247ADAD02B863DED4387D509ED1117C49","True"
"versions\V0.3_homepage_kpi_calibration\frontend\public\samples\assistant-compliance-packs\上级检查_环保合规资料包_202607\05_施工期环境监测\超标监测处置与复测记录.md","versions\V0.3_homepage_kpi_calibration\frontend\public\samples\assistant-compliance-packs\上级检查_环保合规资料包_202607\05_施工期环境监测\超标监测处置与复测记录.md","392","6826C0F82ED6833B27F7DD5660BB2EEA842DFEF03E86EDF039B70EDB0AB5885C","6826C0F82ED6833B27F7DD5660BB2EEA842DFEF03E86EDF039B70EDB0AB5885C","True"
"versions\V0.3_homepage_kpi_calibration\frontend\public\samples\assistant-compliance-packs\上级检查_环保合规资料包_202607\06_环保监理检查\清单_应备文件.md","versions\V0.3_homepage_kpi_calibration\frontend\public\samples\assistant-compliance-packs\上级检查_环保合规资料包_202607\06_环保监理检查\清单_应备文件.md","481","62E97AAB824BD308F0DAF8696549D9463B7997E7B4D6C745249DD9385C116B65","62E97AAB824BD308F0DAF8696549D9463B7997E7B4D6C745249DD9385C116B65","True"
"versions\V0.3_homepage_kpi_calibration\frontend\public\samples\assistant-compliance-packs\上级检查_环保合规资料包_202607\06_环保监理检查\环保监理巡视记录.md","versions\V0.3_homepage_kpi_calibration\frontend\public\samples\assistant-compliance-packs\上级检查_环保合规资料包_202607\06_环保监理检查\环保监理巡视记录.md","380","2B817315F66BE74B9E66A5EE3FC1F97047C4A8DA6FBF0EE6E3115DD22A654065","2B817315F66BE74B9E66A5EE3FC1F97047C4A8DA6FBF0EE6E3115DD22A654065","True"
"versions\V0.3_homepage_kpi_calibration\frontend\public\samples\assistant-compliance-packs\上级检查_环保合规资料包_202607\06_环保监理检查\环保监理通知单汇编.md","versions\V0.3_homepage_kpi_calibration\frontend\public\samples\assistant-compliance-packs\上级检查_环保合规资料包_202607\06_环保监理检查\环保监理通知单汇编.md","383","B3D35E1AC414A992AA872F09409B3BD36B2011F6BB0E55B42A2A735B72AD1D64","B3D35E1AC414A992AA872F09409B3BD36B2011F6BB0E55B42A2A735B72AD1D64","True"
"versions\V0.3_homepage_kpi_calibration\frontend\public\samples\assistant-compliance-packs\上级检查_环保合规资料包_202607\06_环保监理检查\监理旁站及平行检测摘要.md","versions\V0.3_homepage_kpi_calibration\frontend\public\samples\assistant-compliance-packs\上级检查_环保合规资料包_202607\06_环保监理检查\监理旁站及平行检测摘要.md","396","8F83504BB37767D3BA026601730711237435478BD9F5320407EED9BA6390538C","8F83504BB37767D3BA026601730711237435478BD9F5320407EED9BA6390538C","True"
"versions\V0.3_homepage_kpi_calibration\frontend\public\samples\assistant-compliance-packs\上级检查_环保合规资料包_202607\06_环保监理检查\监理月报_环境保护专章_2026年6月.md","versions\V0.3_homepage_kpi_calibration\frontend\public\samples\assistant-compliance-packs\上级检查_环保合规资料包_202607\06_环保监理检查\监理月报_环境保护专章_2026年6月.md","411","54622A1A9C123765C2FC8D5399B7B9BCDF2D8347F6E227FE950246C8B51E5606","54622A1A9C123765C2FC8D5399B7B9BCDF2D8347F6E227FE950246C8B51E5606","True"
"versions\V0.3_homepage_kpi_calibration\frontend\public\samples\assistant-compliance-packs\上级检查_环保合规资料包_202607\07_环保问题整改与闭环\复查销项证明材料清单.md","versions\V0.3_homepage_kpi_calibration\frontend\public\samples\assistant-compliance-packs\上级检查_环保合规资料包_202607\07_环保问题整改与闭环\复查销项证明材料清单.md","395","4EDD3D380A1A8A7D5720DC79A37096B8CA3176682968C07CF704FC6A6F01A825","4EDD3D380A1A8A7D5720DC79A37096B8CA3176682968C07CF704FC6A6F01A825","True"
"versions\V0.3_homepage_kpi_calibration\frontend\public\samples\assistant-compliance-packs\上级检查_环保合规资料包_202607\07_环保问题整改与闭环\整改回单及现场复核记录.md","versions\V0.3_homepage_kpi_calibration\frontend\public\samples\assistant-compliance-packs\上级检查_环保合规资料包_202607\07_环保问题整改与闭环\整改回单及现场复核记录.md","398","74761C744350EC89A7CB851D4D066A29FF2C7FF455C1724ED68E4261E78F2086","74761C744350EC89A7CB851D4D066A29FF2C7FF455C1724ED68E4261E78F2086","True"
"versions\V0.3_homepage_kpi_calibration\frontend\public\samples\assistant-compliance-packs\上级检查_环保合规资料包_202607\07_环保问题整改与闭环\未闭环环保问题摘要说明.txt","versions\V0.3_homepage_kpi_calibration\frontend\public\samples\assistant-compliance-packs\上级检查_环保合规资料包_202607\07_环保问题整改与闭环\未闭环环保问题摘要说明.txt","229","D18F1F4A292F2DEB9B5C0B507A4D8DB8C0CF2D933EADE65083383FD59FC51FDA","D18F1F4A292F2DEB9B5C0B507A4D8DB8C0CF2D933EADE65083383FD59FC51FDA","True"
"versions\V0.3_homepage_kpi_calibration\frontend\public\samples\assistant-compliance-packs\上级检查_环保合规资料包_202607\07_环保问题整改与闭环\清单_应备文件.md","versions\V0.3_homepage_kpi_calibration\frontend\public\samples\assistant-compliance-packs\上级检查_环保合规资料包_202607\07_环保问题整改与闭环\清单_应备文件.md","494","8B0D22C528CDE58C92CACFE1DB2D36BF1B76E1B3F7A491015F5A51E1EC8A4E40","8B0D22C528CDE58C92CACFE1DB2D36BF1B76E1B3F7A491015F5A51E1EC8A4E40","True"
"versions\V0.3_homepage_kpi_calibration\frontend\public\samples\assistant-compliance-packs\上级检查_环保合规资料包_202607\07_环保问题整改与闭环\环保问题整改台账.md","versions\V0.3_homepage_kpi_calibration\frontend\public\samples\assistant-compliance-packs\上级检查_环保合规资料包_202607\07_环保问题整改与闭环\环保问题整改台账.md","405","AA26A3BF90372A53812AC6D095FD9F36F36506E7DED367087FBF9D120C6A6172","AA26A3BF90372A53812AC6D095FD9F36F36506E7DED367087FBF9D120C6A6172","True"
"versions\V0.3_homepage_kpi_calibration\frontend\public\samples\assistant-compliance-packs\上级检查_环保合规资料包_202607\08_固废危废及应急管理\一般工业固体废物产生及处置台账.md","versions\V0.3_homepage_kpi_calibration\frontend\public\samples\assistant-compliance-packs\上级检查_环保合规资料包_202607\08_固废危废及应急管理\一般工业固体废物产生及处置台账.md","410","CE5604539E5988C9B51292E4DD157163838D1D5E94454B89A8CA21B3357C7CFE","CE5604539E5988C9B51292E4DD157163838D1D5E94454B89A8CA21B3357C7CFE","True"
"versions\V0.3_homepage_kpi_calibration\frontend\public\samples\assistant-compliance-packs\上级检查_环保合规资料包_202607\08_固废危废及应急管理\危险废物转移联单及台账.md","versions\V0.3_homepage_kpi_calibration\frontend\public\samples\assistant-compliance-packs\上级检查_环保合规资料包_202607\08_固废危废及应急管理\危险废物转移联单及台账.md","398","00083A4D94E2F456F33C62C3B86C19D15B9180FE4EF3723C3A81D945518D9AA1","00083A4D94E2F456F33C62C3B86C19D15B9180FE4EF3723C3A81D945518D9AA1","True"
"versions\V0.3_homepage_kpi_calibration\frontend\public\samples\assistant-compliance-packs\上级检查_环保合规资料包_202607\08_固废危废及应急管理\清单_应备文件.md","versions\V0.3_homepage_kpi_calibration\frontend\public\samples\assistant-compliance-packs\上级检查_环保合规资料包_202607\08_固废危废及应急管理\清单_应备文件.md","555","887BBB7A76137DC8662EFE142A6486A8B0083FEFAA0A1B059F9C71A6706A807A","887BBB7A76137DC8662EFE142A6486A8B0083FEFAA0A1B059F9C71A6706A807A","True"
"versions\V0.3_homepage_kpi_calibration\frontend\public\samples\assistant-compliance-packs\上级检查_环保合规资料包_202607\08_固废危废及应急管理\突发环境事件应急预案.md","versions\V0.3_homepage_kpi_calibration\frontend\public\samples\assistant-compliance-packs\上级检查_环保合规资料包_202607\08_固废危废及应急管理\突发环境事件应急预案.md","395","F474CD99E415A52B658DB219CAC0005854B5B771FFAF96AAA9DCBCC759219153","F474CD99E415A52B658DB219CAC0005854B5B771FFAF96AAA9DCBCC759219153","True"
"versions\V0.3_homepage_kpi_calibration\frontend\public\samples\assistant-compliance-packs\上级检查_环保合规资料包_202607\08_固废危废及应急管理\罗宜高速_突发环境事件应急预案演练记录_2026年第二季度.md","versions\V0.3_homepage_kpi_calibration\frontend\public\samples\assistant-compliance-packs\上级检查_环保合规资料包_202607\08_固废危废及应急管理\罗宜高速_突发环境事件应急预案演练记录_2026年第二季度.md","468","8C2D5461DFA05FF23253BC22E695C2408C59FECBFDD99CF1B2045AFB763226E9","8C2D5461DFA05FF23253BC22E695C2408C59FECBFDD99CF1B2045AFB763226E9","True"
"versions\V0.3_homepage_kpi_calibration\frontend\public\samples\assistant-compliance-packs\上级检查_环保合规资料包_202607\09_生态保护与水土保持\临时用地植被恢复记录.md","versions\V0.3_homepage_kpi_calibration\frontend\public\samples\assistant-compliance-packs\上级检查_环保合规资料包_202607\09_生态保护与水土保持\临时用地植被恢复记录.md","395","2BE4A8FE8452BE848F5C3FC89517AD84FC383276F1697CA211E5308475D30902","2BE4A8FE8452BE848F5C3FC89517AD84FC383276F1697CA211E5308475D30902","True"
"versions\V0.3_homepage_kpi_calibration\frontend\public\samples\assistant-compliance-packs\上级检查_环保合规资料包_202607\09_生态保护与水土保持\水土保持监测方案.md","versions\V0.3_homepage_kpi_calibration\frontend\public\samples\assistant-compliance-packs\上级检查_环保合规资料包_202607\09_生态保护与水土保持\水土保持监测方案.md","395","B341FBCA43C99A1628189E388CF5D694BBA73D1D4E8D0BCC0613D9D277E3112C","B341FBCA43C99A1628189E388CF5D694BBA73D1D4E8D0BCC0613D9D277E3112C","True"
"versions\V0.3_homepage_kpi_calibration\frontend\public\samples\assistant-compliance-packs\上级检查_环保合规资料包_202607\09_生态保护与水土保持\清单_应备文件.md","versions\V0.3_homepage_kpi_calibration\frontend\public\samples\assistant-compliance-packs\上级检查_环保合规资料包_202607\09_生态保护与水土保持\清单_应备文件.md","492","A0A3F02364AF5E7F2A6ED7D353B5DCDD8F3AD917A4190770D3BBC84F4D1D62A4","A0A3F02364AF5E7F2A6ED7D353B5DCDD8F3AD917A4190770D3BBC84F4D1D62A4","True"
"versions\V0.3_homepage_kpi_calibration\frontend\public\samples\assistant-compliance-packs\上级检查_环保合规资料包_202607\09_生态保护与水土保持\罗宜高速_2026年7月水土保持监测月报摘要.csv","versions\V0.3_homepage_kpi_calibration\frontend\public\samples\assistant-compliance-packs\上级检查_环保合规资料包_202607\09_生态保护与水土保持\罗宜高速_2026年7月水土保持监测月报摘要.csv","173","351D1687268B2ADC962179E5F9E8489710411542BE076253DFA85B2FA52F5947","351D1687268B2ADC962179E5F9E8489710411542BE076253DFA85B2FA52F5947","True"
"versions\V0.3_homepage_kpi_calibration\frontend\public\samples\assistant-compliance-packs\上级检查_环保合规资料包_202607\09_生态保护与水土保持\表土剥离与保护台账.md","versions\V0.3_homepage_kpi_calibration\frontend\public\samples\assistant-compliance-packs\上级检查_环保合规资料包_202607\09_生态保护与水土保持\表土剥离与保护台账.md","392","37B4A7082A19087317105A8DB817844C06A4AA2603A73315BC832BFCD7B779EB","37B4A7082A19087317105A8DB817844C06A4AA2603A73315BC832BFCD7B779EB","True"
"versions\V0.3_homepage_kpi_calibration\frontend\public\samples\assistant-compliance-packs\上级检查_环保合规资料包_202607\10_环保月报及阶段总结\施工期环境保护阶段工作总结.md","versions\V0.3_homepage_kpi_calibration\frontend\public\samples\assistant-compliance-packs\上级检查_环保合规资料包_202607\10_环保月报及阶段总结\施工期环境保护阶段工作总结.md","404","8C5A7C3D775A1A87C34D6CB5B523CF67211AFC57184CBAAD164B77B1AEEA39E1","8C5A7C3D775A1A87C34D6CB5B523CF67211AFC57184CBAAD164B77B1AEEA39E1","True"
"versions\V0.3_homepage_kpi_calibration\frontend\public\samples\assistant-compliance-packs\上级检查_环保合规资料包_202607\10_环保月报及阶段总结\清单_应备文件.md","versions\V0.3_homepage_kpi_calibration\frontend\public\samples\assistant-compliance-packs\上级检查_环保合规资料包_202607\10_环保月报及阶段总结\清单_应备文件.md","446","EE082B5D925647967ED699FF56C9A4CF13889283B0FAD0ABE0859DD2C2339D05","EE082B5D925647967ED699FF56C9A4CF13889283B0FAD0ABE0859DD2C2339D05","True"
"versions\V0.3_homepage_kpi_calibration\frontend\public\samples\assistant-compliance-packs\上级检查_环保合规资料包_202607\10_环保月报及阶段总结\罗宜高速_2026年6月环境保护月报.md","versions\V0.3_homepage_kpi_calibration\frontend\public\samples\assistant-compliance-packs\上级检查_环保合规资料包_202607\10_环保月报及阶段总结\罗宜高速_2026年6月环境保护月报.md","407","8D25B1BF1723C825C05C53C74E6F2D96E145584142FDC147D061B07601B8E907","8D25B1BF1723C825C05C53C74E6F2D96E145584142FDC147D061B07601B8E907","True"
"versions\V0.3_homepage_kpi_calibration\frontend\public\samples\assistant-compliance-packs\上级检查_环保合规资料包_202607\10_环保月报及阶段总结\罗宜高速_环境保护合规性评价报告_2026.md","versions\V0.3_homepage_kpi_calibration\frontend\public\samples\assistant-compliance-packs\上级检查_环保合规资料包_202607\10_环保月报及阶段总结\罗宜高速_环境保护合规性评价报告_2026.md","441","27F5CB77DDAA3505F3676772C759650CEECD374BC66C592159531CD1BE1CA90C","27F5CB77DDAA3505F3676772C759650CEECD374BC66C592159531CD1BE1CA90C","True"
"versions\V0.3_homepage_kpi_calibration\frontend\public\samples\assistant-compliance-packs\上级检查_环保合规资料包_202607\11_上级检查、投诉及处罚整改\上级环保检查核查项清单.md","versions\V0.3_homepage_kpi_calibration\frontend\public\samples\assistant-compliance-packs\上级检查_环保合规资料包_202607\11_上级检查、投诉及处罚整改\上级环保检查核查项清单.md","410","DF500E020E304733297F808FE803521CAFDC7CBD7AA5B1388C037BF1988A2F7E","DF500E020E304733297F808FE803521CAFDC7CBD7AA5B1388C037BF1988A2F7E","True"
"versions\V0.3_homepage_kpi_calibration\frontend\public\samples\assistant-compliance-packs\上级检查_环保合规资料包_202607\11_上级检查、投诉及处罚整改\上级环保检查通知及反馈汇编.md","versions\V0.3_homepage_kpi_calibration\frontend\public\samples\assistant-compliance-packs\上级检查_环保合规资料包_202607\11_上级检查、投诉及处罚整改\上级环保检查通知及反馈汇编.md","420","FFE61ADCEEF133575C98962F5DD9E930905294E424BB21F640A759EF71D0FE09","FFE61ADCEEF133575C98962F5DD9E930905294E424BB21F640A759EF71D0FE09","True"
"versions\V0.3_homepage_kpi_calibration\frontend\public\samples\assistant-compliance-packs\上级检查_环保合规资料包_202607\11_上级检查、投诉及处罚整改\清单_应备文件.md","versions\V0.3_homepage_kpi_calibration\frontend\public\samples\assistant-compliance-packs\上级检查_环保合规资料包_202607\11_上级检查、投诉及处罚整改\清单_应备文件.md","504","06A6EB7692697849D048B3878421B48F242E751EE0BAC2AA6D6BB2A8DC5D107E","06A6EB7692697849D048B3878421B48F242E751EE0BAC2AA6D6BB2A8DC5D107E","True"
"versions\V0.3_homepage_kpi_calibration\frontend\public\samples\assistant-compliance-packs\上级检查_环保合规资料包_202607\11_上级检查、投诉及处罚整改\环境信访投诉处置台账.md","versions\V0.3_homepage_kpi_calibration\frontend\public\samples\assistant-compliance-packs\上级检查_环保合规资料包_202607\11_上级检查、投诉及处罚整改\环境信访投诉处置台账.md","404","DA8FABF88C0B16ECA6F03229A938F0010C20F12387C6C72E944071A302B046D7","DA8FABF88C0B16ECA6F03229A938F0010C20F12387C6C72E944071A302B046D7","True"
"versions\V0.3_homepage_kpi_calibration\frontend\public\samples\assistant-compliance-packs\上级检查_环保合规资料包_202607\11_上级检查、投诉及处罚整改\行政处罚及整改闭环材料.md","versions\V0.3_homepage_kpi_calibration\frontend\public\samples\assistant-compliance-packs\上级检查_环保合规资料包_202607\11_上级检查、投诉及处罚整改\行政处罚及整改闭环材料.md","419","EE04769198B4A53B824DDC3E5DDFB919B34C3364A91BCED93DAE7FB6788A78E1","EE04769198B4A53B824DDC3E5DDFB919B34C3364A91BCED93DAE7FB6788A78E1","True"
"versions\V0.3_homepage_kpi_calibration\frontend\public\samples\assistant-compliance-packs\上级检查_综合合规资料包_202607\01_清单_合规资料目录.md","versions\V0.3_homepage_kpi_calibration\frontend\public\samples\assistant-compliance-packs\上级检查_综合合规资料包_202607\01_清单_合规资料目录.md","701","077673253B85A15CC2958EFE4B43E7631F7515EE693CA423EDDF793483B6548B","077673253B85A15CC2958EFE4B43E7631F7515EE693CA423EDDF793483B6548B","True"
"versions\V0.3_homepage_kpi_calibration\frontend\public\samples\assistant-compliance-packs\上级检查_综合合规资料包_202607\README.md","versions\V0.3_homepage_kpi_calibration\frontend\public\samples\assistant-compliance-packs\上级检查_综合合规资料包_202607\README.md","770","E53EB3DD1D4AB094EA94C697C55C415517F02340F269429CBF4762BE82B3DC4B","E53EB3DD1D4AB094EA94C697C55C415517F02340F269429CBF4762BE82B3DC4B","True"
"versions\V0.3_homepage_kpi_calibration\frontend\public\samples\assistant-compliance-packs\上级检查_综合合规资料包_202607\02_合同履约\合同与履约合规检查表.md","versions\V0.3_homepage_kpi_calibration\frontend\public\samples\assistant-compliance-packs\上级检查_综合合规资料包_202607\02_合同履约\合同与履约合规检查表.md","421","6D2F1B74F7CAA20ED6EC6342949469775A259197052321B00A2085E2127CD1EE","6D2F1B74F7CAA20ED6EC6342949469775A259197052321B00A2085E2127CD1EE","True"
"versions\V0.3_homepage_kpi_calibration\frontend\public\samples\assistant-compliance-packs\上级检查_综合合规资料包_202607\03_合规资料缺口\待补齐关键合规资料摘录.csv","versions\V0.3_homepage_kpi_calibration\frontend\public\samples\assistant-compliance-packs\上级检查_综合合规资料包_202607\03_合规资料缺口\待补齐关键合规资料摘录.csv","383","302070273734CAE9F7FDB92CDC681B7E52B28DB7445ECA292172255C3E04CE6A","302070273734CAE9F7FDB92CDC681B7E52B28DB7445ECA292172255C3E04CE6A","True"
"versions\V0.3_homepage_kpi_calibration\frontend\public\samples\assistant-compliance-packs\上级检查_综合合规资料包_202607\04_报批报建\未完成报批报建手续进度摘要.txt","versions\V0.3_homepage_kpi_calibration\frontend\public\samples\assistant-compliance-packs\上级检查_综合合规资料包_202607\04_报批报建\未完成报批报建手续进度摘要.txt","510","571AA6339FB33EB2C717E9DB417374E194DDC1A70B71DE1EF00500A50E5377B8","571AA6339FB33EB2C717E9DB417374E194DDC1A70B71DE1EF00500A50E5377B8","True"
"versions\V0.3_homepage_kpi_calibration\frontend\public\test-data\esg-smart-entry\01_环境监测原始记录_2026年6月.pdf","versions\V0.3_homepage_kpi_calibration\frontend\public\test-data\esg-smart-entry\01_环境监测原始记录_2026年6月.pdf","73431","2C701293320341869345DA4374F5F2A0F121AA2A166061EE53662577E2FCA172","2C701293320341869345DA4374F5F2A0F121AA2A166061EE53662577E2FCA172","True"
"versions\V0.3_homepage_kpi_calibration\frontend\public\test-data\esg-smart-entry\01_环境监测原始记录_2026年6月.xlsx","versions\V0.3_homepage_kpi_calibration\frontend\public\test-data\esg-smart-entry\01_环境监测原始记录_2026年6月.xlsx","6443","1C177CD21D67AAF6B0EB03055CF71EA0BDCC5CE5D25594F3A21A24A41CCC759D","1C177CD21D67AAF6B0EB03055CF71EA0BDCC5CE5D25594F3A21A24A41CCC759D","True"
"versions\V0.3_homepage_kpi_calibration\frontend\public\test-data\esg-smart-entry\02_水保问题整改台账_2026年6月.pdf","versions\V0.3_homepage_kpi_calibration\frontend\public\test-data\esg-smart-entry\02_水保问题整改台账_2026年6月.pdf","90672","A2E5A4AE24633D1877EC8A6902D6A9A187479065A2C61EDE5FEE335D543F3AF6","A2E5A4AE24633D1877EC8A6902D6A9A187479065A2C61EDE5FEE335D543F3AF6","True"
"versions\V0.3_homepage_kpi_calibration\frontend\public\test-data\esg-smart-entry\02_水保问题整改台账_2026年6月.xlsx","versions\V0.3_homepage_kpi_calibration\frontend\public\test-data\esg-smart-entry\02_水保问题整改台账_2026年6月.xlsx","7200","F4EBC9E0A8A926EDD49526B1B923549DB7EE34D16DC383C0C5B7DCB742D78C9F","F4EBC9E0A8A926EDD49526B1B923549DB7EE34D16DC383C0C5B7DCB742D78C9F","True"
"versions\V0.3_homepage_kpi_calibration\frontend\public\test-data\esg-smart-entry\03_碳排放活动数据_2026年6月.pdf","versions\V0.3_homepage_kpi_calibration\frontend\public\test-data\esg-smart-entry\03_碳排放活动数据_2026年6月.pdf","69631","A2AD1B1657CECFEB95504FEFFEF2684223D48202C68E4360412D92994C10DCE5","A2AD1B1657CECFEB95504FEFFEF2684223D48202C68E4360412D92994C10DCE5","True"
"versions\V0.3_homepage_kpi_calibration\frontend\public\test-data\esg-smart-entry\03_碳排放活动数据_2026年6月.xlsx","versions\V0.3_homepage_kpi_calibration\frontend\public\test-data\esg-smart-entry\03_碳排放活动数据_2026年6月.xlsx","6369","5894257184670761CF774FAFC3CB52B9E4E3801ECB4B814E3C46D2B25E728FE4","5894257184670761CF774FAFC3CB52B9E4E3801ECB4B814E3C46D2B25E728FE4","True"
"versions\V0.3_homepage_kpi_calibration\frontend\public\test-data\esg-smart-entry\填报资料使用说明.md","versions\V0.3_homepage_kpi_calibration\frontend\public\test-data\esg-smart-entry\填报资料使用说明.md","848","E16B89818D95CE2AAE62C5ACD11B147EDD0B8A0E8A7517D96571119640AC0D92","E16B89818D95CE2AAE62C5ACD11B147EDD0B8A0E8A7517D96571119640AC0D92","True"
"versions\V0.3_homepage_kpi_calibration\frontend\public\test-data\esg-smart-entry\测试数据使用说明.md","versions\V0.3_homepage_kpi_calibration\frontend\public\test-data\esg-smart-entry\测试数据使用说明.md","2675","43E98EBD1AD51B85FBCDD21B0CBDCCA27E8AEE78513AD317D94DC7BF90D38E0C","43E98EBD1AD51B85FBCDD21B0CBDCCA27E8AEE78513AD317D94DC7BF90D38E0C","True"
"versions\V0.3_homepage_kpi_calibration\frontend\src\App.vue","versions\V0.3_homepage_kpi_calibration\frontend\src\App.vue","256","8DD94B009901D46AB8C5047794524A42BA5C29BED42D0203C483D39285C1CD96","8DD94B009901D46AB8C5047794524A42BA5C29BED42D0203C483D39285C1CD96","True"
"versions\V0.3_homepage_kpi_calibration\frontend\src\main.ts","versions\V0.3_homepage_kpi_calibration\frontend\src\main.ts","335","9D8CDCFCA2237C89DCF2551F3C790FAF1F7F3C61A470CA7669A34F0971025A27","9D8CDCFCA2237C89DCF2551F3C790FAF1F7F3C61A470CA7669A34F0971025A27","True"
"versions\V0.3_homepage_kpi_calibration\frontend\src\vite-env.d.ts","versions\V0.3_homepage_kpi_calibration\frontend\src\vite-env.d.ts","38","65996936FBB042915F7B74A200FCDDE7E410F32A669B1AB9597CFAA4B0FADDB5","65996936FBB042915F7B74A200FCDDE7E410F32A669B1AB9597CFAA4B0FADDB5","True"
"versions\V0.3_homepage_kpi_calibration\frontend\src\assets\vue.svg","versions\V0.3_homepage_kpi_calibration\frontend\src\assets\vue.svg","496","5532DB34F1C52841881BAB8AECA6C3E8D092BD21A689A65F4D8F8CF8041EEF9D","5532DB34F1C52841881BAB8AECA6C3E8D092BD21A689A65F4D8F8CF8041EEF9D","True"
"versions\V0.3_homepage_kpi_calibration\frontend\src\components\assistant\AssistantChatArea.vue","versions\V0.3_homepage_kpi_calibration\frontend\src\components\assistant\AssistantChatArea.vue","4285","C474C9958789537189A54B612052316766FE9836DE9215561DCC7FB5DA96AE0A","C474C9958789537189A54B612052316766FE9836DE9215561DCC7FB5DA96AE0A","True"
"versions\V0.3_homepage_kpi_calibration\frontend\src\components\assistant\AssistantDataDrawer.vue","versions\V0.3_homepage_kpi_calibration\frontend\src\components\assistant\AssistantDataDrawer.vue","6645","2F89BD2ECCAA0629E92EA63CD94B0FA20C83854316E986AA77DF4CE404AA76CB","2F89BD2ECCAA0629E92EA63CD94B0FA20C83854316E986AA77DF4CE404AA76CB","True"
"versions\V0.3_homepage_kpi_calibration\frontend\src\components\assistant\AssistantInput.vue","versions\V0.3_homepage_kpi_calibration\frontend\src\components\assistant\AssistantInput.vue","8398","D0542C53ECEFD94F5280F86A87333C262A054CCA11A6A3B7D9DCAD47354F6C51","D0542C53ECEFD94F5280F86A87333C262A054CCA11A6A3B7D9DCAD47354F6C51","True"
"versions\V0.3_homepage_kpi_calibration\frontend\src\components\assistant\AssistantMessage.vue","versions\V0.3_homepage_kpi_calibration\frontend\src\components\assistant\AssistantMessage.vue","27884","671EE69B86F259070948F63C41E8CEBCCE617452DFFB02C8FEEC81257765EA92","671EE69B86F259070948F63C41E8CEBCCE617452DFFB02C8FEEC81257765EA92","True"
"versions\V0.3_homepage_kpi_calibration\frontend\src\components\assistant\AssistantSidebar.vue","versions\V0.3_homepage_kpi_calibration\frontend\src\components\assistant\AssistantSidebar.vue","6185","E638DC180078762C64D22EAA9FA7311AAE80EA6DCEF0CC2DE9F2D9696D5EB953","E638DC180078762C64D22EAA9FA7311AAE80EA6DCEF0CC2DE9F2D9696D5EB953","True"
"versions\V0.3_homepage_kpi_calibration\frontend\src\components\assistant\AssistantWelcome.vue","versions\V0.3_homepage_kpi_calibration\frontend\src\components\assistant\AssistantWelcome.vue","3299","812C5E28571FFBB569D16F897AB99BDE8FAF69E0727E4470E407F058E4270561","812C5E28571FFBB569D16F897AB99BDE8FAF69E0727E4470E407F058E4270561","True"
"versions\V0.3_homepage_kpi_calibration\frontend\src\components\carbon\CarbonBoundary.vue","versions\V0.3_homepage_kpi_calibration\frontend\src\components\carbon\CarbonBoundary.vue","8930","2D3B84438E295B4340A1B2FC4BB8E704C8B3ED8D267566398231D453EA26EC18","2D3B84438E295B4340A1B2FC4BB8E704C8B3ED8D267566398231D453EA26EC18","True"
"versions\V0.3_homepage_kpi_calibration\frontend\src\components\carbon\CarbonDetail.vue","versions\V0.3_homepage_kpi_calibration\frontend\src\components\carbon\CarbonDetail.vue","6443","08666439DD2D9259D33907B60B92FA870788434E7CBD23DF3755A649474A4AF9","08666439DD2D9259D33907B60B92FA870788434E7CBD23DF3755A649474A4AF9","True"
"versions\V0.3_homepage_kpi_calibration\frontend\src\components\carbon\CarbonNav.vue","versions\V0.3_homepage_kpi_calibration\frontend\src\components\carbon\CarbonNav.vue","1305","63963039BCCD7055CE3F96DD16BF867DED3265BDE3C65D002CED62E292CA4EB0","63963039BCCD7055CE3F96DD16BF867DED3265BDE3C65D002CED62E292CA4EB0","True"
"versions\V0.3_homepage_kpi_calibration\frontend\src\components\carbon\CarbonOverview.vue","versions\V0.3_homepage_kpi_calibration\frontend\src\components\carbon\CarbonOverview.vue","10350","81D89DDA07C355DC90160EDF4BD5A97038795D8A02CB7536623BC5F7E1172847","81D89DDA07C355DC90160EDF4BD5A97038795D8A02CB7536623BC5F7E1172847","True"
"versions\V0.3_homepage_kpi_calibration\frontend\src\components\charts\BarMetricChart.vue","versions\V0.3_homepage_kpi_calibration\frontend\src\components\charts\BarMetricChart.vue","2084","C2F9D15D1791E8AC5A310A550296A3286E9726C06228291912458B9F016A1797","C2F9D15D1791E8AC5A310A550296A3286E9726C06228291912458B9F016A1797","True"
"versions\V0.3_homepage_kpi_calibration\frontend\src\components\charts\ProgressRing.vue","versions\V0.3_homepage_kpi_calibration\frontend\src\components\charts\ProgressRing.vue","1604","D35AED25EBFD5B09B3846024DB834329AC5C685CF7CBE30E785596E40B9B5C44","D35AED25EBFD5B09B3846024DB834329AC5C685CF7CBE30E785596E40B9B5C44","True"
"versions\V0.3_homepage_kpi_calibration\frontend\src\components\charts\RingChart.vue","versions\V0.3_homepage_kpi_calibration\frontend\src\components\charts\RingChart.vue","1546","21E01F1D39F18D8BCCD9E55E7154AE422DBE00A913C565ACE594C67CB27C4A44","21E01F1D39F18D8BCCD9E55E7154AE422DBE00A913C565ACE594C67CB27C4A44","True"
"versions\V0.3_homepage_kpi_calibration\frontend\src\components\e01\E01MapSummaryCard.vue","versions\V0.3_homepage_kpi_calibration\frontend\src\components\e01\E01MapSummaryCard.vue","12619","9AF6575516A4DDC8164ECFD622FF5126ABADA35325E1DE3E7A9D1C1F141BCA21","9AF6575516A4DDC8164ECFD622FF5126ABADA35325E1DE3E7A9D1C1F141BCA21","True"
"versions\V0.3_homepage_kpi_calibration\frontend\src\components\e01\E01WorkspacePanel.vue","versions\V0.3_homepage_kpi_calibration\frontend\src\components\e01\E01WorkspacePanel.vue","18888","7967A1E5CDF9AC5794EC6D379CBB583E669E88CE50EDCF7F793AC01535D5E227","7967A1E5CDF9AC5794EC6D379CBB583E669E88CE50EDCF7F793AC01535D5E227","True"
"versions\V0.3_homepage_kpi_calibration\frontend\src\components\e02\E02ClosureAnalysisPopover.vue","versions\V0.3_homepage_kpi_calibration\frontend\src\components\e02\E02ClosureAnalysisPopover.vue","12362","C6AFA1FD93EE2C6C6E7E0B2BA331499693120C5CA679EFAB3250520DE4C71776","C6AFA1FD93EE2C6C6E7E0B2BA331499693120C5CA679EFAB3250520DE4C71776","True"
"versions\V0.3_homepage_kpi_calibration\frontend\src\components\e02\E02WorkspacePanel.vue","versions\V0.3_homepage_kpi_calibration\frontend\src\components\e02\E02WorkspacePanel.vue","15490","64C4D03988B75C0450413B732F48B9A5340330B6D728BB7BC350F69F1E777465","64C4D03988B75C0450413B732F48B9A5340330B6D728BB7BC350F69F1E777465","True"
"versions\V0.3_homepage_kpi_calibration\frontend\src\components\e03\E03ClosureAnalysisPopover.vue","versions\V0.3_homepage_kpi_calibration\frontend\src\components\e03\E03ClosureAnalysisPopover.vue","16450","D7A7549BF7601D634597FFD5C3C9811761C766CEC83D11956C6A0597D236B4BE","D7A7549BF7601D634597FFD5C3C9811761C766CEC83D11956C6A0597D236B4BE","True"
"versions\V0.3_homepage_kpi_calibration\frontend\src\components\e03\E03WorkspacePanel.vue","versions\V0.3_homepage_kpi_calibration\frontend\src\components\e03\E03WorkspacePanel.vue","15410","8AD097648CB85668C2E3307834D30D20F5B4C6D34F41FEE33DAB4E6CD4DC9A9D","8AD097648CB85668C2E3307834D30D20F5B4C6D34F41FEE33DAB4E6CD4DC9A9D","True"
"versions\V0.3_homepage_kpi_calibration\frontend\src\components\e04\E04CulturalRelicWorkspacePanel.vue","versions\V0.3_homepage_kpi_calibration\frontend\src\components\e04\E04CulturalRelicWorkspacePanel.vue","12825","EEC0E0E573C5A0EF8390DD910534C63396D7E414009DA89ADDA49737566A0063","EEC0E0E573C5A0EF8390DD910534C63396D7E414009DA89ADDA49737566A0063","True"
"versions\V0.3_homepage_kpi_calibration\frontend\src\components\gis\GisLegend.vue","versions\V0.3_homepage_kpi_calibration\frontend\src\components\gis\GisLegend.vue","549","C87B909E83D574EDEC4A5A7EF01304764D046655B91245CF25FF3646D8C2DCB3","C87B909E83D574EDEC4A5A7EF01304764D046655B91245CF25FF3646D8C2DCB3","True"
"versions\V0.3_homepage_kpi_calibration\frontend\src\components\gis\GisOverviewCesiumPanel.vue","versions\V0.3_homepage_kpi_calibration\frontend\src\components\gis\GisOverviewCesiumPanel.vue","23983","8C4340BE51C59F735AAD1E01C00651B99EC4C903FA2D313BBBFD4B3BA3CC8742","8C4340BE51C59F735AAD1E01C00651B99EC4C903FA2D313BBBFD4B3BA3CC8742","True"
"versions\V0.3_homepage_kpi_calibration\frontend\src\components\gis\GisOverviewPanel.vue","versions\V0.3_homepage_kpi_calibration\frontend\src\components\gis\GisOverviewPanel.vue","621","CD00286E780A3D5DD61FFBC55AF926D451A46AFCF31E35F2A48511CDC4F0A880","CD00286E780A3D5DD61FFBC55AF926D451A46AFCF31E35F2A48511CDC4F0A880","True"
"versions\V0.3_homepage_kpi_calibration\frontend\src\components\gis\LayerSwitch.vue","versions\V0.3_homepage_kpi_calibration\frontend\src\components\gis\LayerSwitch.vue","709","F7664845971C22279DD12F4649EE518B27BB4C6EB1737B455707139B97518161","F7664845971C22279DD12F4649EE518B27BB4C6EB1737B455707139B97518161","True"
"versions\V0.3_homepage_kpi_calibration\frontend\src\components\gis\RouteMapSvg.vue","versions\V0.3_homepage_kpi_calibration\frontend\src\components\gis\RouteMapSvg.vue","15961","3F8AD8C7E170637C37F03712E4D4008D5B27DB3986CA6578988DCD81F507973A","3F8AD8C7E170637C37F03712E4D4008D5B27DB3986CA6578988DCD81F507973A","True"
"versions\V0.3_homepage_kpi_calibration\frontend\src\components\gis\SatelliteCompareCard.vue","versions\V0.3_homepage_kpi_calibration\frontend\src\components\gis\SatelliteCompareCard.vue","5919","B6E4D7CD79E4FE18D4A714830C3C8B178BAD90281D2816F7C640321ADD00028C","B6E4D7CD79E4FE18D4A714830C3C8B178BAD90281D2816F7C640321ADD00028C","True"
"versions\V0.3_homepage_kpi_calibration\frontend\src\components\kpi\KpiCard.vue","versions\V0.3_homepage_kpi_calibration\frontend\src\components\kpi\KpiCard.vue","4169","EA6B374B00C49E1374BBC1ECE06035E62821026EFC9B3983ACC8E6E16F6D1A46","EA6B374B00C49E1374BBC1ECE06035E62821026EFC9B3983ACC8E6E16F6D1A46","True"
"versions\V0.3_homepage_kpi_calibration\frontend\src\components\kpi\KpiGroupPanel.vue","versions\V0.3_homepage_kpi_calibration\frontend\src\components\kpi\KpiGroupPanel.vue","1294","E39A7DB8C05EFD1B67F36EFAED292EDC2F9EF58582008A53B773D7A77815A9DB","E39A7DB8C05EFD1B67F36EFAED292EDC2F9EF58582008A53B773D7A77815A9DB","True"
"versions\V0.3_homepage_kpi_calibration\frontend\src\components\kpi\TopKpiGroups.vue","versions\V0.3_homepage_kpi_calibration\frontend\src\components\kpi\TopKpiGroups.vue","899","454595EA5917A58B0248C1198BC491806ADE6A599CE9AFC33FD648C6749B103D","454595EA5917A58B0248C1198BC491806ADE6A599CE9AFC33FD648C6749B103D","True"
"versions\V0.3_homepage_kpi_calibration\frontend\src\components\layout\HeaderNav.vue","versions\V0.3_homepage_kpi_calibration\frontend\src\components\layout\HeaderNav.vue","5219","6882303C5A5202FC084F83868741B104FC7C15FDE66BA80E372AE3ADF5C2B8F0","6882303C5A5202FC084F83868741B104FC7C15FDE66BA80E372AE3ADF5C2B8F0","True"
"versions\V0.3_homepage_kpi_calibration\frontend\src\components\layout\PanelCard.vue","versions\V0.3_homepage_kpi_calibration\frontend\src\components\layout\PanelCard.vue","1226","8F119005A66A0ADB1C99300BB270A5EC34AFFE26058E19B240773CC1EE024DC4","8F119005A66A0ADB1C99300BB270A5EC34AFFE26058E19B240773CC1EE024DC4","True"
"versions\V0.3_homepage_kpi_calibration\frontend\src\components\layout\ProjectStatusBar.vue","versions\V0.3_homepage_kpi_calibration\frontend\src\components\layout\ProjectStatusBar.vue","2420","0ADDAD1CC169B9784BCE4082582ACFA21E3F8A38CCB62F5337B9CB9D651DE273","0ADDAD1CC169B9784BCE4082582ACFA21E3F8A38CCB62F5337B9CB9D651DE273","True"
"versions\V0.3_homepage_kpi_calibration\frontend\src\components\master\MasterCarbonPanel.vue","versions\V0.3_homepage_kpi_calibration\frontend\src\components\master\MasterCarbonPanel.vue","3527","DA56095A386A34F47B87E9CC1535ED534AF86223D7EEFAF24568CFC307276321","DA56095A386A34F47B87E9CC1535ED534AF86223D7EEFAF24568CFC307276321","True"
"versions\V0.3_homepage_kpi_calibration\frontend\src\components\master\MasterCompliancePanel.vue","versions\V0.3_homepage_kpi_calibration\frontend\src\components\master\MasterCompliancePanel.vue","2986","7FE98874875D5FDE8D1A20602EBE49201A4E82278CE224D24A9274FD6B3569B3","7FE98874875D5FDE8D1A20602EBE49201A4E82278CE224D24A9274FD6B3569B3","True"
"versions\V0.3_homepage_kpi_calibration\frontend\src\components\master\MasterGisSection.vue","versions\V0.3_homepage_kpi_calibration\frontend\src\components\master\MasterGisSection.vue","688","E55066FB03F1F253131FBBC920DA4253383973E3202257FCA052FB4906349398","E55066FB03F1F253131FBBC920DA4253383973E3202257FCA052FB4906349398","True"
"versions\V0.3_homepage_kpi_calibration\frontend\src\components\master\MasterKpiGroupCard.vue","versions\V0.3_homepage_kpi_calibration\frontend\src\components\master\MasterKpiGroupCard.vue","1585","F90E5EE2C2955A4B6FD03396ECFFF9ACE4FEA26F3E5CE8411206BA8B2B36EF16","F90E5EE2C2955A4B6FD03396ECFFF9ACE4FEA26F3E5CE8411206BA8B2B36EF16","True"
"versions\V0.3_homepage_kpi_calibration\frontend\src\components\master\MasterKpiSection.vue","versions\V0.3_homepage_kpi_calibration\frontend\src\components\master\MasterKpiSection.vue","616","E170E546D0BB8B6F7BC824F6A07B703B8289EFC58629888C4178EF7235E9E7EF","E170E546D0BB8B6F7BC824F6A07B703B8289EFC58629888C4178EF7235E9E7EF","True"
"versions\V0.3_homepage_kpi_calibration\frontend\src\components\master\MasterKpiSubCard.vue","versions\V0.3_homepage_kpi_calibration\frontend\src\components\master\MasterKpiSubCard.vue","3306","3AC20A21EA0A5695D73FAF232FC178713990B1E9CBA7706996BA24F1C0F87F38","3AC20A21EA0A5695D73FAF232FC178713990B1E9CBA7706996BA24F1C0F87F38","True"
"versions\V0.3_homepage_kpi_calibration\frontend\src\components\master\MasterMonthlyReportPanel.vue","versions\V0.3_homepage_kpi_calibration\frontend\src\components\master\MasterMonthlyReportPanel.vue","4485","9E5B1712414F48DBB0DAC138F7E7C52605C7C3E6660795015B5273CC1A4D3539","9E5B1712414F48DBB0DAC138F7E7C52605C7C3E6660795015B5273CC1A4D3539","True"
"versions\V0.3_homepage_kpi_calibration\frontend\src\components\master\MasterRightPanels.vue","versions\V0.3_homepage_kpi_calibration\frontend\src\components\master\MasterRightPanels.vue","396","172D5EB5B1D81CB647B13F67CC2D42B0849E2B9B5FE8F5DA54E3AD3AC45B5C67","172D5EB5B1D81CB647B13F67CC2D42B0849E2B9B5FE8F5DA54E3AD3AC45B5C67","True"
"versions\V0.3_homepage_kpi_calibration\frontend\src\components\master\MasterTimeline.vue","versions\V0.3_homepage_kpi_calibration\frontend\src\components\master\MasterTimeline.vue","2159","B423B91F581B311D02967C22AB943A3661022868F3F2484844306D507ABDE3E5","B423B91F581B311D02967C22AB943A3661022868F3F2484844306D507ABDE3E5","True"
"versions\V0.3_homepage_kpi_calibration\frontend\src\components\master\MasterTopBar.vue","versions\V0.3_homepage_kpi_calibration\frontend\src\components\master\MasterTopBar.vue","640","71A9CE40E68B0ADCE89D2188241F0185D4AAC3FF52A288559B0E616E0513155B","71A9CE40E68B0ADCE89D2188241F0185D4AAC3FF52A288559B0E616E0513155B","True"
"versions\V0.3_homepage_kpi_calibration\frontend\src\components\modal\CarbonBenefitModal.vue","versions\V0.3_homepage_kpi_calibration\frontend\src\components\modal\CarbonBenefitModal.vue","71971","4AD1C353CA61587F7449A8B9C7FB592072BE2E20F1D9E998DE192760F77DADFC","4AD1C353CA61587F7449A8B9C7FB592072BE2E20F1D9E998DE192760F77DADFC","True"
"versions\V0.3_homepage_kpi_calibration\frontend\src\components\modal\E04CarbonEmissionModal.vue","versions\V0.3_homepage_kpi_calibration\frontend\src\components\modal\E04CarbonEmissionModal.vue","23487","1425ECD459160A61C22BEE08A80AB3FB28D19B243C2C7AAB722EBD9A6F0B9704","1425ECD459160A61C22BEE08A80AB3FB28D19B243C2C7AAB722EBD9A6F0B9704","True"
"versions\V0.3_homepage_kpi_calibration\frontend\src\components\modal\G01ApprovalModal.vue","versions\V0.3_homepage_kpi_calibration\frontend\src\components\modal\G01ApprovalModal.vue","28886","8DDFDE7C2DB989C1E84B01946846495B84BD0277F65D2E352A32BB41B81A1570","8DDFDE7C2DB989C1E84B01946846495B84BD0277F65D2E352A32BB41B81A1570","True"
"versions\V0.3_homepage_kpi_calibration\frontend\src\components\modal\G02LicenseModal.vue","versions\V0.3_homepage_kpi_calibration\frontend\src\components\modal\G02LicenseModal.vue","28842","FB33CE94F02655888191E41DB254BDD360363B33D8BCEA1CD8479C5ECC0B542F","FB33CE94F02655888191E41DB254BDD360363B33D8BCEA1CD8479C5ECC0B542F","True"
"versions\V0.3_homepage_kpi_calibration\frontend\src\components\modal\G03ContractorEvalModal.vue","versions\V0.3_homepage_kpi_calibration\frontend\src\components\modal\G03ContractorEvalModal.vue","3706","F862B3CB460AFB92CB8497B51275E29374A3C5B1C26F4A77DA1B427DEB51A324","F862B3CB460AFB92CB8497B51275E29374A3C5B1C26F4A77DA1B427DEB51A324","True"
"versions\V0.3_homepage_kpi_calibration\frontend\src\components\modal\G03DesignChangeModal.vue","versions\V0.3_homepage_kpi_calibration\frontend\src\components\modal\G03DesignChangeModal.vue","9529","0028AE0FE4FA067E7E4DD89DF26FEDA5EE23DEFB454550B0976B1A4257FAEAE6","0028AE0FE4FA067E7E4DD89DF26FEDA5EE23DEFB454550B0976B1A4257FAEAE6","True"
"versions\V0.3_homepage_kpi_calibration\frontend\src\components\modal\G03RectificationModal.vue","versions\V0.3_homepage_kpi_calibration\frontend\src\components\modal\G03RectificationModal.vue","30752","FF79B3497EF5A0F3BE9D35835A3748FFF48E106B807B361C562262755E264BF8","FF79B3497EF5A0F3BE9D35835A3748FFF48E106B807B361C562262755E264BF8","True"
"versions\V0.3_homepage_kpi_calibration\frontend\src\components\modal\G04ComplianceModal.vue","versions\V0.3_homepage_kpi_calibration\frontend\src\components\modal\G04ComplianceModal.vue","29792","CD4C4C326444215652767A8EDEFD614E60BD13C0BC007B6B4237C75683374A3F","CD4C4C326444215652767A8EDEFD614E60BD13C0BC007B6B4237C75683374A3F","True"
"versions\V0.3_homepage_kpi_calibration\frontend\src\components\modal\KpiDetailModal.vue","versions\V0.3_homepage_kpi_calibration\frontend\src\components\modal\KpiDetailModal.vue","148152","414DDAB699D7E04679295A15BFCABAACEE2BA04A51302C390EF19A05DFBF42DB","414DDAB699D7E04679295A15BFCABAACEE2BA04A51302C390EF19A05DFBF42DB","True"
"versions\V0.3_homepage_kpi_calibration\frontend\src\components\modal\MonthlyReportModal.vue","versions\V0.3_homepage_kpi_calibration\frontend\src\components\modal\MonthlyReportModal.vue","60961","85872DB0E26B72102AC4BEC823A644013595EA3BE48EEE8729E6B7C0D15779E3","85872DB0E26B72102AC4BEC823A644013595EA3BE48EEE8729E6B7C0D15779E3","True"
"versions\V0.3_homepage_kpi_calibration\frontend\src\components\modal\S01SafetyProductionModal.vue","versions\V0.3_homepage_kpi_calibration\frontend\src\components\modal\S01SafetyProductionModal.vue","23526","B124570A51F75B5283A2F167E65C2D96ADD6E4FDBED839BBEFEA411F2BE1CC5F","B124570A51F75B5283A2F167E65C2D96ADD6E4FDBED839BBEFEA411F2BE1CC5F","True"
"versions\V0.3_homepage_kpi_calibration\frontend\src\components\modal\S02SafetyRiskModal.vue","versions\V0.3_homepage_kpi_calibration\frontend\src\components\modal\S02SafetyRiskModal.vue","31112","913429F3D21D82FDEE0A8725A17C615183F3ACA7006FFC16BA470D6F384678E2","913429F3D21D82FDEE0A8725A17C615183F3ACA7006FFC16BA470D6F384678E2","True"
"versions\V0.3_homepage_kpi_calibration\frontend\src\components\modal\S03LaborDisputeModal.vue","versions\V0.3_homepage_kpi_calibration\frontend\src\components\modal\S03LaborDisputeModal.vue","27584","EEE985CD7548D268C7ECFB7EABDDA507E8A842B823374DCFEE9B706CF5724399","EEE985CD7548D268C7ECFB7EABDDA507E8A842B823374DCFEE9B706CF5724399","True"
"versions\V0.3_homepage_kpi_calibration\frontend\src\components\modal\S04MassAppealModal.vue","versions\V0.3_homepage_kpi_calibration\frontend\src\components\modal\S04MassAppealModal.vue","31161","C762550F74F9F89F7D1CC8FDB8AD2C515766D7E182DAECE04C2767C6D1761AA5","C762550F74F9F89F7D1CC8FDB8AD2C515766D7E182DAECE04C2767C6D1761AA5","True"
"versions\V0.3_homepage_kpi_calibration\frontend\src\components\panels\CarbonBenefitPanel.vue","versions\V0.3_homepage_kpi_calibration\frontend\src\components\panels\CarbonBenefitPanel.vue","7149","36DEA62178AE415DD6AEBC7CD93D57CAFC6072217A8E8D9BA5FBD0CCD66E2178","36DEA62178AE415DD6AEBC7CD93D57CAFC6072217A8E8D9BA5FBD0CCD66E2178","True"
"versions\V0.3_homepage_kpi_calibration\frontend\src\components\panels\ComplianceRiskPanel.vue","versions\V0.3_homepage_kpi_calibration\frontend\src\components\panels\ComplianceRiskPanel.vue","9930","4929EF19F836433DDAC0953EA1AB842D80862F7C465845457D25DC423896359E","4929EF19F836433DDAC0953EA1AB842D80862F7C465845457D25DC423896359E","True"
"versions\V0.3_homepage_kpi_calibration\frontend\src\components\panels\ConstructionTimeline.vue","versions\V0.3_homepage_kpi_calibration\frontend\src\components\panels\ConstructionTimeline.vue","835","7146F7BF5478F30051F996D6DE5E3CC949F7E4AC9E2926043B32911352787DF5","7146F7BF5478F30051F996D6DE5E3CC949F7E4AC9E2926043B32911352787DF5","True"
"versions\V0.3_homepage_kpi_calibration\frontend\src\components\panels\GisOverviewPanel.vue","versions\V0.3_homepage_kpi_calibration\frontend\src\components\panels\GisOverviewPanel.vue","7736","187F47DFCE367B9ED44E4B086D09A15CF5C573E90FB6D9138663E0E49F0682CC","187F47DFCE367B9ED44E4B086D09A15CF5C573E90FB6D9138663E0E49F0682CC","True"
"versions\V0.3_homepage_kpi_calibration\frontend\src\components\panels\MonthlyReportPanel.vue","versions\V0.3_homepage_kpi_calibration\frontend\src\components\panels\MonthlyReportPanel.vue","8654","42A1205577D607FB7A9758C9E3A10C4B4B23579683C4BE6453CE6BBC1A678A67","42A1205577D607FB7A9758C9E3A10C4B4B23579683C4BE6453CE6BBC1A678A67","True"
"versions\V0.3_homepage_kpi_calibration\frontend\src\components\s02\S02ClosureAnalysisPopover.vue","versions\V0.3_homepage_kpi_calibration\frontend\src\components\s02\S02ClosureAnalysisPopover.vue","12809","536E8AE2AC2DE8DF4665870676754503B0DB4CACC3E63D150471C448FD33BF2D","536E8AE2AC2DE8DF4665870676754503B0DB4CACC3E63D150471C448FD33BF2D","True"
"versions\V0.3_homepage_kpi_calibration\frontend\src\components\s02\S02MapSummaryCard.vue","versions\V0.3_homepage_kpi_calibration\frontend\src\components\s02\S02MapSummaryCard.vue","6179","AC78F191B8DA7C5ADEF13F6CA299989AAFD795B6EC04C0E5161F10F222458937","AC78F191B8DA7C5ADEF13F6CA299989AAFD795B6EC04C0E5161F10F222458937","True"
"versions\V0.3_homepage_kpi_calibration\frontend\src\components\s02\S02WorkspacePanel.vue","versions\V0.3_homepage_kpi_calibration\frontend\src\components\s02\S02WorkspacePanel.vue","12235","7EBA32670EAC98090F2259430CB294FD7604E92825CAD1952DB63B6EDAC9019C","7EBA32670EAC98090F2259430CB294FD7604E92825CAD1952DB63B6EDAC9019C","True"
"versions\V0.3_homepage_kpi_calibration\frontend\src\components\workspace\TaskModal.vue","versions\V0.3_homepage_kpi_calibration\frontend\src\components\workspace\TaskModal.vue","37890","F64E2D49A3C4CE39014AEDB042D88B3816A2565737AAC7E3F7B1DAAB2E541A21","F64E2D49A3C4CE39014AEDB042D88B3816A2565737AAC7E3F7B1DAAB2E541A21","True"
"versions\V0.3_homepage_kpi_calibration\frontend\src\components\workspace\WorkspaceDocuments.vue","versions\V0.3_homepage_kpi_calibration\frontend\src\components\workspace\WorkspaceDocuments.vue","48916","3E82D844901C197BCE2E4DB47E43F03C57ACE8328C3C832BEFC1DE0114144B3B","3E82D844901C197BCE2E4DB47E43F03C57ACE8328C3C832BEFC1DE0114144B3B","True"
"versions\V0.3_homepage_kpi_calibration\frontend\src\components\workspace\WorkspaceHome.vue","versions\V0.3_homepage_kpi_calibration\frontend\src\components\workspace\WorkspaceHome.vue","13970","D25AA6023539EE1559861CE6490ABC7DEA3F25B1776AA50C24739F40D2F50C05","D25AA6023539EE1559861CE6490ABC7DEA3F25B1776AA50C24739F40D2F50C05","True"
"versions\V0.3_homepage_kpi_calibration\frontend\src\components\workspace\WorkspaceNav.vue","versions\V0.3_homepage_kpi_calibration\frontend\src\components\workspace\WorkspaceNav.vue","1488","99258F46D1622050D5FFB4930A093695D542773E6189E42044030F621CB06F73","99258F46D1622050D5FFB4930A093695D542773E6189E42044030F621CB06F73","True"
"versions\V0.3_homepage_kpi_calibration\frontend\src\components\workspace\WorkspaceReview.vue","versions\V0.3_homepage_kpi_calibration\frontend\src\components\workspace\WorkspaceReview.vue","45312","83019606528F28490216508D3BF6FB121D95BFA9C4EA20A5C5060B6C00B124CA","83019606528F28490216508D3BF6FB121D95BFA9C4EA20A5C5060B6C00B124CA","True"
"versions\V0.3_homepage_kpi_calibration\frontend\src\components\workspace\WorkspaceSmartEntry.vue","versions\V0.3_homepage_kpi_calibration\frontend\src\components\workspace\WorkspaceSmartEntry.vue","49900","AC05A73E5F3A105680BB0DEEF3E61D35812EAA62D421F907A4AF033A575835BC","AC05A73E5F3A105680BB0DEEF3E61D35812EAA62D421F907A4AF033A575835BC","True"
"versions\V0.3_homepage_kpi_calibration\frontend\src\components\workspace\WorkspaceSmartUpload.vue","versions\V0.3_homepage_kpi_calibration\frontend\src\components\workspace\WorkspaceSmartUpload.vue","64231","5EFFBD49B8A12C7C9AFA598F0013FC27D33F2A1F8BB0F51C251C0A0773EA82A3","5EFFBD49B8A12C7C9AFA598F0013FC27D33F2A1F8BB0F51C251C0A0773EA82A3","True"
"versions\V0.3_homepage_kpi_calibration\frontend\src\components\workspace\WorkspaceTasks.vue","versions\V0.3_homepage_kpi_calibration\frontend\src\components\workspace\WorkspaceTasks.vue","18837","115C59B2B1E2C6BA12D86FF6D27C2F9C4D1CDE89ACEC62A33F2F24D7D6262FDF","115C59B2B1E2C6BA12D86FF6D27C2F9C4D1CDE89ACEC62A33F2F24D7D6262FDF","True"
"versions\V0.3_homepage_kpi_calibration\frontend\src\composables\useMotionMode.ts","versions\V0.3_homepage_kpi_calibration\frontend\src\composables\useMotionMode.ts","1478","A03A5B440E06D2791297FBDE0C4B2A465A3F6F5AF8FD17C86E830097FA26F88E","A03A5B440E06D2791297FBDE0C4B2A465A3F6F5AF8FD17C86E830097FA26F88E","True"
"versions\V0.3_homepage_kpi_calibration\frontend\src\config\gis.config.ts","versions\V0.3_homepage_kpi_calibration\frontend\src\config\gis.config.ts","570","88DC6CA06B6D9D4A70987A471C03AD88C06924084FA85BA34686AC89E590DD1E","88DC6CA06B6D9D4A70987A471C03AD88C06924084FA85BA34686AC89E590DD1E","True"
"versions\V0.3_homepage_kpi_calibration\frontend\src\data\assistant.mock.ts","versions\V0.3_homepage_kpi_calibration\frontend\src\data\assistant.mock.ts","11058","817A2DFE6809CEDAFDAA2EB4F5797951D0CF1642B54854B45DFF5AC67FD7C535","817A2DFE6809CEDAFDAA2EB4F5797951D0CF1642B54854B45DFF5AC67FD7C535","True"
"versions\V0.3_homepage_kpi_calibration\frontend\src\data\dashboard.mock.ts","versions\V0.3_homepage_kpi_calibration\frontend\src\data\dashboard.mock.ts","42336","870DE16AD2B68CD01955A424E273311914EDBD96ED7C4F147E8D264B11DB6F9E","870DE16AD2B68CD01955A424E273311914EDBD96ED7C4F147E8D264B11DB6F9E","True"
"versions\V0.3_homepage_kpi_calibration\frontend\src\data\e01-workspace.mock.ts","versions\V0.3_homepage_kpi_calibration\frontend\src\data\e01-workspace.mock.ts","8754","4CEEBDEB0F5E4023572217A3B7A515AFE14CC96C162AAB256A8761251B71EA36","4CEEBDEB0F5E4023572217A3B7A515AFE14CC96C162AAB256A8761251B71EA36","True"
"versions\V0.3_homepage_kpi_calibration\frontend\src\data\e02-objects.mock.ts","versions\V0.3_homepage_kpi_calibration\frontend\src\data\e02-objects.mock.ts","4893","7B5A6FB1D52251ABB53156375827FE595AABCBBF39B0A3E6985978FD0419652C","7B5A6FB1D52251ABB53156375827FE595AABCBBF39B0A3E6985978FD0419652C","True"
"versions\V0.3_homepage_kpi_calibration\frontend\src\data\e03-ecology.mock.ts","versions\V0.3_homepage_kpi_calibration\frontend\src\data\e03-ecology.mock.ts","3966","9A01EDF434901B3E049F5FE732EB951670255FA9E207D4BB191ACF806CE66F07","9A01EDF434901B3E049F5FE732EB951670255FA9E207D4BB191ACF806CE66F07","True"
"versions\V0.3_homepage_kpi_calibration\frontend\src\data\e04-cultural.mock.ts","versions\V0.3_homepage_kpi_calibration\frontend\src\data\e04-cultural.mock.ts","3952","9533DB13DD5D2641C0066961B3885628A9C1BF25E1D554184C50434209EABF86","9533DB13DD5D2641C0066961B3885628A9C1BF25E1D554184C50434209EABF86","True"
"versions\V0.3_homepage_kpi_calibration\frontend\src\data\esg-home.mock.ts","versions\V0.3_homepage_kpi_calibration\frontend\src\data\esg-home.mock.ts","4944","8A7EAB4376F84D23A1D9E966CD9DF57418863F23129813AFED9A9355FD4A51BB","8A7EAB4376F84D23A1D9E966CD9DF57418863F23129813AFED9A9355FD4A51BB","True"
"versions\V0.3_homepage_kpi_calibration\frontend\src\data\esg-smart-entry-analysis.mock.json","versions\V0.3_homepage_kpi_calibration\frontend\src\data\esg-smart-entry-analysis.mock.json","10261","40392430BF10768C554A3FC761D0AF93DF0AE2456FF6E6882CC456CB0BFAE7D1","40392430BF10768C554A3FC761D0AF93DF0AE2456FF6E6882CC456CB0BFAE7D1","True"
"versions\V0.3_homepage_kpi_calibration\frontend\src\data\kpi-catalog.ts","versions\V0.3_homepage_kpi_calibration\frontend\src\data\kpi-catalog.ts","2906","F73A76A150FF86B1DBD36470814B767970CC195FDBD4B6BA378CE4EDD2000F75","F73A76A150FF86B1DBD36470814B767970CC195FDBD4B6BA378CE4EDD2000F75","True"
"versions\V0.3_homepage_kpi_calibration\frontend\src\data\master.mock.ts","versions\V0.3_homepage_kpi_calibration\frontend\src\data\master.mock.ts","9333","7322EE3E8B482B4343681BBABDA425B5C7C69E425260A1FB83E008A528FA01C4","7322EE3E8B482B4343681BBABDA425B5C7C69E425260A1FB83E008A528FA01C4","True"
"versions\V0.3_homepage_kpi_calibration\frontend\src\data\monthly-readiness.mock.ts","versions\V0.3_homepage_kpi_calibration\frontend\src\data\monthly-readiness.mock.ts","1617","77656F5A6E71059A0026FD58CF7AFE9EA48416C199B39E05F045F8AD844DF432","77656F5A6E71059A0026FD58CF7AFE9EA48416C199B39E05F045F8AD844DF432","True"
"versions\V0.3_homepage_kpi_calibration\frontend\src\data\workspace.mock.ts","versions\V0.3_homepage_kpi_calibration\frontend\src\data\workspace.mock.ts","32143","9A79C26CE831A67216F413EA1AA69BAD34ED3BDACF74D9480F839E09E41933BF","9A79C26CE831A67216F413EA1AA69BAD34ED3BDACF74D9480F839E09E41933BF","True"
"versions\V0.3_homepage_kpi_calibration\frontend\src\modules\traffic-gis-overview\index.ts","versions\V0.3_homepage_kpi_calibration\frontend\src\modules\traffic-gis-overview\index.ts","184","EE41CF5596164166C048F315FF8DE6DF7B68904B16376A88F2E8F27684141E39","EE41CF5596164166C048F315FF8DE6DF7B68904B16376A88F2E8F27684141E39","True"
"versions\V0.3_homepage_kpi_calibration\frontend\src\modules\traffic-gis-overview\README.md","versions\V0.3_homepage_kpi_calibration\frontend\src\modules\traffic-gis-overview\README.md","2094","0238D5C465EE36860E1BF99D89801A56DB058DF19B23EA70672D3C3828F80847","0238D5C465EE36860E1BF99D89801A56DB058DF19B23EA70672D3C3828F80847","True"
"versions\V0.3_homepage_kpi_calibration\frontend\src\modules\traffic-gis-overview\adapters\http-adapter.ts","versions\V0.3_homepage_kpi_calibration\frontend\src\modules\traffic-gis-overview\adapters\http-adapter.ts","2271","B6A7178E426AEBD47CD0514587EC0C9675ED62443907D27B838E6B42199F118E","B6A7178E426AEBD47CD0514587EC0C9675ED62443907D27B838E6B42199F118E","True"
"versions\V0.3_homepage_kpi_calibration\frontend\src\modules\traffic-gis-overview\adapters\index.ts","versions\V0.3_homepage_kpi_calibration\frontend\src\modules\traffic-gis-overview\adapters\index.ts","157","1251E2F43B960E82BF1347E970B6F5185F32BE5FD4AA1DB9A874625D1F560EC8","1251E2F43B960E82BF1347E970B6F5185F32BE5FD4AA1DB9A874625D1F560EC8","True"
"versions\V0.3_homepage_kpi_calibration\frontend\src\modules\traffic-gis-overview\adapters\mock-adapter.ts","versions\V0.3_homepage_kpi_calibration\frontend\src\modules\traffic-gis-overview\adapters\mock-adapter.ts","813","87BD9C3FFE200BB4A7AF76122932AC291D402BF7D21B2A415B300070690359ED","87BD9C3FFE200BB4A7AF76122932AC291D402BF7D21B2A415B300070690359ED","True"
"versions\V0.3_homepage_kpi_calibration\frontend\src\modules\traffic-gis-overview\adapters\shp-adapter.ts","versions\V0.3_homepage_kpi_calibration\frontend\src\modules\traffic-gis-overview\adapters\shp-adapter.ts","8030","2A1CAD7A52067A974F5AAAFBFD34375666C0D2DAD8652FB4E09D58D7CABD35D8","2A1CAD7A52067A974F5AAAFBFD34375666C0D2DAD8652FB4E09D58D7CABD35D8","True"
"versions\V0.3_homepage_kpi_calibration\frontend\src\modules\traffic-gis-overview\assets\SpatialAssetStore.ts","versions\V0.3_homepage_kpi_calibration\frontend\src\modules\traffic-gis-overview\assets\SpatialAssetStore.ts","2618","145D2700323500BD29A585B1B7D8820C5787C03598DE44AE8A4796EB300ACFF0","145D2700323500BD29A585B1B7D8820C5787C03598DE44AE8A4796EB300ACFF0","True"
"versions\V0.3_homepage_kpi_calibration\frontend\src\modules\traffic-gis-overview\cesium\core\CameraManager.ts","versions\V0.3_homepage_kpi_calibration\frontend\src\modules\traffic-gis-overview\cesium\core\CameraManager.ts","9525","C88F67C6E3726AB5C97228B9C3CF484BA01C4472ED43B784A0A7977AFFCBDB14","C88F67C6E3726AB5C97228B9C3CF484BA01C4472ED43B784A0A7977AFFCBDB14","True"
"versions\V0.3_homepage_kpi_calibration\frontend\src\modules\traffic-gis-overview\cesium\core\CoordinateAdapter.ts","versions\V0.3_homepage_kpi_calibration\frontend\src\modules\traffic-gis-overview\cesium\core\CoordinateAdapter.ts","4068","017F81F5C413E9EAC7E868766DB63640D71BA346B9B550F20F53F9B88AC8C9E1","017F81F5C413E9EAC7E868766DB63640D71BA346B9B550F20F53F9B88AC8C9E1","True"
"versions\V0.3_homepage_kpi_calibration\frontend\src\modules\traffic-gis-overview\cesium\core\ViewerManager.ts","versions\V0.3_homepage_kpi_calibration\frontend\src\modules\traffic-gis-overview\cesium\core\ViewerManager.ts","2149","B1E7C69E1F76298B6FEC9BFFF000028F340EF192F044780D0D4028F556AB85BA","B1E7C69E1F76298B6FEC9BFFF000028F340EF192F044780D0D4028F556AB85BA","True"
"versions\V0.3_homepage_kpi_calibration\frontend\src\modules\traffic-gis-overview\cesium\interaction\HighlightManager.ts","versions\V0.3_homepage_kpi_calibration\frontend\src\modules\traffic-gis-overview\cesium\interaction\HighlightManager.ts","1564","0A94F167B6DC2C3134315633EEBC82240BA41CD75C346E9A9E8570F68C645044","0A94F167B6DC2C3134315633EEBC82240BA41CD75C346E9A9E8570F68C645044","True"
"versions\V0.3_homepage_kpi_calibration\frontend\src\modules\traffic-gis-overview\cesium\interaction\PickManager.ts","versions\V0.3_homepage_kpi_calibration\frontend\src\modules\traffic-gis-overview\cesium\interaction\PickManager.ts","2307","00E952784B5DBF02FD5DEF592169055FE0135204AA20578E845702846798738B","00E952784B5DBF02FD5DEF592169055FE0135204AA20578E845702846798738B","True"
"versions\V0.3_homepage_kpi_calibration\frontend\src\modules\traffic-gis-overview\cesium\layers\BasemapManager.ts","versions\V0.3_homepage_kpi_calibration\frontend\src\modules\traffic-gis-overview\cesium\layers\BasemapManager.ts","1505","285CFA47C6EB30AE44DDBEC721C2D510E313F8A9B5DE58B2B6973B0CC9EA9D9B","285CFA47C6EB30AE44DDBEC721C2D510E313F8A9B5DE58B2B6973B0CC9EA9D9B","True"
"versions\V0.3_homepage_kpi_calibration\frontend\src\modules\traffic-gis-overview\cesium\layers\DesignKmlLayerManager.ts","versions\V0.3_homepage_kpi_calibration\frontend\src\modules\traffic-gis-overview\cesium\layers\DesignKmlLayerManager.ts","24117","3F1D3BE8DB2A5EDA7F6B566363D7F58F1F213E02B703182C472607AE5931B55D","3F1D3BE8DB2A5EDA7F6B566363D7F58F1F213E02B703182C472607AE5931B55D","True"
"versions\V0.3_homepage_kpi_calibration\frontend\src\modules\traffic-gis-overview\cesium\layers\HistoricalCompareManager.ts","versions\V0.3_homepage_kpi_calibration\frontend\src\modules\traffic-gis-overview\cesium\layers\HistoricalCompareManager.ts","1316","99E2686FFC80EE361DB2A0CB7781E3D34E811A670AC9763B82C440968545144B","99E2686FFC80EE361DB2A0CB7781E3D34E811A670AC9763B82C440968545144B","True"
"versions\V0.3_homepage_kpi_calibration\frontend\src\modules\traffic-gis-overview\cesium\layers\LayerRegistry.ts","versions\V0.3_homepage_kpi_calibration\frontend\src\modules\traffic-gis-overview\cesium\layers\LayerRegistry.ts","729","9C548388552E8C6F8B6B81479352C416DCF133FAD27CC81033A5C32BB574F3AD","9C548388552E8C6F8B6B81479352C416DCF133FAD27CC81033A5C32BB574F3AD","True"
"versions\V0.3_homepage_kpi_calibration\frontend\src\modules\traffic-gis-overview\cesium\layers\SpatialAssetManager.ts","versions\V0.3_homepage_kpi_calibration\frontend\src\modules\traffic-gis-overview\cesium\layers\SpatialAssetManager.ts","5288","E4084E8F0D9F4A921126E132D12BF59A7068CC026BF435954E4CEC5BB91E0258","E4084E8F0D9F4A921126E132D12BF59A7068CC026BF435954E4CEC5BB91E0258","True"
"versions\V0.3_homepage_kpi_calibration\frontend\src\modules\traffic-gis-overview\cesium\layers\spx-kml.worker.ts","versions\V0.3_homepage_kpi_calibration\frontend\src\modules\traffic-gis-overview\cesium\layers\spx-kml.worker.ts","3064","B0EF92C4D7CD3F9B6C87A71DD4F32B1E236081FB6F0A13C05CA82F3FA0381A0B","B0EF92C4D7CD3F9B6C87A71DD4F32B1E236081FB6F0A13C05CA82F3FA0381A0B","True"
"versions\V0.3_homepage_kpi_calibration\frontend\src\modules\traffic-gis-overview\cesium\layers\SpxPrimitiveLayer.ts","versions\V0.3_homepage_kpi_calibration\frontend\src\modules\traffic-gis-overview\cesium\layers\SpxPrimitiveLayer.ts","6540","1085432699E1A663DDABB59BEE2D933F3639ACCFED08265FCADA5CDB6C328F02","1085432699E1A663DDABB59BEE2D933F3639ACCFED08265FCADA5CDB6C328F02","True"
"versions\V0.3_homepage_kpi_calibration\frontend\src\modules\traffic-gis-overview\cesium\renderers\PointRenderer.ts","versions\V0.3_homepage_kpi_calibration\frontend\src\modules\traffic-gis-overview\cesium\renderers\PointRenderer.ts","5848","8F56883B953F46C7103E88980D9484CA97E5FDC5063DB47891565FBDCC3F04F2","8F56883B953F46C7103E88980D9484CA97E5FDC5063DB47891565FBDCC3F04F2","True"
"versions\V0.3_homepage_kpi_calibration\frontend\src\modules\traffic-gis-overview\cesium\renderers\PolygonRenderer.ts","versions\V0.3_homepage_kpi_calibration\frontend\src\modules\traffic-gis-overview\cesium\renderers\PolygonRenderer.ts","5784","0F00D0AB50D6288F13CF4403799BD2569424987686FFB11EABCB45686C7CB7FB","0F00D0AB50D6288F13CF4403799BD2569424987686FFB11EABCB45686C7CB7FB","True"
"versions\V0.3_homepage_kpi_calibration\frontend\src\modules\traffic-gis-overview\cesium\renderers\PolylineRenderer.ts","versions\V0.3_homepage_kpi_calibration\frontend\src\modules\traffic-gis-overview\cesium\renderers\PolylineRenderer.ts","3460","2BADDCE23034982B29B085B2B362BEB7F39EAA519C29E1D78EB71D1840D79F22","2BADDCE23034982B29B085B2B362BEB7F39EAA519C29E1D78EB71D1840D79F22","True"
"versions\V0.3_homepage_kpi_calibration\frontend\src\modules\traffic-gis-overview\cesium\renderers\render-utils.ts","versions\V0.3_homepage_kpi_calibration\frontend\src\modules\traffic-gis-overview\cesium\renderers\render-utils.ts","7061","6BEFBA939E420BAA078E750B016C88A42F426BE90B456EA11DBCD50FE6A1605B","6BEFBA939E420BAA078E750B016C88A42F426BE90B456EA11DBCD50FE6A1605B","True"
"versions\V0.3_homepage_kpi_calibration\frontend\src\modules\traffic-gis-overview\cesium\renderers\TilesetRenderer.ts","versions\V0.3_homepage_kpi_calibration\frontend\src\modules\traffic-gis-overview\cesium\renderers\TilesetRenderer.ts","363","C679D531FBEC0024D955B0FD29AB0743326E10324B3A5ED4F5BCB82D75C1F000","C679D531FBEC0024D955B0FD29AB0743326E10324B3A5ED4F5BCB82D75C1F000","True"
"versions\V0.3_homepage_kpi_calibration\frontend\src\modules\traffic-gis-overview\components\BusinessLinksPanel.vue","versions\V0.3_homepage_kpi_calibration\frontend\src\modules\traffic-gis-overview\components\BusinessLinksPanel.vue","10364","73D9A692D92A81037491C8CACA6DA40FC46E2E2142F4E57F112EA724B408CEF7","73D9A692D92A81037491C8CACA6DA40FC46E2E2142F4E57F112EA724B408CEF7","True"
"versions\V0.3_homepage_kpi_calibration\frontend\src\modules\traffic-gis-overview\components\DesignLayerTree.vue","versions\V0.3_homepage_kpi_calibration\frontend\src\modules\traffic-gis-overview\components\DesignLayerTree.vue","12259","5AFDE5AE3970FAB562FF13B8DBE01B6F74517402BB8D458E7BA86467E262D4C1","5AFDE5AE3970FAB562FF13B8DBE01B6F74517402BB8D458E7BA86467E262D4C1","True"
"versions\V0.3_homepage_kpi_calibration\frontend\src\modules\traffic-gis-overview\components\FeatureCard.vue","versions\V0.3_homepage_kpi_calibration\frontend\src\modules\traffic-gis-overview\components\FeatureCard.vue","19973","A709AB27EDC245A793746F96A4D4D84A6E08B699F3C3AA057A651FE0104F8501","A709AB27EDC245A793746F96A4D4D84A6E08B699F3C3AA057A651FE0104F8501","True"
"versions\V0.3_homepage_kpi_calibration\frontend\src\modules\traffic-gis-overview\components\LayerControl.vue","versions\V0.3_homepage_kpi_calibration\frontend\src\modules\traffic-gis-overview\components\LayerControl.vue","13624","7DA5FEF80EE38983DA2BC37B059770650BA831A2911E190D3B61744F16471985","7DA5FEF80EE38983DA2BC37B059770650BA831A2911E190D3B61744F16471985","True"
"versions\V0.3_homepage_kpi_calibration\frontend\src\modules\traffic-gis-overview\components\MapChrome.vue","versions\V0.3_homepage_kpi_calibration\frontend\src\modules\traffic-gis-overview\components\MapChrome.vue","7868","5749FBCA2C426B8A86ADC100D8E0CD637A867088D2D2C0C445083766ABAB7B9A","5749FBCA2C426B8A86ADC100D8E0CD637A867088D2D2C0C445083766ABAB7B9A","True"
"versions\V0.3_homepage_kpi_calibration\frontend\src\modules\traffic-gis-overview\components\TrafficGisOverview.vue","versions\V0.3_homepage_kpi_calibration\frontend\src\modules\traffic-gis-overview\components\TrafficGisOverview.vue","49922","CC7920852CB69450B36138F64B7B61C39C0F444277A4EA2541791AA8EF95C6B5","CC7920852CB69450B36138F64B7B61C39C0F444277A4EA2541791AA8EF95C6B5","True"
"versions\V0.3_homepage_kpi_calibration\frontend\src\modules\traffic-gis-overview\components\TrafficLegend.vue","versions\V0.3_homepage_kpi_calibration\frontend\src\modules\traffic-gis-overview\components\TrafficLegend.vue","807","B1100FEDE8D08E9535DFEFFE5EBB0DD40CD048B48F9AB0D4B02283610E011481","B1100FEDE8D08E9535DFEFFE5EBB0DD40CD048B48F9AB0D4B02283610E011481","True"
"versions\V0.3_homepage_kpi_calibration\frontend\src\modules\traffic-gis-overview\config\basemaps.config.ts","versions\V0.3_homepage_kpi_calibration\frontend\src\modules\traffic-gis-overview\config\basemaps.config.ts","1873","6A1C96717160D8914BB4ACFA5A68E003EFFE5C60AEDA615F5704E45F9DA8B6A4","6A1C96717160D8914BB4ACFA5A68E003EFFE5C60AEDA615F5704E45F9DA8B6A4","True"
"versions\V0.3_homepage_kpi_calibration\frontend\src\modules\traffic-gis-overview\config\configuration-api.ts","versions\V0.3_homepage_kpi_calibration\frontend\src\modules\traffic-gis-overview\config\configuration-api.ts","1245","8334FE580B46554DFE2DD4B69A083426FB7E4CFBC8CC2B086F62E8FCC74B3EE3","8334FE580B46554DFE2DD4B69A083426FB7E4CFBC8CC2B086F62E8FCC74B3EE3","True"
"versions\V0.3_homepage_kpi_calibration\frontend\src\modules\traffic-gis-overview\config\design-map.config.ts","versions\V0.3_homepage_kpi_calibration\frontend\src\modules\traffic-gis-overview\config\design-map.config.ts","292","D90A90DEA45B00786D37A9C3603161E95F9B23B8374F7B806794B989EA8E6DBE","D90A90DEA45B00786D37A9C3603161E95F9B23B8374F7B806794B989EA8E6DBE","True"
"versions\V0.3_homepage_kpi_calibration\frontend\src\modules\traffic-gis-overview\config\historical-imagery.config.ts","versions\V0.3_homepage_kpi_calibration\frontend\src\modules\traffic-gis-overview\config\historical-imagery.config.ts","671","0E6D341EC647D654E4A959EF573096117422E8447EA15F4D950079B07B7467CF","0E6D341EC647D654E4A959EF573096117422E8447EA15F4D950079B07B7467CF","True"
"versions\V0.3_homepage_kpi_calibration\frontend\src\modules\traffic-gis-overview\config\layers.config.ts","versions\V0.3_homepage_kpi_calibration\frontend\src\modules\traffic-gis-overview\config\layers.config.ts","1203","5861AC825B3E4FBFC16324F479C22DABC6DB12A8EBD3ACCAA2D0A3CB25F11FA7","5861AC825B3E4FBFC16324F479C22DABC6DB12A8EBD3ACCAA2D0A3CB25F11FA7","True"
"versions\V0.3_homepage_kpi_calibration\frontend\src\modules\traffic-gis-overview\config\style-tokens.ts","versions\V0.3_homepage_kpi_calibration\frontend\src\modules\traffic-gis-overview\config\style-tokens.ts","2121","E5C0014DD2B5FA7E8C94BF902325D3D8099B5EC4296C6A68A8EC6DA72D3F50D2","E5C0014DD2B5FA7E8C94BF902325D3D8099B5EC4296C6A68A8EC6DA72D3F50D2","True"
"versions\V0.3_homepage_kpi_calibration\frontend\src\modules\traffic-gis-overview\config\traffic-gis.config.ts","versions\V0.3_homepage_kpi_calibration\frontend\src\modules\traffic-gis-overview\config\traffic-gis.config.ts","1120","47FF30E418BB968F8D71A374D3363EFB3E2B3BBEB1ECA03AD63BEC76E8B97275","47FF30E418BB968F8D71A374D3363EFB3E2B3BBEB1ECA03AD63BEC76E8B97275","True"
"versions\V0.3_homepage_kpi_calibration\frontend\src\modules\traffic-gis-overview\data\real-layers.json.disabled-demo","versions\V0.3_homepage_kpi_calibration\frontend\src\modules\traffic-gis-overview\data\real-layers.json.disabled-demo","9132","A16E4F8BEC61DF0D28CB750503F9E73A60EE32B7831B0E8C1B09F3EFE3E69A87","A16E4F8BEC61DF0D28CB750503F9E73A60EE32B7831B0E8C1B09F3EFE3E69A87","True"
"versions\V0.3_homepage_kpi_calibration\frontend\src\modules\traffic-gis-overview\domain\chainage.ts","versions\V0.3_homepage_kpi_calibration\frontend\src\modules\traffic-gis-overview\domain\chainage.ts","1695","3E578911F0DB5112063FD736954CADDB34617652A53FA5A5FAD33ADDADE45F26","3E578911F0DB5112063FD736954CADDB34617652A53FA5A5FAD33ADDADE45F26","True"
"versions\V0.3_homepage_kpi_calibration\frontend\src\modules\traffic-gis-overview\mock\features.ts","versions\V0.3_homepage_kpi_calibration\frontend\src\modules\traffic-gis-overview\mock\features.ts","240","F807592D8AA0705B6CB76983EE93A8D427B5D374659447578609B13E3293E3D4","F807592D8AA0705B6CB76983EE93A8D427B5D374659447578609B13E3293E3D4","True"
"versions\V0.3_homepage_kpi_calibration\frontend\src\modules\traffic-gis-overview\tests\chainage.test.ts","versions\V0.3_homepage_kpi_calibration\frontend\src\modules\traffic-gis-overview\tests\chainage.test.ts","477","5D9E43BF0868F91EECBB6B7A546DD0100AA97D77D367410CA065C82F9DA24104","5D9E43BF0868F91EECBB6B7A546DD0100AA97D77D367410CA065C82F9DA24104","True"
"versions\V0.3_homepage_kpi_calibration\frontend\src\modules\traffic-gis-overview\tests\mock-adapter.test.ts","versions\V0.3_homepage_kpi_calibration\frontend\src\modules\traffic-gis-overview\tests\mock-adapter.test.ts","584","EE135D904E0028D20974B3AD1AABF53EB5B07B25A07498AC0E533889E12A5C8B","EE135D904E0028D20974B3AD1AABF53EB5B07B25A07498AC0E533889E12A5C8B","True"
"versions\V0.3_homepage_kpi_calibration\frontend\src\modules\traffic-gis-overview\tests\shp-data.test.ts","versions\V0.3_homepage_kpi_calibration\frontend\src\modules\traffic-gis-overview\tests\shp-data.test.ts","1008","3C724652EC40C8683D5965101A74B12270934D981F07005E2499957E0BFAAEF7","3C724652EC40C8683D5965101A74B12270934D981F07005E2499957E0BFAAEF7","True"
"versions\V0.3_homepage_kpi_calibration\frontend\src\modules\traffic-gis-overview\tests\vector-store.test.ts","versions\V0.3_homepage_kpi_calibration\frontend\src\modules\traffic-gis-overview\tests\vector-store.test.ts","1411","01420B4B0F58E25CD8A47DABE109AFEA040AD8D741703F83E03534F965D060B5","01420B4B0F58E25CD8A47DABE109AFEA040AD8D741703F83E03534F965D060B5","True"
"versions\V0.3_homepage_kpi_calibration\frontend\src\modules\traffic-gis-overview\types\design-layers.ts","versions\V0.3_homepage_kpi_calibration\frontend\src\modules\traffic-gis-overview\types\design-layers.ts","1088","ABDF09CC3BEC305A6BD5678F865F596889F8AA5364D8B6E2C5CBA64CC1635B8E","ABDF09CC3BEC305A6BD5678F865F596889F8AA5364D8B6E2C5CBA64CC1635B8E","True"
"versions\V0.3_homepage_kpi_calibration\frontend\src\modules\traffic-gis-overview\types\index.ts","versions\V0.3_homepage_kpi_calibration\frontend\src\modules\traffic-gis-overview\types\index.ts","5811","E32FD7D66A9F376D2C651C2873392F2FEB2E9954E75B3D386EFE0AF735B51B16","E32FD7D66A9F376D2C651C2873392F2FEB2E9954E75B3D386EFE0AF735B51B16","True"
"versions\V0.3_homepage_kpi_calibration\frontend\src\modules\traffic-gis-overview\vector\VectorLayerStore.ts","versions\V0.3_homepage_kpi_calibration\frontend\src\modules\traffic-gis-overview\vector\VectorLayerStore.ts","3361","85162699E02512D4C91B86FC283D0D24F68966269AA555BF54DDE98F73C5AF0F","85162699E02512D4C91B86FC283D0D24F68966269AA555BF54DDE98F73C5AF0F","True"
"versions\V0.3_homepage_kpi_calibration\frontend\src\router\index.ts","versions\V0.3_homepage_kpi_calibration\frontend\src\router\index.ts","779","61604BBC9D4F805D2CB8DF4C58069CEF82E6028340F1AF2C145C43D84966AA7B","61604BBC9D4F805D2CB8DF4C58069CEF82E6028340F1AF2C145C43D84966AA7B","True"
"versions\V0.3_homepage_kpi_calibration\frontend\src\services\api.ts","versions\V0.3_homepage_kpi_calibration\frontend\src\services\api.ts","33668","B1479AE715EF599FA1AB714A08F4C0DD15E7D36B2AFD828D7FB6006032D71177","B1479AE715EF599FA1AB714A08F4C0DD15E7D36B2AFD828D7FB6006032D71177","True"
"versions\V0.3_homepage_kpi_calibration\frontend\src\services\esgSmartEntryDemo.ts","versions\V0.3_homepage_kpi_calibration\frontend\src\services\esgSmartEntryDemo.ts","7466","A24E24B949575545B2F13B6D45FAA944C4ED3F6A3B99F18139FAD6D70EF58AED","A24E24B949575545B2F13B6D45FAA944C4ED3F6A3B99F18139FAD6D70EF58AED","True"
"versions\V0.3_homepage_kpi_calibration\frontend\src\stores\dashboard.store.ts","versions\V0.3_homepage_kpi_calibration\frontend\src\stores\dashboard.store.ts","7513","2193E00D92B720BDFFFE510E016B685939572CE67E33C89286F23A80D25C823D","2193E00D92B720BDFFFE510E016B685939572CE67E33C89286F23A80D25C823D","True"
"versions\V0.3_homepage_kpi_calibration\frontend\src\styles\dashboard.scss","versions\V0.3_homepage_kpi_calibration\frontend\src\styles\dashboard.scss","10442","710115F881392DA3562A02F12EBA444612CE799894DFDE08E5AD7589EB7C6D8D","710115F881392DA3562A02F12EBA444612CE799894DFDE08E5AD7589EB7C6D8D","True"
"versions\V0.3_homepage_kpi_calibration\frontend\src\styles\layout.scss","versions\V0.3_homepage_kpi_calibration\frontend\src\styles\layout.scss","2702","1DFD98F86E7F7C12385F2E14702CA2C7D2BC03BC95A9657543B3C3C1320EA4B0","1DFD98F86E7F7C12385F2E14702CA2C7D2BC03BC95A9657543B3C3C1320EA4B0","True"
"versions\V0.3_homepage_kpi_calibration\frontend\src\styles\master.scss","versions\V0.3_homepage_kpi_calibration\frontend\src\styles\master.scss","23415","B0FCF50F4BCF4760D0A3CCF8C820FD71D4296FE4C984A9E9132061EEED9F0DFA","B0FCF50F4BCF4760D0A3CCF8C820FD71D4296FE4C984A9E9132061EEED9F0DFA","True"
"versions\V0.3_homepage_kpi_calibration\frontend\src\styles\tokens.scss","versions\V0.3_homepage_kpi_calibration\frontend\src\styles\tokens.scss","3901","39E728612AF4979E56F6F17EFDBBA4D9DCBAD297D043D7915E43F53C92ECBBC4","39E728612AF4979E56F6F17EFDBBA4D9DCBAD297D043D7915E43F53C92ECBBC4","True"
"versions\V0.3_homepage_kpi_calibration\frontend\src\styles\workspace.scss","versions\V0.3_homepage_kpi_calibration\frontend\src\styles\workspace.scss","22467","942B7E1428E3FCD46B933640EF378DC736941A808AA8E9918E776CA1D90A0306","942B7E1428E3FCD46B933640EF378DC736941A808AA8E9918E776CA1D90A0306","True"
"versions\V0.3_homepage_kpi_calibration\frontend\src\styles\partials\_button.scss","versions\V0.3_homepage_kpi_calibration\frontend\src\styles\partials\_button.scss","4683","0078C75BA07F350BA1A7AA32F6445F85580724D6D5D0ABFAF22DCE1DA4E79521","0078C75BA07F350BA1A7AA32F6445F85580724D6D5D0ABFAF22DCE1DA4E79521","True"
"versions\V0.3_homepage_kpi_calibration\frontend\src\styles\partials\_modal.scss","versions\V0.3_homepage_kpi_calibration\frontend\src\styles\partials\_modal.scss","4712","9A2E1D8AAF5BA9FC71643251F7E5718016FA30CEAB1040F1C1290B76445140F9","9A2E1D8AAF5BA9FC71643251F7E5718016FA30CEAB1040F1C1290B76445140F9","True"
"versions\V0.3_homepage_kpi_calibration\frontend\src\styles\partials\_table.scss","versions\V0.3_homepage_kpi_calibration\frontend\src\styles\partials\_table.scss","2654","A9D558644689EDC59087E8DB8B55EC88E7DA0F56054DE493F3FCBE1CB3E256D6","A9D558644689EDC59087E8DB8B55EC88E7DA0F56054DE493F3FCBE1CB3E256D6","True"
"versions\V0.3_homepage_kpi_calibration\frontend\src\styles\partials\_tag.scss","versions\V0.3_homepage_kpi_calibration\frontend\src\styles\partials\_tag.scss","3298","B303081F35AD0ED258AA09870273785C36BD004BF73A56E1F87089FA0EFFC461","B303081F35AD0ED258AA09870273785C36BD004BF73A56E1F87089FA0EFFC461","True"
"versions\V0.3_homepage_kpi_calibration\frontend\src\types\assistant.ts","versions\V0.3_homepage_kpi_calibration\frontend\src\types\assistant.ts","3521","8ED5B038E333E1B5AE8057F08580A73EA16E0D43EFC3C72BC1550A3279E4D423","8ED5B038E333E1B5AE8057F08580A73EA16E0D43EFC3C72BC1550A3279E4D423","True"
"versions\V0.3_homepage_kpi_calibration\frontend\src\types\dashboard.ts","versions\V0.3_homepage_kpi_calibration\frontend\src\types\dashboard.ts","6948","FC5534D2527AA2D82AF34F48061AF2AF1E672D50A627DA193078BEE47C693865","FC5534D2527AA2D82AF34F48061AF2AF1E672D50A627DA193078BEE47C693865","True"
"versions\V0.3_homepage_kpi_calibration\frontend\src\types\e01.ts","versions\V0.3_homepage_kpi_calibration\frontend\src\types\e01.ts","6682","1DD51BEC428C8EAC19FCF5487F3E2F8D9647F93FCE0AC8CA2307936B70F8B311","1DD51BEC428C8EAC19FCF5487F3E2F8D9647F93FCE0AC8CA2307936B70F8B311","True"
"versions\V0.3_homepage_kpi_calibration\frontend\src\types\e02.ts","versions\V0.3_homepage_kpi_calibration\frontend\src\types\e02.ts","3423","F8ED7992FADADA210703470C9096B26235A73E6466F2B48FC4162B04005D9704","F8ED7992FADADA210703470C9096B26235A73E6466F2B48FC4162B04005D9704","True"
"versions\V0.3_homepage_kpi_calibration\frontend\src\types\e03.ts","versions\V0.3_homepage_kpi_calibration\frontend\src\types\e03.ts","3451","07C56C7A96EBF7688FEC4381B3848486290B8A320B7FF8E4C93CAEC4278DB274","07C56C7A96EBF7688FEC4381B3848486290B8A320B7FF8E4C93CAEC4278DB274","True"
"versions\V0.3_homepage_kpi_calibration\frontend\src\types\e04-cultural.ts","versions\V0.3_homepage_kpi_calibration\frontend\src\types\e04-cultural.ts","1088","507D5A95E3F6D5189BBB386237143379813232BBB8A4ECC5939958C1F908CE97","507D5A95E3F6D5189BBB386237143379813232BBB8A4ECC5939958C1F908CE97","True"
"versions\V0.3_homepage_kpi_calibration\frontend\src\types\esg-demo.ts","versions\V0.3_homepage_kpi_calibration\frontend\src\types\esg-demo.ts","2207","D6CADB46C57A2E6DC63FCC68598846EC048DFAA9C2476BB33BE89ED71C965F43","D6CADB46C57A2E6DC63FCC68598846EC048DFAA9C2476BB33BE89ED71C965F43","True"
"versions\V0.3_homepage_kpi_calibration\frontend\src\types\esg-home.ts","versions\V0.3_homepage_kpi_calibration\frontend\src\types\esg-home.ts","1577","5A6E53DBCE443E3DEFF3CF0F5362F51DCF3B98EB9DE4B492A7F2F4FC344E20EA","5A6E53DBCE443E3DEFF3CF0F5362F51DCF3B98EB9DE4B492A7F2F4FC344E20EA","True"
"versions\V0.3_homepage_kpi_calibration\frontend\src\types\monthly-report.ts","versions\V0.3_homepage_kpi_calibration\frontend\src\types\monthly-report.ts","4230","E46585C2C2CD3E095055ACA5FA2799D9BFDD8130C43998136E6952CFFCA766D6","E46585C2C2CD3E095055ACA5FA2799D9BFDD8130C43998136E6952CFFCA766D6","True"
"versions\V0.3_homepage_kpi_calibration\frontend\src\types\s02.ts","versions\V0.3_homepage_kpi_calibration\frontend\src\types\s02.ts","1846","EB825E7648C0F933432F2C928BC070322925C9734A00FAAC78E02B2BFDE99398","EB825E7648C0F933432F2C928BC070322925C9734A00FAAC78E02B2BFDE99398","True"
"versions\V0.3_homepage_kpi_calibration\frontend\src\types\workspace.ts","versions\V0.3_homepage_kpi_calibration\frontend\src\types\workspace.ts","6626","700440F11DDFECDF0199BE9864795CA04F249AED3BA303726DBB689A9B3FE942","700440F11DDFECDF0199BE9864795CA04F249AED3BA303726DBB689A9B3FE942","True"
"versions\V0.3_homepage_kpi_calibration\frontend\src\utils\assistant-business-answer.ts","versions\V0.3_homepage_kpi_calibration\frontend\src\utils\assistant-business-answer.ts","17500","AA6BE72A80B2D78A8889D1328AD1241FE4F630C85C255FCD31FC02E3A9126DF1","AA6BE72A80B2D78A8889D1328AD1241FE4F630C85C255FCD31FC02E3A9126DF1","True"
"versions\V0.3_homepage_kpi_calibration\frontend\src\utils\esg-demo.ts","versions\V0.3_homepage_kpi_calibration\frontend\src\utils\esg-demo.ts","6895","B7A55B699D45F076C2030D328FFB2C14463B729F12A22D1193FB7368192A36A2","B7A55B699D45F076C2030D328FFB2C14463B729F12A22D1193FB7368192A36A2","True"
"versions\V0.3_homepage_kpi_calibration\frontend\src\utils\esg-home.ts","versions\V0.3_homepage_kpi_calibration\frontend\src\utils\esg-home.ts","2153","431A49E3F9D68EF08B20AC699D236A66A5C43220261037FC550BE9711CCA68E6","431A49E3F9D68EF08B20AC699D236A66A5C43220261037FC550BE9711CCA68E6","True"
"versions\V0.3_homepage_kpi_calibration\frontend\src\utils\monthly-readiness.ts","versions\V0.3_homepage_kpi_calibration\frontend\src\utils\monthly-readiness.ts","1782","38FABD002247A9A838FC71293F38351F8462982852A1A5DB13D03A4618D21424","38FABD002247A9A838FC71293F38351F8462982852A1A5DB13D03A4618D21424","True"
"versions\V0.3_homepage_kpi_calibration\frontend\src\utils\section-label.ts","versions\V0.3_homepage_kpi_calibration\frontend\src\utils\section-label.ts","2249","74BE8544B25C5D74676E18697C6059E1C8B3B907E57F9178266FF5954A9B5109","74BE8544B25C5D74676E18697C6059E1C8B3B907E57F9178266FF5954A9B5109","True"
"versions\V0.3_homepage_kpi_calibration\frontend\src\utils\workspaceRefresh.ts","versions\V0.3_homepage_kpi_calibration\frontend\src\utils\workspaceRefresh.ts","968","DAB550D3FF07FA85CB7DA49A533D75FB99415C9F2FE6D4C423A225B6CBB9B996","DAB550D3FF07FA85CB7DA49A533D75FB99415C9F2FE6D4C423A225B6CBB9B996","True"
"versions\V0.3_homepage_kpi_calibration\frontend\src\views\AssistantPage.vue","versions\V0.3_homepage_kpi_calibration\frontend\src\views\AssistantPage.vue","9453","9F26CB95F7BC38380CC7CE0EF9C74F104E772D55526E8853992909F9F86C93F5","9F26CB95F7BC38380CC7CE0EF9C74F104E772D55526E8853992909F9F86C93F5","True"
"versions\V0.3_homepage_kpi_calibration\frontend\src\views\CarbonPage.vue","versions\V0.3_homepage_kpi_calibration\frontend\src\views\CarbonPage.vue","3529","422D72996F41163B996A1B8DBF7713AA344EE594F953B3F45C813B5515CDE80E","422D72996F41163B996A1B8DBF7713AA344EE594F953B3F45C813B5515CDE80E","True"
"versions\V0.3_homepage_kpi_calibration\frontend\src\views\DashboardPage.vue","versions\V0.3_homepage_kpi_calibration\frontend\src\views\DashboardPage.vue","30591","BCAC151D12E9617A89CDE060417F7B22447D1F40F2745FE562AE72C93C9BD93A","BCAC151D12E9617A89CDE060417F7B22447D1F40F2745FE562AE72C93C9BD93A","True"
"versions\V0.3_homepage_kpi_calibration\frontend\src\views\GisPreviewPage.vue","versions\V0.3_homepage_kpi_calibration\frontend\src\views\GisPreviewPage.vue","1916","053B57463C31EC9FDC9E3799E2FF90233F72CFB8EBBC149703694D0CA044E470","053B57463C31EC9FDC9E3799E2FF90233F72CFB8EBBC149703694D0CA044E470","True"
"versions\V0.3_homepage_kpi_calibration\frontend\src\views\MasterDashboardPage.vue","versions\V0.3_homepage_kpi_calibration\frontend\src\views\MasterDashboardPage.vue","3020","664367B8D3EE44C3840CB0D55B939EEDB4E8315C3760DF7AA3C229B3513FBD9A","664367B8D3EE44C3840CB0D55B939EEDB4E8315C3760DF7AA3C229B3513FBD9A","True"
"versions\V0.3_homepage_kpi_calibration\frontend\src\views\WorkspacePage.vue","versions\V0.3_homepage_kpi_calibration\frontend\src\views\WorkspacePage.vue","5917","1F67C37C291799ABC5067E6B5375763B112F780DE9CE74B8E4408A413CCE8480","1F67C37C291799ABC5067E6B5375763B112F780DE9CE74B8E4408A413CCE8480","True"
"src\modules\traffic-gis-overview\data\real-layers.json.disabled-demo","gis\archive\real-layers.json.disabled-demo","9132","A16E4F8BEC61DF0D28CB750503F9E73A60EE32B7831B0E8C1B09F3EFE3E69A87","A16E4F8BEC61DF0D28CB750503F9E73A60EE32B7831B0E8C1B09F3EFE3E69A87","True"
"server\gis_api_test.py","gis\archive\gis_api_test.py","3635","9E9449BAE1481271CDDB166AF8DB1A226D40E3CEE812C728E8532AB3363963CF","9E9449BAE1481271CDDB166AF8DB1A226D40E3CEE812C728E8532AB3363963CF","True"
