{"type":"FeatureCollection","name":"道路中间线","bbox":[108.7226485,24.4620494,108.85729869,24.76509711],"metadata":{"sourceFile":"道路中间线.kml","coordinateSystem":"WGS84 (EPSG:4326)","sourcePlacemarkCount":63,"sourceLineStringCount":15517,"mergedFeatureCount":275,"skippedDegenerateCount":0},"features":[{"type":"Feature","id":"route_center-1-1","properties":{"name":"zhix_20878","sourceLayer":"道路中间线","sourceFile":"道路中间线.kml","originalPlacemarkIndex":0,"chainIndex":0,"stroke":"#dffbff","stroke-opacity":0.96,"stroke-width":3.2},"geometry":{"type":"LineString","coordinates":[[108.83941761,24.76509711,0],[108.83941432,24.7650886,0],[108.83941103,24.76508008,0],[108.83940775,24.76507157,0],[108.83940446,24.76506306,0],[108.83940118,24.76505454,0],[108.83939789,24.76504603,0],[108.83939461,24.76503751,0],[108.83939132,24.765029,0],[108.83938804,24.76502049,0],[108.83938475,24.76501197,0],[108.83938147,24.76500346,0],[108.83937818,24.76499494,0],[108.8393749,24.76498643,0],[108.83937162,24.76497791,0],[108.83936834,24.7649694,0],[108.83936505,24.76496088,0],[108.83936177,24.76495237,0],[108.83935849,24.76494385,0],[108.83935521,24.76493534,0],[108.83935193,24.76492682,0],[108.83934865,24.7649183,0],[108.83934537,24.76490979,0],[108.8393421,24.76490127,0],[108.83933882,24.76489275,0],[108.83933554,24.76488424,0],[108.83933227,24.76487572,0],[108.83932899,24.7648672,0],[108.83932572,24.76485868,0],[108.83932245,24.76485017,0],[108.83931918,24.76484165,0],[108.8393159,24.76483313,0],[108.83931263,24.76482461,0],[108.83930937,24.76481609,0],[108.8393061,24.76480757,0],[108.83930283,24.76479905,0],[108.83929957,24.76479053,0],[108.8392963,24.76478201,0],[108.83929304,24.76477349,0],[108.83928978,24.76476497,0],[108.83928652,24.76475645,0],[108.83928326,24.76474792,0],[108.83928,24.7647394,0],[108.83927674,24.76473088,0],[108.83927349,24.76472235,0],[108.83927023,24.76471383,0],[108.83926698,24.7647053,0],[108.83926373,24.76469678,0],[108.83926048,24.76468825,0],[108.83925723,24.76467973,0],[108.83925399,24.7646712,0],[108.83925074,24.76466267,0],[108.8392475,24.76465415,0],[108.83924426,24.76464562,0],[108.83924102,24.76463709,0],[108.83923778,24.76462856,0],[108.83923455,24.76462003,0],[108.83923131,24.7646115,0],[108.83922808,24.76460297,0],[108.83922485,24.76459444,0],[108.83922162,24.76458591,0],[108.83921839,24.76457737,0],[108.83921517,24.76456884,0],[108.83921195,24.7645603,0],[108.83920873,24.76455177,0],[108.83920551,24.76454323,0],[108.83920229,24.7645347,0],[108.83919908,24.76452616,0],[108.83919586,24.76451762,0],[108.83919266,24.76450909,0],[108.83918945,24.76450055,0],[108.83918624,24.76449201,0],[108.83918304,24.76448347,0],[108.83917984,24.76447493,0],[108.83917664,24.76446639,0],[108.83917344,24.76445784,0],[108.83917025,24.7644493,0],[108.83916706,24.76444076,0],[108.83916387,24.76443221,0],[108.83916069,24.76442367,0],[108.8391575,24.76441512,0],[108.83915432,24.76440657,0],[108.83915114,24.76439802,0],[108.83914797,24.76438948,0],[108.8391448,24.76438093,0],[108.83914163,24.76437238,0],[108.83913846,24.76436382,0],[108.83913529,24.76435527,0],[108.83913213,24.76434672,0],[108.83912897,24.76433817,0],[108.83912582,24.76432961,0],[108.83912266,24.76432106,0],[108.83911951,24.7643125,0],[108.83911637,24.76430394,0],[108.83911322,24.76429538,0],[108.83911008,24.76428682,0],[108.83910695,24.76427826,0],[108.83910381,24.7642697,0],[108.83910068,24.76426114,0],[108.83909755,24.76425258,0],[108.83909443,24.76424401,0],[108.8390913,24.76423545,0],[108.83908819,24.76422688,0],[108.83908507,24.76421831,0],[108.83908196,24.76420974,0],[108.83907885,24.76420118,0],[108.83907574,24.76419261,0],[108.83907264,24.76418403,0],[108.83906954,24.76417546,0],[108.83906645,24.76416689,0],[108.83906336,24.76415831,0],[108.83906027,24.76414974,0],[108.83905719,24.76414116,0],[108.83905411,24.76413258,0],[108.83905103,24.764124,0],[108.83904796,24.76411542,0],[108.83904489,24.76410684,0],[108.83904182,24.76409826,0],[108.83903876,24.76408968,0],[108.83903571,24.76408109,0],[108.83903265,24.76407251,0],[108.8390296,24.76406392,0],[108.83902656,24.76405533,0],[108.83902351,24.76404674,0],[108.83902048,24.76403815,0],[108.83901744,24.76402956,0],[108.83901441,24.76402097,0],[108.83901139,24.76401238,0],[108.83900837,24.76400378,0],[108.83900535,24.76399518,0],[108.83900234,24.76398659,0],[108.83899933,24.76397799,0],[108.83899632,24.76396939,0],[108.83899332,24.76396079,0],[108.83899033,24.76395218,0],[108.83898734,24.76394358,0],[108.83898435,24.76393497,0],[108.83898137,24.76392637,0],[108.83897839,24.76391776,0],[108.83897541,24.76390915,0],[108.83897245,24.76390054,0],[108.83896948,24.76389193,0],[108.83896652,24.76388332,0],[108.83896357,24.7638747,0],[108.83896062,24.76386609,0],[108.83895767,24.76385747,0],[108.83895473,24.76384885,0],[108.83895179,24.76384023,0],[108.83894886,24.76383161,0],[108.83894593,24.76382299,0],[108.83894301,24.76381436,0],[108.8389401,24.76380574,0],[108.83893718,24.76379711,0],[108.83893428,24.76378848,0],[108.83893138,24.76377985,0],[108.83892848,24.76377122,0],[108.83892559,24.76376259,0],[108.8389227,24.76375396,0],[108.83891982,24.76374532,0],[108.83891694,24.76373668,0],[108.83891407,24.76372805,0],[108.83891121,24.76371941,0],[108.83890835,24.76371077,0],[108.83890549,24.76370212,0],[108.83890264,24.76369348,0],[108.8388998,24.76368483,0],[108.83889696,24.76367619,0],[108.83889413,24.76366754,0],[108.8388913,24.76365889,0],[108.83888848,24.76365024,0],[108.83888566,24.76364158,0],[108.83888285,24.76363293,0],[108.83888004,24.76362427,0],[108.83887724,24.76361562,0],[108.83887445,24.76360696,0],[108.83887166,24.7635983,0],[108.83886888,24.76358964,0],[108.8388661,24.76358097,0],[108.83886333,24.76357231,0],[108.83886056,24.76356364,0],[108.8388578,24.76355497,0],[108.83864689,24.76282321,0],[108.83847849,24.76208252,0],[108.83835306,24.76133493,0],[108.83827094,24.76058248,0],[108.83823236,24.75982724,0],[108.83823742,24.75907127,0],[108.83828612,24.75831666,0],[108.83830024,24.75817407,0],[108.83830024,24.75817407,0],[108.83830117,24.75816508,0],[108.83830211,24.75815609,0],[108.83830305,24.75814711,0],[108.838304,24.75813812,0],[108.83830495,24.75812914,0],[108.83830591,24.75812015,0],[108.83830688,24.75811117,0],[108.83830785,24.75810219,0],[108.83830883,24.7580932,0],[108.83830981,24.75808422,0],[108.8383108,24.75807524,0],[108.8383118,24.75806626,0],[108.8383128,24.75805728,0],[108.83831381,24.7580483,0],[108.83831482,24.75803932,0],[108.83831584,24.75803034,0],[108.83831686,24.75802136,0],[108.83831789,24.75801238,0],[108.83831892,24.7580034,0],[108.83831996,24.75799443,0],[108.83832101,24.75798545,0],[108.83832206,24.75797647,0],[108.83832312,24.7579675,0],[108.83832418,24.75795852,0],[108.83832525,24.75794955,0],[108.83832632,24.75794058,0],[108.8383274,24.7579316,0],[108.83832848,24.75792263,0],[108.83832957,24.75791366,0],[108.83833066,24.75790469,0],[108.83833176,24.75789572,0],[108.83833286,24.75788674,0],[108.83833397,24.75787777,0],[108.83833508,24.7578688,0],[108.8383362,24.75785984,0],[108.83833733,24.75785087,0],[108.83833846,24.7578419,0],[108.83833959,24.75783293,0],[108.83834073,24.75782396,0],[108.83834187,24.757815,0],[108.83834302,24.75780603,0],[108.83834417,24.75779707,0],[108.83834533,24.7577881,0],[108.83834649,24.75777914,0],[108.83834765,24.75777017,0],[108.83834883,24.75776121,0],[108.83835,24.75775225,0],[108.83835118,24.75774328,0],[108.83835237,24.75773432,0],[108.83835355,24.75772536,0],[108.83835475,24.7577164,0],[108.83835595,24.75770744,0],[108.83835715,24.75769848,0],[108.83835835,24.75768952,0],[108.83835957,24.75768056,0],[108.83836078,24.7576716,0],[108.838362,24.75766264,0],[108.83836322,24.75765369,0],[108.83836445,24.75764473,0],[108.83836568,24.75763577,0],[108.83836692,24.75762682,0],[108.83836816,24.75761786,0],[108.8383694,24.7576089,0],[108.83837065,24.75759995,0],[108.8383719,24.75759099,0],[108.83837316,24.75758204,0],[108.83837442,24.75757309,0],[108.83837568,24.75756413,0],[108.83837695,24.75755518,0],[108.83837822,24.75754623,0],[108.8383795,24.75753728,0],[108.83838077,24.75752833,0],[108.83838206,24.75751938,0],[108.83838334,24.75751043,0],[108.83838463,24.75750148,0],[108.83838592,24.75749253,0],[108.83838722,24.75748358,0],[108.83838852,24.75747463,0],[108.83838982,24.75746568,0],[108.83839113,24.75745673,0],[108.83839244,24.75744778,0],[108.83839376,24.75743884,0],[108.83839507,24.75742989,0],[108.83839639,24.75742094,0],[108.83839772,24.757412,0],[108.83839904,24.75740305,0],[108.83840037,24.75739411,0],[108.83840171,24.75738516,0],[108.83840304,24.75737622,0],[108.83840438,24.75736728,0],[108.83840573,24.75735833,0],[108.83840707,24.75734939,0],[108.83840842,24.75734045,0],[108.83840977,24.7573315,0],[108.83841113,24.75732256,0],[108.83841248,24.75731362,0],[108.83841384,24.75730468,0],[108.83841521,24.75729574,0],[108.83841657,24.7572868,0],[108.83841794,24.75727786,0],[108.83841931,24.75726892,0],[108.83842069,24.75725998,0],[108.83842206,24.75725104,0],[108.83842344,24.7572421,0],[108.83842482,24.75723316,0],[108.83842621,24.75722422,0],[108.8384276,24.75721529,0],[108.83842899,24.75720635,0],[108.83843038,24.75719741,0],[108.83843177,24.75718847,0],[108.83843317,24.75717954,0],[108.83843457,24.7571706,0],[108.83843597,24.75716167,0],[108.83843737,24.75715273,0],[108.83843878,24.7571438,0],[108.83844019,24.75713486,0],[108.8384416,24.75712593,0],[108.83844301,24.75711699,0],[108.83844442,24.75710806,0],[108.83844584,24.75709912,0],[108.83844726,24.75709019,0],[108.83844868,24.75708126,0],[108.8384501,24.75707232,0],[108.83845152,24.75706339,0],[108.83845295,24.75705446,0],[108.83845438,24.75704552,0],[108.83845581,24.75703659,0],[108.83845724,24.75702766,0],[108.83845867,24.75701873,0],[108.83846011,24.7570098,0],[108.83846155,24.75700087,0],[108.83846299,24.75699194,0],[108.83846443,24.756983,0],[108.83846587,24.75697407,0],[108.83846731,24.75696514,0],[108.83846876,24.75695621,0],[108.8384702,24.75694728,0],[108.83847165,24.75693835,0],[108.8384731,24.75692942,0],[108.83847455,24.7569205,0],[108.838476,24.75691157,0],[108.83847746,24.75690264,0],[108.83847891,24.75689371,0],[108.83848037,24.75688478,0],[108.83848183,24.75687585,0],[108.83848328,24.75686692,0],[108.83848474,24.75685799,0],[108.8384862,24.75684907,0],[108.83848767,24.75684014,0],[108.83848913,24.75683121,0],[108.83849059,24.75682228,0],[108.83849206,24.75681336,0],[108.83849352,24.75680443,0],[108.83849499,24.7567955,0],[108.83849646,24.75678657,0],[108.83849793,24.75677765,0],[108.83849939,24.75676872,0],[108.83850087,24.75675979,0],[108.83850234,24.75675087,0],[108.83850381,24.75674194,0],[108.83850528,24.75673301,0],[108.83850675,24.75672409,0],[108.83850823,24.75671516,0],[108.8385097,24.75670624,0],[108.83851117,24.75669731,0],[108.83851265,24.75668838,0],[108.83851412,24.75667946,0],[108.8385156,24.75667053,0],[108.83851708,24.75666161,0],[108.83851855,24.75665268,0],[108.83852003,24.75664375,0],[108.83852151,24.75663483,0],[108.83852299,24.7566259,0],[108.83852446,24.75661698,0],[108.83852594,24.75660805,0],[108.83852742,24.75659913,0],[108.8385289,24.7565902,0],[108.83853038,24.75658128,0],[108.83853186,24.75657235,0],[108.83853333,24.75656342,0],[108.83853481,24.7565545,0],[108.83853629,24.75654557,0],[108.83853777,24.75653665,0],[108.83853925,24.75652772,0],[108.83854073,24.7565188,0],[108.83854221,24.75650987,0],[108.83854368,24.75650095,0],[108.83854516,24.75649202,0],[108.83854664,24.75648309,0],[108.83854812,24.75647417,0],[108.8385496,24.75646524,0],[108.83855107,24.75645632,0],[108.83855255,24.75644739,0],[108.83855403,24.75643847,0],[108.8385555,24.75642954,0],[108.83855698,24.75642061,0],[108.83855846,24.75641169,0],[108.83855993,24.75640276,0],[108.83856141,24.75639384,0],[108.83856289,24.75638491,0],[108.83856436,24.75637598,0],[108.83856584,24.75636706,0],[108.83856731,24.75635813,0],[108.83856878,24.75634921,0],[108.83857026,24.75634028,0],[108.83857173,24.75633135,0],[108.8385732,24.75632243,0],[108.83857468,24.7563135,0],[108.83857615,24.75630457,0],[108.83857762,24.75629565,0],[108.83857909,24.75628672,0],[108.83858056,24.75627779,0],[108.83858203,24.75626887,0],[108.8385835,24.75625994,0],[108.83858497,24.75625101,0],[108.83858644,24.75624209,0],[108.83858791,24.75623316,0],[108.83858937,24.75622423,0],[108.83859084,24.75621531,0],[108.83859231,24.75620638,0],[108.83859377,24.75619745,0],[108.83859523,24.75618852,0],[108.8385967,24.7561796,0],[108.83859816,24.75617067,0],[108.83859962,24.75616174,0],[108.83860109,24.75615281,0],[108.83860255,24.75614389,0],[108.83860401,24.75613496,0],[108.83860547,24.75612603,0],[108.83860693,24.7561171,0],[108.83860838,24.75610817,0],[108.83860984,24.75609924,0],[108.8386113,24.75609032,0],[108.83861275,24.75608139,0],[108.83861421,24.75607246,0],[108.83861566,24.75606353,0],[108.83861711,24.7560546,0],[108.83861856,24.75604567,0],[108.83862001,24.75603674,0],[108.83862146,24.75602781,0],[108.83862291,24.75601888,0],[108.83862436,24.75600995,0],[108.83862581,24.75600102,0],[108.83862725,24.75599209,0],[108.8386287,24.75598316,0],[108.83863014,24.75597423,0],[108.83863158,24.7559653,0],[108.83863302,24.75595637,0],[108.83863446,24.75594744,0],[108.8386359,24.75593851,0],[108.83863734,24.75592958,0],[108.83863878,24.75592065,0],[108.83864021,24.75591172,0],[108.83864165,24.75590278,0],[108.83864308,24.75589385,0],[108.83864451,24.75588492,0],[108.83864594,24.75587599,0],[108.83864737,24.75586706,0],[108.8386488,24.75585812,0],[108.83865023,24.75584919,0],[108.83865165,24.75584026,0],[108.83865308,24.75583133,0],[108.8386545,24.75582239,0],[108.83865592,24.75581346,0],[108.83865734,24.75580453,0],[108.83865876,24.75579559,0],[108.83866018,24.75578666,0],[108.8386616,24.75577772,0],[108.83866301,24.75576879,0],[108.83866442,24.75575986,0],[108.83866584,24.75575092,0],[108.83866725,24.75574199,0],[108.83866865,24.75573305,0],[108.83867006,24.75572412,0],[108.83867147,24.75571518,0],[108.83867287,24.75570625,0],[108.83867427,24.75569731,0],[108.83867567,24.75568837,0],[108.83867707,24.75567944,0],[108.83867847,24.7556705,0],[108.83867987,24.75566156,0],[108.83868126,24.75565263,0],[108.83868265,24.75564369,0],[108.83868405,24.75563475,0],[108.83868543,24.75562582,0],[108.83868682,24.75561688,0],[108.83868821,24.75560794,0],[108.83868959,24.755599,0],[108.83869097,24.75559006,0],[108.83869235,24.75558112,0],[108.83869373,24.75557219,0],[108.83869511,24.75556325,0],[108.83869649,24.75555431,0],[108.83869786,24.75554537,0],[108.83869923,24.75553643,0],[108.8387006,24.75552749,0],[108.83870197,24.75551855,0],[108.83870333,24.75550961,0],[108.8387047,24.75550067,0],[108.83870606,24.75549173,0],[108.83870742,24.75548278,0],[108.83870878,24.75547384,0],[108.83871013,24.7554649,0],[108.83871149,24.75545596,0],[108.83871284,24.75544702,0],[108.83871419,24.75543807,0],[108.83871554,24.75542913,0],[108.83871688,24.75542019,0],[108.83871822,24.75541124,0],[108.83871957,24.7554023,0],[108.83872091,24.75539336,0],[108.83872224,24.75538441,0],[108.83872358,24.75537547,0],[108.83872491,24.75536652,0],[108.83872624,24.75535758,0],[108.83872757,24.75534863,0],[108.8387289,24.75533969,0],[108.83873022,24.75533074,0],[108.83873154,24.7553218,0],[108.83873286,24.75531285,0],[108.83873418,24.7553039,0],[108.83873549,24.75529496,0],[108.8387368,24.75528601,0],[108.83873811,24.75527706,0],[108.83873942,24.75526811,0],[108.83874073,24.75525917,0],[108.83874203,24.75525022,0],[108.83874333,24.75524127,0],[108.83874463,24.75523232,0],[108.83874592,24.75522337,0],[108.83874722,24.75521442,0],[108.83874851,24.75520547,0],[108.8387498,24.75519652,0],[108.83875108,24.75518757,0],[108.83875237,24.75517862,0],[108.83875365,24.75516967,0],[108.83875492,24.75516072,0],[108.8387562,24.75515177,0],[108.83875747,24.75514281,0],[108.83875874,24.75513386,0],[108.83876001,24.75512491,0],[108.83876128,24.75511596,0],[108.83876254,24.755107,0],[108.8387638,24.75509805,0],[108.83876506,24.7550891,0],[108.83876631,24.75508014,0],[108.83876756,24.75507119,0],[108.83876881,24.75506223,0],[108.83877006,24.75505328,0],[108.8387713,24.75504432,0],[108.83877254,24.75503537,0],[108.83877378,24.75502641,0],[108.83877501,24.75501746,0],[108.83877625,24.7550085,0],[108.83877748,24.75499954,0],[108.8387787,24.75499058,0],[108.83877993,24.75498163,0],[108.83878115,24.75497267,0],[108.83878236,24.75496371,0],[108.83878358,24.75495475,0],[108.83878479,24.75494579,0],[108.838786,24.75493683,0],[108.8387872,24.75492787,0],[108.83878841,24.75491891,0],[108.83878961,24.75490995,0],[108.8387908,24.75490099,0],[108.838792,24.75489203,0],[108.83879319,24.75488307,0],[108.83879438,24.75487411,0],[108.83879556,24.75486515,0],[108.83879674,24.75485618,0],[108.83879792,24.75484722,0],[108.8387991,24.75483826,0],[108.83880027,24.75482929,0],[108.83880144,24.75482033,0],[108.8388026,24.75481137,0],[108.83880376,24.7548024,0],[108.83880492,24.75479344,0],[108.83880608,24.75478447,0],[108.83880723,24.75477551,0],[108.83880838,24.75476654,0],[108.83880953,24.75475757,0],[108.83881067,24.75474861,0],[108.83881181,24.75473964,0],[108.83881294,24.75473067,0],[108.83881408,24.75472171,0],[108.83881521,24.75471274,0],[108.83881633,24.75470377,0],[108.83881745,24.7546948,0],[108.83881857,24.75468583,0],[108.83881969,24.75467686,0],[108.8388208,24.75466789,0],[108.83882191,24.75465892,0],[108.83882302,24.75464995,0],[108.83882412,24.75464098,0],[108.83882521,24.75463201,0],[108.83882631,24.75462304,0],[108.8388274,24.75461407,0],[108.83882849,24.75460509,0],[108.83882957,24.75459612,0],[108.83883065,24.75458715,0],[108.83883173,24.75457818,0],[108.8388328,24.7545692,0],[108.83883387,24.75456023,0],[108.83883494,24.75455125,0],[108.838836,24.75454228,0],[108.83883706,24.7545333,0],[108.83883811,24.75452433,0],[108.83883916,24.75451535,0],[108.83884021,24.75450637,0],[108.83884125,24.7544974,0],[108.83884229,24.75448842,0],[108.83884332,24.75447944,0],[108.83884436,24.75447047,0],[108.83884538,24.75446149,0],[108.83884641,24.75445251,0],[108.83884743,24.75444353,0],[108.83884844,24.75443455,0],[108.83884946,24.75442557,0],[108.83885046,24.75441659,0],[108.83885147,24.75440761,0],[108.83885247,24.75439863,0],[108.83885347,24.75438965,0],[108.83885446,24.75438067,0],[108.83885545,24.75437169,0],[108.83885643,24.7543627,0],[108.83885741,24.75435372,0],[108.83885839,24.75434474,0],[108.83885936,24.75433575,0],[108.83886033,24.75432677,0],[108.83886129,24.75431779,0],[108.83886225,24.7543088,0],[108.83886321,24.75429982,0],[108.83886416,24.75429083,0],[108.83886511,24.75428185,0],[108.83886605,24.75427286,0],[108.83886699,24.75426387,0],[108.83886792,24.75425489,0],[108.83886885,24.7542459,0],[108.83886978,24.75423691,0],[108.83886978,24.75423691,0],[108.83893217,24.75348764,0],[108.83896942,24.7524012,0],[108.83894389,24.75131436,0]]}},{"type":"Feature","id":"route_center-2-1","properties":{"name":"zhix_21530","sourceLayer":"道路中间线","sourceFile":"道路中间线.kml","originalPlacemarkIndex":1,"chainIndex":0,"stroke":"#dffbff","stroke-opacity":0.96,"stroke-width":3.2},"geometry":{"type":"LineString","coordinates":[[108.85729869,24.75073475,0],[108.85596499,24.75041494,0],[108.85595542,24.75041265,0],[108.85594586,24.75041035,0],[108.8559363,24.75040806,0],[108.85592674,24.75040577,0],[108.85591718,24.75040348,0],[108.85590762,24.75040118,0],[108.85589806,24.75039889,0],[108.8558885,24.7503966,0],[108.85587894,24.75039431,0],[108.85586937,24.75039202,0],[108.85585981,24.75038973,0],[108.85585025,24.75038744,0],[108.85584069,24.75038515,0],[108.85583113,24.75038286,0],[108.85582157,24.75038057,0],[108.855812,24.75037828,0],[108.85580244,24.75037599,0],[108.85579288,24.7503737,0],[108.85578332,24.75037141,0],[108.85577375,24.75036912,0],[108.85576419,24.75036684,0],[108.85575463,24.75036455,0],[108.85574506,24.75036227,0],[108.8557355,24.75035998,0],[108.85572594,24.7503577,0],[108.85571637,24.75035541,0],[108.85570681,24.75035313,0],[108.85569725,24.75035085,0],[108.85568768,24.75034857,0],[108.85567812,24.75034629,0],[108.85566855,24.75034401,0],[108.85565899,24.75034173,0],[108.85564942,24.75033945,0],[108.85563986,24.75033717,0],[108.85563029,24.7503349,0],[108.85562072,24.75033262,0],[108.85561116,24.75033035,0],[108.85560159,24.75032808,0],[108.85559202,24.7503258,0],[108.85558246,24.75032353,0],[108.85557289,24.75032126,0],[108.85556332,24.750319,0],[108.85555375,24.75031673,0],[108.85554418,24.75031446,0],[108.85553461,24.7503122,0],[108.85552505,24.75030993,0],[108.85551548,24.75030767,0],[108.85550591,24.75030541,0],[108.85549633,24.75030315,0],[108.85548676,24.75030089,0],[108.85547719,24.75029864,0],[108.85546762,24.75029638,0],[108.85545805,24.75029413,0],[108.85544848,24.75029188,0],[108.8554389,24.75028963,0],[108.85542933,24.75028738,0],[108.85541976,24.75028513,0],[108.85541018,24.75028288,0],[108.85540061,24.75028064,0],[108.85539103,24.7502784,0],[108.85538146,24.75027616,0],[108.85537188,24.75027392,0],[108.8553623,24.75027168,0],[108.85535272,24.75026944,0],[108.85534315,24.75026721,0],[108.85533357,24.75026498,0],[108.85532399,24.75026275,0],[108.85531441,24.75026052,0],[108.85530483,24.75025829,0],[108.85529525,24.75025607,0],[108.85528567,24.75025385,0],[108.85527609,24.75025163,0],[108.85526651,24.75024941,0],[108.85525692,24.75024719,0],[108.85524734,24.75024498,0],[108.85523776,24.75024277,0],[108.85522817,24.75024056,0],[108.85521859,24.75023835,0],[108.855209,24.75023615,0],[108.85519941,24.75023394,0],[108.85518983,24.75023174,0],[108.85518024,24.75022954,0],[108.85517065,24.75022735,0],[108.85516106,24.75022515,0],[108.85515147,24.75022296,0],[108.85514188,24.75022077,0],[108.85513229,24.75021859,0],[108.8551227,24.7502164,0],[108.85511311,24.75021422,0],[108.85510352,24.75021204,0],[108.85509392,24.75020986,0],[108.85508433,24.75020769,0],[108.85507473,24.75020552,0],[108.85506514,24.75020335,0],[108.85505554,24.75020118,0],[108.85504594,24.75019902,0],[108.85503635,24.75019686,0],[108.85502675,24.7501947,0],[108.85501715,24.75019255,0],[108.85500755,24.7501904,0],[108.85499795,24.75018825,0],[108.85498835,24.7501861,0],[108.85497874,24.75018396,0],[108.85496914,24.75018182,0],[108.85495954,24.75017968,0],[108.85494993,24.75017754,0],[108.85494032,24.75017541,0],[108.85493072,24.75017328,0],[108.85492111,24.75017116,0],[108.8549115,24.75016904,0],[108.85490189,24.75016692,0],[108.85489228,24.7501648,0],[108.85488267,24.75016269,0],[108.85487306,24.75016058,0],[108.85486345,24.75015847,0],[108.85485384,24.75015637,0],[108.85484422,24.75015427,0],[108.85483461,24.75015217,0],[108.85482499,24.75015008,0],[108.85481538,24.75014799,0],[108.85480576,24.7501459,0],[108.85479614,24.75014382,0],[108.85478652,24.75014174,0],[108.8547769,24.75013966,0],[108.85476728,24.75013759,0],[108.85475766,24.75013552,0],[108.85474803,24.75013346,0],[108.85473841,24.7501314,0],[108.85472878,24.75012934,0],[108.85471916,24.75012728,0],[108.85470953,24.75012523,0],[108.8546999,24.75012319,0],[108.85469028,24.75012114,0],[108.85468065,24.7501191,0],[108.85467102,24.75011707,0],[108.85466138,24.75011504,0],[108.85465175,24.75011301,0],[108.85464212,24.75011099,0],[108.85463248,24.75010897,0],[108.85462285,24.75010695,0],[108.85461321,24.75010494,0],[108.85460357,24.75010293,0],[108.85459394,24.75010093,0],[108.8545843,24.75009893,0],[108.85457465,24.75009693,0],[108.85456501,24.75009494,0],[108.85455537,24.75009295,0],[108.85454573,24.75009097,0],[108.85453608,24.75008899,0],[108.85452644,24.75008702,0],[108.85451679,24.75008505,0],[108.85450714,24.75008308,0],[108.85449749,24.75008112,0],[108.85448784,24.75007916,0],[108.85447819,24.75007721,0],[108.85446854,24.75007526,0],[108.85445889,24.75007332,0],[108.85444923,24.75007138,0],[108.85443958,24.75006944,0],[108.85442992,24.75006751,0],[108.85442026,24.75006559,0],[108.8544106,24.75006366,0],[108.85440094,24.75006175,0],[108.85439128,24.75005984,0],[108.85438162,24.75005793,0],[108.85437196,24.75005603,0],[108.85436229,24.75005413,0],[108.85435263,24.75005224,0],[108.85434296,24.75005035,0],[108.85433329,24.75004846,0],[108.85432362,24.75004659,0],[108.85431395,24.75004471,0],[108.85430428,24.75004284,0],[108.85429461,24.75004098,0],[108.85428494,24.75003912,0],[108.85427526,24.75003727,0],[108.85426559,24.75003542,0],[108.85425591,24.75003358,0],[108.85424623,24.75003174,0],[108.85423655,24.7500299,0],[108.85422687,24.75002808,0],[108.85421719,24.75002625,0],[108.85420751,24.75002444,0],[108.85419783,24.75002262,0],[108.85418814,24.75002082,0],[108.85417845,24.75001901,0],[108.85416877,24.75001722,0],[108.85415908,24.75001543,0],[108.85414939,24.75001364,0],[108.8541397,24.75001186,0],[108.85413,24.75001009,0],[108.85412031,24.75000832,0],[108.85411062,24.75000655,0],[108.85410092,24.75000479,0],[108.85409122,24.75000304,0],[108.85408153,24.7500013,0],[108.85407183,24.74999955,0],[108.85406212,24.74999782,0],[108.85405242,24.74999609,0],[108.85404272,24.74999436,0],[108.85403302,24.74999265,0],[108.85402331,24.74999093,0],[108.8540136,24.74998923,0],[108.85400389,24.74998752,0],[108.85399419,24.74998583,0],[108.85398448,24.74998414,0],[108.85397476,24.74998246,0],[108.85396505,24.74998078,0],[108.85395534,24.74997911,0],[108.85394562,24.74997744,0],[108.8539359,24.74997578,0],[108.85392619,24.74997413,0],[108.85391647,24.74997248,0],[108.85390675,24.74997084,0],[108.85389702,24.74996921,0],[108.8538873,24.74996758,0],[108.85387758,24.74996595,0],[108.85386785,24.74996434,0],[108.85385813,24.74996273,0]]}},{"type":"Feature","id":"route_center-2-2","properties":{"name":"zhix_21530","sourceLayer":"道路中间线","sourceFile":"道路中间线.kml","originalPlacemarkIndex":1,"chainIndex":1,"stroke":"#dffbff","stroke-opacity":0.96,"stroke-width":3.2},"geometry":{"type":"LineString","coordinates":[[108.84932374,24.74990315,0],[108.85004258,24.74982196,0],[108.85076517,24.74977499,0],[108.85148954,24.74976239,0],[108.8522137,24.74978417,0],[108.85293567,24.74984028,0],[108.85365347,24.74993057,0],[108.8538484,24.74996112,0],[108.8538484,24.74996112,0],[108.85385813,24.74996273,0]]}},{"type":"Feature","id":"route_center-2-3","properties":{"name":"zhix_21530","sourceLayer":"道路中间线","sourceFile":"道路中间线.kml","originalPlacemarkIndex":1,"chainIndex":2,"stroke":"#dffbff","stroke-opacity":0.96,"stroke-width":3.2},"geometry":{"type":"LineString","coordinates":[[108.84932374,24.74990315,0],[108.84931397,24.7499045,0],[108.8493042,24.74990586,0],[108.84929443,24.74990723,0],[108.84928466,24.7499086,0],[108.84927489,24.74990998,0],[108.84926512,24.74991136,0],[108.84925535,24.74991275,0],[108.84924559,24.74991415,0],[108.84923582,24.74991556,0],[108.84922606,24.74991697,0],[108.84921629,24.74991838,0],[108.84920653,24.7499198,0],[108.84919677,24.74992123,0],[108.84918701,24.74992267,0],[108.84917725,24.74992411,0],[108.8491675,24.74992555,0],[108.84915774,24.749927,0],[108.84914798,24.74992846,0],[108.84913823,24.74992992,0],[108.84912848,24.74993139,0],[108.84911872,24.74993287,0],[108.84910897,24.74993435,0],[108.84909922,24.74993584,0],[108.84908947,24.74993733,0],[108.84907972,24.74993883,0],[108.84906998,24.74994033,0],[108.84906023,24.74994184,0],[108.84905049,24.74994335,0],[108.84904074,24.74994487,0],[108.849031,24.7499464,0],[108.84902126,24.74994793,0],[108.84901152,24.74994947,0],[108.84900178,24.74995101,0],[108.84899204,24.74995256,0],[108.8489823,24.74995411,0],[108.84897256,24.74995567,0],[108.84896283,24.74995723,0],[108.84895309,24.7499588,0],[108.84894336,24.74996037,0],[108.84893363,24.74996195,0],[108.84892389,24.74996354,0],[108.84891416,24.74996513,0],[108.84890443,24.74996672,0],[108.8488947,24.74996832,0],[108.84888498,24.74996993,0],[108.84887525,24.74997154,0],[108.84886552,24.74997315,0],[108.8488558,24.74997477,0],[108.84884608,24.7499764,0],[108.84883635,24.74997803,0],[108.84882663,24.74997966,0],[108.84881691,24.7499813,0],[108.84880719,24.74998295,0],[108.84879747,24.7499846,0],[108.84878775,24.74998625,0],[108.84877804,24.74998791,0],[108.84876832,24.74998957,0],[108.84875861,24.74999124,0],[108.84874889,24.74999291,0],[108.84873918,24.74999459,0],[108.84872947,24.74999627,0],[108.84871976,24.74999796,0],[108.84871005,24.74999965,0],[108.84870034,24.75000135,0],[108.84869063,24.75000305,0],[108.84868092,24.75000475,0],[108.84867122,24.75000646,0],[108.84866151,24.75000817,0],[108.84865181,24.75000989,0],[108.8486421,24.75001161,0],[108.8486324,24.75001334,0],[108.8486227,24.75001507,0],[108.848613,24.75001681,0],[108.8486033,24.75001855,0],[108.8485936,24.75002029,0],[108.8485839,24.75002204,0],[108.8485742,24.75002379,0],[108.84856451,24.75002555,0],[108.84855481,24.75002731,0],[108.84854512,24.75002907,0],[108.84853542,24.75003084,0],[108.84852573,24.75003261,0],[108.84851604,24.75003439,0],[108.84850635,24.75003617,0],[108.84849666,24.75003795,0],[108.84848697,24.75003974,0],[108.84847728,24.75004153,0],[108.84846759,24.75004333,0],[108.8484579,24.75004513,0],[108.84844822,24.75004693,0],[108.84843853,24.75004874,0],[108.84842885,24.75005055,0],[108.84841916,24.75005236,0],[108.84840948,24.75005418,0],[108.8483998,24.750056,0],[108.84839012,24.75005782,0],[108.84838044,24.75005965,0],[108.84837076,24.75006149,0],[108.84836108,24.75006332,0],[108.8483514,24.75006516,0],[108.84834173,24.750067,0],[108.84833205,24.75006885,0],[108.84832237,24.7500707,0],[108.8483127,24.75007255,0],[108.84830303,24.75007441,0],[108.84829335,24.75007627,0],[108.84828368,24.75007813,0],[108.84827401,24.75007999,0],[108.84826434,24.75008186,0],[108.84825467,24.75008374,0],[108.848245,24.75008561,0],[108.84823533,24.75008749,0],[108.84822566,24.75008937,0],[108.84821599,24.75009126,0],[108.84820633,24.75009314,0],[108.84819666,24.75009503,0],[108.848187,24.75009693,0],[108.84817733,24.75009883,0],[108.84816767,24.75010072,0],[108.848158,24.75010263,0],[108.84814834,24.75010453,0],[108.84813868,24.75010644,0],[108.84812902,24.75010835,0],[108.84811936,24.75011027,0],[108.8481097,24.75011218,0],[108.84810004,24.7501141,0],[108.84809038,24.75011602,0],[108.84808072,24.75011795,0],[108.84807106,24.75011987,0],[108.84806141,24.7501218,0],[108.84805175,24.75012374,0],[108.8480421,24.75012567,0],[108.84803244,24.75012761,0],[108.84802279,24.75012955,0],[108.84801313,24.75013149,0],[108.84800348,24.75013344,0],[108.84799383,24.75013538,0],[108.84798418,24.75013733,0],[108.84797452,24.75013929,0],[108.84796487,24.75014124,0],[108.84795522,24.7501432,0],[108.84794557,24.75014516,0],[108.84793593,24.75014712,0],[108.84792628,24.75014908,0],[108.84791663,24.75015104,0],[108.84790698,24.75015301,0],[108.84789734,24.75015498,0],[108.84788769,24.75015695,0],[108.84787804,24.75015893,0],[108.8478684,24.7501609,0],[108.84785875,24.75016288,0],[108.84784911,24.75016486,0],[108.84783946,24.75016684,0],[108.84782982,24.75016883,0],[108.84782018,24.75017081,0],[108.84781053,24.7501728,0],[108.84780089,24.75017479,0],[108.84779125,24.75017678,0],[108.84778161,24.75017877,0],[108.84777197,24.75018077,0],[108.84776233,24.75018276,0],[108.84775269,24.75018476,0],[108.84774305,24.75018676,0],[108.84773341,24.75018876,0],[108.84772377,24.75019077,0],[108.84771413,24.75019277,0],[108.84770449,24.75019478,0],[108.84769485,24.75019678,0],[108.84768522,24.75019879,0],[108.84767558,24.7502008,0],[108.84766594,24.75020282,0],[108.84765631,24.75020483,0],[108.84764667,24.75020684,0],[108.84763704,24.75020886,0],[108.8476274,24.75021088,0],[108.84761777,24.75021289,0],[108.84760813,24.75021491,0],[108.8475985,24.75021694,0],[108.84758886,24.75021896,0],[108.84757923,24.75022098,0],[108.8475696,24.75022301,0],[108.84755996,24.75022503,0],[108.84755033,24.75022706,0],[108.8475407,24.75022909,0],[108.84753107,24.75023112,0],[108.84752143,24.75023315,0],[108.8475118,24.75023518,0],[108.84750217,24.75023721,0],[108.84749254,24.75023924,0],[108.84748291,24.75024127,0],[108.84747328,24.75024331,0],[108.84746365,24.75024534,0],[108.84745402,24.75024738,0],[108.84744438,24.75024942,0],[108.84743475,24.75025145,0],[108.84742512,24.75025349,0],[108.8474155,24.75025553,0],[108.84740587,24.75025757,0],[108.84739624,24.75025961,0],[108.84738661,24.75026165,0],[108.84737698,24.75026369,0],[108.84736735,24.75026574,0],[108.84735772,24.75026778,0],[108.84734809,24.75026982,0],[108.84733846,24.75027186,0],[108.84732883,24.75027391,0],[108.84731921,24.75027595,0],[108.84730958,24.750278,0],[108.84729995,24.75028004,0],[108.84729032,24.75028209,0],[108.84728069,24.75028413,0],[108.84727106,24.75028618,0],[108.84726144,24.75028822,0],[108.84725181,24.75029027,0],[108.84724218,24.75029232,0],[108.84723255,24.75029436,0],[108.84722293,24.75029641,0],[108.8472133,24.75029846,0],[108.84720367,24.7503005,0],[108.84719404,24.75030255,0]]}},{"type":"Feature","id":"route_center-3-1","properties":{"name":"zhix_21972","sourceLayer":"道路中间线","sourceFile":"道路中间线.kml","originalPlacemarkIndex":2,"chainIndex":0,"stroke":"#dffbff","stroke-opacity":0.96,"stroke-width":3.2},"geometry":{"type":"LineString","coordinates":[[108.84719404,24.75030255,0],[108.84718441,24.7503046,0],[108.84717479,24.75030664,0],[108.84716516,24.75030869,0],[108.84715553,24.75031074,0],[108.8471459,24.75031278,0],[108.84713627,24.75031483,0],[108.84712665,24.75031688,0],[108.84711702,24.75031892,0],[108.84710739,24.75032097,0],[108.84709776,24.75032302,0],[108.84708813,24.75032506,0],[108.84707851,24.75032711,0],[108.84706888,24.75032915,0],[108.84705925,24.7503312,0],[108.84704962,24.75033324,0],[108.84703999,24.75033528,0],[108.84703036,24.75033733,0],[108.84702074,24.75033937,0],[108.84701111,24.75034141,0],[108.84700148,24.75034346,0],[108.84699185,24.7503455,0],[108.84698222,24.75034754,0],[108.84697259,24.75034958,0],[108.84696296,24.75035162,0],[108.84695333,24.75035366,0],[108.8469437,24.7503557,0],[108.84693407,24.75035774,0],[108.84692444,24.75035978,0],[108.84691481,24.75036181,0],[108.84690518,24.75036385,0],[108.84689555,24.75036589,0],[108.84688592,24.75036792,0],[108.84687629,24.75036996,0],[108.84686666,24.75037199,0],[108.84685703,24.75037402,0],[108.8468474,24.75037605,0],[108.84683776,24.75037809,0],[108.84682813,24.75038012,0],[108.8468185,24.75038214,0],[108.84680887,24.75038417,0],[108.84679923,24.7503862,0],[108.8467896,24.75038823,0],[108.84677997,24.75039025,0],[108.84677033,24.75039228,0],[108.8467607,24.7503943,0],[108.84675107,24.75039632,0],[108.84674143,24.75039834,0],[108.8467318,24.75040037,0],[108.84672216,24.75040238,0],[108.84671253,24.7504044,0],[108.84670289,24.75040642,0],[108.84669326,24.75040843,0],[108.84668362,24.75041045,0],[108.84667399,24.75041246,0],[108.84666435,24.75041447,0],[108.84665471,24.75041648,0],[108.84664507,24.75041849,0],[108.84663544,24.7504205,0],[108.8466258,24.75042251,0],[108.84661616,24.75042451,0],[108.84660652,24.75042652,0],[108.84659688,24.75042852,0],[108.84658724,24.75043052,0],[108.8465776,24.75043252,0],[108.84656796,24.75043452,0],[108.84655832,24.75043651,0],[108.84654868,24.75043851,0],[108.84653904,24.7504405,0],[108.8465294,24.75044249,0],[108.84651976,24.75044448,0],[108.84651012,24.75044647,0],[108.84650047,24.75044846,0],[108.84649083,24.75045044,0],[108.84648119,24.75045243,0],[108.84647154,24.75045441,0],[108.8464619,24.75045639,0],[108.84645225,24.75045837,0],[108.84644261,24.75046034,0],[108.84643296,24.75046232,0],[108.84642331,24.75046429,0],[108.84641367,24.75046626,0],[108.84640402,24.75046823,0],[108.84639437,24.75047019,0],[108.84638472,24.75047216,0],[108.84637508,24.75047412,0],[108.84636543,24.75047608,0],[108.84635578,24.75047804,0],[108.84634613,24.75048,0],[108.84633648,24.75048195,0],[108.84632682,24.75048391,0],[108.84631717,24.75048586,0],[108.84630752,24.7504878,0],[108.84629787,24.75048975,0],[108.84628821,24.75049169,0],[108.84627856,24.75049364,0],[108.84626891,24.75049558,0],[108.84625925,24.75049751,0],[108.8462496,24.75049945,0],[108.84623994,24.75050138,0],[108.84623028,24.75050331,0],[108.84622063,24.75050524,0],[108.84621097,24.75050716,0],[108.84620131,24.75050909,0],[108.84619165,24.75051101,0],[108.84618199,24.75051293,0],[108.84617233,24.75051484,0],[108.84616267,24.75051675,0],[108.84615301,24.75051866,0],[108.84614335,24.75052057,0],[108.84613368,24.75052248,0],[108.84612402,24.75052438,0],[108.84611436,24.75052628,0],[108.84610469,24.75052818,0],[108.84609503,24.75053007,0],[108.84608536,24.75053197,0],[108.8460757,24.75053386,0],[108.84606603,24.75053574,0],[108.84605636,24.75053763,0],[108.84604669,24.75053951,0],[108.84603703,24.75054139,0],[108.84602736,24.75054326,0],[108.84601769,24.75054514,0],[108.84600801,24.75054701,0],[108.84599834,24.75054887,0],[108.84598867,24.75055074,0],[108.845979,24.7505526,0],[108.84596932,24.75055446,0],[108.84595965,24.75055631,0],[108.84594998,24.75055816,0],[108.8459403,24.75056001,0],[108.84593062,24.75056186,0],[108.84592095,24.7505637,0],[108.84591127,24.75056554,0],[108.84590159,24.75056738,0],[108.84589191,24.75056921,0],[108.84588223,24.75057104,0],[108.84587255,24.75057287,0],[108.84586287,24.75057469,0],[108.84585319,24.75057651,0],[108.8458435,24.75057833,0],[108.84583382,24.75058015,0],[108.84582414,24.75058196,0],[108.84581445,24.75058376,0],[108.84580477,24.75058557,0],[108.84579508,24.75058737,0],[108.84578539,24.75058917,0],[108.8457757,24.75059096,0],[108.84576601,24.75059275,0],[108.84575632,24.75059454,0],[108.84574663,24.75059632,0],[108.84573694,24.7505981,0],[108.84572725,24.75059987,0],[108.84571756,24.75060165,0],[108.84570786,24.75060342,0],[108.84569817,24.75060518,0],[108.84568847,24.75060694,0],[108.84567878,24.7506087,0],[108.84566908,24.75061045,0],[108.84565938,24.75061221,0],[108.84564969,24.75061395,0],[108.84563999,24.75061569,0],[108.84563029,24.75061743,0],[108.84562059,24.75061917,0],[108.84561088,24.7506209,0],[108.84560118,24.75062263,0],[108.84559148,24.75062435,0],[108.84558177,24.75062607,0],[108.84557207,24.75062779,0],[108.84556236,24.7506295,0],[108.84555266,24.75063121,0],[108.84554295,24.75063291,0],[108.84553324,24.75063461,0],[108.84552353,24.7506363,0],[108.84551382,24.750638,0],[108.84550411,24.75063968,0],[108.8454944,24.75064137,0],[108.84548468,24.75064304,0],[108.84547497,24.75064472,0],[108.84546526,24.75064639,0],[108.84545554,24.75064806,0],[108.84544582,24.75064972,0],[108.84543611,24.75065138,0],[108.84542639,24.75065303,0],[108.84541667,24.75065468,0],[108.84540695,24.75065632,0],[108.84539723,24.75065796,0],[108.84538751,24.7506596,0],[108.84537779,24.75066123,0],[108.84536806,24.75066286,0],[108.84535834,24.75066448,0],[108.84534861,24.7506661,0],[108.84533889,24.75066771,0],[108.84532916,24.75066932,0],[108.84531943,24.75067092,0],[108.8453097,24.75067252,0],[108.84529997,24.75067412,0],[108.84529024,24.75067571,0],[108.84528051,24.75067729,0],[108.84527078,24.75067887,0],[108.84526105,24.75068045,0],[108.84525131,24.75068202,0],[108.84524158,24.75068359,0],[108.84523184,24.75068515,0],[108.8452221,24.75068671,0],[108.84521236,24.75068826,0],[108.84520263,24.75068981,0],[108.84519289,24.75069135,0],[108.84518315,24.75069289,0],[108.8451734,24.75069442,0],[108.84516366,24.75069595,0],[108.84515392,24.75069747,0],[108.84514417,24.75069899,0],[108.84513443,24.7507005,0],[108.84512468,24.75070201,0],[108.84511493,24.75070351,0],[108.84510518,24.75070501,0],[108.84509544,24.7507065,0],[108.84508569,24.75070799,0],[108.84507593,24.75070947,0]]}},{"type":"Feature","id":"route_center-3-2","properties":{"name":"zhix_21972","sourceLayer":"道路中间线","sourceFile":"道路中间线.kml","originalPlacemarkIndex":2,"chainIndex":1,"stroke":"#dffbff","stroke-opacity":0.96,"stroke-width":3.2},"geometry":{"type":"LineString","coordinates":[[108.84506618,24.75071095,0],[108.84419486,24.75082101,0],[108.84331828,24.75088956,0],[108.84243885,24.75091639,0],[108.8422294,24.75091663,0],[108.8422294,24.75091663,0]]}},{"type":"Feature","id":"route_center-3-3","properties":{"name":"zhix_21972","sourceLayer":"道路中间线","sourceFile":"道路中间线.kml","originalPlacemarkIndex":2,"chainIndex":2,"stroke":"#dffbff","stroke-opacity":0.96,"stroke-width":3.2},"geometry":{"type":"LineString","coordinates":[[108.84507593,24.75070947,0],[108.84506618,24.75071095,0]]}},{"type":"Feature","id":"route_center-3-4","properties":{"name":"zhix_21972","sourceLayer":"道路中间线","sourceFile":"道路中间线.kml","originalPlacemarkIndex":2,"chainIndex":3,"stroke":"#dffbff","stroke-opacity":0.96,"stroke-width":3.2},"geometry":{"type":"LineString","coordinates":[[108.8422294,24.75091663,0],[108.84221951,24.75091657,0],[108.84220963,24.75091651,0],[108.84219974,24.75091645,0],[108.84218986,24.75091638,0],[108.84217997,24.75091631,0],[108.84217009,24.75091623,0],[108.8421602,24.75091615,0],[108.84215032,24.75091606,0],[108.84214043,24.75091596,0],[108.84213055,24.75091586,0],[108.84212066,24.75091576,0],[108.84211078,24.75091565,0],[108.84210089,24.75091553,0],[108.84209101,24.75091541,0],[108.84208113,24.75091529,0],[108.84207124,24.75091516,0],[108.84206136,24.75091503,0],[108.84205147,24.75091489,0],[108.84204159,24.75091474,0],[108.8420317,24.75091459,0],[108.84202182,24.75091444,0],[108.84201194,24.75091428,0],[108.84200205,24.75091412,0],[108.84199217,24.75091395,0],[108.84198229,24.75091378,0],[108.8419724,24.7509136,0],[108.84196252,24.75091342,0],[108.84195264,24.75091323,0],[108.84194275,24.75091304,0],[108.84193287,24.75091284,0],[108.84192299,24.75091264,0],[108.84191311,24.75091244,0],[108.84190322,24.75091223,0],[108.84189334,24.75091201,0],[108.84188346,24.75091179,0],[108.84187358,24.75091157,0],[108.84186369,24.75091134,0],[108.84185381,24.75091111,0],[108.84184393,24.75091087,0],[108.84183405,24.75091063,0],[108.84182417,24.75091039,0],[108.84181428,24.75091014,0],[108.8418044,24.75090988,0],[108.84179452,24.75090962,0],[108.84178464,24.75090936,0],[108.84177476,24.75090909,0],[108.84176488,24.75090882,0],[108.841755,24.75090855,0],[108.84174512,24.75090827,0],[108.84173524,24.75090799,0],[108.84172536,24.7509077,0],[108.84171548,24.75090741,0],[108.8417056,24.75090711,0],[108.84169572,24.75090681,0],[108.84168584,24.75090651,0],[108.84167596,24.7509062,0],[108.84166608,24.75090589,0],[108.8416562,24.75090557,0],[108.84164632,24.75090525,0],[108.84163644,24.75090493,0],[108.84162656,24.7509046,0],[108.84161668,24.75090427,0],[108.84160681,24.75090394,0],[108.84159693,24.7509036,0],[108.84158705,24.75090326,0],[108.84157717,24.75090291,0],[108.84156729,24.75090256,0],[108.84155742,24.75090221,0],[108.84154754,24.75090185,0],[108.84153766,24.75090149,0],[108.84152778,24.75090112,0],[108.84151791,24.75090076,0],[108.84150803,24.75090039,0],[108.84149815,24.75090001,0],[108.84148828,24.75089963,0],[108.8414784,24.75089925,0],[108.84146852,24.75089886,0],[108.84145865,24.75089847,0],[108.84144877,24.75089808,0],[108.8414389,24.75089769,0],[108.84142902,24.75089729,0],[108.84141914,24.75089688,0],[108.84140927,24.75089648,0],[108.84139939,24.75089607,0],[108.84138952,24.75089566,0],[108.84137964,24.75089524,0],[108.84136977,24.75089482,0],[108.8413599,24.7508944,0],[108.84135002,24.75089397,0],[108.84134015,24.75089355,0],[108.84133027,24.75089311,0],[108.8413204,24.75089268,0],[108.84131053,24.75089224,0],[108.84130065,24.7508918,0],[108.84129078,24.75089136,0],[108.84128091,24.75089091,0],[108.84127103,24.75089046,0],[108.84126116,24.75089001,0],[108.84125129,24.75088955,0],[108.84124141,24.75088909,0],[108.84123154,24.75088863,0],[108.84122167,24.75088817,0],[108.8412118,24.7508877,0],[108.84120193,24.75088723,0],[108.84119205,24.75088675,0],[108.84118218,24.75088628,0],[108.84117231,24.7508858,0],[108.84116244,24.75088532,0],[108.84115257,24.75088483,0],[108.8411427,24.75088435,0],[108.84113283,24.75088386,0],[108.84112296,24.75088337,0],[108.84111309,24.75088287,0],[108.84110322,24.75088238,0],[108.84109335,24.75088188,0],[108.84108348,24.75088137,0],[108.84107361,24.75088087,0],[108.84106374,24.75088036,0],[108.84105387,24.75087985,0],[108.841044,24.75087934,0],[108.84103413,24.75087882,0],[108.84102426,24.75087831,0],[108.84101439,24.75087779,0],[108.84100452,24.75087727,0],[108.84099465,24.75087674,0],[108.84098478,24.75087622,0],[108.84097492,24.75087569,0],[108.84096505,24.75087516,0],[108.84095518,24.75087462,0],[108.84094531,24.75087409,0],[108.84093544,24.75087355,0],[108.84092558,24.75087301,0],[108.84091571,24.75087247,0],[108.84090584,24.75087193,0],[108.84089597,24.75087138,0],[108.84088611,24.75087083,0],[108.84087624,24.75087028,0],[108.84086637,24.75086973,0],[108.84085651,24.75086918,0],[108.84084664,24.75086862,0],[108.84083677,24.75086807,0],[108.84082691,24.75086751,0],[108.84081704,24.75086694,0],[108.84080718,24.75086638,0],[108.84079731,24.75086582,0],[108.84078744,24.75086525,0],[108.84077758,24.75086468,0],[108.84076771,24.75086411,0],[108.84075785,24.75086354,0],[108.84074798,24.75086296,0],[108.84073812,24.75086239,0],[108.84072825,24.75086181,0],[108.84071839,24.75086123,0],[108.84070852,24.75086065,0],[108.84069866,24.75086007,0],[108.84068879,24.75085949,0],[108.84067893,24.7508589,0],[108.84066906,24.75085831,0],[108.8406592,24.75085773,0],[108.84064934,24.75085714,0],[108.84063947,24.75085654,0],[108.84062961,24.75085595,0],[108.84061974,24.75085536,0],[108.84060988,24.75085476,0],[108.84060002,24.75085417,0],[108.84059015,24.75085357,0],[108.84058029,24.75085297,0],[108.84057043,24.75085237,0],[108.84056056,24.75085177,0],[108.8405507,24.75085116,0],[108.84054084,24.75085056,0],[108.84053097,24.75084995,0],[108.84052111,24.75084935,0],[108.84051125,24.75084874,0],[108.84050139,24.75084813,0],[108.84049152,24.75084752,0],[108.84048166,24.75084691,0],[108.8404718,24.7508463,0],[108.84046193,24.75084568,0],[108.84045207,24.75084507,0],[108.84044221,24.75084446,0],[108.84043235,24.75084384,0],[108.84042249,24.75084322,0],[108.84041262,24.7508426,0],[108.84040276,24.75084199,0],[108.8403929,24.75084137,0],[108.84038304,24.75084075,0],[108.84037318,24.75084012,0],[108.84036331,24.7508395,0],[108.84035345,24.75083888,0],[108.84034359,24.75083826,0],[108.84033373,24.75083763,0],[108.84032387,24.75083701,0],[108.84031401,24.75083638,0],[108.84030414,24.75083576,0],[108.84029428,24.75083513,0],[108.84028442,24.7508345,0],[108.84027456,24.75083388,0],[108.8402647,24.75083325,0],[108.84025484,24.75083262,0],[108.84024498,24.75083199,0],[108.84023512,24.75083136,0],[108.84022525,24.75083073,0],[108.84021539,24.7508301,0],[108.84020553,24.75082947,0],[108.84019567,24.75082884,0],[108.84018581,24.75082821,0],[108.84017595,24.75082757,0],[108.84016609,24.75082694,0],[108.84015623,24.75082631,0],[108.84014637,24.75082568,0],[108.8401365,24.75082504,0],[108.84012664,24.75082441,0],[108.84011678,24.75082378,0],[108.84010692,24.75082314,0],[108.84009706,24.75082251,0],[108.8400872,24.75082188,0],[108.84007734,24.75082124,0],[108.84006748,24.75082061,0],[108.84005762,24.75081997,0]]}},{"type":"Feature","id":"route_center-4-1","properties":{"name":"zhix_22413","sourceLayer":"道路中间线","sourceFile":"道路中间线.kml","originalPlacemarkIndex":3,"chainIndex":0,"stroke":"#dffbff","stroke-opacity":0.96,"stroke-width":3.2},"geometry":{"type":"LineString","coordinates":[[108.84005762,24.75081997,0],[108.84004776,24.75081934,0],[108.8400379,24.75081871,0],[108.84002803,24.75081807,0],[108.84001817,24.75081744,0],[108.84000831,24.75081681,0],[108.83999845,24.75081617,0],[108.83998859,24.75081554,0],[108.83997873,24.75081491,0],[108.83996887,24.75081427,0],[108.83995901,24.75081364,0],[108.83994915,24.75081301,0],[108.83993929,24.75081238,0],[108.83992942,24.75081175,0],[108.83991956,24.75081111,0],[108.8399097,24.75081048,0],[108.83989984,24.75080985,0],[108.83988998,24.75080922,0],[108.83988012,24.75080859,0],[108.83987026,24.75080797,0],[108.8398604,24.75080734,0],[108.83985053,24.75080671,0],[108.83984067,24.75080608,0],[108.83983081,24.75080546,0],[108.83982095,24.75080483,0],[108.83981109,24.75080421,0],[108.83980123,24.75080358,0],[108.83979137,24.75080296,0],[108.8397815,24.75080234,0],[108.83977164,24.75080172,0],[108.83976178,24.75080109,0],[108.83975192,24.75080047,0],[108.83974206,24.75079986,0],[108.83973219,24.75079924,0],[108.83972233,24.75079862,0],[108.83971247,24.750798,0],[108.83970261,24.75079739,0],[108.83969274,24.75079678,0],[108.83968288,24.75079616,0],[108.83967302,24.75079555,0],[108.83966316,24.75079494,0],[108.83965329,24.75079433,0],[108.83964343,24.75079372,0],[108.83963357,24.75079312,0],[108.83962371,24.75079251,0],[108.83961384,24.75079191,0],[108.83960398,24.75079131,0],[108.83959412,24.7507907,0],[108.83958425,24.7507901,0],[108.83957439,24.75078951,0],[108.83956453,24.75078891,0],[108.83955466,24.75078831,0],[108.8395448,24.75078772,0],[108.83953493,24.75078713,0],[108.83952507,24.75078654,0],[108.83951521,24.75078595,0],[108.83950534,24.75078536,0],[108.83949548,24.75078477,0],[108.83948561,24.75078419,0],[108.83947575,24.75078361,0],[108.83946588,24.75078302,0],[108.83945602,24.75078245,0],[108.83944615,24.75078187,0],[108.83943629,24.75078129,0],[108.83942642,24.75078072,0],[108.83941656,24.75078015,0],[108.83940669,24.75077958,0],[108.83939683,24.75077901,0],[108.83938696,24.75077845,0],[108.83937709,24.75077788,0],[108.83936723,24.75077732,0],[108.83935736,24.75077676,0],[108.8393475,24.75077621,0],[108.83933763,24.75077565,0],[108.83932776,24.7507751,0],[108.83931789,24.75077455,0],[108.83930803,24.750774,0],[108.83929816,24.75077345,0],[108.83928829,24.75077291,0],[108.83927843,24.75077237,0],[108.83926856,24.75077183,0],[108.83925869,24.75077129,0],[108.83924882,24.75077076,0],[108.83923895,24.75077023,0],[108.83922909,24.7507697,0],[108.83921922,24.75076917,0],[108.83920935,24.75076865,0],[108.83919948,24.75076812,0],[108.83918961,24.75076761,0],[108.83917974,24.75076709,0],[108.83916987,24.75076658,0],[108.83916,24.75076606,0],[108.83915013,24.75076556,0],[108.83914026,24.75076505,0],[108.83913039,24.75076455,0],[108.83912052,24.75076405,0],[108.83911065,24.75076355,0],[108.83910078,24.75076306,0],[108.83909091,24.75076257,0],[108.83908104,24.75076208,0],[108.83907117,24.75076159,0],[108.8390613,24.75076111,0],[108.83905143,24.75076063,0],[108.83904156,24.75076016,0],[108.83903169,24.75075968,0],[108.83902181,24.75075921,0],[108.83901194,24.75075875,0],[108.83900207,24.75075828,0],[108.8389922,24.75075782,0],[108.83898232,24.75075737,0],[108.83897245,24.75075691,0],[108.83896258,24.75075646,0],[108.83895271,24.75075601,0],[108.83894283,24.75075557,0],[108.83893296,24.75075513,0],[108.83892308,24.75075469,0],[108.83891321,24.75075426,0],[108.83890334,24.75075383,0],[108.83889346,24.7507534,0],[108.83888359,24.75075298,0],[108.83887371,24.75075256,0],[108.83886384,24.75075214,0],[108.83885396,24.75075173,0],[108.83884409,24.75075132,0],[108.83883421,24.75075092,0],[108.83882434,24.75075052,0],[108.83881446,24.75075012,0],[108.83880459,24.75074973,0],[108.83879471,24.75074934,0],[108.83878483,24.75074895,0],[108.83877496,24.75074857,0],[108.83876508,24.75074819,0],[108.8387552,24.75074782,0],[108.83874533,24.75074745,0],[108.83873545,24.75074708,0],[108.83872557,24.75074672,0],[108.8387157,24.75074636,0],[108.83870582,24.75074601,0],[108.83869594,24.75074566,0],[108.83868606,24.75074531,0],[108.83867618,24.75074497,0],[108.83866631,24.75074463,0],[108.83865643,24.7507443,0],[108.83864655,24.75074397,0],[108.83863667,24.75074364,0],[108.83862679,24.75074332,0],[108.83861691,24.75074301,0],[108.83860703,24.7507427,0],[108.83859715,24.75074239,0],[108.83858727,24.75074209,0],[108.83857739,24.75074179,0],[108.83856751,24.7507415,0],[108.83855763,24.75074121,0],[108.83854775,24.75074092,0],[108.83853787,24.75074064,0],[108.83852799,24.75074037,0],[108.83851811,24.7507401,0],[108.83850823,24.75073983,0],[108.83849835,24.75073957,0],[108.83848847,24.75073931,0],[108.83847858,24.75073906,0],[108.83846871,24.75073881,0],[108.83845882,24.75073857,0],[108.83844894,24.75073834,0],[108.83843906,24.7507381,0],[108.83842918,24.75073788,0],[108.83841929,24.75073765,0],[108.83840941,24.75073744,0],[108.83839953,24.75073722,0],[108.83838965,24.75073702,0],[108.83837976,24.75073681,0],[108.83836988,24.75073662,0],[108.83836,24.75073643,0],[108.83835011,24.75073624,0],[108.83834023,24.75073606,0],[108.83833035,24.75073588,0],[108.83832046,24.75073571,0],[108.83831058,24.75073554,0],[108.8383007,24.75073538,0],[108.83829081,24.75073523,0],[108.83828093,24.75073508,0],[108.83827104,24.75073493,0],[108.83826116,24.7507348,0],[108.83825128,24.75073466,0],[108.83824139,24.75073453,0],[108.83823151,24.75073441,0],[108.83822162,24.7507343,0],[108.83821174,24.75073418,0],[108.83820185,24.75073408,0],[108.83819197,24.75073398,0],[108.83818208,24.75073388,0],[108.8381722,24.7507338,0],[108.83816231,24.75073371,0],[108.83815243,24.75073364,0],[108.83814254,24.75073357,0],[108.83813266,24.7507335,0],[108.83812277,24.75073344,0],[108.83811289,24.75073339,0],[108.838103,24.75073334,0],[108.83809312,24.7507333,0]]}},{"type":"Feature","id":"route_center-4-2","properties":{"name":"zhix_22413","sourceLayer":"道路中间线","sourceFile":"道路中间线.kml","originalPlacemarkIndex":3,"chainIndex":1,"stroke":"#dffbff","stroke-opacity":0.96,"stroke-width":3.2},"geometry":{"type":"LineString","coordinates":[[108.83435145,24.75115632,0],[108.83510806,24.75099901,0],[108.83587278,24.75087784,0],[108.83664353,24.75079313,0],[108.83741819,24.75074511,0],[108.83808323,24.75073326,0],[108.83808323,24.75073326,0],[108.83809312,24.7507333,0]]}},{"type":"Feature","id":"route_center-4-3","properties":{"name":"zhix_22413","sourceLayer":"道路中间线","sourceFile":"道路中间线.kml","originalPlacemarkIndex":3,"chainIndex":2,"stroke":"#dffbff","stroke-opacity":0.96,"stroke-width":3.2},"geometry":{"type":"LineString","coordinates":[[108.83435145,24.75115632,0],[108.83434187,24.75115856,0],[108.8343323,24.75116081,0],[108.83432273,24.75116306,0],[108.83431316,24.75116532,0],[108.83430359,24.75116759,0],[108.83429402,24.75116986,0],[108.83428445,24.75117213,0],[108.83427489,24.75117442,0],[108.83426533,24.7511767,0],[108.83425577,24.751179,0],[108.83424621,24.7511813,0],[108.83423665,24.7511836,0],[108.83422709,24.75118591,0],[108.83421754,24.75118822,0],[108.83420798,24.75119054,0],[108.83419843,24.75119287,0],[108.83418888,24.7511952,0],[108.83417933,24.75119754,0],[108.83416979,24.75119988,0],[108.83416024,24.75120223,0],[108.8341507,24.75120458,0],[108.83414115,24.75120694,0],[108.83413161,24.7512093,0],[108.83412207,24.75121167,0],[108.83411254,24.75121404,0],[108.834103,24.75121642,0],[108.83409347,24.7512188,0],[108.83408393,24.75122119,0],[108.8340744,24.75122358,0],[108.83406487,24.75122598,0],[108.83405534,24.75122838,0],[108.83404582,24.75123079,0],[108.83403629,24.7512332,0],[108.83402677,24.75123562,0],[108.83401724,24.75123804,0],[108.83400772,24.75124047,0],[108.8339982,24.7512429,0],[108.83398868,24.75124534,0],[108.83397917,24.75124778,0],[108.83396965,24.75125022,0],[108.83396014,24.75125267,0],[108.83395062,24.75125513,0],[108.83394111,24.75125759,0],[108.8339316,24.75126005,0],[108.83392209,24.75126252,0],[108.83391259,24.75126499,0],[108.83390308,24.75126747,0],[108.83389358,24.75126995,0],[108.83388407,24.75127244,0],[108.83387457,24.75127493,0],[108.83386507,24.75127743,0],[108.83385557,24.75127993,0],[108.83384608,24.75128243,0],[108.83383658,24.75128494,0],[108.83382708,24.75128745,0],[108.83381759,24.75128997,0],[108.8338081,24.75129249,0],[108.83379861,24.75129501,0],[108.83378912,24.75129754,0],[108.83377963,24.75130007,0],[108.83377014,24.75130261,0],[108.83376066,24.75130515,0],[108.83375117,24.7513077,0],[108.83374169,24.75131024,0],[108.83373221,24.7513128,0],[108.83372273,24.75131535,0],[108.83371325,24.75131791,0],[108.83370377,24.75132048,0],[108.83369429,24.75132305,0],[108.83368482,24.75132562,0],[108.83367534,24.75132819,0],[108.83366587,24.75133077,0],[108.8336564,24.75133336,0],[108.83364693,24.75133594,0],[108.83363746,24.75133853,0],[108.83362799,24.75134113,0],[108.83361852,24.75134373,0],[108.83360906,24.75134633,0],[108.83359959,24.75134893,0],[108.83359013,24.75135154,0],[108.83358067,24.75135415,0],[108.8335712,24.75135677,0],[108.83356174,24.75135939,0],[108.83355228,24.75136201,0],[108.83354283,24.75136463,0],[108.83353337,24.75136726,0],[108.83352391,24.75136989,0],[108.83351446,24.75137253,0],[108.83350501,24.75137517,0],[108.83349555,24.75137781,0],[108.8334861,24.75138045,0],[108.83347665,24.7513831,0],[108.8334672,24.75138575,0],[108.83345775,24.7513884,0],[108.8334483,24.75139106,0],[108.83343886,24.75139372,0],[108.83342941,24.75139638,0],[108.83341997,24.75139905,0],[108.83341052,24.75140172,0],[108.83340108,24.75140439,0],[108.83339164,24.75140707,0],[108.8333822,24.75140974,0],[108.83337276,24.75141242,0],[108.83336332,24.75141511,0],[108.83335388,24.75141779,0],[108.83334445,24.75142048,0],[108.83333501,24.75142317,0],[108.83332558,24.75142587,0],[108.83331614,24.75142856,0],[108.83330671,24.75143126,0],[108.83329728,24.75143396,0],[108.83328785,24.75143667,0],[108.83327842,24.75143937,0],[108.83326899,24.75144208,0],[108.83325956,24.75144479,0],[108.83325013,24.75144751,0],[108.8332407,24.75145023,0],[108.83323128,24.75145294,0],[108.83322185,24.75145567,0],[108.83321243,24.75145839,0],[108.833203,24.75146112,0],[108.83319358,24.75146384,0],[108.83318416,24.75146657,0],[108.83317474,24.75146931,0],[108.83316531,24.75147204,0],[108.83315589,24.75147478,0],[108.83314648,24.75147752,0],[108.83313706,24.75148026,0],[108.83312764,24.751483,0],[108.83311822,24.75148575,0],[108.83310881,24.7514885,0],[108.83309939,24.75149124,0],[108.83308997,24.751494,0],[108.83308056,24.75149675,0],[108.83307115,24.7514995,0],[108.83306173,24.75150226,0],[108.83305232,24.75150502,0],[108.83304291,24.75150778,0],[108.8330335,24.75151054,0],[108.83302409,24.75151331,0],[108.83301468,24.75151607,0],[108.83300527,24.75151884,0],[108.83299586,24.75152161,0],[108.83298645,24.75152438,0],[108.83297704,24.75152715,0],[108.83296764,24.75152993,0],[108.83295823,24.7515327,0],[108.83294882,24.75153548,0],[108.83293942,24.75153826,0],[108.83293001,24.75154104,0],[108.83292061,24.75154382,0],[108.83291121,24.7515466,0],[108.8329018,24.75154939,0],[108.8328924,24.75155217,0],[108.832883,24.75155496,0],[108.8328736,24.75155775,0],[108.83286419,24.75156054,0],[108.83285479,24.75156333,0],[108.83284539,24.75156612,0],[108.83283599,24.75156891,0],[108.83282659,24.75157171,0],[108.83281719,24.7515745,0],[108.83280779,24.7515773,0],[108.83279839,24.7515801,0],[108.832789,24.75158289,0],[108.8327796,24.75158569,0],[108.8327702,24.75158849,0],[108.8327608,24.75159129,0],[108.83275141,24.7515941,0],[108.83274201,24.7515969,0],[108.83273261,24.7515997,0],[108.83272322,24.75160251,0],[108.83271382,24.75160531,0],[108.83270443,24.75160812,0],[108.83269503,24.75161093,0],[108.83268564,24.75161374,0],[108.83267624,24.75161654,0],[108.83266685,24.75161935,0],[108.83265745,24.75162216,0],[108.83264806,24.75162497,0],[108.83263866,24.75162779,0],[108.83262927,24.7516306,0],[108.83261988,24.75163341,0],[108.83261048,24.75163622,0],[108.83260109,24.75163903,0],[108.8325917,24.75164185,0],[108.8325823,24.75164466,0],[108.83257291,24.75164748,0],[108.83256352,24.75165029,0],[108.83255413,24.75165311,0],[108.83254473,24.75165592,0],[108.83253534,24.75165874,0],[108.83252595,24.75166155,0],[108.83251656,24.75166437,0],[108.83250717,24.75166718,0],[108.83249777,24.75167,0],[108.83248838,24.75167282,0],[108.83247899,24.75167563,0],[108.8324696,24.75167845,0],[108.83246021,24.75168127,0],[108.81550451,24.75676478,0],[108.81549511,24.75676759,0],[108.81548572,24.75677041,0],[108.81547633,24.75677322,0],[108.81546694,24.75677604,0],[108.81545754,24.75677885,0],[108.81544815,24.75678167,0],[108.81543876,24.75678448,0],[108.81542936,24.7567873,0],[108.81541997,24.75679011,0],[108.81541058,24.75679292,0],[108.81540118,24.75679574,0],[108.81539179,24.75679855,0],[108.8153824,24.75680136,0],[108.815373,24.75680417,0],[108.81536361,24.75680698,0],[108.81535421,24.75680979,0],[108.81534482,24.7568126,0],[108.81533542,24.75681541,0],[108.81532603,24.75681822,0],[108.81531663,24.75682103,0],[108.81530724,24.75682383,0],[108.81529784,24.75682664,0],[108.81528844,24.75682944,0],[108.81527905,24.75683225,0],[108.81526965,24.75683505,0],[108.81526025,24.75683785,0],[108.81525085,24.75684065,0],[108.81524145,24.75684345,0],[108.81523205,24.75684625,0],[108.81522266,24.75684904,0],[108.81521326,24.75685184,0],[108.81520386,24.75685463,0],[108.81519445,24.75685742,0],[108.81518505,24.75686022,0],[108.81517565,24.756863,0],[108.81516625,24.75686579,0],[108.81515685,24.75686858,0],[108.81514744,24.75687136,0],[108.81513804,24.75687415,0],[108.81512863,24.75687693,0],[108.81511923,24.75687971,0],[108.81510982,24.75688249,0],[108.81510041,24.75688526,0],[108.81509101,24.75688804,0],[108.8150816,24.75689081,0],[108.81507219,24.75689358,0],[108.81506278,24.75689635,0],[108.81505337,24.75689912,0],[108.81504396,24.75690188,0],[108.81503455,24.75690464,0],[108.81502514,24.7569074,0],[108.81501572,24.75691016,0],[108.81500631,24.75691292,0],[108.81499689,24.75691567,0],[108.81498748,24.75691842,0],[108.81497806,24.75692117,0],[108.81496864,24.75692391,0],[108.81495923,24.75692666,0],[108.81494981,24.7569294,0],[108.81494039,24.75693214,0],[108.81493097,24.75693487,0],[108.81492155,24.75693761,0],[108.81491212,24.75694034,0],[108.8149027,24.75694307,0],[108.81489327,24.75694579,0],[108.81488385,24.75694851,0],[108.81487442,24.75695123,0],[108.81486499,24.75695395,0],[108.81485557,24.75695666,0],[108.81484614,24.75695937,0],[108.81483671,24.75696208,0],[108.81482727,24.75696478,0],[108.81481784,24.75696749,0],[108.81480841,24.75697018,0],[108.81479897,24.75697288,0],[108.81478954,24.75697557,0],[108.8147801,24.75697826,0],[108.81477066,24.75698094,0],[108.81476122,24.75698363,0],[108.81475178,24.7569863,0],[108.81474234,24.75698898,0],[108.81473289,24.75699165,0],[108.81472345,24.75699432,0],[108.814714,24.75699698,0],[108.81470456,24.75699964,0],[108.81469511,24.7570023,0],[108.81468566,24.75700495,0],[108.81467621,24.7570076,0],[108.81466676,24.75701024,0],[108.81465731,24.75701289,0],[108.81464785,24.75701552,0],[108.81463839,24.75701816,0],[108.81462894,24.75702079,0],[108.81461948,24.75702341,0],[108.81461002,24.75702603,0],[108.81460056,24.75702865,0],[108.8145911,24.75703126,0],[108.81458163,24.75703387,0],[108.81457217,24.75703648,0],[108.8145627,24.75703908,0],[108.81455323,24.75704167,0],[108.81454376,24.75704426,0],[108.81453429,24.75704685,0],[108.81452482,24.75704943,0],[108.81451534,24.75705201,0],[108.81450587,24.75705458,0],[108.81449639,24.75705715,0],[108.81448691,24.75705971,0],[108.81447743,24.75706227,0],[108.81446795,24.75706483,0],[108.81445847,24.75706738,0],[108.81444898,24.75706992,0],[108.81443949,24.75707246,0],[108.81443001,24.757075,0],[108.81442052,24.75707753,0],[108.81441103,24.75708005,0],[108.81440153,24.75708257,0],[108.81439204,24.75708509,0],[108.81438254,24.7570876,0],[108.81437304,24.7570901,0],[108.81436354,24.7570926,0],[108.81435404,24.75709509,0],[108.81434454,24.75709758,0],[108.81433504,24.75710006,0],[108.81432553,24.75710254,0],[108.81431602,24.75710501,0],[108.81430651,24.75710748,0],[108.814297,24.75710994,0],[108.81428749,24.7571124,0],[108.81427797,24.75711485,0],[108.81426846,24.75711729,0],[108.81425894,24.75711973,0],[108.81424942,24.75712216,0],[108.8142399,24.75712459,0],[108.81423037,24.75712701,0],[108.81422085,24.75712942,0],[108.81421132,24.75713183,0],[108.81420179,24.75713423,0],[108.81419226,24.75713663,0],[108.81418273,24.75713902,0],[108.81417319,24.75714141,0],[108.81416365,24.75714378,0],[108.81415412,24.75714616,0],[108.81414458,24.75714852,0],[108.81413503,24.75715088,0],[108.81412549,24.75715323,0],[108.81411594,24.75715558,0],[108.8141064,24.75715792,0],[108.81409685,24.75716026,0],[108.81408729,24.75716258,0],[108.81407774,24.7571649,0],[108.81406818,24.75716722,0],[108.81405863,24.75716952,0],[108.81404907,24.75717182,0],[108.81403951,24.75717412,0],[108.81402994,24.7571764,0],[108.81402038,24.75717868,0],[108.81401081,24.75718096,0],[108.81400124,24.75718322,0],[108.81399167,24.75718548,0],[108.8139821,24.75718773,0],[108.81397252,24.75718998,0],[108.81396294,24.75719222,0],[108.81395336,24.75719445,0],[108.81394378,24.75719667,0],[108.8139342,24.75719888,0],[108.81392461,24.75720109,0],[108.81391503,24.75720329,0],[108.81390544,24.75720549,0],[108.81389585,24.75720767,0],[108.81388625,24.75720985,0],[108.81387666,24.75721202,0],[108.81386706,24.75721419,0],[108.81385746,24.75721634,0],[108.81384786,24.75721849,0],[108.81383825,24.75722063,0],[108.81382865,24.75722276,0],[108.81381904,24.75722489,0],[108.81380943,24.75722701,0],[108.81379982,24.75722911,0],[108.8137902,24.75723122,0],[108.81378059,24.75723331,0],[108.81377097,24.75723539,0],[108.81376135,24.75723747,0],[108.81375172,24.75723954,0],[108.8137421,24.7572416,0],[108.81373247,24.75724365,0],[108.81372284,24.75724569,0],[108.81371321,24.75724773,0],[108.81370358,24.75724976,0],[108.81369394,24.75725178,0],[108.8136843,24.75725379,0],[108.81367466,24.75725579,0],[108.81366502,24.75725778,0],[108.81365538,24.75725976,0],[108.81364573,24.75726174,0],[108.81363608,24.75726371,0],[108.81362643,24.75726566,0],[108.81361678,24.75726761,0],[108.81360713,24.75726955,0],[108.81359747,24.75727149,0],[108.81358781,24.75727341,0],[108.81357815,24.75727532,0],[108.81356849,24.75727723,0],[108.81355882,24.75727912,0],[108.81354915,24.75728101,0],[108.81353948,24.75728289,0],[108.81352981,24.75728475,0],[108.81352014,24.75728661,0],[108.81351046,24.75728846,0],[108.81350078,24.7572903,0],[108.8134911,24.75729213,0],[108.81348142,24.75729395,0],[108.81347174,24.75729577,0],[108.81346205,24.75729757,0],[108.81345236,24.75729936,0],[108.81344267,24.75730114,0],[108.81343298,24.75730292,0],[108.81342328,24.75730468,0]]}},{"type":"Feature","id":"route_center-4-4","properties":{"name":"zhix_22413","sourceLayer":"道路中间线","sourceFile":"道路中间线.kml","originalPlacemarkIndex":3,"chainIndex":3,"stroke":"#dffbff","stroke-opacity":0.96,"stroke-width":3.2},"geometry":{"type":"LineString","coordinates":[[108.81341358,24.75730643,0],[108.81295454,24.75737723,0],[108.81249199,24.75742615,0],[108.81202721,24.75745304,0],[108.81156148,24.75745785,0],[108.81109605,24.75744054,0],[108.81063222,24.75740118,0],[108.81017126,24.75733987,0],[108.80971442,24.75725678,0],[108.80928793,24.75715852,0],[108.80928793,24.75715852,0]]}},{"type":"Feature","id":"route_center-4-5","properties":{"name":"zhix_22413","sourceLayer":"道路中间线","sourceFile":"道路中间线.kml","originalPlacemarkIndex":3,"chainIndex":4,"stroke":"#dffbff","stroke-opacity":0.96,"stroke-width":3.2},"geometry":{"type":"LineString","coordinates":[[108.81342328,24.75730468,0],[108.81341358,24.75730643,0]]}},{"type":"Feature","id":"route_center-4-6","properties":{"name":"zhix_22413","sourceLayer":"道路中间线","sourceFile":"道路中间线.kml","originalPlacemarkIndex":3,"chainIndex":5,"stroke":"#dffbff","stroke-opacity":0.96,"stroke-width":3.2},"geometry":{"type":"LineString","coordinates":[[108.80928793,24.75715852,0],[108.80927841,24.75715608,0],[108.8092689,24.75715363,0],[108.80925939,24.75715117,0],[108.80924988,24.7571487,0],[108.80924037,24.75714621,0],[108.80923087,24.75714372,0],[108.80922137,24.75714123,0],[108.80921188,24.75713872,0],[108.80920238,24.7571362,0],[108.80919289,24.75713367,0],[108.80918341,24.75713114,0],[108.80917392,24.75712859,0],[108.80916444,24.75712603,0],[108.80915496,24.75712347,0],[108.80914548,24.7571209,0],[108.80913601,24.75711832,0],[108.80912654,24.75711573,0],[108.80911707,24.75711313,0],[108.80910761,24.75711052,0],[108.80909815,24.7571079,0],[108.80908869,24.75710528,0],[108.80907923,24.75710264,0],[108.80906978,24.7571,0],[108.80906033,24.75709735,0],[108.80905089,24.75709469,0],[108.80904144,24.75709202,0],[108.809032,24.75708934,0],[108.80902256,24.75708666,0],[108.80901313,24.75708396,0],[108.80900369,24.75708126,0],[108.80899426,24.75707855,0],[108.80898484,24.75707583,0],[108.80897541,24.7570731,0],[108.80896599,24.75707037,0],[108.80895657,24.75706763,0],[108.80894716,24.75706487,0],[108.80893775,24.75706212,0],[108.80892834,24.75705935,0],[108.80891893,24.75705657,0],[108.80890952,24.75705379,0],[108.80890012,24.757051,0],[108.80889072,24.7570482,0],[108.80888133,24.7570454,0],[108.80887193,24.75704258,0],[108.80886254,24.75703976,0],[108.80885316,24.75703693,0],[108.80884377,24.7570341,0],[108.80883439,24.75703125,0],[108.80882501,24.7570284,0],[108.80881563,24.75702554,0],[108.80880626,24.75702268,0],[108.80879689,24.7570198,0],[108.80878752,24.75701692,0],[108.80877815,24.75701403,0],[108.80876879,24.75701114,0],[108.80875943,24.75700824,0],[108.80875007,24.75700533,0],[108.80874071,24.75700241,0],[108.80873136,24.75699949,0],[108.80872201,24.75699656,0],[108.80871266,24.75699362,0],[108.80870331,24.75699068,0],[108.80869397,24.75698772,0],[108.80868463,24.75698477,0],[108.80867529,24.7569818,0],[108.80866596,24.75697883,0],[108.80865663,24.75697585,0],[108.8086473,24.75697287,0],[108.80863797,24.75696988,0],[108.80862864,24.75696688,0],[108.80861932,24.75696388,0],[108.80861,24.75696087,0],[108.80860068,24.75695785,0],[108.80859137,24.75695483,0],[108.80858206,24.7569518,0],[108.80857275,24.75694876,0],[108.80856344,24.75694572,0],[108.80855413,24.75694268,0],[108.80854483,24.75693962,0],[108.80853553,24.75693656,0],[108.80852623,24.7569335,0],[108.80851693,24.75693042,0],[108.80850764,24.75692735,0],[108.80849835,24.75692426,0],[108.80848906,24.75692117,0],[108.80847977,24.75691808,0],[108.80847049,24.75691498,0],[108.80846121,24.75691187,0],[108.80845193,24.75690876,0],[108.80844265,24.75690564,0],[108.80843338,24.75690252,0],[108.8084241,24.75689939,0],[108.80841483,24.75689626,0],[108.80840556,24.75689312,0],[108.8083963,24.75688997,0],[108.80838703,24.75688682,0],[108.80837777,24.75688366,0],[108.80836851,24.7568805,0],[108.80835925,24.75687734,0],[108.80835,24.75687417,0],[108.80834074,24.75687099,0],[108.80833149,24.75686781,0],[108.80832224,24.75686462,0],[108.808313,24.75686143,0],[108.80830375,24.75685823,0],[108.80829451,24.75685503,0],[108.80828527,24.75685182,0],[108.80827603,24.75684861,0],[108.80826679,24.7568454,0],[108.80825755,24.75684218,0],[108.80824832,24.75683895,0],[108.80823909,24.75683572,0],[108.80822986,24.75683249,0],[108.80822063,24.75682925,0],[108.80821141,24.756826,0],[108.80820218,24.75682276,0],[108.80819296,24.7568195,0],[108.80818374,24.75681625,0],[108.80817452,24.75681299,0],[108.80816531,24.75680972,0],[108.80815609,24.75680645,0],[108.80814688,24.75680318,0],[108.80813767,24.7567999,0],[108.80812846,24.75679662,0],[108.80811925,24.75679333,0],[108.80811005,24.75679004,0],[108.80810084,24.75678674,0],[108.80809164,24.75678345,0],[108.80808244,24.75678014,0],[108.80807324,24.75677684,0],[108.80806404,24.75677353,0],[108.80805485,24.75677021,0],[108.80804565,24.7567669,0],[108.80803646,24.75676358,0],[108.80802727,24.75676025,0],[108.80801808,24.75675692,0],[108.80800889,24.75675359,0],[108.80799971,24.75675026,0],[108.80799052,24.75674692,0],[108.80798134,24.75674357,0],[108.80797216,24.75674023,0],[108.80796298,24.75673688,0],[108.8079538,24.75673353,0],[108.80794462,24.75673017,0],[108.80793545,24.75672681,0],[108.80792627,24.75672345,0],[108.8079171,24.75672008,0],[108.80790793,24.75671672,0],[108.80789875,24.75671335,0],[108.80788959,24.75670997,0],[108.80788042,24.75670659,0],[108.80787125,24.75670321,0],[108.80786209,24.75669983,0],[108.80785292,24.75669644,0],[108.80784376,24.75669306,0],[108.8078346,24.75668966,0],[108.80782544,24.75668627,0],[108.80781628,24.75668287,0],[108.80780712,24.75667947,0],[108.80779796,24.75667607,0],[108.80778881,24.75667267,0],[108.80777965,24.75666926,0],[108.8077705,24.75666585,0],[108.80776135,24.75666244,0],[108.80775219,24.75665902,0],[108.80774304,24.75665561,0],[108.8077339,24.75665219,0],[108.80772475,24.75664877,0],[108.8077156,24.75664534,0],[108.80770645,24.75664192,0],[108.80769731,24.75663849,0],[108.80768816,24.75663506,0],[108.80767902,24.75663163,0],[108.80766988,24.7566282,0],[108.80766073,24.75662476,0],[108.80765159,24.75662132,0],[108.80764245,24.75661788,0],[108.80763331,24.75661444,0],[108.80762418,24.756611,0],[108.80761504,24.75660756,0],[108.8076059,24.75660411,0],[108.80759676,24.75660066,0],[108.80758763,24.75659721,0],[108.80757849,24.75659376,0],[108.80756936,24.75659031,0],[108.80756023,24.75658685,0],[108.80755109,24.7565834,0],[108.80754196,24.75657994,0],[108.80753283,24.75657648,0],[108.8075237,24.75657302,0],[108.80751457,24.75656956,0],[108.80750544,24.7565661,0],[108.80749631,24.75656264,0],[108.80748718,24.75655917,0],[108.80747805,24.75655571,0],[108.80746892,24.75655224,0],[108.8074598,24.75654877,0],[108.80745067,24.75654531,0],[108.80744154,24.75654184,0],[108.80743242,24.75653837,0],[108.80742329,24.75653489,0],[108.80741417,24.75653142,0],[108.80740504,24.75652795,0],[108.80739592,24.75652448,0],[108.80738679,24.756521,0],[108.80737767,24.75651753,0],[108.80736854,24.75651405,0],[108.80735942,24.75651058,0],[108.8073503,24.7565071,0],[108.80734117,24.75650362,0],[108.80733205,24.75650015,0],[108.80732293,24.75649667,0],[108.80731381,24.75649319,0],[108.80730468,24.75648971,0],[108.80729556,24.75648623,0],[108.80728644,24.75648275,0],[108.80727732,24.75647928,0],[108.80726819,24.7564758,0],[108.80725907,24.75647232,0],[108.80724995,24.75646884,0]]}},{"type":"Feature","id":"route_center-5-1","properties":{"name":"zhix_23255","sourceLayer":"道路中间线","sourceFile":"道路中间线.kml","originalPlacemarkIndex":4,"chainIndex":0,"stroke":"#dffbff","stroke-opacity":0.96,"stroke-width":3.2},"geometry":{"type":"LineString","coordinates":[[108.83858114,24.75547941,0],[108.83850849,24.75610781,0],[108.83850849,24.75610781,0]]}},{"type":"Feature","id":"route_center-5-2","properties":{"name":"zhix_23255","sourceLayer":"道路中间线","sourceFile":"道路中间线.kml","originalPlacemarkIndex":4,"chainIndex":1,"stroke":"#dffbff","stroke-opacity":0.96,"stroke-width":3.2},"geometry":{"type":"LineString","coordinates":[[108.83858114,24.75547941,0],[108.83858215,24.75547043,0],[108.83858316,24.75546145,0],[108.83858417,24.75545247,0],[108.83858517,24.75544349,0],[108.83858618,24.7554345,0],[108.83858718,24.75542552,0],[108.83858818,24.75541654,0],[108.83858918,24.75540756,0],[108.83859018,24.75539858,0],[108.83859118,24.7553896,0],[108.83859218,24.75538062,0],[108.83859317,24.75537164,0],[108.83859416,24.75536266,0],[108.83859515,24.75535368,0],[108.83859614,24.75534469,0],[108.83859713,24.75533571,0],[108.83859811,24.75532673,0],[108.83859909,24.75531775,0],[108.83860007,24.75530876,0],[108.83860105,24.75529978,0],[108.83860202,24.7552908,0],[108.83860299,24.75528181,0],[108.83860396,24.75527283,0],[108.83860493,24.75526385,0],[108.83860589,24.75525486,0],[108.83860685,24.75524588,0],[108.83860781,24.75523689,0],[108.83860876,24.75522791,0],[108.83860971,24.75521892,0],[108.83861066,24.75520994,0],[108.8386116,24.75520095,0],[108.83861254,24.75519197,0],[108.83861348,24.75518298,0],[108.83861441,24.75517399,0],[108.83861534,24.75516501,0],[108.83861627,24.75515602,0],[108.83861719,24.75514703,0],[108.83861811,24.75513804,0],[108.83861902,24.75512905,0],[108.83861993,24.75512007,0],[108.83862083,24.75511108,0],[108.83862173,24.75510209,0],[108.83862263,24.7550931,0],[108.83862352,24.75508411,0],[108.8386244,24.75507512,0],[108.83862529,24.75506612,0],[108.83862616,24.75505713,0],[108.83862703,24.75504814,0],[108.8386279,24.75503915,0],[108.83862876,24.75503016,0],[108.83862962,24.75502116,0],[108.83863047,24.75501217,0],[108.83863131,24.75500317,0],[108.83863216,24.75499418,0],[108.83863299,24.75498519,0],[108.83863382,24.75497619,0],[108.83863464,24.75496719,0],[108.83863546,24.7549582,0],[108.83863627,24.7549492,0],[108.83863708,24.7549402,0],[108.83863788,24.75493121,0],[108.83863867,24.75492221,0],[108.83863946,24.75491321,0],[108.83864024,24.75490421,0],[108.83864101,24.75489521,0],[108.83864178,24.75488621,0],[108.83864254,24.75487721,0],[108.83864329,24.75486821,0],[108.83864404,24.75485921,0],[108.83864478,24.75485021,0],[108.83864552,24.75484121,0],[108.83864624,24.7548322,0],[108.83864696,24.7548232,0],[108.83864767,24.7548142,0],[108.83864838,24.75480519,0],[108.83864908,24.75479619,0],[108.83864977,24.75478718,0],[108.83865045,24.75477818,0],[108.83865112,24.75476917,0],[108.83865179,24.75476017,0],[108.83865245,24.75475116,0],[108.8386531,24.75474215,0],[108.83865374,24.75473314,0],[108.83865438,24.75472413,0],[108.83865501,24.75471513,0],[108.83865562,24.75470612,0],[108.83865623,24.75469711,0],[108.83865684,24.7546881,0],[108.838657,24.75468557,0],[108.838657,24.75468557,0],[108.83867195,24.75439016,0],[108.83867521,24.75384666,0],[108.838675,24.75383763,0],[108.83867478,24.75382861,0],[108.83867455,24.75381959,0],[108.83867432,24.75381056,0],[108.83867407,24.75380154,0],[108.83867381,24.75379251,0],[108.83867355,24.75378349,0],[108.83867327,24.75377447,0],[108.83867298,24.75376544,0],[108.83867267,24.75375642,0],[108.83867236,24.7537474,0],[108.83867203,24.75373837,0],[108.83867169,24.75372935,0],[108.83867133,24.75372033,0],[108.83867096,24.75371131,0],[108.83867058,24.75370229,0],[108.83867018,24.75369327,0],[108.83866977,24.75368425,0],[108.83866934,24.75367523,0],[108.8386689,24.75366621,0],[108.83866844,24.7536572,0],[108.83866796,24.75364818,0],[108.83866746,24.75363917,0],[108.83866695,24.75363015,0],[108.83866642,24.75362114,0],[108.83866587,24.75361212,0],[108.83866531,24.75360311,0],[108.83866472,24.7535941,0],[108.83866411,24.75358509,0],[108.83866349,24.75357608,0],[108.83866284,24.75356707,0],[108.83866218,24.75355807,0],[108.83866149,24.75354906,0],[108.83866078,24.75354006,0],[108.83866006,24.75353105,0],[108.8386593,24.75352205,0],[108.83865853,24.75351305,0],[108.83865773,24.75350406,0],[108.83865691,24.75349506,0],[108.83865607,24.75348607,0],[108.8386552,24.75347707,0],[108.83865431,24.75346808,0],[108.83865339,24.7534591,0],[108.83865245,24.75345011,0],[108.83865148,24.75344113,0],[108.83865049,24.75343214,0],[108.83864947,24.75342317,0],[108.83864843,24.75341419,0],[108.83864735,24.75340522,0],[108.83864625,24.75339624,0],[108.83864526,24.75338833,0],[108.83864526,24.75338833,0],[108.83864519,24.75338778,0],[108.8386198,24.75322415,0],[108.838585,24.75306194,0],[108.83854088,24.75290158,0],[108.83848758,24.75274352,0],[108.83842523,24.75258819,0],[108.83835401,24.75243601,0],[108.8382741,24.75228741,0],[108.83818574,24.75214279,0],[108.8381807,24.75213502,0],[108.83817562,24.75212728,0],[108.83817053,24.75211954,0],[108.83816541,24.75211182,0],[108.83816026,24.75210411,0],[108.83815509,24.75209642,0],[108.83814989,24.75208874,0],[108.83814467,24.75208107,0],[108.83813942,24.75207342,0],[108.83813415,24.75206579,0],[108.83812886,24.75205817,0],[108.83812353,24.75205056,0],[108.83811818,24.75204297,0],[108.83811281,24.75203539,0],[108.83810741,24.75202783,0],[108.83810198,24.75202028,0],[108.83809653,24.75201275,0],[108.83809105,24.75200524,0],[108.83808555,24.75199774,0],[108.83808002,24.75199026,0],[108.83807446,24.75198279,0],[108.83806888,24.75197534,0],[108.83806327,24.75196791,0],[108.83805763,24.7519605,0],[108.83805197,24.7519531,0],[108.83804627,24.75194572,0],[108.83804056,24.75193835,0],[108.83803481,24.75193101,0],[108.83802904,24.75192368,0],[108.83802324,24.75191637,0],[108.83801741,24.75190908,0],[108.83801156,24.7519018,0],[108.83800567,24.75189455,0],[108.83799976,24.75188731,0],[108.83799383,24.7518801,0],[108.83798786,24.7518729,0],[108.83798187,24.75186572,0],[108.83797585,24.75185856,0],[108.8379698,24.75185142,0],[108.83796372,24.7518443,0],[108.83795762,24.7518372,0],[108.83795148,24.75183012,0],[108.83794532,24.75182306,0],[108.83793913,24.75181602,0],[108.83793291,24.75180901,0],[108.83792667,24.75180201,0],[108.83792039,24.75179504,0],[108.83791409,24.75178808,0],[108.83790775,24.75178115,0],[108.83790139,24.75177424,0],[108.837895,24.75176735,0],[108.83788858,24.75176049,0],[108.83788214,24.75175365,0],[108.83787566,24.75174683,0],[108.83786915,24.75174003,0],[108.83786262,24.75173325,0],[108.83785606,24.7517265,0],[108.83784946,24.75171978,0],[108.83784284,24.75171307,0],[108.83783619,24.7517064,0],[108.83782951,24.75169974,0],[108.8378228,24.75169311,0],[108.83781607,24.75168651,0],[108.8378093,24.75167993,0],[108.83780403,24.75167484,0],[108.83780403,24.75167484,0],[108.8378002,24.75167118,0],[108.83771039,24.75158977,0],[108.83761602,24.75151273,0],[108.83751734,24.75144026,0],[108.83741462,24.75137257,0],[108.83730814,24.75130983,0],[108.8371982,24.75125223,0],[108.8370851,24.75119992,0],[108.83696914,24.75115305,0],[108.83685065,24.75111173,0],[108.83672995,24.75107609,0],[108.83660738,24.75104622,0],[108.83648325,24.75102221,0],[108.83635792,24.75100412,0],[108.83623174,24.75099199,0],[108.83622188,24.75099132,0],[108.83621202,24.75099069,0],[108.83620215,24.75099009,0],[108.83619229,24.75098953,0],[108.83618242,24.75098901,0],[108.83617255,24.75098852,0],[108.83616267,24.75098806,0],[108.8361528,24.75098765,0],[108.83614292,24.75098726,0],[108.83613305,24.75098691,0],[108.83612317,24.75098659,0],[108.83611329,24.75098631,0],[108.8361034,24.75098606,0],[108.83609352,24.75098585,0],[108.83608364,24.75098567,0],[108.83607375,24.75098552,0],[108.83606387,24.7509854,0],[108.83605399,24.75098532,0],[108.8360441,24.75098526,0],[108.83603421,24.75098524,0],[108.83602433,24.75098526,0],[108.83601444,24.7509853,0],[108.83600456,24.75098537,0],[108.83599467,24.75098548,0],[108.83598479,24.75098561,0],[108.83597491,24.75098578,0],[108.83596502,24.75098597,0],[108.83595514,24.7509862,0],[108.83594526,24.75098645,0],[108.83593538,24.75098674,0],[108.8359255,24.75098705,0],[108.83591562,24.75098739,0],[108.83590575,24.75098776,0],[108.83589587,24.75098816,0],[108.835886,24.75098858,0],[108.83587612,24.75098903,0],[108.83586625,24.75098952,0],[108.83585638,24.75099002,0],[108.83584651,24.75099056,0],[108.83583665,24.75099112,0],[108.83582678,24.7509917,0],[108.83581692,24.75099232,0],[108.83580706,24.75099296,0],[108.8357972,24.75099362,0],[108.83578735,24.75099431,0],[108.83577749,24.75099502,0],[108.83576764,24.75099576,0],[108.83575779,24.75099653,0],[108.83574794,24.75099731,0],[108.8357381,24.75099812,0],[108.83572825,24.75099896,0],[108.83571841,24.75099982,0],[108.83570857,24.7510007,0],[108.83569874,24.7510016,0],[108.83568891,24.75100253,0],[108.83567907,24.75100348,0],[108.83566925,24.75100445,0],[108.83565942,24.75100544,0],[108.8356496,24.75100645,0],[108.83563978,24.75100749,0],[108.83562996,24.75100854,0],[108.83562015,24.75100962,0],[108.83561033,24.75101071,0],[108.83560052,24.75101183,0],[108.83559072,24.75101297,0],[108.83558091,24.75101412,0],[108.83557111,24.7510153,0],[108.83556131,24.75101649,0],[108.83555152,24.7510177,0],[108.83554173,24.75101893,0],[108.83553194,24.75102018,0],[108.83552215,24.75102145,0],[108.83551236,24.75102274,0],[108.83550258,24.75102404,0],[108.8354928,24.75102536,0],[108.83548303,24.7510267,0],[108.83547325,24.75102805,0],[108.83546348,24.75102942,0],[108.83545371,24.7510308,0],[108.83544395,24.75103221,0],[108.83543419,24.75103362,0],[108.83542443,24.75103505,0],[108.83541467,24.7510365,0],[108.83540491,24.75103796,0],[108.83539516,24.75103944,0],[108.83538541,24.75104093,0],[108.83537566,24.75104244,0],[108.83536592,24.75104395,0],[108.83535618,24.75104549,0],[108.83534644,24.75104703,0],[108.8353367,24.75104859,0],[108.83532697,24.75105016,0],[108.83531723,24.75105174,0],[108.8353075,24.75105334,0],[108.83529778,24.75105494,0],[108.83528805,24.75105656,0],[108.83527833,24.75105819,0],[108.83526861,24.75105983,0],[108.83525889,24.75106148,0],[108.83524917,24.75106315,0],[108.83523946,24.75106482,0],[108.83522975,24.7510665,0],[108.83522004,24.75106819,0],[108.83521033,24.7510699,0],[108.83520062,24.75107161,0],[108.83519092,24.75107333,0],[108.83518122,24.75107506,0],[108.83517152,24.75107679,0],[108.83516182,24.75107854,0],[108.83515212,24.75108029,0],[108.83514243,24.75108205,0],[108.83513273,24.75108382,0],[108.83512304,24.7510856,0],[108.83511335,24.75108738,0],[108.83510366,24.75108917,0],[108.83509397,24.75109096,0],[108.83508706,24.75109225,0]]}},{"type":"Feature","id":"route_center-6-1","properties":{"name":"zhix_23599","sourceLayer":"道路中间线","sourceFile":"道路中间线.kml","originalPlacemarkIndex":5,"chainIndex":0,"stroke":"#dffbff","stroke-opacity":0.96,"stroke-width":3.2},"geometry":{"type":"LineString","coordinates":[[108.83856893,24.75293666,0],[108.83856638,24.75292794,0],[108.8385638,24.75291922,0],[108.8385612,24.75291051,0],[108.83855856,24.75290181,0],[108.83855591,24.75289312,0],[108.83855323,24.75288443,0],[108.83855052,24.75287575,0],[108.8385478,24.75286707,0],[108.83854505,24.7528584,0],[108.83854227,24.75284973,0],[108.83853948,24.75284108,0],[108.83853666,24.75283242,0],[108.83853383,24.75282377,0],[108.83853097,24.75281513,0],[108.8385281,24.7528065,0],[108.8385252,24.75279786,0],[108.83852229,24.75278924,0],[108.83851936,24.75278062,0],[108.83851641,24.752772,0],[108.83851344,24.75276339,0],[108.83851046,24.75275478,0],[108.83850746,24.75274618,0],[108.83850444,24.75273759,0],[108.83850142,24.75272899,0],[108.83849837,24.7527204,0],[108.83849532,24.75271182,0],[108.83849224,24.75270324,0],[108.83848916,24.75269466,0],[108.83848607,24.75268609,0],[108.83848296,24.75267752,0],[108.83847984,24.75266895,0],[108.83847671,24.75266039,0],[108.83847357,24.75265183,0],[108.83847042,24.75264327,0],[108.83846726,24.75263472,0],[108.8384641,24.75262617,0],[108.83846092,24.75261762,0],[108.83845774,24.75260907,0],[108.83845455,24.75260053,0],[108.83845135,24.75259199,0],[108.83844815,24.75258345,0],[108.83844494,24.75257491,0],[108.83844173,24.75256637,0],[108.83843851,24.75255783,0],[108.83843529,24.7525493,0],[108.83843207,24.75254077,0],[108.83842884,24.75253223,0],[108.83842561,24.7525237,0],[108.83842238,24.75251517,0],[108.83841914,24.75250664,0],[108.83841591,24.75249811,0],[108.83841328,24.75249118,0],[108.83841005,24.75248265,0],[108.83840681,24.75247412,0],[108.83840358,24.75246559,0],[108.83840035,24.75245706,0],[108.83839712,24.75244853,0],[108.83839389,24.75244,0],[108.83839066,24.75243146,0],[108.83838744,24.75242293,0],[108.83838423,24.75241439,0],[108.83838102,24.75240586,0],[108.83837781,24.75239732,0],[108.83837461,24.75238878,0],[108.83837141,24.75238023,0],[108.83836822,24.75237169,0],[108.83836504,24.75236314,0],[108.83836187,24.75235459,0],[108.8383587,24.75234604,0],[108.83835555,24.75233749,0],[108.8383524,24.75232893,0],[108.83834926,24.75232037,0],[108.83834614,24.7523118,0],[108.83834302,24.75230324,0],[108.83833991,24.75229467,0],[108.83833682,24.75228609,0],[108.83833374,24.75227752,0],[108.83833067,24.75226893,0],[108.83832762,24.75226035,0],[108.83832458,24.75225176,0],[108.83832155,24.75224317,0],[108.83831854,24.75223457,0],[108.83831554,24.75222597,0],[108.83831257,24.75221736,0],[108.8383096,24.75220875,0],[108.83830666,24.75220013,0],[108.83830373,24.75219151,0],[108.83830082,24.75218288,0],[108.83829793,24.75217425,0],[108.83829505,24.75216561,0],[108.8382922,24.75215697,0],[108.83828937,24.75214832,0],[108.83828656,24.75213966,0],[108.83828377,24.752131,0],[108.838281,24.75212234,0],[108.83827825,24.75211367,0],[108.83827553,24.75210499,0],[108.83827283,24.75209631,0],[108.83827015,24.75208761,0],[108.8382675,24.75207892,0],[108.83826488,24.75207022,0],[108.83826228,24.75206151,0],[108.8382597,24.75205279,0],[108.83825716,24.75204407,0],[108.83825464,24.75203534,0],[108.83825214,24.7520266,0],[108.83824968,24.75201786,0],[108.83824724,24.75200911,0],[108.83824484,24.75200036,0],[108.83824246,24.7519916,0],[108.83824012,24.75198283,0],[108.8382378,24.75197405,0],[108.83823552,24.75196527,0],[108.83823327,24.75195648,0],[108.83823105,24.75194768,0],[108.83822887,24.75193888,0],[108.83822672,24.75193006,0],[108.8382246,24.75192125,0],[108.83822252,24.75191242,0],[108.83822048,24.75190359,0],[108.83821847,24.75189475,0],[108.8382165,24.75188591,0],[108.83821456,24.75187705,0],[108.83821266,24.75186819,0],[108.8382108,24.75185933,0],[108.83820898,24.75185046,0],[108.8382072,24.75184158,0],[108.83820546,24.75183269,0],[108.83820376,24.7518238,0],[108.8382021,24.7518149,0],[108.83820049,24.75180599,0],[108.83819891,24.75179708,0],[108.83819738,24.75178816,0],[108.83819589,24.75177924,0],[108.83819467,24.75177173,0],[108.838181,24.75166846,0],[108.83817331,24.7515647,0],[108.83817162,24.75146072,0],[108.83817594,24.75135682,0],[108.83818624,24.75125328,0],[108.83820251,24.75115037,0],[108.83822469,24.7510484,0],[108.83825274,24.75094762,0],[108.83826255,24.75091687,0],[108.83826255,24.75091687,0],[108.83826539,24.75090822,0],[108.83826828,24.75089959,0],[108.83827121,24.75089097,0],[108.83827418,24.75088236,0],[108.83827719,24.75087376,0],[108.83828024,24.75086517,0],[108.83828333,24.7508566,0],[108.83828645,24.75084803,0],[108.83828961,24.75083948,0],[108.83829281,24.75083094,0],[108.83829603,24.7508224,0],[108.8382993,24.75081388,0],[108.83830259,24.75080537,0],[108.83830592,24.75079687,0],[108.83830927,24.75078838,0],[108.83831266,24.7507799,0],[108.83831607,24.75077143,0],[108.83831952,24.75076297,0],[108.83832299,24.75075451,0],[108.83832649,24.75074607,0],[108.83833001,24.75073764,0],[108.83833356,24.75072921,0],[108.83833713,24.75072079,0],[108.83834072,24.75071238,0],[108.83834434,24.75070398,0],[108.83834798,24.75069559,0],[108.83835164,24.7506872,0],[108.83835531,24.75067882,0],[108.83835901,24.75067045,0],[108.83836273,24.75066209,0],[108.83836646,24.75065373,0],[108.83837021,24.75064538,0],[108.83837397,24.75063703,0],[108.83837775,24.75062869,0],[108.83838154,24.75062035,0],[108.83838535,24.75061202,0],[108.83838917,24.75060369,0],[108.838393,24.75059537,0],[108.83839684,24.75058705,0],[108.83840069,24.75057874,0],[108.83840455,24.75057043,0],[108.83840842,24.75056212,0],[108.83841229,24.75055382,0],[108.83841617,24.75054551,0],[108.83842006,24.75053721,0],[108.83842395,24.75052892,0],[108.83842785,24.75052062,0],[108.83843175,24.75051233,0],[108.83843565,24.75050403,0],[108.83843956,24.75049574,0],[108.83844346,24.75048745,0],[108.83844405,24.75048619,0],[108.83844796,24.75047789,0],[108.83845186,24.7504696,0],[108.83845576,24.7504613,0],[108.83845965,24.750453,0],[108.83846352,24.7504447,0],[108.83846739,24.75043639,0],[108.83847124,24.75042808,0],[108.83847507,24.75041975,0],[108.83847887,24.75041142,0],[108.83848266,24.75040308,0],[108.83848641,24.75039473,0],[108.83849014,24.75038637,0],[108.83849384,24.750378,0],[108.83849749,24.75036961,0],[108.83850111,24.75036121,0],[108.83850469,24.7503528,0],[108.83850823,24.75034437,0],[108.83851172,24.75033592,0],[108.83851516,24.75032746,0],[108.83851855,24.75031898,0],[108.83852188,24.75031048,0],[108.83852516,24.75030197,0],[108.83852837,24.75029343,0],[108.83853152,24.75028487,0],[108.83853461,24.7502763,0],[108.83853762,24.7502677,0],[108.83854056,24.75025908,0],[108.83854343,24.75025044,0],[108.83854622,24.75024178,0],[108.83854892,24.7502331,0],[108.83855155,24.7502244,0],[108.83855408,24.75021567,0],[108.83855652,24.75020692,0],[108.83855887,24.75019816,0],[108.83856113,24.75018937,0],[108.83856328,24.75018056,0],[108.83856533,24.75017172,0],[108.83856728,24.75016287,0],[108.83856911,24.750154,0],[108.83857084,24.75014512,0],[108.83857244,24.75013621,0],[108.83857393,24.75012728,0],[108.8385753,24.75011834,0],[108.83857654,24.75010939,0],[108.83857766,24.75010042,0],[108.83857864,24.75009144,0],[108.8385795,24.75008244,0],[108.83858021,24.75007344,0],[108.83858078,24.75006443,0],[108.83858121,24.75005541,0],[108.8385815,24.75004639,0],[108.83858163,24.75003736,0],[108.83858161,24.75002833,0],[108.83858144,24.75001931,0],[108.83858111,24.75001029,0],[108.83858062,24.75000127,0],[108.83858043,24.74999845,0],[108.83858043,24.74999845,0],[108.83857768,24.74997158,0],[108.83857322,24.74994364,0],[108.83856716,24.74991596,0],[108.8385595,24.74988859,0],[108.83855028,24.74986163,0],[108.83853951,24.74983513,0],[108.83852723,24.74980919,0],[108.83851348,24.74978385,0],[108.83849828,24.7497592,0],[108.83848167,24.74973531,0],[108.83846372,24.74971223,0],[108.83844446,24.74969003,0],[108.83842394,24.74966878,0],[108.83840223,24.74964852,0],[108.83837939,24.74962932,0],[108.83835546,24.74961123,0],[108.83833053,24.7495943,0],[108.83830466,24.74957857,0],[108.83827792,24.74956409,0],[108.83825038,24.7495509,0],[108.83822213,24.74953903,0],[108.83819322,24.74952852,0],[108.83816376,24.74951939,0],[108.83813381,24.74951167,0],[108.83810346,24.74950538,0],[108.83807279,24.74950055,0],[108.83804189,24.74949717,0],[108.83801083,24.74949526,0],[108.83797972,24.74949483,0],[108.83794862,24.74949588,0],[108.83791763,24.7494984,0],[108.83788683,24.74950238,0],[108.83785631,24.74950783,0],[108.83782615,24.74951472,0],[108.83779643,24.74952302,0],[108.83776723,24.74953273,0],[108.83773864,24.74954381,0],[108.83771072,24.74955624,0],[108.83768357,24.74956997,0],[108.83765725,24.74958498,0],[108.83763183,24.74960121,0],[108.83760739,24.74961863,0],[108.83758399,24.74963719,0],[108.83756169,24.74965684,0],[108.83754056,24.74967751,0],[108.83752066,24.74969917,0],[108.83750204,24.74972174,0],[108.83748474,24.74974517,0],[108.83746883,24.74976939,0],[108.83745433,24.74979433,0],[108.8374413,24.74981993,0],[108.83742976,24.74984611,0],[108.83741975,24.74987281,0],[108.8374113,24.74989995,0],[108.83740443,24.74992746,0],[108.83739915,24.74995526,0],[108.83739549,24.74998327,0],[108.83739345,24.75001143,0],[108.83739303,24.75003964,0],[108.83739425,24.75006784,0],[108.83739709,24.75009594,0],[108.83740155,24.75012387,0],[108.83740762,24.75015156,0],[108.83741527,24.75017892,0],[108.83742449,24.75020589,0],[108.83743526,24.75023238,0],[108.83744754,24.75025833,0],[108.8374613,24.75028367,0],[108.8374765,24.75030832,0],[108.8374931,24.75033221,0],[108.83751105,24.75035529,0],[108.83753031,24.75037749,0],[108.83755083,24.75039874,0],[108.83757254,24.750419,0],[108.83759539,24.7504382,0],[108.83760284,24.75044412,0],[108.8376104,24.75044994,0],[108.83761807,24.75045564,0],[108.83762583,24.75046123,0],[108.83763369,24.7504667,0],[108.83764165,24.75047206,0],[108.83764969,24.75047731,0],[108.83765782,24.75048245,0],[108.83766603,24.75048747,0],[108.83767432,24.75049238,0],[108.83768269,24.75049718,0],[108.83769114,24.75050187,0],[108.83769966,24.75050645,0],[108.83770825,24.75051092,0],[108.8377169,24.75051528,0],[108.83772562,24.75051953,0],[108.8377344,24.75052368,0],[108.83774325,24.75052772,0],[108.83775214,24.75053165,0],[108.83776109,24.75053548,0],[108.8377701,24.75053921,0],[108.83777915,24.75054283,0],[108.83778825,24.75054635,0],[108.8377974,24.75054977,0],[108.83780659,24.75055309,0],[108.83781583,24.75055632,0],[108.8378251,24.75055945,0],[108.83783441,24.75056248,0],[108.83784376,24.75056542,0],[108.83785314,24.75056827,0],[108.83786255,24.75057103,0],[108.83787199,24.75057369,0],[108.83788147,24.75057627,0],[108.83789097,24.75057877,0],[108.83790049,24.75058117,0],[108.83791005,24.7505835,0],[108.83791962,24.75058574,0],[108.83792922,24.7505879,0],[108.83793884,24.75058998,0],[108.83794848,24.75059199,0],[108.83795813,24.75059392,0],[108.83796781,24.75059578,0],[108.8379775,24.75059756,0],[108.8379872,24.75059927,0],[108.83799692,24.75060092,0],[108.83800665,24.7506025,0],[108.8380164,24.75060401,0],[108.83802616,24.75060546,0],[108.83803593,24.75060684,0],[108.8380457,24.75060817,0],[108.83805549,24.75060944,0],[108.83806529,24.75061065,0],[108.83807509,24.7506118,0],[108.8380849,24.75061291,0],[108.83809472,24.75061396,0],[108.83810454,24.75061496,0],[108.83811437,24.75061591,0],[108.83812421,24.75061682,0],[108.83813405,24.75061769,0],[108.83814389,24.75061851,0],[108.83815374,24.75061929,0],[108.83816359,24.75062003,0],[108.83817345,24.75062073,0],[108.83818331,24.7506214,0],[108.83819317,24.75062204,0],[108.83820303,24.75062264,0],[108.8382129,24.75062321,0],[108.83822276,24.75062376,0],[108.83823263,24.75062428,0],[108.8382425,24.75062478,0],[108.83825237,24.75062525,0],[108.83826225,24.7506257,0],[108.83827212,24.75062613,0],[108.838282,24.75062655,0],[108.83829187,24.75062695,0],[108.83830175,24.75062734,0],[108.83831162,24.75062771,0],[108.8383215,24.75062808,0],[108.83833138,24.75062844,0],[108.83834126,24.75062879,0],[108.83835113,24.75062914,0],[108.83836101,24.75062948,0],[108.83836465,24.75062961,0],[108.83837453,24.75062995,0],[108.8383844,24.7506303,0],[108.83839428,24.75063064,0],[108.83840416,24.75063099,0],[108.83841404,24.75063133,0],[108.83842392,24.75063168,0],[108.83843379,24.75063202,0],[108.83844367,24.75063237,0],[108.83845355,24.75063271,0],[108.83846343,24.75063306,0],[108.83847331,24.75063341,0],[108.83848318,24.75063376,0],[108.83849306,24.7506341,0],[108.83850294,24.75063445,0],[108.83851282,24.7506348,0],[108.8385227,24.75063515,0],[108.83853257,24.75063551,0],[108.83854245,24.75063586,0],[108.83855233,24.75063621,0],[108.83856221,24.75063657,0],[108.83857208,24.75063692,0],[108.83858196,24.75063728,0],[108.83859184,24.75063764,0],[108.83860172,24.750638,0],[108.83861159,24.75063836,0],[108.83862147,24.75063872,0],[108.83863135,24.75063909,0],[108.83864123,24.75063945,0],[108.8386511,24.75063982,0],[108.83866098,24.75064019,0],[108.83867086,24.75064056,0],[108.83868073,24.75064093,0],[108.83869061,24.7506413,0],[108.83870049,24.75064168,0],[108.83871036,24.75064206,0],[108.83872024,24.75064244,0],[108.83873012,24.75064282,0],[108.83873999,24.7506432,0],[108.83874987,24.75064359,0],[108.83875975,24.75064398,0],[108.83876962,24.75064437,0],[108.8387795,24.75064476,0],[108.83878938,24.75064515,0],[108.83879925,24.75064555,0],[108.83880912,24.75064595,0],[108.838819,24.75064635,0],[108.83882888,24.75064676,0],[108.83883875,24.75064716,0],[108.83884863,24.75064757,0],[108.8388585,24.75064799,0],[108.83886838,24.7506484,0],[108.83887825,24.75064882,0],[108.83888812,24.75064924,0],[108.838898,24.75064967,0],[108.83890787,24.7506501,0],[108.83891775,24.75065053,0],[108.83892762,24.75065096,0],[108.83893749,24.7506514,0],[108.83894737,24.75065184,0],[108.83895658,24.75065225,0]]}},{"type":"Feature","id":"route_center-7-1","properties":{"name":"zhix_24004","sourceLayer":"道路中间线","sourceFile":"道路中间线.kml","originalPlacemarkIndex":6,"chainIndex":0,"stroke":"#dffbff","stroke-opacity":0.96,"stroke-width":3.2},"geometry":{"type":"LineString","coordinates":[[108.83685491,24.74982544,0],[108.83685924,24.74982167,0],[108.83686639,24.74981544,0],[108.83687354,24.7498092,0],[108.83688068,24.74980296,0],[108.83688782,24.74979671,0],[108.83689495,24.74979046,0],[108.83690208,24.74978421,0],[108.8369092,24.74977795,0],[108.83691632,24.74977169,0],[108.83692343,24.74976542,0],[108.83693055,24.74975915,0],[108.83693766,24.74975288,0],[108.83694476,24.7497466,0],[108.83695186,24.74974033,0],[108.83695896,24.74973404,0],[108.83696606,24.74972776,0],[108.83697316,24.74972148,0],[108.83698025,24.74971519,0],[108.83698734,24.7497089,0],[108.83699443,24.74970261,0],[108.83700152,24.74969632,0],[108.8370086,24.74969002,0],[108.83701569,24.74968373,0],[108.83702277,24.74967743,0],[108.83702986,24.74967114,0],[108.83703694,24.74966484,0],[108.83704401,24.74965856,0],[108.83705109,24.74965226,0],[108.83705818,24.74964596,0],[108.83706526,24.74963967,0],[108.83707235,24.74963338,0],[108.83707945,24.74962709,0],[108.83708654,24.74962081,0],[108.83709364,24.74961453,0],[108.83710075,24.74960825,0],[108.83710786,24.74960198,0],[108.83711499,24.74959572,0],[108.83712212,24.74958947,0],[108.83712926,24.74958323,0],[108.8371364,24.74957699,0],[108.83714357,24.74957077,0],[108.83715074,24.74956456,0],[108.83715792,24.74955836,0],[108.83716512,24.74955217,0],[108.83717233,24.749546,0],[108.83717956,24.74953984,0],[108.8371868,24.7495337,0],[108.83719406,24.74952757,0],[108.83720134,24.74952146,0],[108.83720864,24.74951537,0],[108.83721595,24.7495093,0],[108.83722328,24.74950324,0],[108.83723064,24.74949721,0],[108.83723801,24.7494912,0],[108.83724541,24.74948521,0],[108.83725283,24.74947925,0],[108.83726027,24.74947331,0],[108.83726774,24.74946739,0],[108.83727523,24.7494615,0],[108.83728275,24.74945564,0],[108.8372903,24.74944981,0],[108.83729787,24.749444,0],[108.83730546,24.74943823,0],[108.83731309,24.74943249,0],[108.83732074,24.74942677,0],[108.83732843,24.74942109,0],[108.83733614,24.74941545,0],[108.83734389,24.74940984,0],[108.83735166,24.74940426,0],[108.83735947,24.74939873,0],[108.83736731,24.74939323,0],[108.83737518,24.74938777,0],[108.83738308,24.74938234,0],[108.83739102,24.74937696,0],[108.83739899,24.74937163,0],[108.837407,24.74936633,0],[108.83741504,24.74936108,0],[108.83742312,24.74935588,0],[108.83743123,24.74935072,0],[108.83743938,24.74934561,0],[108.83744756,24.74934055,0],[108.83745578,24.74933554,0],[108.83746404,24.74933058,0],[108.83747234,24.74932567,0],[108.83748067,24.74932081,0],[108.83748904,24.74931601,0],[108.83749745,24.74931127,0],[108.8375059,24.74930658,0],[108.83751439,24.74930195,0],[108.83752291,24.74929738,0],[108.83753148,24.74929287,0],[108.83754008,24.74928842,0],[108.83754872,24.74928404,0],[108.8375574,24.74927972,0],[108.83756175,24.74927759,0],[108.83761735,24.74925251,0],[108.83767432,24.74923011,0],[108.83773252,24.74921044,0],[108.83779177,24.74919356,0],[108.83785192,24.74917953,0],[108.83791281,24.74916836,0],[108.83797427,24.7491601,0],[108.83803612,24.74915478,0],[108.8380982,24.74915239,0],[108.83816035,24.74915295,0],[108.83822238,24.74915646,0],[108.83828413,24.74916292,0],[108.83834543,24.74917229,0],[108.83840611,24.74918455,0],[108.838466,24.74919968,0],[108.83852495,24.74921763,0],[108.83858279,24.74923835,0],[108.83863935,24.74926178,0],[108.8386945,24.74928786,0],[108.83874806,24.74931652,0],[108.83879991,24.74934768,0],[108.83884989,24.74938126,0],[108.83889787,24.74941715,0],[108.83894372,24.74945528,0],[108.83898731,24.74949552,0],[108.83902852,24.74953777,0],[108.83906724,24.74958191,0],[108.83910336,24.74962782,0],[108.83913679,24.74967539,0],[108.83916743,24.74972446,0],[108.83919519,24.74977492,0],[108.83922002,24.74982663,0],[108.83924182,24.74987943,0],[108.83926055,24.74993319,0],[108.83927615,24.74998776,0],[108.83928858,24.75004299,0],[108.83929507,24.75007992,0],[108.83929507,24.75007992,0],[108.83929642,24.75008886,0],[108.8392977,24.75009781,0],[108.8392989,24.75010677,0],[108.83930001,24.75011574,0],[108.83930105,24.75012472,0],[108.83930202,24.7501337,0],[108.8393029,24.75014269,0],[108.83930372,24.75015169,0],[108.83930445,24.75016069,0],[108.83930512,24.7501697,0],[108.83930572,24.75017871,0],[108.83930624,24.75018772,0],[108.83930669,24.75019674,0],[108.83930708,24.75020576,0],[108.8393074,24.75021478,0],[108.83930765,24.75022381,0],[108.83930783,24.75023283,0],[108.83930795,24.75024186,0],[108.83930801,24.75025089,0],[108.83930801,24.75025991,0],[108.83930794,24.75026894,0],[108.83930782,24.75027797,0],[108.83930763,24.75028699,0],[108.83930739,24.75029602,0],[108.83930709,24.75030504,0],[108.83930673,24.75031406,0],[108.83930632,24.75032308,0],[108.83930585,24.7503321,0],[108.83930533,24.75034111,0],[108.83930476,24.75035012,0],[108.83930414,24.75035913,0],[108.83930347,24.75036814,0],[108.83930275,24.75037714,0],[108.83930198,24.75038614,0],[108.83930117,24.75039514,0],[108.83930031,24.75040413,0],[108.8392994,24.75041312,0],[108.83929846,24.75042211,0],[108.83929747,24.75043109,0],[108.83929644,24.75044007,0],[108.83929537,24.75044904,0],[108.83929426,24.75045801,0],[108.83929311,24.75046698,0],[108.83929192,24.75047594,0],[108.8392907,24.7504849,0],[108.83928945,24.75049385,0],[108.83928816,24.7505028,0],[108.83928684,24.75051175,0],[108.83928548,24.75052069,0],[108.8392841,24.75052963,0],[108.83928269,24.75053856,0],[108.83928124,24.75054749,0],[108.83927977,24.75055642,0],[108.83927828,24.75056534,0],[108.83927676,24.75057426,0],[108.83927521,24.75058318,0],[108.83927364,24.75059209,0],[108.83927205,24.750601,0],[108.83927044,24.75060991,0],[108.83926881,24.75061881,0],[108.83926716,24.75062771,0],[108.83926549,24.75063661,0],[108.8392638,24.7506455,0],[108.8392621,24.75065439,0],[108.83926038,24.75066328,0],[108.83925865,24.75067217,0],[108.83925691,24.75068106,0],[108.83925515,24.75068994,0],[108.83925338,24.75069882,0],[108.83925161,24.7507077,0],[108.83924982,24.75071658,0],[108.83924803,24.75072546,0],[108.83924623,24.75073433,0],[108.83924443,24.75074321,0],[108.83924262,24.75075208,0],[108.8392408,24.75076096,0],[108.83923899,24.75076983,0],[108.83923717,24.75077871,0],[108.83923643,24.75078233,0],[108.83923461,24.7507912,0],[108.83923279,24.75080008,0],[108.83923098,24.75080895,0],[108.83922916,24.75081782,0],[108.83922735,24.7508267,0],[108.83922553,24.75083557,0],[108.83922372,24.75084444,0],[108.83922191,24.75085332,0],[108.8392201,24.75086219,0],[108.8392183,24.75087107,0],[108.8392165,24.75087994,0],[108.8392147,24.75088882,0],[108.8392129,24.7508977,0],[108.83921111,24.75090657,0],[108.83920932,24.75091545,0],[108.83920753,24.75092433,0],[108.83920575,24.75093321,0],[108.83920397,24.75094209,0],[108.8392022,24.75095097,0],[108.83920043,24.75095985,0],[108.83919866,24.75096873,0],[108.83919691,24.75097762,0],[108.83919516,24.7509865,0],[108.83919341,24.75099539,0],[108.83919167,24.75100427,0],[108.83918994,24.75101316,0],[108.83918821,24.75102205,0],[108.83918649,24.75103094,0],[108.83918478,24.75103983,0],[108.83918307,24.75104872,0],[108.83918138,24.75105761,0],[108.83917969,24.75106651,0],[108.83917801,24.7510754,0],[108.83917633,24.7510843,0],[108.83917467,24.7510932,0],[108.83917302,24.7511021,0],[108.83917137,24.751111,0],[108.83916974,24.7511199,0],[108.83916811,24.75112881,0],[108.83916649,24.75113771,0],[108.83916489,24.75114662,0],[108.8391633,24.75115553,0],[108.83916171,24.75116444,0],[108.83916014,24.75117335,0],[108.83915858,24.75118226,0],[108.83915703,24.75119118,0],[108.83915549,24.7512001,0],[108.83915397,24.75120902,0],[108.83915245,24.75121794,0],[108.83915095,24.75122686,0],[108.83914947,24.75123578,0],[108.83914799,24.75124471,0],[108.83914653,24.75125364,0],[108.83914509,24.75126257,0],[108.83914373,24.75127099,0],[108.83914373,24.75127099,0],[108.83911437,24.75147936,0],[108.83908445,24.75180194,0],[108.83908388,24.75181095,0],[108.83908332,24.75181997,0],[108.83908278,24.75182898,0],[108.83908225,24.75183799,0],[108.83908174,24.75184701,0],[108.83908123,24.75185602,0],[108.83908075,24.75186504,0],[108.83908027,24.75187406,0],[108.83907981,24.75188307,0],[108.83907936,24.75189209,0],[108.83907892,24.75190111,0],[108.8390785,24.75191013,0],[108.83907808,24.75191915,0],[108.83907768,24.75192817,0],[108.83907729,24.75193719,0],[108.83907691,24.75194621,0],[108.83907655,24.75195523,0],[108.83907619,24.75196425,0],[108.83907584,24.75197327,0],[108.83907551,24.75198229,0],[108.83907518,24.75199132,0],[108.83907487,24.75200034,0],[108.83907456,24.75200936,0],[108.83907427,24.75201838,0],[108.83907398,24.75202741,0],[108.83907371,24.75203643,0],[108.83907344,24.75204545,0],[108.83907318,24.75205448,0],[108.83907293,24.7520635,0],[108.83907269,24.75207253,0],[108.83907246,24.75208155,0],[108.83907224,24.75209058,0],[108.83907202,24.7520996,0],[108.83907181,24.75210863,0],[108.83907161,24.75211765,0],[108.83907141,24.75212668,0],[108.83907123,24.7521357,0],[108.83907105,24.75214473,0],[108.83907087,24.75215375,0],[108.83907071,24.75216278,0],[108.83907055,24.7521718,0],[108.83907039,24.75218083,0],[108.83907024,24.75218986,0],[108.8390701,24.75219888,0],[108.83906996,24.75220791,0],[108.83906983,24.75221694,0],[108.8390697,24.75222596,0],[108.83906958,24.75223499,0],[108.83906946,24.75224401,0],[108.83906935,24.75225304,0],[108.83906924,24.75226207,0],[108.83906913,24.75227109,0],[108.83906903,24.75228012,0],[108.83906893,24.75228915,0],[108.83906884,24.75229817,0],[108.83906875,24.7523072,0],[108.83906866,24.75231623,0],[108.83906857,24.75232525,0],[108.83906849,24.75233428,0],[108.83906841,24.75234331,0],[108.83906833,24.75235233,0],[108.83906825,24.75236136,0],[108.83906818,24.75237039,0],[108.83906811,24.75237942,0],[108.83906803,24.75238844,0],[108.83906796,24.75239747,0],[108.83906789,24.7524065,0],[108.83906782,24.75241552,0],[108.83906776,24.75242455,0],[108.83906769,24.75243358,0],[108.83906764,24.75243951,0]]}},{"type":"Feature","id":"route_center-8-1","properties":{"name":"zhix_24322","sourceLayer":"道路中间线","sourceFile":"道路中间线.kml","originalPlacemarkIndex":7,"chainIndex":0,"stroke":"#dffbff","stroke-opacity":0.96,"stroke-width":3.2},"geometry":{"type":"LineString","coordinates":[[108.84473418,24.75084694,0],[108.84414911,24.75093566,0],[108.84414911,24.75093566,0],[108.84413933,24.75093698,0],[108.84412955,24.75093829,0],[108.84411977,24.7509396,0],[108.84410999,24.75094091,0],[108.8441002,24.75094221,0],[108.84409042,24.7509435,0],[108.84408064,24.75094479,0],[108.84407085,24.75094608,0],[108.84406107,24.75094736,0],[108.84405128,24.75094863,0],[108.84404149,24.75094991,0],[108.84403171,24.75095117,0],[108.84402192,24.75095244,0],[108.84401213,24.7509537,0],[108.84400234,24.75095495,0],[108.84399255,24.7509562,0],[108.84398276,24.75095745,0],[108.84397297,24.7509587,0],[108.84396318,24.75095994,0],[108.84395339,24.75096117,0],[108.84394359,24.7509624,0],[108.8439338,24.75096363,0],[108.84392401,24.75096486,0],[108.84391421,24.75096608,0],[108.84390442,24.7509673,0],[108.84389462,24.75096852,0],[108.84388483,24.75096973,0],[108.84387503,24.75097094,0],[108.84386524,24.75097215,0],[108.84385544,24.75097335,0],[108.84384564,24.75097456,0],[108.84383584,24.75097576,0],[108.84382605,24.75097695,0],[108.84381625,24.75097815,0],[108.84380645,24.75097934,0],[108.84379665,24.75098053,0],[108.84378685,24.75098172,0],[108.84377705,24.7509829,0],[108.84376725,24.75098409,0],[108.84375745,24.75098527,0],[108.84374765,24.75098645,0],[108.84373785,24.75098763,0],[108.84372805,24.7509888,0],[108.84371825,24.75098998,0],[108.84370845,24.75099115,0],[108.84369864,24.75099232,0],[108.84368884,24.75099349,0],[108.84367904,24.75099466,0],[108.84366924,24.75099583,0],[108.84365944,24.750997,0],[108.84364963,24.75099816,0],[108.84363983,24.75099933,0],[108.84363003,24.75100049,0],[108.84362023,24.75100166,0],[108.84361042,24.75100282,0],[108.84360062,24.75100398,0],[108.84359082,24.75100514,0],[108.84358101,24.75100631,0],[108.84357121,24.75100747,0],[108.84356141,24.75100863,0],[108.8435516,24.75100979,0],[108.84354398,24.75101069,0],[108.84216137,24.75117438,0],[108.84215156,24.75117554,0],[108.84214176,24.7511767,0],[108.84213196,24.75117787,0],[108.84212216,24.75117903,0],[108.84211235,24.7511802,0],[108.84210255,24.75118138,0],[108.84209275,24.75118256,0],[108.84208295,24.75118375,0],[108.84207315,24.75118494,0],[108.84206336,24.75118615,0],[108.84205356,24.75118737,0],[108.84204377,24.75118859,0],[108.84203398,24.75118983,0],[108.84202419,24.75119108,0],[108.8420144,24.75119235,0],[108.84200461,24.75119363,0],[108.84199483,24.75119492,0],[108.84198505,24.75119623,0],[108.84197527,24.75119756,0],[108.8419655,24.75119891,0],[108.84195573,24.75120028,0],[108.84194596,24.75120167,0],[108.8419362,24.75120308,0],[108.84192644,24.75120452,0],[108.84191668,24.75120597,0],[108.84190693,24.75120745,0],[108.84189718,24.75120896,0],[108.84188744,24.7512105,0],[108.84187771,24.75121206,0],[108.84186798,24.75121365,0],[108.84185825,24.75121527,0],[108.84184853,24.75121692,0],[108.84183882,24.7512186,0],[108.84182911,24.75122032,0],[108.84181942,24.75122207,0],[108.84180973,24.75122385,0],[108.84180004,24.75122567,0],[108.84179037,24.75122752,0],[108.8417807,24.75122941,0],[108.84177105,24.75123134,0],[108.8417614,24.75123331,0],[108.84175176,24.75123532,0],[108.84174213,24.75123737,0],[108.84173252,24.75123946,0],[108.84172291,24.75124159,0],[108.84171332,24.75124377,0],[108.84170374,24.75124599,0],[108.84169417,24.75124826,0],[108.84168461,24.75125057,0],[108.84167507,24.75125293,0],[108.84166555,24.75125534,0],[108.84165603,24.7512578,0],[108.84164654,24.75126031,0],[108.8416457,24.75126053,0],[108.8416457,24.75126053,0],[108.84162747,24.75126553,0],[108.84154397,24.75129105,0],[108.84146207,24.7513205,0],[108.84138199,24.7513538,0],[108.84130395,24.75139087,0],[108.84122816,24.75143158,0],[108.84115484,24.75147584,0],[108.84114676,24.75148104,0],[108.84113871,24.75148628,0],[108.84113069,24.75149156,0],[108.84112271,24.75149688,0],[108.84111475,24.75150224,0],[108.84110683,24.75150765,0],[108.84109894,24.75151308,0],[108.84109108,24.75151856,0],[108.84108326,24.75152407,0],[108.84107546,24.75152962,0],[108.84106769,24.7515352,0],[108.84105995,24.75154082,0],[108.84105224,24.75154647,0],[108.84104456,24.75155215,0],[108.84103691,24.75155787,0],[108.84102928,24.75156361,0],[108.84102168,24.75156938,0],[108.84101411,24.75157519,0],[108.84100656,24.75158102,0],[108.84099904,24.75158688,0],[108.84099155,24.75159276,0],[108.84098407,24.75159867,0],[108.84097663,24.75160461,0],[108.8409692,24.75161057,0],[108.8409618,24.75161655,0],[108.84095442,24.75162256,0],[108.84094706,24.75162859,0],[108.84093973,24.75163464,0],[108.84093241,24.75164071,0],[108.84092511,24.7516468,0],[108.84091784,24.75165291,0],[108.84091058,24.75165903,0],[108.84090334,24.75166518,0],[108.84089611,24.75167134,0],[108.84088891,24.75167752,0],[108.84088172,24.75168372,0],[108.84087454,24.75168993,0],[108.84086738,24.75169615,0],[108.84086024,24.75170239,0],[108.84085311,24.75170864,0],[108.84084599,24.7517149,0],[108.84083888,24.75172118,0],[108.84083179,24.75172746,0],[108.8408247,24.75173376,0],[108.84081763,24.75174006,0],[108.84081056,24.75174638,0],[108.84080351,24.7517527,0],[108.84079646,24.75175903,0],[108.84078942,24.75176537,0],[108.84078239,24.75177171,0],[108.84077536,24.75177806,0],[108.84076834,24.75178441,0],[108.84076132,24.75179077,0],[108.84075431,24.75179713,0],[108.8407473,24.7518035,0],[108.84074029,24.75180987,0],[108.84073329,24.75181624,0],[108.84072628,24.75182261,0],[108.84072051,24.75182785,0],[108.84071351,24.75183423,0],[108.84070651,24.7518406,0],[108.8406995,24.75184696,0],[108.84069249,24.75185333,0],[108.84068548,24.7518597,0],[108.84067847,24.75186606,0],[108.84067145,24.75187241,0],[108.84066442,24.75187876,0],[108.84065739,24.75188511,0],[108.84065036,24.75189145,0],[108.84064331,24.75189778,0],[108.84063626,24.7519041,0],[108.84062919,24.75191042,0],[108.84062212,24.75191673,0],[108.84061504,24.75192302,0],[108.84060794,24.75192931,0],[108.84060083,24.75193558,0],[108.84059371,24.75194184,0],[108.84058658,24.75194809,0],[108.84057943,24.75195433,0],[108.84057227,24.75196055,0],[108.84056509,24.75196675,0],[108.84055789,24.75197294,0],[108.84055068,24.75197912,0],[108.84054345,24.75198527,0],[108.8405362,24.75199141,0],[108.84052893,24.75199753,0],[108.84052164,24.75200362,0],[108.84051433,24.7520097,0],[108.840507,24.75201576,0],[108.84049965,24.75202179,0],[108.84049227,24.7520278,0],[108.84048487,24.75203379,0]]}},{"type":"Feature","id":"route_center-9-1","properties":{"name":"zhix_24545","sourceLayer":"道路中间线","sourceFile":"道路中间线.kml","originalPlacemarkIndex":8,"chainIndex":0,"stroke":"#dffbff","stroke-opacity":0.96,"stroke-width":3.2},"geometry":{"type":"LineString","coordinates":[[108.84225,24.75117982,0],[108.84224019,24.75118098,0],[108.84223039,24.75118214,0],[108.84222059,24.7511833,0],[108.84221078,24.75118447,0],[108.84220098,24.75118564,0],[108.84219118,24.75118682,0],[108.84218138,24.751188,0],[108.84217158,24.7511892,0],[108.84216179,24.7511904,0],[108.84215199,24.75119161,0],[108.8421422,24.75119283,0],[108.8421324,24.75119406,0],[108.84212261,24.75119531,0],[108.84211282,24.75119657,0],[108.84210304,24.75119785,0],[108.84209325,24.75119914,0],[108.84208347,24.75120045,0],[108.8420737,24.75120178,0],[108.84206392,24.75120313,0],[108.84205415,24.7512045,0],[108.84204438,24.75120589,0],[108.84203462,24.75120731,0],[108.84202486,24.75120875,0],[108.84201511,24.75121021,0],[108.84200536,24.7512117,0],[108.84199561,24.75121322,0],[108.84198588,24.75121477,0],[108.84197614,24.75121635,0],[108.84196642,24.75121796,0],[108.84195669,24.75121959,0],[108.84194698,24.75122127,0],[108.84193727,24.75122297,0],[108.84192757,24.75122472,0],[108.84191788,24.75122649,0],[108.8419082,24.75122831,0],[108.84189852,24.75123016,0],[108.84188886,24.75123205,0],[108.8418792,24.75123398,0],[108.84186956,24.75123596,0],[108.84185992,24.75123797,0],[108.8418503,24.75124003,0],[108.84184068,24.75124214,0],[108.84183108,24.75124429,0],[108.84182149,24.75124648,0],[108.84181192,24.75124873,0],[108.84180236,24.75125102,0],[108.84179281,24.75125336,0],[108.84178328,24.75125575,0],[108.84177376,24.7512582,0],[108.84176426,24.75126069,0],[108.84175833,24.75126228,0],[108.84175833,24.75126228,0],[108.84169487,24.75128076,0],[108.8416172,24.75130712,0],[108.84154116,24.75133712,0],[108.84146696,24.7513707,0],[108.84139481,24.75140776,0],[108.84132491,24.75144819,0],[108.84125744,24.75149189,0],[108.84124955,24.75149733,0],[108.84124169,24.75150281,0],[108.84123388,24.75150834,0],[108.84122609,24.7515139,0],[108.84121835,24.75151951,0],[108.84121063,24.75152516,0],[108.84120296,24.75153084,0],[108.84119531,24.75153657,0],[108.8411877,24.75154233,0],[108.84118012,24.75154812,0],[108.84117257,24.75155395,0],[108.84116506,24.75155982,0],[108.84115757,24.75156571,0],[108.84115012,24.75157164,0],[108.84114269,24.7515776,0],[108.8411353,24.75158359,0],[108.84112793,24.75158961,0],[108.84112059,24.75159565,0],[108.84111327,24.75160172,0],[108.84110599,24.75160782,0],[108.84109872,24.75161395,0],[108.84109148,24.75162009,0],[108.84108427,24.75162627,0],[108.84107708,24.75163246,0],[108.84106991,24.75163867,0],[108.84106276,24.75164491,0],[108.84105563,24.75165117,0],[108.84104853,24.75165744,0],[108.84104144,24.75166373,0],[108.84103437,24.75167004,0],[108.84102732,24.75167637,0],[108.84102028,24.75168271,0],[108.84101327,24.75168907,0],[108.84100626,24.75169544,0],[108.84099927,24.75170182,0],[108.8409923,24.75170822,0],[108.84098533,24.75171463,0],[108.84097838,24.75172104,0],[108.84097144,24.75172747,0],[108.84096451,24.75173391,0],[108.84095759,24.75174035,0],[108.84095068,24.75174681,0],[108.84094377,24.75175327,0],[108.84093687,24.75175973,0],[108.84092998,24.7517662,0],[108.84092309,24.75177268,0],[108.84091621,24.75177916,0],[108.84090933,24.75178564,0],[108.84090245,24.75179212,0],[108.84089557,24.75179861,0],[108.84089128,24.75180266,0],[108.83986136,24.75277404,0],[108.83985448,24.75278052,0],[108.83984761,24.75278701,0],[108.83984073,24.75279349,0],[108.83983386,24.75279998,0],[108.83982699,24.75280648,0],[108.83982013,24.75281297,0],[108.83981327,24.75281947,0],[108.83980641,24.75282597,0],[108.83979956,24.75283248,0],[108.83979272,24.752839,0],[108.83978589,24.75284552,0],[108.83977906,24.75285205,0],[108.83977224,24.75285859,0],[108.83976544,24.75286513,0],[108.83975864,24.75287169,0],[108.83975186,24.75287825,0],[108.83974508,24.75288483,0],[108.83973832,24.75289142,0],[108.83973158,24.75289802,0],[108.83972485,24.75290463,0],[108.83971813,24.75291125,0],[108.83971143,24.75291789,0],[108.83970475,24.75292454,0],[108.83969808,24.75293121,0],[108.83969144,24.75293789,0],[108.83968481,24.75294459,0],[108.8396782,24.7529513,0],[108.83967162,24.75295803,0],[108.83966505,24.75296478,0],[108.83965851,24.75297155,0],[108.839652,24.75297834,0],[108.8396455,24.75298515,0],[108.83963904,24.75299198,0],[108.8396326,24.75299882,0],[108.83962618,24.75300569,0],[108.8396198,24.75301258,0],[108.83961344,24.7530195,0],[108.83960711,24.75302643,0],[108.83960082,24.75303339,0],[108.83959455,24.75304038,0],[108.83958832,24.75304738,0],[108.83958212,24.75305442,0],[108.83957596,24.75306147,0],[108.83956983,24.75306856,0],[108.83956374,24.75307566,0],[108.83955768,24.7530828,0],[108.83955167,24.75308996,0],[108.83954569,24.75309715,0],[108.83953975,24.75310437,0],[108.83953386,24.75311162,0],[108.83952882,24.75311787,0],[108.83952882,24.75311787,0],[108.83950855,24.75314363,0],[108.83945549,24.75321646,0],[108.8394067,24.75329171,0],[108.83936233,24.75336918,0],[108.8393225,24.75344866,0],[108.83928732,24.75352993,0],[108.83928394,24.75353842,0],[108.83928062,24.75354692,0],[108.83927734,24.75355544,0],[108.83927411,24.75356397,0],[108.83927093,24.75357251,0],[108.83926779,24.75358107,0],[108.8392647,24.75358965,0],[108.83926166,24.75359824,0],[108.83925865,24.75360684,0],[108.83925569,24.75361545,0],[108.83925277,24.75362407,0],[108.83924989,24.75363271,0],[108.83924706,24.75364136,0],[108.83924426,24.75365001,0],[108.83924149,24.75365868,0],[108.83923877,24.75366736,0],[108.83923608,24.75367605,0],[108.83923343,24.75368474,0],[108.83923081,24.75369345,0],[108.83922822,24.75370216,0],[108.83922567,24.75371088,0],[108.83922315,24.75371961,0],[108.83922066,24.75372835,0],[108.8392182,24.75373709,0],[108.83921576,24.75374584,0],[108.83921336,24.75375459,0],[108.83921098,24.75376336,0],[108.83920863,24.75377212,0],[108.8392063,24.7537809,0],[108.839204,24.75378968,0],[108.83920172,24.75379846,0],[108.83919946,24.75380725,0],[108.83919723,24.75381604,0],[108.83919501,24.75382484,0],[108.83919282,24.75383364,0],[108.83919064,24.75384245,0],[108.83918848,24.75385125,0],[108.83918633,24.75386007,0],[108.83918421,24.75386888,0],[108.83918209,24.7538777,0],[108.83917999,24.75388652,0],[108.8391779,24.75389534,0],[108.83917583,24.75390417,0],[108.83917376,24.753913,0],[108.83917171,24.75392183,0],[108.83916966,24.75393066,0],[108.83916762,24.75393949,0],[108.83916559,24.75394833,0],[108.83916356,24.75395716,0],[108.83916154,24.753966,0],[108.83915952,24.75397484,0],[108.83915751,24.75398367,0],[108.83915724,24.75398483,0],[108.83915724,24.75398483,0],[108.8387563,24.75595465,0],[108.83875471,24.75596356,0],[108.83875311,24.75597247,0],[108.83875152,24.75598138,0],[108.83874992,24.75599028,0],[108.83874833,24.75599919,0],[108.83874674,24.7560081,0],[108.83874516,24.75601701,0],[108.83874357,24.75602592,0],[108.83874199,24.75603483,0],[108.83874041,24.75604375,0],[108.83873883,24.75605266,0],[108.83873725,24.75606157,0],[108.83873568,24.75607048,0],[108.8387341,24.75607939,0],[108.83873253,24.7560883,0],[108.83873096,24.75609722,0],[108.83872939,24.75610613,0],[108.83872782,24.75611504,0],[108.83872626,24.75612395,0],[108.83872469,24.75613287,0],[108.83872313,24.75614178,0],[108.83872157,24.7561507,0],[108.83872001,24.75615961,0],[108.83871845,24.75616852,0],[108.8387169,24.75617744,0],[108.83871534,24.75618635,0],[108.83871379,24.75619527,0],[108.83871224,24.75620418,0],[108.83871069,24.7562131,0],[108.83870914,24.75622201,0],[108.83870759,24.75623093,0],[108.83870605,24.75623985,0],[108.83870451,24.75624876,0],[108.83870296,24.75625768,0],[108.83870142,24.7562666,0],[108.83869989,24.75627551,0],[108.83869835,24.75628443,0],[108.83869681,24.75629335,0],[108.83869528,24.75630227,0],[108.83869375,24.75631118,0],[108.83869221,24.7563201,0],[108.83869068,24.75632902,0],[108.83868916,24.75633794,0],[108.83868763,24.75634686,0],[108.8386861,24.75635578,0],[108.83868458,24.7563647,0],[108.83868306,24.75637362,0],[108.83868153,24.75638254,0],[108.83868001,24.75639145,0],[108.8386785,24.75640037,0],[108.83867698,24.75640929,0],[108.83867546,24.75641822,0],[108.83867395,24.75642714,0],[108.83867243,24.75643606,0],[108.83867092,24.75644498,0],[108.83866941,24.7564539,0],[108.8386679,24.75646282,0],[108.83866639,24.75647174,0],[108.83866489,24.75648066,0],[108.83866338,24.75648958,0],[108.83866188,24.75649851,0],[108.83866037,24.75650743,0],[108.83865887,24.75651635,0],[108.83865737,24.75652527,0],[108.83865587,24.7565342,0],[108.83865437,24.75654312,0],[108.83865288,24.75655204,0],[108.83865138,24.75656096,0],[108.83864989,24.75656989,0],[108.83864839,24.75657881,0],[108.8386469,24.75658773,0],[108.83864541,24.75659666,0],[108.83864392,24.75660558,0],[108.83864243,24.75661451,0],[108.83864094,24.75662343,0],[108.83863945,24.75663236,0],[108.83863797,24.75664128,0],[108.83863648,24.7566502,0],[108.838635,24.75665913,0],[108.83863352,24.75666805,0],[108.83863203,24.75667698,0],[108.83863055,24.7566859,0],[108.83862907,24.75669483,0],[108.83862759,24.75670376,0],[108.83862612,24.75671268,0],[108.83862464,24.75672161,0],[108.83862316,24.75673053,0],[108.83862169,24.75673946,0],[108.83862021,24.75674838,0],[108.83861874,24.75675731,0],[108.83861727,24.75676624,0],[108.8386158,24.75677516,0],[108.83861433,24.75678409,0],[108.83861286,24.75679302,0],[108.83861139,24.75680194,0],[108.83861036,24.75680823,0]]}},{"type":"Feature","id":"route_center-10-1","properties":{"name":"zhix_46467","sourceLayer":"道路中间线","sourceFile":"道路中间线.kml","originalPlacemarkIndex":9,"chainIndex":0,"stroke":"#dffbff","stroke-opacity":0.96,"stroke-width":3.2},"geometry":{"type":"LineString","coordinates":[[108.8445266,24.75103261,0],[108.84439512,24.75104186,0],[108.84439512,24.75104186,0],[108.84438619,24.75104254,0],[108.8443502,24.75104639,0],[108.84431448,24.75105194,0],[108.84427913,24.75105918,0],[108.84424426,24.75106808,0],[108.84412613,24.75110136,0],[108.84409126,24.75111027,0],[108.84405591,24.75111751,0],[108.84402019,24.75112306,0],[108.8439842,24.7511269,0],[108.84398196,24.75112709,0],[108.84398196,24.75112709,0],[108.84362667,24.75115525,0],[108.84354918,24.75115952,0],[108.84347155,24.7511601,0],[108.84345969,24.75115987,0],[108.84345969,24.75115987,0],[108.8432553,24.75115499,0],[108.8432553,24.75115499,0],[108.8432531,24.75115494,0],[108.84321687,24.75115507,0],[108.8431807,24.75115691,0],[108.84314468,24.75116047,0],[108.84310893,24.75116573,0],[108.84299672,24.75118506,0],[108.84293541,24.7511941,0],[108.84287367,24.75120022,0],[108.84286172,24.75120106,0],[108.84286172,24.75120106,0],[108.84272411,24.75121009,0],[108.84272411,24.75121009,0],[108.84266431,24.75121501,0],[108.84257711,24.75122571,0],[108.84249066,24.75124054,0],[108.84233585,24.75127098,0],[108.84233585,24.75127098,0],[108.84232095,24.7512743,0],[108.84230606,24.75127836,0],[108.84229142,24.75128313,0],[108.84227708,24.75128859,0],[108.84226307,24.75129473,0],[108.84224944,24.75130152,0],[108.84223622,24.75130894,0],[108.84222345,24.75131699,0],[108.84221117,24.75132563,0],[108.8421994,24.75133484,0],[108.84218818,24.7513446,0],[108.84214805,24.75138138,0]]}},{"type":"Feature","id":"route_center-11-1","properties":{"name":"zhix_50340","sourceLayer":"道路中间线","sourceFile":"道路中间线.kml","originalPlacemarkIndex":10,"chainIndex":0,"stroke":"#dffbff","stroke-opacity":0.96,"stroke-width":3.2},"geometry":{"type":"LineString","coordinates":[[108.83784324,24.75205646,0],[108.83784457,24.75196611,0],[108.83784506,24.7519543,0],[108.83784623,24.75194254,0],[108.83784808,24.75193085,0],[108.8378506,24.75191926,0],[108.83785379,24.75190781,0],[108.83785763,24.75189653,0],[108.83786212,24.75188545,0],[108.83786724,24.75187459,0],[108.83787298,24.751864,0],[108.83787933,24.75185369,0],[108.83788493,24.75184553,0],[108.83788493,24.75184553,0],[108.83796876,24.75172862,0],[108.83796876,24.75172862,0],[108.83797276,24.75172276,0],[108.83797652,24.75171656,0],[108.83797993,24.75171018,0],[108.83798295,24.75170365,0],[108.8379856,24.75169698,0],[108.83798786,24.7516902,0],[108.83798972,24.75168332,0],[108.83799118,24.75167635,0],[108.83799224,24.75166933,0],[108.8379929,24.75166227,0],[108.83799314,24.75165518,0],[108.83799297,24.7516481,0],[108.8379924,24.75164102,0],[108.83799142,24.75163399,0],[108.83799003,24.75162701,0],[108.83798824,24.7516201,0],[108.83798606,24.75161329,0],[108.83798349,24.75160659,0],[108.83798053,24.75160003,0],[108.8379772,24.75159361,0],[108.8379735,24.75158735,0],[108.8378986,24.75146745,0],[108.83789247,24.75145702,0],[108.83788694,24.75144633,0],[108.83788204,24.75143538,0],[108.83787778,24.75142422,0],[108.83787417,24.75141287,0],[108.83787121,24.75140137,0],[108.83786893,24.75138974,0],[108.83786731,24.75137803,0],[108.83786638,24.75136625,0],[108.83786613,24.75135445,0],[108.83786619,24.75135055,0],[108.83786619,24.75135055,0],[108.8378679,24.75128131,0]]}},{"type":"Feature","id":"route_center-12-1","properties":{"name":"zhix_78930","sourceLayer":"道路中间线","sourceFile":"道路中间线.kml","originalPlacemarkIndex":11,"chainIndex":0,"stroke":"#dffbff","stroke-opacity":0.96,"stroke-width":3.2},"geometry":{"type":"LineString","coordinates":[[108.73808067,24.4620494,0],[108.73857183,24.46288146,0],[108.73901452,24.46373583,0],[108.73940752,24.46461016,0],[108.73974976,24.46550206,0],[108.7400403,24.46640907,0],[108.74027834,24.46732871,0],[108.74046323,24.46825846,0],[108.74049301,24.46844054,0],[108.74049301,24.46844054,0]]}},{"type":"Feature","id":"route_center-12-2","properties":{"name":"zhix_78930","sourceLayer":"道路中间线","sourceFile":"道路中间线.kml","originalPlacemarkIndex":11,"chainIndex":1,"stroke":"#dffbff","stroke-opacity":0.96,"stroke-width":3.2},"geometry":{"type":"LineString","coordinates":[[108.74073291,24.470505,0],[108.74073205,24.47049601,0],[108.7407312,24.47048702,0],[108.74073034,24.47047802,0],[108.74072949,24.47046903,0],[108.74072863,24.47046004,0],[108.74072778,24.47045104,0],[108.74072692,24.47044205,0],[108.74072606,24.47043305,0],[108.74072521,24.47042406,0],[108.74072435,24.47041507,0],[108.7407235,24.47040607,0],[108.74072264,24.47039708,0],[108.74072178,24.47038808,0],[108.74072093,24.47037909,0],[108.74072007,24.4703701,0],[108.74071921,24.4703611,0],[108.74071835,24.47035211,0],[108.7407175,24.47034312,0],[108.74071664,24.47033412,0],[108.74071578,24.47032513,0],[108.74071492,24.47031614,0],[108.74071406,24.47030714,0],[108.7407132,24.47029815,0],[108.74071234,24.47028916,0],[108.74071148,24.47028016,0],[108.74071061,24.47027117,0],[108.74070975,24.47026218,0],[108.74070889,24.47025318,0],[108.74070802,24.47024419,0],[108.74070716,24.4702352,0],[108.74070629,24.4702262,0],[108.74070543,24.47021721,0],[108.74070456,24.47020822,0],[108.7407037,24.47019922,0],[108.74070283,24.47019023,0],[108.74070196,24.47018124,0],[108.74070109,24.47017224,0],[108.74070022,24.47016325,0],[108.74069935,24.47015426,0],[108.74069848,24.47014527,0],[108.74069761,24.47013627,0],[108.74069673,24.47012728,0],[108.74069586,24.47011829,0],[108.74069498,24.4701093,0],[108.74069411,24.47010031,0],[108.74069323,24.47009131,0],[108.74069235,24.47008232,0],[108.74069147,24.47007333,0],[108.74069059,24.47006434,0],[108.74068971,24.47005535,0],[108.74068883,24.47004635,0],[108.74068794,24.47003736,0],[108.74068706,24.47002837,0],[108.74068617,24.47001938,0],[108.74068529,24.47001039,0],[108.7406844,24.4700014,0],[108.74068351,24.46999241,0],[108.74068262,24.46998341,0],[108.74068173,24.46997442,0],[108.74068084,24.46996543,0],[108.74067994,24.46995644,0],[108.74067905,24.46994745,0],[108.74067815,24.46993846,0],[108.74067725,24.46992947,0],[108.74067635,24.46992048,0],[108.74067545,24.46991149,0],[108.74067455,24.4699025,0],[108.74067365,24.46989351,0],[108.74067274,24.46988452,0],[108.74067183,24.46987553,0],[108.74067093,24.46986654,0],[108.74067002,24.46985755,0],[108.7406691,24.46984856,0],[108.74066819,24.46983957,0],[108.74066728,24.46983058,0],[108.74066636,24.4698216,0],[108.74066544,24.46981261,0],[108.74066453,24.46980362,0],[108.7406636,24.46979463,0],[108.74066268,24.46978564,0],[108.74066176,24.46977665,0],[108.74066083,24.46976767,0],[108.7406599,24.46975868,0],[108.74065897,24.46974969,0],[108.74065804,24.4697407,0],[108.74065711,24.46973171,0],[108.74065618,24.46972273,0],[108.74065524,24.46971374,0],[108.7406543,24.46970475,0],[108.74065336,24.46969577,0],[108.74065242,24.46968678,0],[108.74065147,24.46967779,0],[108.74065053,24.46966881,0],[108.74064958,24.46965982,0],[108.74064863,24.46965084,0],[108.74064768,24.46964185,0],[108.74064672,24.46963286,0],[108.74064576,24.46962388,0],[108.74064481,24.46961489,0],[108.74064385,24.46960591,0],[108.74064288,24.46959692,0],[108.74064192,24.46958794,0],[108.74064095,24.46957896,0],[108.74063998,24.46956997,0],[108.74063901,24.46956099,0],[108.74063804,24.469552,0],[108.74063706,24.46954302,0],[108.74063608,24.46953404,0],[108.7406351,24.46952505,0],[108.74063412,24.46951607,0],[108.74063313,24.46950709,0],[108.74063214,24.46949811,0],[108.74063115,24.46948912,0],[108.74063016,24.46948014,0],[108.74062917,24.46947116,0],[108.74062817,24.46946218,0],[108.74062717,24.4694532,0],[108.74062617,24.46944421,0],[108.74062516,24.46943523,0],[108.74062415,24.46942625,0],[108.74062314,24.46941727,0],[108.74062213,24.46940829,0],[108.74062112,24.46939931,0],[108.7406201,24.46939033,0],[108.74061908,24.46938135,0],[108.74061806,24.46937237,0],[108.74061703,24.4693634,0],[108.740616,24.46935442,0],[108.74061497,24.46934544,0],[108.74061394,24.46933646,0],[108.7406129,24.46932748,0],[108.74061186,24.4693185,0],[108.74061082,24.46930953,0],[108.74060977,24.46930055,0],[108.74060872,24.46929157,0],[108.74060767,24.4692826,0],[108.74060662,24.46927362,0],[108.74060556,24.46926465,0],[108.7406045,24.46925567,0],[108.74060344,24.46924669,0],[108.74060237,24.46923772,0],[108.74060131,24.46922874,0],[108.74060023,24.46921977,0],[108.74059916,24.4692108,0],[108.74059808,24.46920182,0],[108.740597,24.46919285,0],[108.74059592,24.46918388,0],[108.74059483,24.4691749,0],[108.74059374,24.46916593,0],[108.74059265,24.46915696,0],[108.74059155,24.46914799,0],[108.74059045,24.46913901,0],[108.74058935,24.46913004,0],[108.74058824,24.46912107,0],[108.74058713,24.4691121,0],[108.74058602,24.46910313,0],[108.7405849,24.46909416,0],[108.74058378,24.46908519,0],[108.74058266,24.46907622,0],[108.74058153,24.46906725,0],[108.7405804,24.46905829,0],[108.74057927,24.46904932,0],[108.74057813,24.46904035,0],[108.74057699,24.46903138,0],[108.74057585,24.46902242,0],[108.7405747,24.46901345,0],[108.74057355,24.46900448,0],[108.7405724,24.46899552,0],[108.74057124,24.46898655,0],[108.74057008,24.46897759,0],[108.74056891,24.46896862,0],[108.74056774,24.46895966,0],[108.74056657,24.46895069,0],[108.7405654,24.46894173,0],[108.74056422,24.46893277,0],[108.74056303,24.4689238,0],[108.74056184,24.46891484,0],[108.74056065,24.46890588,0],[108.74055946,24.46889692,0],[108.74055826,24.46888796,0],[108.74055706,24.468879,0],[108.74055585,24.46887004,0],[108.74055464,24.46886108,0],[108.74055343,24.46885212,0],[108.74055221,24.46884316,0],[108.74055099,24.4688342,0],[108.74054976,24.46882524,0],[108.74054853,24.46881629,0],[108.7405473,24.46880733,0],[108.74054606,24.46879837,0],[108.74054482,24.46878942,0],[108.74054357,24.46878046,0],[108.74054232,24.4687715,0],[108.74054107,24.46876255,0],[108.74053981,24.4687536,0],[108.74053855,24.46874464,0],[108.74053728,24.46873569,0],[108.74053601,24.46872674,0],[108.74053474,24.46871778,0],[108.74053346,24.46870883,0],[108.74053217,24.46869988,0],[108.74053089,24.46869093,0],[108.74052959,24.46868198,0],[108.7405283,24.46867303,0],[108.740527,24.46866408,0],[108.74052569,24.46865513,0],[108.74052438,24.46864619,0],[108.74052307,24.46863724,0],[108.74052175,24.46862829,0],[108.74052043,24.46861935,0],[108.7405191,24.4686104,0],[108.74051777,24.46860145,0],[108.74051643,24.46859251,0],[108.74051509,24.46858357,0],[108.74051375,24.46857462,0],[108.7405124,24.46856568,0],[108.74051104,24.46855674,0],[108.74050968,24.46854779,0],[108.74050832,24.46853885,0],[108.74050695,24.46852991,0],[108.74050558,24.46852097,0],[108.7405042,24.46851203,0],[108.74050282,24.46850309,0],[108.74050143,24.46849416,0],[108.74050004,24.46848522,0],[108.74049864,24.46847628,0],[108.74049724,24.46846735,0],[108.74049584,24.46845841,0],[108.74049443,24.46844948,0],[108.74049301,24.46844054,0]]}},{"type":"Feature","id":"route_center-12-3","properties":{"name":"zhix_78930","sourceLayer":"道路中间线","sourceFile":"道路中间线.kml","originalPlacemarkIndex":11,"chainIndex":2,"stroke":"#dffbff","stroke-opacity":0.96,"stroke-width":3.2},"geometry":{"type":"LineString","coordinates":[[108.7411746,24.47515091,0],[108.74073291,24.470505,0]]}},{"type":"Feature","id":"route_center-13-1","properties":{"name":"zhix_78941","sourceLayer":"道路中间线","sourceFile":"道路中间线.kml","originalPlacemarkIndex":12,"chainIndex":0,"stroke":"#dffbff","stroke-opacity":0.96,"stroke-width":3.2},"geometry":{"type":"LineString","coordinates":[[108.74085685,24.47503191,0],[108.7409107,24.47516662,0],[108.74092466,24.47520556,0],[108.74092466,24.47520556,0]]}},{"type":"Feature","id":"route_center-13-2","properties":{"name":"zhix_78941","sourceLayer":"道路中间线","sourceFile":"道路中间线.kml","originalPlacemarkIndex":12,"chainIndex":1,"stroke":"#dffbff","stroke-opacity":0.96,"stroke-width":3.2},"geometry":{"type":"LineString","coordinates":[[108.74037087,24.47408651,0],[108.74031783,24.47395323,0],[108.74027253,24.47381761,0],[108.74023507,24.47368,0],[108.74020558,24.4735408,0],[108.74018412,24.47340038,0],[108.74017076,24.47325912,0],[108.74016553,24.47311741,0],[108.74016845,24.47297565,0],[108.74016946,24.47295666,0],[108.74016946,24.47295666,0]]}},{"type":"Feature","id":"route_center-13-3","properties":{"name":"zhix_78941","sourceLayer":"道路中间线","sourceFile":"道路中间线.kml","originalPlacemarkIndex":12,"chainIndex":2,"stroke":"#dffbff","stroke-opacity":0.96,"stroke-width":3.2},"geometry":{"type":"LineString","coordinates":[[108.74061507,24.47456203,0],[108.74061059,24.47455399,0],[108.74060611,24.47454594,0],[108.74060163,24.4745379,0],[108.74059715,24.47452986,0],[108.74059267,24.47452181,0],[108.7405882,24.47451377,0],[108.74058373,24.47450572,0],[108.74057926,24.47449767,0],[108.74057479,24.47448962,0],[108.74057033,24.47448157,0],[108.74056588,24.47447351,0],[108.74056143,24.47446546,0],[108.74055699,24.4744574,0],[108.74055255,24.47444933,0],[108.74054812,24.47444127,0],[108.7405437,24.4744332,0],[108.74053928,24.47442512,0],[108.74053488,24.47441705,0],[108.74053048,24.47440896,0],[108.7405261,24.47440088,0],[108.74052172,24.47439279,0],[108.74051735,24.47438469,0],[108.740513,24.47437659,0],[108.74050866,24.47436849,0],[108.74050433,24.47436037,0],[108.74050001,24.47435226,0],[108.7404957,24.47434414,0],[108.74049141,24.47433601,0],[108.74048714,24.47432787,0],[108.74048287,24.47431973,0],[108.74047863,24.47431158,0],[108.7404744,24.47430343,0],[108.74047018,24.47429526,0],[108.74046598,24.47428709,0],[108.7404618,24.47427892,0],[108.74045764,24.47427073,0],[108.7404535,24.47426254,0],[108.74044937,24.47425434,0],[108.74044526,24.47424613,0],[108.74044118,24.47423791,0],[108.74043711,24.47422969,0],[108.74043307,24.47422145,0],[108.74042905,24.47421321,0],[108.74042505,24.47420496,0],[108.74042107,24.4741967,0],[108.74041712,24.47418843,0],[108.74041319,24.47418015,0],[108.74040928,24.47417186,0],[108.7404054,24.47416356,0],[108.74040154,24.47415525,0],[108.74039771,24.47414693,0],[108.74039391,24.4741386,0],[108.74039013,24.47413026,0],[108.74038639,24.47412191,0],[108.74038267,24.47411354,0],[108.74037898,24.47410517,0],[108.74037531,24.47409679,0],[108.74037168,24.4740884,0],[108.74037087,24.47408651,0]]}},{"type":"Feature","id":"route_center-13-4","properties":{"name":"zhix_78941","sourceLayer":"道路中间线","sourceFile":"道路中间线.kml","originalPlacemarkIndex":12,"chainIndex":3,"stroke":"#dffbff","stroke-opacity":0.96,"stroke-width":3.2},"geometry":{"type":"LineString","coordinates":[[108.74085685,24.47503191,0],[108.7408532,24.47502352,0],[108.74084953,24.47501514,0],[108.74084582,24.47500677,0],[108.74084209,24.47499842,0],[108.74083833,24.47499007,0],[108.74083454,24.47498173,0],[108.74083073,24.47497341,0],[108.74082689,24.47496509,0],[108.74082302,24.47495679,0],[108.74081913,24.47494849,0],[108.74081521,24.47494021,0],[108.74081127,24.47493193,0],[108.7408073,24.47492367,0],[108.74080332,24.47491541,0],[108.74079931,24.47490716,0],[108.74079527,24.47489892,0],[108.74079122,24.47489069,0],[108.74078715,24.47488247,0],[108.74078305,24.47487426,0],[108.74077894,24.47486605,0],[108.7407748,24.47485785,0],[108.74077065,24.47484966,0],[108.74076648,24.47484148,0],[108.74076229,24.47483331,0],[108.74075809,24.47482514,0],[108.74075386,24.47481698,0],[108.74074963,24.47480883,0],[108.74074537,24.47480069,0],[108.7407411,24.47479255,0],[108.74073682,24.47478442,0],[108.74073252,24.47477629,0],[108.74072821,24.47476817,0],[108.74072389,24.47476006,0],[108.74071955,24.47475195,0],[108.7407152,24.47474384,0],[108.74071084,24.47473574,0],[108.74070647,24.47472765,0],[108.74070209,24.47471956,0],[108.7406977,24.47471148,0],[108.7406933,24.4747034,0],[108.74068889,24.47469532,0],[108.74068447,24.47468725,0],[108.74068005,24.47467918,0],[108.74067562,24.47467112,0],[108.74067118,24.47466306,0],[108.74066673,24.474655,0],[108.74066228,24.47464694,0],[108.74065782,24.47463889,0],[108.74065336,24.47463084,0],[108.74064889,24.47462279,0],[108.74064442,24.47461474,0],[108.74063995,24.47460669,0],[108.74063547,24.47459865,0],[108.740631,24.4745906,0],[108.74062652,24.47458256,0],[108.74062203,24.47457452,0],[108.74061755,24.47456648,0],[108.74061507,24.47456203,0]]}},{"type":"Feature","id":"route_center-14-1","properties":{"name":"zhix_78962","sourceLayer":"道路中间线","sourceFile":"道路中间线.kml","originalPlacemarkIndex":13,"chainIndex":0,"stroke":"#dffbff","stroke-opacity":0.96,"stroke-width":3.2},"geometry":{"type":"LineString","coordinates":[[108.73937368,24.47266651,0],[108.73934649,24.4726529,0],[108.73932011,24.472638,0],[108.73929463,24.47262187,0],[108.7392701,24.47260454,0],[108.73924661,24.47258607,0],[108.73922421,24.4725665,0],[108.73920297,24.47254589,0],[108.73918294,24.47252429,0],[108.73916418,24.47250177,0],[108.73914674,24.47247838,0],[108.73913067,24.4724542,0],[108.739116,24.47242928,0],[108.73910279,24.47240369,0],[108.73909107,24.47237751,0],[108.73908087,24.47235081,0],[108.73907222,24.47232365,0],[108.73906514,24.47229612,0],[108.73905965,24.47226829,0],[108.73905576,24.47224023,0],[108.7390535,24.47221202,0],[108.73905285,24.47218375,0],[108.73905383,24.47215548,0],[108.73905644,24.4721273,0],[108.73906066,24.47209928,0],[108.73906648,24.4720715,0],[108.73907389,24.47204403,0],[108.73908287,24.47201695,0],[108.73909339,24.47199034,0],[108.73910542,24.47196427,0],[108.73911894,24.4719388,0],[108.7391339,24.47191402,0],[108.73915026,24.47188998,0],[108.73916798,24.47186675,0],[108.73918701,24.4718444,0],[108.73920729,24.47182298,0],[108.73922878,24.47180256,0],[108.73925141,24.4717832,0],[108.73927512,24.47176494,0],[108.73929985,24.47174783,0],[108.73932553,24.47173193,0],[108.73935208,24.47171727,0],[108.73937944,24.4717039,0],[108.73940753,24.47169185,0],[108.73943627,24.47168116,0],[108.73946558,24.47167185,0],[108.73949539,24.47166395,0],[108.73952561,24.47165749,0],[108.73955616,24.47165247,0],[108.73958696,24.47164892,0],[108.73961792,24.47164684,0],[108.73964895,24.47164624,0],[108.73967997,24.47164712,0],[108.7397109,24.47164948,0],[108.73974166,24.47165331,0],[108.73977215,24.4716586,0],[108.73980229,24.47166534,0],[108.739832,24.4716735,0],[108.7398612,24.47168308,0],[108.73988982,24.47169403,0],[108.73991776,24.47170633,0],[108.73994496,24.47171995,0],[108.73997133,24.47173485,0],[108.73999682,24.47175098,0],[108.74002134,24.47176831,0],[108.74004483,24.47178678,0],[108.74006723,24.47180635,0],[108.74008848,24.47182696,0],[108.74010851,24.47184856,0],[108.74012727,24.47187108,0],[108.74014471,24.47189447,0],[108.74016079,24.47191865,0],[108.74017545,24.47194358,0],[108.74018866,24.47196916,0],[108.74019833,24.47199046,0],[108.74019833,24.47199046,0]]}},{"type":"Feature","id":"route_center-14-2","properties":{"name":"zhix_78962","sourceLayer":"道路中间线","sourceFile":"道路中间线.kml","originalPlacemarkIndex":13,"chainIndex":1,"stroke":"#dffbff","stroke-opacity":0.96,"stroke-width":3.2},"geometry":{"type":"LineString","coordinates":[[108.74557394,24.47290943,0],[108.74042676,24.47278439,0],[108.73985444,24.47275535,0],[108.73985444,24.47275535,0]]}},{"type":"Feature","id":"route_center-14-3","properties":{"name":"zhix_78962","sourceLayer":"道路中间线","sourceFile":"道路中间线.kml","originalPlacemarkIndex":13,"chainIndex":2,"stroke":"#dffbff","stroke-opacity":0.96,"stroke-width":3.2},"geometry":{"type":"LineString","coordinates":[[108.73937368,24.47266651,0],[108.73938248,24.4726706,0],[108.73939134,24.47267456,0],[108.73940027,24.47267839,0],[108.73940927,24.47268209,0],[108.73941833,24.47268567,0],[108.73942744,24.47268912,0],[108.73943661,24.47269244,0],[108.73944584,24.47269565,0],[108.7394551,24.47269874,0],[108.73946442,24.47270171,0],[108.73947378,24.47270456,0],[108.73948317,24.47270731,0],[108.73949261,24.47270994,0],[108.73950208,24.47271247,0],[108.73951158,24.47271489,0],[108.73952111,24.47271721,0],[108.73953067,24.47271944,0],[108.73954026,24.47272156,0],[108.73954987,24.47272359,0],[108.7395595,24.47272553,0],[108.73956916,24.47272738,0],[108.73957883,24.47272915,0],[108.73958852,24.47273083,0],[108.73959823,24.47273243,0],[108.73960795,24.47273395,0],[108.73961769,24.4727354,0],[108.73962744,24.47273678,0],[108.7396372,24.47273809,0],[108.73964697,24.47273933,0],[108.73965675,24.47274051,0],[108.73966654,24.47274162,0],[108.73967633,24.47274268,0],[108.73968613,24.47274369,0],[108.73969594,24.47274464,0],[108.73970576,24.47274555,0],[108.73971558,24.47274641,0],[108.7397254,24.47274722,0],[108.73973523,24.472748,0],[108.73974506,24.47274874,0],[108.73975489,24.47274944,0],[108.73976473,24.47275012,0],[108.73977457,24.47275077,0],[108.73978441,24.47275139,0],[108.73979425,24.47275199,0],[108.73980409,24.47275257,0],[108.73981394,24.47275313,0],[108.73982378,24.47275368,0],[108.73983363,24.47275422,0],[108.73984348,24.47275476,0],[108.73985332,24.47275529,0],[108.73985444,24.47275535,0]]}},{"type":"Feature","id":"route_center-14-4","properties":{"name":"zhix_78962","sourceLayer":"道路中间线","sourceFile":"道路中间线.kml","originalPlacemarkIndex":13,"chainIndex":3,"stroke":"#dffbff","stroke-opacity":0.96,"stroke-width":3.2},"geometry":{"type":"LineString","coordinates":[[108.74021886,24.47252581,0],[108.74022015,24.47251686,0],[108.74022144,24.47250791,0],[108.74022272,24.47249896,0],[108.74022399,24.47249,0],[108.74022526,24.47248105,0],[108.74022651,24.4724721,0],[108.74022774,24.47246314,0],[108.74022895,24.47245418,0],[108.74023015,24.47244522,0],[108.74023131,24.47243625,0],[108.74023245,24.47242729,0],[108.74023356,24.47241832,0],[108.74023464,24.47240934,0],[108.74023569,24.47240036,0],[108.74023669,24.47239138,0],[108.74023765,24.4723824,0],[108.74023857,24.47237341,0],[108.74023945,24.47236442,0],[108.74024027,24.47235542,0],[108.74024104,24.47234642,0],[108.74024176,24.47233742,0],[108.74024242,24.47232841,0],[108.74024302,24.4723194,0],[108.74024356,24.47231038,0],[108.74024403,24.47230137,0],[108.74024443,24.47229235,0],[108.74024477,24.47228332,0],[108.74024503,24.4722743,0],[108.74024521,24.47226527,0],[108.74024531,24.47225625,0],[108.74024533,24.47224722,0],[108.74024526,24.47223819,0],[108.74024511,24.47222916,0],[108.74024487,24.47222014,0],[108.74024453,24.47221112,0],[108.7402441,24.4722021,0],[108.74024357,24.47219308,0],[108.74024294,24.47218407,0],[108.7402422,24.47217507,0],[108.74024136,24.47216607,0],[108.74024041,24.47215709,0],[108.74023934,24.47214811,0],[108.74023817,24.47213915,0],[108.74023687,24.4721302,0],[108.74023546,24.47212127,0],[108.74023392,24.47211235,0],[108.74023226,24.47210345,0],[108.74023048,24.47209457,0],[108.74022856,24.47208571,0],[108.74022651,24.47207688,0],[108.74022433,24.47206808,0],[108.74022201,24.4720593,0],[108.74021956,24.47205056,0],[108.74021696,24.47204185,0],[108.74021422,24.47203318,0],[108.74021134,24.47202454,0],[108.74020831,24.47201595,0],[108.74020513,24.47200741,0],[108.74020181,24.47199891,0],[108.74019833,24.47199046,0]]}},{"type":"Feature","id":"route_center-14-5","properties":{"name":"zhix_78962","sourceLayer":"道路中间线","sourceFile":"道路中间线.kml","originalPlacemarkIndex":13,"chainIndex":4,"stroke":"#dffbff","stroke-opacity":0.96,"stroke-width":3.2},"geometry":{"type":"LineString","coordinates":[[108.74016946,24.47295666,0],[108.74016998,24.47294764,0],[108.74017053,24.47293863,0],[108.74017112,24.47292962,0],[108.74017173,24.47292061,0],[108.74017238,24.4729116,0],[108.74017306,24.47290259,0],[108.74017376,24.47289359,0],[108.74017449,24.47288458,0],[108.74017525,24.47287558,0],[108.74017604,24.47286658,0],[108.74017685,24.47285759,0],[108.74017769,24.47284859,0],[108.74017855,24.4728396,0],[108.74017943,24.47283061,0],[108.74018034,24.47282162,0],[108.74018127,24.47281263,0],[108.74018223,24.47280364,0],[108.7401832,24.47279466,0],[108.74018419,24.47278568,0],[108.74018521,24.4727767,0],[108.74018624,24.47276772,0],[108.74018729,24.47275874,0],[108.74018836,24.47274977,0],[108.74018945,24.4727408,0],[108.74019055,24.47273182,0],[108.74019167,24.47272285,0],[108.7401928,24.47271389,0],[108.74019395,24.47270492,0],[108.74019511,24.47269595,0],[108.74019629,24.47268699,0],[108.74019747,24.47267803,0],[108.74019867,24.47266907,0],[108.74019988,24.47266011,0],[108.7402011,24.47265115,0],[108.74020233,24.47264219,0],[108.74020357,24.47263324,0],[108.74020481,24.47262428,0],[108.74020607,24.47261532,0],[108.74020733,24.47260637,0],[108.74020859,24.47259742,0],[108.74020986,24.47258847,0],[108.74021114,24.47257951,0],[108.74021242,24.47257056,0],[108.7402137,24.47256161,0],[108.74021499,24.47255266,0],[108.74021628,24.47254371,0],[108.74021757,24.47253476,0],[108.74021886,24.47252581,0]]}},{"type":"Feature","id":"route_center-15-1","properties":{"name":"zhix_78981","sourceLayer":"道路中间线","sourceFile":"道路中间线.kml","originalPlacemarkIndex":14,"chainIndex":0,"stroke":"#dffbff","stroke-opacity":0.96,"stroke-width":3.2},"geometry":{"type":"LineString","coordinates":[[108.74557394,24.47290943,0],[108.74619485,24.47292154,0],[108.74619485,24.47292154,0]]}},{"type":"Feature","id":"route_center-16-1","properties":{"name":"zhix_78985","sourceLayer":"道路中间线","sourceFile":"道路中间线.kml","originalPlacemarkIndex":15,"chainIndex":0,"stroke":"#dffbff","stroke-opacity":0.96,"stroke-width":3.2},"geometry":{"type":"LineString","coordinates":[[108.74393094,24.47381741,0],[108.74406778,24.47375107,0],[108.74420823,24.47369134,0],[108.74435192,24.47363839,0],[108.74449846,24.47359237,0],[108.74464744,24.47355339,0],[108.74479845,24.47352157,0],[108.74494643,24.47349763,0],[108.74494643,24.47349763,0]]}},{"type":"Feature","id":"route_center-16-2","properties":{"name":"zhix_78985","sourceLayer":"道路中间线","sourceFile":"道路中间线.kml","originalPlacemarkIndex":15,"chainIndex":1,"stroke":"#dffbff","stroke-opacity":0.96,"stroke-width":3.2},"geometry":{"type":"LineString","coordinates":[[108.74217238,24.4752617,0],[108.7427043,24.47474636,0],[108.74296847,24.47450948,0],[108.74296847,24.47450948,0]]}},{"type":"Feature","id":"route_center-16-3","properties":{"name":"zhix_78985","sourceLayer":"道路中间线","sourceFile":"道路中间线.kml","originalPlacemarkIndex":15,"chainIndex":2,"stroke":"#dffbff","stroke-opacity":0.96,"stroke-width":3.2},"geometry":{"type":"LineString","coordinates":[[108.74217238,24.4752617,0],[108.7421658,24.47526842,0],[108.74215922,24.47527515,0],[108.74215265,24.47528189,0],[108.74214609,24.47528863,0],[108.74213954,24.47529537,0],[108.74213299,24.47530213,0],[108.74212645,24.47530889,0],[108.74211993,24.47531566,0],[108.74211341,24.47532244,0],[108.74210691,24.47532922,0],[108.74210042,24.47533602,0],[108.74209394,24.47534283,0],[108.74208747,24.47534965,0],[108.74208102,24.47535648,0],[108.74207459,24.47536332,0],[108.74206817,24.47537018,0],[108.74206177,24.47537705,0],[108.74205539,24.47538393,0],[108.74204902,24.47539083,0],[108.74204268,24.47539774,0],[108.74203635,24.47540466,0],[108.74203005,24.47541161,0],[108.74202377,24.47541857,0],[108.74201751,24.47542555,0],[108.74201127,24.47543254,0],[108.74200506,24.47543955,0],[108.74199887,24.47544658,0],[108.74199271,24.47545363,0],[108.74198657,24.4754607,0],[108.74198047,24.47546779,0],[108.74197439,24.4754749,0],[108.74196834,24.47548203,0],[108.74196232,24.47548919,0],[108.74195633,24.47549636,0],[108.74195038,24.47550356,0],[108.74194445,24.47551078,0],[108.74193856,24.47551802,0],[108.74193271,24.47552528,0],[108.74192689,24.47553257,0],[108.74192111,24.47553989,0],[108.74191536,24.47554723,0],[108.74190965,24.47555459,0],[108.74190399,24.47556198,0],[108.74189836,24.47556939,0],[108.74189277,24.47557683,0],[108.74188723,24.4755843,0],[108.74188172,24.47559179,0],[108.74187627,24.47559931,0],[108.74187085,24.47560686,0],[108.74186549,24.47561443,0],[108.74186017,24.47562204,0],[108.7418549,24.47562967,0],[108.74185407,24.47563087,0]]}},{"type":"Feature","id":"route_center-16-4","properties":{"name":"zhix_78985","sourceLayer":"道路中间线","sourceFile":"道路中间线.kml","originalPlacemarkIndex":15,"chainIndex":3,"stroke":"#dffbff","stroke-opacity":0.96,"stroke-width":3.2},"geometry":{"type":"LineString","coordinates":[[108.74393094,24.47381741,0],[108.74392236,24.47382186,0],[108.74391379,24.47382634,0],[108.74390524,24.47383084,0],[108.74389671,24.47383537,0],[108.74388819,24.47383992,0],[108.74387969,24.4738445,0],[108.74387121,24.4738491,0],[108.74386274,24.47385373,0],[108.74385428,24.47385838,0],[108.74384585,24.47386306,0],[108.74383743,24.47386776,0],[108.74382902,24.47387249,0],[108.74382063,24.47387723,0],[108.74381226,24.47388201,0],[108.7438039,24.4738868,0],[108.74379556,24.47389162,0],[108.74378723,24.47389646,0],[108.74377892,24.47390132,0],[108.74377063,24.47390621,0],[108.74376235,24.47391112,0],[108.74375408,24.47391605,0],[108.74374584,24.473921,0],[108.7437376,24.47392597,0],[108.74372939,24.47393097,0],[108.74372118,24.47393598,0],[108.743713,24.47394102,0],[108.74370483,24.47394608,0],[108.74369667,24.47395115,0],[108.74368853,24.47395625,0],[108.74368041,24.47396137,0],[108.7436723,24.47396651,0],[108.7436642,24.47397167,0],[108.74365612,24.47397685,0],[108.74364806,24.47398204,0],[108.74364,24.47398726,0],[108.74363197,24.4739925,0],[108.74362395,24.47399775,0],[108.74361594,24.47400302,0],[108.74360795,24.47400832,0],[108.74359997,24.47401363,0],[108.74359201,24.47401895,0],[108.74358406,24.4740243,0],[108.74357613,24.47402966,0],[108.74356821,24.47403504,0],[108.7435603,24.47404044,0],[108.74355241,24.47404586,0],[108.74354453,24.47405129,0],[108.74353666,24.47405674,0],[108.74352881,24.47406221,0],[108.74352098,24.47406769,0],[108.74351315,24.47407319,0],[108.74350534,24.4740787,0],[108.74349755,24.47408423,0],[108.74348976,24.47408978,0],[108.74348199,24.47409534,0],[108.74347423,24.47410091,0],[108.74346649,24.47410651,0],[108.74345876,24.47411211,0],[108.74345104,24.47411773,0],[108.74344334,24.47412337,0],[108.74343564,24.47412902,0],[108.74342796,24.47413469,0],[108.74342029,24.47414036,0],[108.74341264,24.47414606,0],[108.74340499,24.47415176,0],[108.74339736,24.47415748,0],[108.74338974,24.47416322,0],[108.74338214,24.47416896,0],[108.74337454,24.47417472,0],[108.74336696,24.4741805,0],[108.74335938,24.47418628,0],[108.74335182,24.47419208,0],[108.74334427,24.47419789,0],[108.74333673,24.47420371,0],[108.74332921,24.47420955,0],[108.74332169,24.47421539,0],[108.74331419,24.47422125,0],[108.74330669,24.47422712,0],[108.74329921,24.474233,0],[108.74329173,24.47423889,0],[108.74328427,24.4742448,0],[108.74327682,24.47425071,0],[108.74326938,24.47425664,0],[108.74326194,24.47426257,0],[108.74325452,24.47426852,0],[108.74324711,24.47427447,0],[108.7432397,24.47428044,0],[108.74323231,24.47428642,0],[108.74322493,24.4742924,0],[108.74321755,24.4742984,0],[108.74321019,24.4743044,0],[108.74320283,24.47431042,0],[108.74319548,24.47431644,0],[108.74318815,24.47432247,0],[108.74318082,24.47432851,0],[108.74317349,24.47433456,0],[108.74316618,24.47434062,0],[108.74315888,24.47434669,0],[108.74315158,24.47435277,0],[108.74314429,24.47435885,0],[108.74313701,24.47436494,0],[108.74312974,24.47437104,0],[108.74312247,24.47437715,0],[108.74311522,24.47438326,0],[108.74310797,24.47438938,0],[108.74310072,24.47439551,0],[108.74309349,24.47440165,0],[108.74308626,24.47440779,0],[108.74307904,24.47441394,0],[108.74307182,24.47442009,0],[108.74306461,24.47442626,0],[108.74305741,24.47443243,0],[108.74305022,24.4744386,0],[108.74304303,24.47444478,0],[108.74303584,24.47445097,0],[108.74302867,24.47445716,0],[108.74302149,24.47446336,0],[108.74301433,24.47446956,0],[108.74300717,24.47447577,0],[108.74300001,24.47448198,0],[108.74299286,24.4744882,0],[108.74298571,24.47449443,0],[108.74297857,24.47450066,0],[108.74297144,24.47450689,0],[108.74296847,24.47450948,0]]}},{"type":"Feature","id":"route_center-17-1","properties":{"name":"zhix_79003","sourceLayer":"道路中间线","sourceFile":"道路中间线.kml","originalPlacemarkIndex":16,"chainIndex":0,"stroke":"#dffbff","stroke-opacity":0.96,"stroke-width":3.2},"geometry":{"type":"LineString","coordinates":[[108.74164371,24.47608997,0],[108.74166626,24.47601236,0],[108.74169324,24.47593592,0],[108.74172457,24.47586087,0],[108.74176017,24.47578742,0],[108.74179994,24.47571576,0],[108.74184377,24.47564609,0],[108.74185407,24.47563087,0],[108.74185407,24.47563087,0]]}},{"type":"Feature","id":"route_center-17-2","properties":{"name":"zhix_79003","sourceLayer":"道路中间线","sourceFile":"道路中间线.kml","originalPlacemarkIndex":16,"chainIndex":1,"stroke":"#dffbff","stroke-opacity":0.96,"stroke-width":3.2},"geometry":{"type":"LineString","coordinates":[[108.74164371,24.47608997,0],[108.74164145,24.47609876,0],[108.74163924,24.47610756,0],[108.74163709,24.47611637,0],[108.741635,24.47612519,0],[108.74163296,24.47613403,0],[108.74163097,24.47614287,0],[108.74162904,24.47615172,0],[108.74162716,24.47616058,0],[108.74162533,24.47616946,0],[108.74162356,24.47617834,0],[108.74162183,24.47618723,0],[108.74162016,24.47619612,0],[108.74161854,24.47620503,0],[108.74161696,24.47621394,0],[108.74161544,24.47622286,0],[108.74161396,24.47623179,0],[108.74161254,24.47624072,0],[108.74161116,24.47624966,0],[108.74160983,24.4762586,0],[108.74160854,24.47626755,0],[108.7416073,24.47627651,0],[108.74160611,24.47628547,0],[108.74160496,24.47629444,0],[108.74160385,24.47630341,0],[108.74160279,24.47631238,0],[108.74160177,24.47632136,0],[108.7416008,24.47633035,0],[108.74159986,24.47633933,0],[108.74159897,24.47634833,0],[108.74159812,24.47635732,0],[108.74159731,24.47636632,0],[108.74159654,24.47637532,0],[108.7415958,24.47638432,0],[108.74159511,24.47639333,0],[108.74159446,24.47640233,0],[108.74159384,24.47641134,0],[108.74159326,24.47642036,0],[108.74159271,24.47642937,0],[108.74159221,24.47643839,0],[108.74159173,24.4764474,0],[108.74159129,24.47645642,0],[108.74159089,24.47646544,0],[108.74159052,24.47647446,0],[108.74159018,24.47648349,0],[108.74158988,24.47649251,0],[108.7415896,24.47650154,0],[108.74158936,24.47651056,0],[108.74158915,24.47651959,0],[108.74158896,24.47652861,0],[108.74158881,24.47653764,0],[108.74158869,24.47654667,0],[108.74158859,24.47655569,0],[108.74158852,24.47656472,0],[108.74158848,24.47657375,0],[108.74158847,24.47658278,0],[108.74158848,24.4765918,0],[108.74158852,24.47660083,0],[108.74158858,24.47660986,0],[108.74158866,24.47661889,0],[108.74158877,24.47662792,0],[108.7415889,24.47663694,0],[108.74158906,24.47664597,0],[108.74158924,24.476655,0],[108.74158943,24.47666402,0],[108.74158965,24.47667305,0],[108.74158989,24.47668207,0],[108.74159015,24.4766911,0],[108.74159043,24.47670012,0],[108.74159072,24.47670915,0],[108.74159103,24.47671817,0],[108.74159136,24.47672719,0],[108.74159171,24.47673621,0],[108.74159207,24.47674524,0],[108.74159245,24.47675426,0],[108.74159285,24.47676328,0],[108.74159325,24.4767723,0],[108.74159367,24.47678132,0],[108.74159411,24.47679034,0],[108.74159455,24.47679935,0],[108.74159501,24.47680837,0],[108.74159548,24.47681739,0],[108.74159596,24.47682641,0],[108.74159645,24.47683542,0],[108.74159695,24.47684444,0],[108.74159746,24.47685346,0],[108.74159798,24.47686247,0],[108.7415985,24.47687149,0],[108.74159904,24.4768805,0],[108.74159958,24.47688952,0],[108.74160012,24.47689853,0],[108.74160067,24.47690754,0],[108.74160123,24.47691656,0],[108.74160179,24.47692557,0],[108.74160235,24.47693458,0],[108.74160292,24.4769436,0],[108.74160349,24.47695261,0],[108.74160406,24.47696162,0],[108.74160463,24.47697064,0],[108.74160521,24.47697965,0],[108.74160544,24.47698336,0]]}},{"type":"Feature","id":"route_center-18-1","properties":{"name":"zhix_79018","sourceLayer":"道路中间线","sourceFile":"道路中间线.kml","originalPlacemarkIndex":17,"chainIndex":0,"stroke":"#dffbff","stroke-opacity":0.96,"stroke-width":3.2},"geometry":{"type":"LineString","coordinates":[[108.73883817,24.47342401,0],[108.73898701,24.47346442,0],[108.73913331,24.47351188,0],[108.73927668,24.47356625,0],[108.73941674,24.47362739,0],[108.73955308,24.47369513,0],[108.73968534,24.47376927,0],[108.73981317,24.47384962,0],[108.73993619,24.47393596,0],[108.74005409,24.47402805,0],[108.74016653,24.47412564,0],[108.74027322,24.47422846,0],[108.74037384,24.47433623,0],[108.74046814,24.47444865,0],[108.74055584,24.47456542,0],[108.74063672,24.47468621,0],[108.74071055,24.4748107,0],[108.74077712,24.47493853,0],[108.74083625,24.47506937,0],[108.74088779,24.47520286,0],[108.74093159,24.47533862,0],[108.74096071,24.47544755,0],[108.74096071,24.47544755,0]]}},{"type":"Feature","id":"route_center-18-2","properties":{"name":"zhix_79018","sourceLayer":"道路中间线","sourceFile":"道路中间线.kml","originalPlacemarkIndex":17,"chainIndex":1,"stroke":"#dffbff","stroke-opacity":0.96,"stroke-width":3.2},"geometry":{"type":"LineString","coordinates":[[108.74104815,24.47594958,0],[108.7410469,24.47594062,0],[108.74104565,24.47593167,0],[108.7410444,24.47592271,0],[108.74104315,24.47591376,0],[108.7410419,24.4759048,0],[108.74104064,24.47589585,0],[108.74103938,24.47588689,0],[108.74103812,24.47587794,0],[108.74103685,24.47586899,0],[108.74103558,24.47586004,0],[108.7410343,24.47585108,0],[108.74103301,24.47584213,0],[108.74103172,24.47583318,0],[108.74103042,24.47582423,0],[108.74102911,24.47581529,0],[108.7410278,24.47580634,0],[108.74102647,24.47579739,0],[108.74102513,24.47578845,0],[108.74102379,24.4757795,0],[108.74102243,24.47577056,0],[108.74102106,24.47576162,0],[108.74101968,24.47575268,0],[108.74101829,24.47574375,0],[108.74101688,24.47573481,0],[108.74101546,24.47572588,0],[108.74101403,24.47571694,0],[108.74101258,24.47570801,0],[108.74101111,24.47569909,0],[108.74100963,24.47569016,0],[108.74100813,24.47568124,0],[108.74100661,24.47567232,0],[108.74100508,24.4756634,0],[108.74100353,24.47565448,0],[108.74100196,24.47564557,0],[108.74100036,24.47563666,0],[108.74099875,24.47562776,0],[108.74099712,24.47561885,0],[108.74099547,24.47560995,0],[108.74099379,24.47560106,0],[108.7409921,24.47559216,0],[108.74099038,24.47558327,0],[108.74098863,24.47557439,0],[108.74098686,24.47556551,0],[108.74098507,24.47555663,0],[108.74098325,24.47554775,0],[108.74098141,24.47553889,0],[108.74097954,24.47553002,0],[108.74097764,24.47552116,0],[108.74097572,24.47551231,0],[108.74097376,24.47550346,0],[108.74097178,24.47549461,0],[108.74096977,24.47548578,0],[108.74096773,24.47547694,0],[108.74096566,24.47546812,0],[108.74096356,24.4754593,0],[108.74096143,24.47545048,0],[108.74096071,24.47544755,0]]}},{"type":"Feature","id":"route_center-19-1","properties":{"name":"zhix_79033","sourceLayer":"道路中间线","sourceFile":"道路中间线.kml","originalPlacemarkIndex":18,"chainIndex":0,"stroke":"#dffbff","stroke-opacity":0.96,"stroke-width":3.2},"geometry":{"type":"LineString","coordinates":[[108.73549263,24.47297505,0],[108.73446261,24.47282519,0],[108.73446261,24.47282519,0],[108.73446261,24.47282519,0],[108.73390238,24.47273861,0],[108.73205797,24.47247351,0]]}},{"type":"Feature","id":"route_center-20-1","properties":{"name":"zhix_79046","sourceLayer":"道路中间线","sourceFile":"道路中间线.kml","originalPlacemarkIndex":19,"chainIndex":0,"stroke":"#dffbff","stroke-opacity":0.96,"stroke-width":3.2},"geometry":{"type":"LineString","coordinates":[[108.7309925,24.47234207,0],[108.73205797,24.47247351,0],[108.73205797,24.47247351,0]]}},{"type":"Feature","id":"route_center-20-2","properties":{"name":"zhix_79046","sourceLayer":"道路中间线","sourceFile":"道路中间线.kml","originalPlacemarkIndex":19,"chainIndex":1,"stroke":"#dffbff","stroke-opacity":0.96,"stroke-width":3.2},"geometry":{"type":"LineString","coordinates":[[108.7309925,24.47234207,0],[108.73090857,24.47233342,0]]}},{"type":"Feature","id":"route_center-21-1","properties":{"name":"zhix_79216","sourceLayer":"道路中间线","sourceFile":"道路中间线.kml","originalPlacemarkIndex":20,"chainIndex":0,"stroke":"#dffbff","stroke-opacity":0.96,"stroke-width":3.2},"geometry":{"type":"LineString","coordinates":[[108.74378142,24.47316032,0],[108.73862243,24.47294827,0],[108.73457258,24.47260891,0],[108.73457258,24.47260891,0]]}},{"type":"Feature","id":"route_center-22-1","properties":{"name":"zhix_79240","sourceLayer":"道路中间线","sourceFile":"道路中间线.kml","originalPlacemarkIndex":21,"chainIndex":0,"stroke":"#dffbff","stroke-opacity":0.96,"stroke-width":3.2},"geometry":{"type":"LineString","coordinates":[[108.7226485,24.47234127,0],[108.72376806,24.47216477,0],[108.72489621,24.47204196,0],[108.72602983,24.47197319,0],[108.72716584,24.47195863,0],[108.72794595,24.47198007,0],[108.72794595,24.47198007,0]]}},{"type":"Feature","id":"route_center-22-2","properties":{"name":"zhix_79240","sourceLayer":"道路中间线","sourceFile":"道路中间线.kml","originalPlacemarkIndex":21,"chainIndex":1,"stroke":"#dffbff","stroke-opacity":0.96,"stroke-width":3.2},"geometry":{"type":"LineString","coordinates":[[108.73070642,24.47221037,0],[108.73069662,24.47220936,0],[108.73068682,24.47220835,0],[108.73067702,24.47220734,0],[108.73066722,24.47220633,0],[108.73065741,24.47220532,0],[108.73064761,24.47220431,0],[108.73063781,24.47220329,0],[108.73062801,24.47220228,0],[108.73061821,24.47220127,0],[108.7306084,24.47220026,0],[108.7305986,24.47219925,0],[108.7305888,24.47219824,0],[108.730579,24.47219724,0],[108.7305692,24.47219623,0],[108.73055939,24.47219522,0],[108.73054959,24.47219421,0],[108.73053979,24.4721932,0],[108.73052999,24.47219219,0],[108.73052018,24.47219118,0],[108.73051038,24.47219017,0],[108.73050058,24.47218917,0],[108.73049078,24.47218816,0],[108.73048098,24.47218715,0],[108.73047117,24.47218615,0],[108.73046137,24.47218514,0],[108.73045157,24.47218413,0],[108.73044177,24.47218313,0],[108.73043196,24.47218212,0],[108.73042216,24.47218112,0],[108.73041236,24.47218011,0],[108.73040255,24.47217911,0],[108.73039275,24.47217811,0],[108.73038295,24.4721771,0],[108.73037315,24.4721761,0],[108.73036334,24.4721751,0],[108.73035354,24.4721741,0],[108.73034374,24.4721731,0],[108.73033393,24.4721721,0],[108.73032413,24.4721711,0],[108.73031433,24.4721701,0],[108.73030452,24.4721691,0],[108.73029472,24.4721681,0],[108.73028492,24.4721671,0],[108.73027511,24.4721661,0],[108.73026531,24.47216511,0],[108.73025551,24.47216411,0],[108.7302457,24.47216312,0],[108.7302359,24.47216212,0],[108.73022609,24.47216113,0],[108.73021629,24.47216014,0],[108.73020649,24.47215914,0],[108.73019668,24.47215815,0],[108.73018688,24.47215716,0],[108.73017707,24.47215617,0],[108.73016727,24.47215518,0],[108.73015746,24.4721542,0],[108.73014766,24.47215321,0],[108.73013785,24.47215222,0],[108.73012805,24.47215124,0],[108.73011824,24.47215025,0],[108.73010844,24.47214927,0],[108.73009863,24.47214828,0],[108.73008883,24.4721473,0],[108.73007902,24.47214632,0],[108.73006922,24.47214534,0],[108.73005941,24.47214436,0],[108.73004961,24.47214338,0],[108.7300398,24.4721424,0],[108.73002999,24.47214143,0],[108.73002019,24.47214045,0],[108.73001038,24.47213948,0],[108.73000058,24.4721385,0],[108.72999077,24.47213753,0],[108.72998096,24.47213656,0],[108.72997116,24.47213559,0],[108.72996135,24.47213462,0],[108.72995154,24.47213365,0],[108.72994173,24.47213268,0],[108.72993193,24.47213172,0],[108.72992212,24.47213075,0],[108.72991231,24.47212979,0],[108.7299025,24.47212883,0],[108.7298927,24.47212786,0],[108.72988289,24.4721269,0],[108.72987308,24.47212595,0],[108.72986327,24.47212499,0],[108.72985346,24.47212403,0],[108.72984366,24.47212308,0],[108.72983385,24.47212212,0],[108.72982404,24.47212117,0],[108.72981423,24.47212022,0],[108.72980442,24.47211927,0],[108.72979461,24.47211832,0],[108.7297848,24.47211737,0],[108.72977499,24.47211643,0],[108.72976518,24.47211548,0],[108.72975537,24.47211454,0],[108.72974556,24.4721136,0],[108.72973575,24.47211266,0],[108.72972594,24.47211172,0],[108.72971613,24.47211078,0],[108.72970632,24.47210984,0],[108.72969651,24.47210891,0],[108.7296867,24.47210798,0],[108.72967689,24.47210705,0],[108.72966707,24.47210612,0],[108.72965726,24.47210519,0],[108.72964745,24.47210426,0],[108.72963764,24.47210334,0],[108.72962783,24.47210241,0],[108.72961801,24.47210149,0],[108.7296082,24.47210057,0],[108.72959839,24.47209965,0],[108.72958858,24.47209873,0],[108.72957876,24.47209782,0],[108.72956895,24.4720969,0],[108.72955914,24.47209599,0],[108.72954932,24.47209508,0],[108.72953951,24.47209417,0],[108.7295297,24.47209326,0],[108.72951988,24.47209236,0],[108.72951007,24.47209146,0],[108.72950025,24.47209055,0],[108.72949044,24.47208965,0],[108.72948062,24.47208876,0],[108.72947081,24.47208786,0],[108.72946099,24.47208696,0],[108.72945118,24.47208607,0],[108.72944136,24.47208518,0],[108.72943154,24.47208429,0],[108.72942173,24.47208341,0],[108.72941191,24.47208252,0],[108.7294021,24.47208164,0],[108.72939228,24.47208076,0],[108.72938246,24.47207988,0],[108.72937264,24.472079,0],[108.72936283,24.47207812,0],[108.72935301,24.47207725,0],[108.72934319,24.47207638,0],[108.72933337,24.47207551,0],[108.72932356,24.47207464,0],[108.72931374,24.47207378,0],[108.72930392,24.47207291,0],[108.7292941,24.47207205,0],[108.72928428,24.47207119,0],[108.72927446,24.47207033,0],[108.72926464,24.47206948,0],[108.72925482,24.47206863,0],[108.729245,24.47206778,0],[108.72923518,24.47206693,0],[108.72922536,24.47206608,0],[108.72921554,24.47206524,0],[108.72920572,24.4720644,0],[108.7291959,24.47206356,0],[108.72918608,24.47206272,0],[108.72917625,24.47206188,0],[108.72916643,24.47206105,0],[108.72915661,24.47206022,0],[108.72914679,24.47205939,0],[108.72913697,24.47205857,0],[108.72912714,24.47205774,0],[108.72911732,24.47205692,0],[108.7291075,24.4720561,0],[108.72909767,24.47205528,0],[108.72908785,24.47205447,0],[108.72907803,24.47205366,0],[108.7290682,24.47205285,0],[108.72905838,24.47205204,0],[108.72904855,24.47205124,0],[108.72903873,24.47205044,0],[108.7290289,24.47204964,0],[108.72901908,24.47204884,0],[108.72900925,24.47204804,0],[108.72899943,24.47204725,0],[108.7289896,24.47204646,0],[108.72897977,24.47204568,0],[108.72896995,24.47204489,0],[108.72896012,24.47204411,0],[108.72895029,24.47204333,0],[108.72894046,24.47204255,0],[108.72893064,24.47204178,0],[108.72892081,24.47204101,0],[108.72891098,24.47204024,0],[108.72890115,24.47203947,0],[108.72889132,24.47203871,0],[108.7288815,24.47203795,0],[108.72887167,24.47203719,0],[108.72886184,24.47203643,0],[108.72885201,24.47203568,0],[108.72884218,24.47203493,0],[108.72883235,24.47203419,0],[108.72882252,24.47203344,0],[108.72881269,24.4720327,0],[108.72880286,24.47203196,0],[108.72879303,24.47203122,0],[108.72878319,24.47203049,0],[108.72877336,24.47202976,0],[108.72876353,24.47202903,0],[108.7287537,24.47202831,0],[108.72874387,24.47202759,0],[108.72873403,24.47202687,0],[108.7287242,24.47202615,0],[108.72871437,24.47202544,0],[108.72870453,24.47202473,0],[108.7286947,24.47202402,0],[108.72868487,24.47202332,0],[108.72867503,24.47202262,0],[108.7286652,24.47202192,0],[108.72865536,24.47202123,0],[108.72864553,24.47202053,0],[108.72863569,24.47201985,0],[108.72862586,24.47201916,0],[108.72861602,24.47201848,0],[108.72860619,24.4720178,0],[108.72859635,24.47201712,0],[108.72858651,24.47201645,0],[108.72857668,24.47201578,0],[108.72856684,24.47201511,0],[108.728557,24.47201445,0],[108.72854717,24.47201379,0],[108.72853733,24.47201313,0],[108.72852749,24.47201247,0],[108.72851765,24.47201182,0],[108.72850781,24.47201118,0],[108.72849797,24.47201053,0],[108.72848813,24.47200989,0],[108.7284783,24.47200925,0],[108.72846846,24.47200862,0],[108.72845862,24.47200799,0],[108.72844878,24.47200736,0],[108.72843894,24.47200673,0],[108.7284291,24.47200611,0],[108.72841925,24.4720055,0],[108.72840941,24.47200488,0],[108.72839957,24.47200427,0],[108.72838973,24.47200366,0],[108.72837989,24.47200306,0],[108.72837005,24.47200246,0],[108.7283602,24.47200186,0],[108.72835036,24.47200127,0],[108.72834052,24.47200068,0],[108.72833068,24.47200009,0],[108.72832083,24.47199951,0],[108.72831099,24.47199893,0],[108.72830115,24.47199835,0],[108.7282913,24.47199778,0],[108.72828146,24.47199721,0],[108.72827161,24.47199664,0],[108.72826177,24.47199608,0],[108.72825192,24.47199552,0],[108.72824208,24.47199497,0],[108.72823223,24.47199442,0],[108.72822239,24.47199387,0],[108.72821254,24.47199333,0],[108.72820269,24.47199279,0],[108.72819285,24.47199225,0],[108.728183,24.47199172,0],[108.72817315,24.47199119,0],[108.72816331,24.47199067,0],[108.72815346,24.47199014,0],[108.72814361,24.47198963,0],[108.72813376,24.47198911,0],[108.72812392,24.4719886,0],[108.72811407,24.4719881,0],[108.72810422,24.4719876,0],[108.72809437,24.4719871,0],[108.72808452,24.4719866,0],[108.72807467,24.47198611,0],[108.72806482,24.47198563,0],[108.72805497,24.47198514,0],[108.72804512,24.47198467,0],[108.72803527,24.47198419,0],[108.72802542,24.47198372,0],[108.72801557,24.47198325,0],[108.72800572,24.47198279,0],[108.72799587,24.47198233,0],[108.72798602,24.47198188,0],[108.72797616,24.47198143,0],[108.72796631,24.47198098,0],[108.72795646,24.47198054,0],[108.72794661,24.4719801,0],[108.72794595,24.47198007,0]]}},{"type":"Feature","id":"route_center-22-3","properties":{"name":"zhix_79240","sourceLayer":"道路中间线","sourceFile":"道路中间线.kml","originalPlacemarkIndex":21,"chainIndex":2,"stroke":"#dffbff","stroke-opacity":0.96,"stroke-width":3.2},"geometry":{"type":"LineString","coordinates":[[108.73457258,24.47260895,0],[108.73070642,24.47221037,0]]}},{"type":"Feature","id":"route_center-23-1","properties":{"name":"zhix_79257","sourceLayer":"道路中间线","sourceFile":"道路中间线.kml","originalPlacemarkIndex":22,"chainIndex":0,"stroke":"#dffbff","stroke-opacity":0.96,"stroke-width":3.2},"geometry":{"type":"LineString","coordinates":[[108.73165153,24.47215222,0],[108.73264779,24.47223346,0],[108.73264779,24.47223346,0],[108.73264779,24.47223346,0],[108.73364064,24.47231448,0]]}},{"type":"Feature","id":"route_center-23-2","properties":{"name":"zhix_79257","sourceLayer":"道路中间线","sourceFile":"道路中间线.kml","originalPlacemarkIndex":22,"chainIndex":1,"stroke":"#dffbff","stroke-opacity":0.96,"stroke-width":3.2},"geometry":{"type":"LineString","coordinates":[[108.73539843,24.47241895,0],[108.73482006,24.47238877,0],[108.73482006,24.47238877,0]]}},{"type":"Feature","id":"route_center-23-3","properties":{"name":"zhix_79257","sourceLayer":"道路中间线","sourceFile":"道路中间线.kml","originalPlacemarkIndex":22,"chainIndex":2,"stroke":"#dffbff","stroke-opacity":0.96,"stroke-width":3.2},"geometry":{"type":"LineString","coordinates":[[108.73847782,24.47209587,0],[108.73834265,24.47216499,0],[108.7382037,24.47222756,0],[108.73806135,24.47228343,0],[108.737916,24.47233243,0],[108.73776803,24.47237444,0],[108.73761785,24.47240933,0],[108.73746589,24.47243702,0],[108.73731255,24.47245743,0],[108.73715825,24.47247049,0],[108.73713655,24.47247174,0],[108.73713655,24.47247174,0]]}},{"type":"Feature","id":"route_center-23-4","properties":{"name":"zhix_79257","sourceLayer":"道路中间线","sourceFile":"道路中间线.kml","originalPlacemarkIndex":22,"chainIndex":3,"stroke":"#dffbff","stroke-opacity":0.96,"stroke-width":3.2},"geometry":{"type":"LineString","coordinates":[[108.73965907,24.47143637,0],[108.73973023,24.47141727,0],[108.73980237,24.47140158,0],[108.73987532,24.47138937,0],[108.73994887,24.47138064,0],[108.74002282,24.47137544,0],[108.74009696,24.47137376,0],[108.7401711,24.47137563,0],[108.74024503,24.47138103,0],[108.74031854,24.47138995,0],[108.74039144,24.47140236,0],[108.74046352,24.47141823,0],[108.74053459,24.47143751,0],[108.74060446,24.47146016,0],[108.74067293,24.47148611,0],[108.74073981,24.47151529,0],[108.74080492,24.47154762,0],[108.74086808,24.47158301,0],[108.74092913,24.47162137,0],[108.74098788,24.47166258,0],[108.74104419,24.47170654,0],[108.74109789,24.47175313,0],[108.74114884,24.47180221,0],[108.7411969,24.47185366,0],[108.74124194,24.47190733,0],[108.74128384,24.47196308,0],[108.74132247,24.47202074,0],[108.74135774,24.47208018,0],[108.74135895,24.47208237,0],[108.74135895,24.47208237,0]]}},{"type":"Feature","id":"route_center-23-5","properties":{"name":"zhix_79257","sourceLayer":"道路中间线","sourceFile":"道路中间线.kml","originalPlacemarkIndex":22,"chainIndex":4,"stroke":"#dffbff","stroke-opacity":0.96,"stroke-width":3.2},"geometry":{"type":"LineString","coordinates":[[108.74154976,24.47633356,0],[108.74148249,24.47548504,0],[108.74146406,24.47463445,0],[108.74149451,24.47378412,0],[108.74151781,24.4734741,0],[108.74151781,24.4734741,0]]}},{"type":"Feature","id":"route_center-23-6","properties":{"name":"zhix_79257","sourceLayer":"道路中间线","sourceFile":"道路中间线.kml","originalPlacemarkIndex":22,"chainIndex":5,"stroke":"#dffbff","stroke-opacity":0.96,"stroke-width":3.2},"geometry":{"type":"LineString","coordinates":[[108.74154976,24.47633356,0],[108.7416168,24.4771821,0],[108.74162765,24.47744513,0],[108.74162765,24.47744513,0]]}},{"type":"Feature","id":"route_center-23-7","properties":{"name":"zhix_79257","sourceLayer":"道路中间线","sourceFile":"道路中间线.kml","originalPlacemarkIndex":22,"chainIndex":6,"stroke":"#dffbff","stroke-opacity":0.96,"stroke-width":3.2},"geometry":{"type":"LineString","coordinates":[[108.74175032,24.47998237,0],[108.74167208,24.47880293,0],[108.7416684,24.47869753,0],[108.7416684,24.47869753,0]]}},{"type":"Feature","id":"route_center-23-8","properties":{"name":"zhix_79257","sourceLayer":"道路中间线","sourceFile":"道路中间线.kml","originalPlacemarkIndex":22,"chainIndex":7,"stroke":"#dffbff","stroke-opacity":0.96,"stroke-width":3.2},"geometry":{"type":"LineString","coordinates":[[108.74175032,24.47998237,0],[108.7417655,24.48014197,0]]}},{"type":"Feature","id":"route_center-23-9","properties":{"name":"zhix_79257","sourceLayer":"道路中间线","sourceFile":"道路中间线.kml","originalPlacemarkIndex":22,"chainIndex":8,"stroke":"#dffbff","stroke-opacity":0.96,"stroke-width":3.2},"geometry":{"type":"LineString","coordinates":[[108.74162765,24.47744513,0],[108.7416684,24.47869753,0]]}},{"type":"Feature","id":"route_center-23-10","properties":{"name":"zhix_79257","sourceLayer":"道路中间线","sourceFile":"道路中间线.kml","originalPlacemarkIndex":22,"chainIndex":9,"stroke":"#dffbff","stroke-opacity":0.96,"stroke-width":3.2},"geometry":{"type":"LineString","coordinates":[[108.74135895,24.47208237,0],[108.74136338,24.47209043,0],[108.74136775,24.47209852,0],[108.74137206,24.47210664,0],[108.74137631,24.47211479,0],[108.7413805,24.47212297,0],[108.74138463,24.47213117,0],[108.7413887,24.47213939,0],[108.7413927,24.47214764,0],[108.74139665,24.47215591,0],[108.74140054,24.47216421,0],[108.74140437,24.47217253,0],[108.74140814,24.47218087,0],[108.74141185,24.47218923,0],[108.74141551,24.47219762,0],[108.7414191,24.47220603,0],[108.74142264,24.47221445,0],[108.74142612,24.4722229,0],[108.74142954,24.47223137,0],[108.7414329,24.47223986,0],[108.74143621,24.47224836,0],[108.74143946,24.47225688,0],[108.74144266,24.47226543,0],[108.7414458,24.47227398,0],[108.74144888,24.47228256,0],[108.74145191,24.47229115,0],[108.74145488,24.47229976,0],[108.7414578,24.47230838,0],[108.74146066,24.47231702,0],[108.74146347,24.47232568,0],[108.74146623,24.47233434,0],[108.74146893,24.47234303,0],[108.74147158,24.47235172,0],[108.74147418,24.47236043,0],[108.74147672,24.47236915,0],[108.74147922,24.47237789,0],[108.74148166,24.47238664,0],[108.74148404,24.4723954,0],[108.74148638,24.47240417,0],[108.74148867,24.47241295,0],[108.74149091,24.47242174,0],[108.74149309,24.47243054,0],[108.74149523,24.47243936,0],[108.74149732,24.47244818,0],[108.74149936,24.47245701,0],[108.74150135,24.47246586,0],[108.74150329,24.47247471,0],[108.74150519,24.47248357,0],[108.74150704,24.47249243,0],[108.74150884,24.47250131,0],[108.74151059,24.47251019,0],[108.7415123,24.47251909,0],[108.74151397,24.47252798,0],[108.74151558,24.47253689,0],[108.74151716,24.4725458,0],[108.74151868,24.47255472,0],[108.74152017,24.47256365,0],[108.74152161,24.47257258,0],[108.741523,24.47258151,0],[108.74152436,24.47259046,0],[108.74152567,24.4725994,0],[108.74152694,24.47260836,0],[108.74152817,24.47261731,0],[108.74152935,24.47262628,0],[108.7415305,24.47263524,0],[108.7415316,24.47264421,0],[108.74153267,24.47265319,0],[108.74153369,24.47266217,0],[108.74153468,24.47267115,0],[108.74153563,24.47268014,0],[108.74153653,24.47268913,0],[108.74153741,24.47269812,0],[108.74153824,24.47270712,0],[108.74153903,24.47271611,0],[108.74153979,24.47272512,0],[108.74154052,24.47273412,0],[108.7415412,24.47274312,0],[108.74154186,24.47275213,0],[108.74154247,24.47276114,0],[108.74154306,24.47277015,0],[108.74154361,24.47277917,0],[108.74154412,24.47278818,0],[108.7415446,24.4727972,0],[108.74154505,24.47280622,0],[108.74154547,24.47281524,0],[108.74154585,24.47282426,0],[108.7415462,24.47283328,0],[108.74154653,24.47284231,0],[108.74154682,24.47285133,0],[108.74154708,24.47286035,0],[108.74154731,24.47286938,0],[108.74154751,24.47287841,0],[108.74154768,24.47288743,0],[108.74154783,24.47289646,0],[108.74154794,24.47290549,0],[108.74154803,24.47291451,0],[108.74154809,24.47292354,0],[108.74154813,24.47293257,0],[108.74154814,24.4729416,0],[108.74154812,24.47295063,0],[108.74154808,24.47295965,0],[108.74154801,24.47296868,0],[108.74154792,24.47297771,0],[108.7415478,24.47298674,0],[108.74154766,24.47299576,0],[108.7415475,24.47300479,0],[108.74154731,24.47301382,0],[108.7415471,24.47302284,0],[108.74154687,24.47303187,0],[108.74154662,24.47304089,0],[108.74154635,24.47304992,0],[108.74154605,24.47305894,0],[108.74154574,24.47306796,0],[108.74154541,24.47307699,0],[108.74154506,24.47308601,0],[108.74154468,24.47309503,0],[108.74154429,24.47310405,0],[108.74154389,24.47311307,0],[108.74154346,24.47312209,0],[108.74154302,24.47313111,0],[108.74154256,24.47314013,0],[108.74154208,24.47314914,0],[108.74154159,24.47315816,0],[108.74154109,24.47316718,0],[108.74154057,24.47317619,0],[108.74154003,24.47318521,0],[108.74153948,24.47319422,0],[108.74153892,24.47320323,0],[108.74153834,24.47321225,0],[108.74153775,24.47322126,0],[108.74153715,24.47323027,0],[108.74153654,24.47323928,0],[108.74153591,24.47324829,0],[108.74153528,24.4732573,0],[108.74153463,24.47326631,0],[108.74153398,24.47327531,0],[108.74153331,24.47328432,0],[108.74153263,24.47329333,0],[108.74153195,24.47330233,0],[108.74153126,24.47331134,0],[108.74153056,24.47332035,0],[108.74152985,24.47332935,0],[108.74152914,24.47333835,0],[108.74152842,24.47334736,0],[108.74152769,24.47335636,0],[108.74152696,24.47336536,0],[108.74152622,24.47337437,0],[108.74152547,24.47338337,0],[108.74152473,24.47339237,0],[108.74152398,24.47340137,0],[108.74152322,24.47341037,0],[108.74152246,24.47341938,0],[108.7415217,24.47342838,0],[108.74152094,24.47343738,0],[108.74152018,24.47344638,0],[108.74151941,24.47345538,0],[108.74151864,24.47346438,0],[108.74151788,24.47347338,0],[108.74151781,24.4734741,0]]}},{"type":"Feature","id":"route_center-23-11","properties":{"name":"zhix_79257","sourceLayer":"道路中间线","sourceFile":"道路中间线.kml","originalPlacemarkIndex":22,"chainIndex":10,"stroke":"#dffbff","stroke-opacity":0.96,"stroke-width":3.2},"geometry":{"type":"LineString","coordinates":[[108.73890334,24.47183269,0],[108.73891135,24.47182742,0],[108.73891936,24.47182215,0],[108.73892737,24.47181688,0],[108.73893539,24.47181162,0],[108.7389434,24.47180635,0],[108.73895142,24.47180109,0],[108.73895943,24.47179583,0],[108.73896746,24.47179058,0],[108.73897548,24.47178533,0],[108.73898351,24.47178009,0],[108.73899155,24.47177485,0],[108.73899959,24.47176962,0],[108.73900763,24.4717644,0],[108.73901568,24.47175918,0],[108.73902374,24.47175397,0],[108.7390318,24.47174877,0],[108.73903987,24.47174358,0],[108.73904795,24.4717384,0],[108.73905604,24.47173323,0],[108.73906413,24.47172807,0],[108.73907223,24.47172293,0],[108.73908035,24.47171779,0],[108.73908847,24.47171267,0],[108.7390966,24.47170756,0],[108.73910475,24.47170246,0],[108.7391129,24.47169738,0],[108.73912106,24.47169232,0],[108.73912924,24.47168727,0],[108.73913743,24.47168224,0],[108.73914563,24.47167722,0],[108.73915385,24.47167222,0],[108.73916207,24.47166725,0],[108.73917032,24.47166228,0],[108.73917857,24.47165734,0],[108.73918684,24.47165242,0],[108.73919513,24.47164752,0],[108.73920343,24.47164265,0],[108.73921174,24.47163779,0],[108.73922007,24.47163296,0],[108.73922842,24.47162815,0],[108.73923678,24.47162336,0],[108.73924516,24.4716186,0],[108.73925356,24.47161386,0],[108.73926198,24.47160915,0],[108.73927041,24.47160447,0],[108.73927886,24.47159981,0],[108.73928733,24.47159518,0],[108.73929582,24.47159058,0],[108.73930432,24.47158601,0],[108.73931285,24.47158147,0],[108.73932139,24.47157697,0],[108.73932996,24.47157249,0],[108.73933854,24.47156804,0],[108.73934715,24.47156363,0],[108.73935577,24.47155925,0],[108.73936442,24.4715549,0],[108.73937309,24.47155059,0],[108.73938177,24.47154632,0],[108.73939048,24.47154208,0],[108.73939921,24.47153788,0],[108.73940797,24.47153371,0],[108.73941674,24.47152959,0],[108.73942553,24.4715255,0],[108.73943435,24.47152145,0],[108.73944319,24.47151745,0],[108.73945205,24.47151348,0],[108.73946094,24.47150956,0],[108.73946984,24.47150568,0],[108.73947877,24.47150184,0],[108.73948773,24.47149805,0],[108.7394967,24.47149431,0],[108.7395057,24.47149061,0],[108.73951472,24.47148695,0],[108.73952376,24.47148335,0],[108.73953282,24.47147979,0],[108.73954191,24.47147628,0],[108.73955102,24.47147282,0],[108.73956016,24.47146941,0],[108.73956931,24.47146605,0],[108.73957849,24.47146275,0],[108.73958769,24.47145949,0],[108.73959692,24.47145629,0],[108.73960616,24.47145315,0],[108.73961543,24.47145006,0],[108.73962472,24.47144703,0],[108.73963403,24.47144405,0],[108.73964337,24.47144113,0],[108.73965272,24.47143827,0],[108.73965907,24.47143637,0]]}},{"type":"Feature","id":"route_center-23-12","properties":{"name":"zhix_79257","sourceLayer":"道路中间线","sourceFile":"道路中间线.kml","originalPlacemarkIndex":22,"chainIndex":11,"stroke":"#dffbff","stroke-opacity":0.96,"stroke-width":3.2},"geometry":{"type":"LineString","coordinates":[[108.73847782,24.47209587,0],[108.73848629,24.47209125,0],[108.73849475,24.47208659,0],[108.73850318,24.47208192,0],[108.73851161,24.47207722,0],[108.73852001,24.47207249,0],[108.7385284,24.47206774,0],[108.73853677,24.47206297,0],[108.73854513,24.47205818,0],[108.73855348,24.47205337,0],[108.73856181,24.47204853,0],[108.73857012,24.47204368,0],[108.73857843,24.4720388,0],[108.73858671,24.47203391,0],[108.73859499,24.47202899,0],[108.73860325,24.47202406,0],[108.7386115,24.47201911,0],[108.73861973,24.47201414,0],[108.73862796,24.47200916,0],[108.73863617,24.47200415,0],[108.73864437,24.47199914,0],[108.73865256,24.4719941,0],[108.73866074,24.47198906,0],[108.73866891,24.471984,0],[108.73867706,24.47197892,0],[108.73868521,24.47197383,0],[108.73869335,24.47196873,0],[108.73870148,24.47196361,0],[108.7387096,24.47195849,0],[108.73871771,24.47195335,0],[108.73872581,24.4719482,0],[108.7387339,24.47194304,0],[108.73874199,24.47193787,0],[108.73875007,24.47193269,0],[108.73875814,24.47192751,0],[108.73876621,24.47192231,0],[108.73877427,24.47191711,0],[108.73878232,24.47191189,0],[108.73879037,24.47190667,0],[108.73879841,24.47190145,0],[108.73880645,24.47189622,0],[108.73881449,24.47189098,0],[108.73882252,24.47188574,0],[108.73883054,24.47188049,0],[108.73883857,24.47187524,0],[108.73884659,24.47186998,0],[108.7388546,24.47186472,0],[108.73886262,24.47185946,0],[108.73887063,24.4718542,0],[108.73887864,24.47184893,0],[108.73888666,24.47184366,0],[108.73889467,24.47183839,0],[108.73890268,24.47183312,0],[108.73890334,24.47183269,0]]}},{"type":"Feature","id":"route_center-23-13","properties":{"name":"zhix_79257","sourceLayer":"道路中间线","sourceFile":"道路中间线.kml","originalPlacemarkIndex":22,"chainIndex":12,"stroke":"#dffbff","stroke-opacity":0.96,"stroke-width":3.2},"geometry":{"type":"LineString","coordinates":[[108.7365272,24.47246568,0],[108.73653705,24.47246609,0],[108.73654691,24.47246649,0],[108.73655676,24.4724669,0],[108.73656661,24.47246731,0],[108.73657647,24.47246771,0],[108.73658632,24.47246811,0],[108.73659618,24.47246851,0],[108.73660603,24.4724689,0],[108.73661589,24.47246929,0],[108.73662574,24.47246968,0],[108.7366356,24.47247006,0],[108.73664545,24.47247043,0],[108.73665531,24.4724708,0],[108.73666516,24.47247117,0],[108.73667502,24.47247152,0],[108.73668488,24.47247187,0],[108.73669473,24.47247221,0],[108.73670459,24.47247255,0],[108.73671445,24.47247287,0],[108.73672431,24.47247319,0],[108.73673416,24.47247349,0],[108.73674402,24.47247379,0],[108.73675388,24.47247407,0],[108.73676374,24.47247435,0],[108.7367736,24.47247461,0],[108.73678346,24.47247486,0],[108.73679332,24.4724751,0],[108.73680318,24.47247532,0],[108.73681304,24.47247553,0],[108.73682291,24.47247573,0],[108.73683277,24.47247591,0],[108.73684263,24.47247607,0],[108.73685249,24.47247623,0],[108.73686235,24.47247636,0],[108.73687222,24.47247648,0],[108.73688208,24.47247658,0],[108.73689194,24.47247666,0],[108.73690181,24.47247673,0],[108.73691167,24.47247678,0],[108.73692154,24.4724768,0],[108.7369314,24.47247681,0],[108.73694126,24.4724768,0],[108.73695113,24.47247677,0],[108.73696099,24.47247672,0],[108.73697085,24.47247664,0],[108.73698072,24.47247655,0],[108.73699058,24.47247643,0],[108.73700044,24.47247629,0],[108.73701031,24.47247612,0],[108.73702017,24.47247593,0],[108.73703003,24.47247572,0],[108.73703989,24.47247548,0],[108.73704975,24.47247522,0],[108.73705961,24.47247493,0],[108.73706947,24.47247462,0],[108.73707932,24.47247428,0],[108.73708918,24.47247391,0],[108.73709903,24.47247351,0],[108.73710889,24.47247308,0],[108.73711874,24.47247263,0],[108.73712859,24.47247215,0],[108.73713655,24.47247174,0]]}},{"type":"Feature","id":"route_center-23-14","properties":{"name":"zhix_79257","sourceLayer":"道路中间线","sourceFile":"道路中间线.kml","originalPlacemarkIndex":22,"chainIndex":13,"stroke":"#dffbff","stroke-opacity":0.96,"stroke-width":3.2},"geometry":{"type":"LineString","coordinates":[[108.73539843,24.47241895,0],[108.7365272,24.47246568,0]]}},{"type":"Feature","id":"route_center-23-15","properties":{"name":"zhix_79257","sourceLayer":"道路中间线","sourceFile":"道路中间线.kml","originalPlacemarkIndex":22,"chainIndex":14,"stroke":"#dffbff","stroke-opacity":0.96,"stroke-width":3.2},"geometry":{"type":"LineString","coordinates":[[108.73364064,24.47231448,0],[108.73482006,24.47238877,0]]}},{"type":"Feature","id":"route_center-23-16","properties":{"name":"zhix_79257","sourceLayer":"道路中间线","sourceFile":"道路中间线.kml","originalPlacemarkIndex":22,"chainIndex":15,"stroke":"#dffbff","stroke-opacity":0.96,"stroke-width":3.2},"geometry":{"type":"LineString","coordinates":[[108.73032032,24.47206852,0],[108.73165153,24.47215222,0]]}},{"type":"Feature","id":"route_center-24-1","properties":{"name":"zhix_88154","sourceLayer":"道路中间线","sourceFile":"道路中间线.kml","originalPlacemarkIndex":23,"chainIndex":0,"stroke":"#dffbff","stroke-opacity":0.96,"stroke-width":3.2},"geometry":{"type":"LineString","coordinates":[[108.78086649,24.58226446,0],[108.7810474,24.58232807,0]]}},{"type":"Feature","id":"route_center-25-1","properties":{"name":"zhix_88155","sourceLayer":"道路中间线","sourceFile":"道路中间线.kml","originalPlacemarkIndex":24,"chainIndex":0,"stroke":"#dffbff","stroke-opacity":0.96,"stroke-width":3.2},"geometry":{"type":"LineString","coordinates":[[108.7807344,24.5827662,0],[108.78054599,24.58252328,0]]}},{"type":"Feature","id":"route_center-26-1","properties":{"name":"zhix_230561","sourceLayer":"道路中间线","sourceFile":"道路中间线.kml","originalPlacemarkIndex":25,"chainIndex":0,"stroke":"#dffbff","stroke-opacity":0.96,"stroke-width":3.2},"geometry":{"type":"LineString","coordinates":[[108.83941737,24.76509696,0],[108.83941408,24.76508844,0],[108.8394108,24.76507993,0],[108.83940751,24.76507142,0],[108.83940423,24.7650629,0],[108.83940094,24.76505439,0],[108.83939766,24.76504587,0],[108.83939437,24.76503736,0],[108.83939109,24.76502884,0],[108.8393878,24.76502033,0],[108.83938452,24.76501181,0],[108.83938123,24.7650033,0],[108.83937795,24.76499479,0],[108.83937467,24.76498627,0],[108.83937138,24.76497776,0],[108.8393681,24.76496924,0],[108.83936482,24.76496072,0],[108.83936154,24.76495221,0],[108.83935826,24.76494369,0],[108.83935497,24.76493518,0],[108.8393517,24.76492666,0],[108.83934842,24.76491814,0],[108.83934514,24.76490963,0],[108.83934186,24.76490111,0],[108.83933858,24.76489259,0],[108.83933531,24.76488408,0],[108.83933203,24.76487556,0],[108.83932876,24.76486704,0],[108.83932548,24.76485852,0],[108.83932221,24.76485001,0],[108.83931894,24.76484149,0],[108.83931567,24.76483297,0],[108.8393124,24.76482445,0],[108.83930913,24.76481593,0],[108.83930586,24.76480741,0],[108.83930259,24.76479889,0],[108.83929933,24.76479037,0],[108.83929606,24.76478185,0],[108.8392928,24.76477333,0],[108.83928954,24.7647648,0],[108.83928628,24.76475628,0],[108.83928302,24.76474776,0],[108.83927976,24.76473924,0],[108.8392765,24.76473071,0],[108.83927325,24.76472219,0],[108.83927,24.76471366,0],[108.83926674,24.76470514,0],[108.83926349,24.76469661,0],[108.83926024,24.76468809,0],[108.839257,24.76467956,0],[108.83925375,24.76467103,0],[108.8392505,24.76466251,0],[108.83924726,24.76465398,0],[108.83924402,24.76464545,0],[108.83924078,24.76463692,0],[108.83923754,24.76462839,0],[108.83923431,24.76461986,0],[108.83923107,24.76461133,0],[108.83922784,24.7646028,0],[108.83922461,24.76459427,0],[108.83922138,24.76458574,0],[108.83921816,24.7645772,0],[108.83921493,24.76456867,0],[108.83921171,24.76456013,0],[108.83920849,24.7645516,0],[108.83920527,24.76454306,0],[108.83920205,24.76453453,0],[108.83919884,24.76452599,0],[108.83919563,24.76451745,0],[108.83919242,24.76450891,0],[108.83918921,24.76450038,0],[108.839186,24.76449184,0],[108.8391828,24.7644833,0],[108.8391796,24.76447475,0],[108.8391764,24.76446621,0],[108.83917321,24.76445767,0],[108.83917001,24.76444913,0],[108.83916682,24.76444058,0],[108.83916363,24.76443204,0],[108.83916045,24.76442349,0],[108.83915726,24.76441494,0],[108.83915408,24.7644064,0],[108.8391509,24.76439785,0],[108.83914773,24.7643893,0],[108.83914456,24.76438075,0],[108.83914139,24.7643722,0],[108.83913822,24.76436365,0],[108.83913506,24.7643551,0],[108.83913189,24.76434654,0],[108.83912873,24.76433799,0],[108.83912558,24.76432943,0],[108.83912243,24.76432088,0],[108.83911928,24.76431232,0],[108.83911613,24.76430376,0],[108.83911298,24.7642952,0],[108.83910984,24.76428664,0],[108.83910671,24.76427808,0],[108.83910357,24.76426952,0],[108.83910044,24.76426096,0],[108.83909731,24.7642524,0],[108.83909419,24.76424383,0],[108.83909106,24.76423527,0],[108.83908795,24.7642267,0],[108.83908483,24.76421813,0],[108.83908172,24.76420956,0],[108.83907861,24.76420099,0],[108.8390755,24.76419242,0],[108.8390724,24.76418385,0],[108.8390693,24.76417528,0],[108.83906621,24.76416671,0],[108.83906312,24.76415813,0],[108.83906003,24.76414955,0],[108.83905695,24.76414098,0],[108.83905387,24.7641324,0],[108.83905079,24.76412382,0],[108.83904772,24.76411524,0],[108.83904465,24.76410666,0],[108.83904158,24.76409808,0],[108.83903852,24.76408949,0],[108.83903546,24.76408091,0],[108.83903241,24.76407232,0],[108.83902936,24.76406374,0],[108.83902632,24.76405515,0],[108.83902327,24.76404656,0],[108.83902024,24.76403797,0],[108.8390172,24.76402938,0],[108.83901417,24.76402078,0],[108.83901115,24.76401219,0],[108.83900813,24.76400359,0],[108.83900511,24.763995,0],[108.8390021,24.7639864,0],[108.83899909,24.7639778,0],[108.83899608,24.7639692,0],[108.83899308,24.7639606,0],[108.83899009,24.76395199,0],[108.83898709,24.76394339,0],[108.83898411,24.76393478,0],[108.83898112,24.76392618,0],[108.83897815,24.76391757,0],[108.83897517,24.76390896,0],[108.8389722,24.76390035,0],[108.83896924,24.76389174,0],[108.83896628,24.76388312,0],[108.83896332,24.76387451,0],[108.83896037,24.76386589,0],[108.83895743,24.76385728,0],[108.83895449,24.76384866,0],[108.83895155,24.76384004,0],[108.83894862,24.76383142,0],[108.83894569,24.76382279,0],[108.83894277,24.76381417,0],[108.83893986,24.76380554,0],[108.83893694,24.76379692,0],[108.83893404,24.76378829,0],[108.83893113,24.76377966,0],[108.83892824,24.76377103,0],[108.83892535,24.76376239,0],[108.83892246,24.76375376,0],[108.83891958,24.76374513,0],[108.8389167,24.76373649,0],[108.83891383,24.76372785,0],[108.83891097,24.76371921,0],[108.83890811,24.76371057,0],[108.83890525,24.76370193,0],[108.8389024,24.76369328,0],[108.83889956,24.76368464,0],[108.83889672,24.76367599,0],[108.83889388,24.76366734,0],[108.83889106,24.76365869,0],[108.83888823,24.76365004,0],[108.83888542,24.76364139,0],[108.83888261,24.76363273,0],[108.8388798,24.76362407,0],[108.838877,24.76361542,0],[108.83887421,24.76360676,0],[108.83887142,24.7635981,0],[108.83886863,24.76358943,0],[108.83886586,24.76358077,0],[108.83886309,24.7635721,0],[108.83886032,24.76356344,0]]}},{"type":"Feature","id":"route_center-26-2","properties":{"name":"zhix_230561","sourceLayer":"道路中间线","sourceFile":"道路中间线.kml","originalPlacemarkIndex":25,"chainIndex":1,"stroke":"#dffbff","stroke-opacity":0.96,"stroke-width":3.2},"geometry":{"type":"LineString","coordinates":[[108.83885758,24.76355482,0],[108.83864667,24.76282306,0],[108.83847827,24.76208237,0],[108.83835284,24.76133477,0],[108.83827073,24.76058233,0],[108.83823215,24.75982709,0],[108.83823722,24.75907112,0],[108.83828592,24.75831651,0],[108.83830005,24.75817392,0],[108.83830005,24.75817392,0]]}},{"type":"Feature","id":"route_center-26-3","properties":{"name":"zhix_230561","sourceLayer":"道路中间线","sourceFile":"道路中间线.kml","originalPlacemarkIndex":25,"chainIndex":2,"stroke":"#dffbff","stroke-opacity":0.96,"stroke-width":3.2},"geometry":{"type":"LineString","coordinates":[[108.83886032,24.76356344,0],[108.83885758,24.76355482,0]]}},{"type":"Feature","id":"route_center-26-4","properties":{"name":"zhix_230561","sourceLayer":"道路中间线","sourceFile":"道路中间线.kml","originalPlacemarkIndex":25,"chainIndex":3,"stroke":"#dffbff","stroke-opacity":0.96,"stroke-width":3.2},"geometry":{"type":"LineString","coordinates":[[108.83830005,24.75817392,0],[108.83830098,24.75816493,0],[108.83830191,24.75815594,0],[108.83830286,24.75814696,0],[108.8383038,24.75813797,0],[108.83830476,24.75812899,0],[108.83830572,24.75812,0],[108.83830669,24.75811102,0],[108.83830766,24.75810203,0],[108.83830864,24.75809305,0],[108.83830962,24.75808407,0],[108.83831061,24.75807509,0],[108.8383116,24.75806611,0],[108.83831261,24.75805712,0],[108.83831361,24.75804814,0],[108.83831462,24.75803916,0],[108.83831564,24.75803019,0],[108.83831667,24.75802121,0],[108.8383177,24.75801223,0],[108.83831873,24.75800325,0],[108.83831977,24.75799427,0],[108.83832082,24.7579853,0],[108.83832187,24.75797632,0],[108.83832292,24.75796734,0],[108.83832399,24.75795837,0],[108.83832505,24.75794939,0],[108.83832613,24.75794042,0],[108.8383272,24.75793145,0],[108.83832829,24.75792247,0],[108.83832937,24.7579135,0],[108.83833047,24.75790453,0],[108.83833157,24.75789556,0],[108.83833267,24.75788659,0],[108.83833378,24.75787762,0],[108.83833489,24.75786865,0],[108.83833601,24.75785968,0],[108.83833713,24.75785071,0],[108.83833826,24.75784174,0],[108.8383394,24.75783277,0],[108.83834053,24.75782381,0],[108.83834168,24.75781484,0],[108.83834282,24.75780587,0],[108.83834398,24.75779691,0],[108.83834513,24.75778794,0],[108.8383463,24.75777898,0],[108.83834746,24.75777001,0],[108.83834863,24.75776105,0],[108.83834981,24.75775208,0],[108.83835099,24.75774312,0],[108.83835217,24.75773416,0],[108.83835336,24.7577252,0],[108.83835456,24.75771624,0],[108.83835575,24.75770728,0],[108.83835696,24.75769832,0],[108.83835816,24.75768936,0],[108.83835937,24.7576804,0],[108.83836059,24.75767144,0],[108.83836181,24.75766248,0],[108.83836303,24.75765352,0],[108.83836426,24.75764456,0],[108.83836549,24.75763561,0],[108.83836673,24.75762665,0],[108.83836797,24.75761769,0],[108.83836921,24.75760874,0],[108.83837046,24.75759978,0],[108.83837171,24.75759083,0],[108.83837297,24.75758187,0],[108.83837423,24.75757292,0],[108.83837549,24.75756397,0],[108.83837676,24.75755501,0],[108.83837803,24.75754606,0],[108.83837931,24.75753711,0],[108.83838058,24.75752816,0],[108.83838187,24.75751921,0],[108.83838315,24.75751026,0],[108.83838444,24.75750131,0],[108.83838573,24.75749236,0],[108.83838703,24.75748341,0],[108.83838833,24.75747446,0],[108.83838964,24.75746551,0],[108.83839094,24.75745656,0],[108.83839225,24.75744761,0],[108.83839357,24.75743867,0],[108.83839488,24.75742972,0],[108.8383962,24.75742077,0],[108.83839753,24.75741183,0],[108.83839886,24.75740288,0],[108.83840019,24.75739394,0],[108.83840152,24.75738499,0],[108.83840286,24.75737605,0],[108.8384042,24.7573671,0],[108.83840554,24.75735816,0],[108.83840688,24.75734922,0],[108.83840823,24.75734027,0],[108.83840958,24.75733133,0],[108.83841094,24.75732239,0],[108.8384123,24.75731345,0],[108.83841366,24.75730451,0],[108.83841502,24.75729556,0],[108.83841639,24.75728662,0],[108.83841775,24.75727768,0],[108.83841913,24.75726874,0],[108.8384205,24.7572598,0],[108.83842188,24.75725086,0],[108.83842326,24.75724193,0],[108.83842464,24.75723299,0],[108.83842602,24.75722405,0],[108.83842741,24.75721511,0],[108.8384288,24.75720617,0],[108.83843019,24.75719723,0],[108.83843158,24.7571883,0],[108.83843298,24.75717936,0],[108.83843438,24.75717042,0],[108.83843578,24.75716149,0],[108.83843719,24.75715255,0],[108.83843859,24.75714362,0],[108.83844,24.75713468,0],[108.83844141,24.75712575,0],[108.83844282,24.75711681,0],[108.83844424,24.75710788,0],[108.83844565,24.75709894,0],[108.83844707,24.75709001,0],[108.83844849,24.75708108,0],[108.83844992,24.75707214,0],[108.83845134,24.75706321,0],[108.83845277,24.75705428,0],[108.83845419,24.75704534,0],[108.83845562,24.75703641,0],[108.83845706,24.75702748,0],[108.83845849,24.75701855,0],[108.83845993,24.75700962,0],[108.83846136,24.75700068,0],[108.8384628,24.75699175,0],[108.83846424,24.75698282,0],[108.83846568,24.75697389,0],[108.83846713,24.75696496,0],[108.83846857,24.75695603,0],[108.83847002,24.7569471,0],[108.83847147,24.75693817,0],[108.83847292,24.75692924,0],[108.83847437,24.75692031,0],[108.83847582,24.75691138,0],[108.83847727,24.75690245,0],[108.83847873,24.75689352,0],[108.83848018,24.75688459,0],[108.83848164,24.75687567,0],[108.8384831,24.75686674,0],[108.83848456,24.75685781,0],[108.83848602,24.75684888,0],[108.83848748,24.75683995,0],[108.83848895,24.75683102,0],[108.83849041,24.7568221,0],[108.83849188,24.75681317,0],[108.83849334,24.75680424,0],[108.83849481,24.75679531,0],[108.83849628,24.75678639,0],[108.83849774,24.75677746,0],[108.83849921,24.75676853,0],[108.83850068,24.7567596,0],[108.83850215,24.75675068,0],[108.83850363,24.75674175,0],[108.8385051,24.75673282,0],[108.83850657,24.7567239,0],[108.83850804,24.75671497,0],[108.83850952,24.75670604,0],[108.83851099,24.75669712,0],[108.83851247,24.75668819,0],[108.83851394,24.75667927,0],[108.83851542,24.75667034,0],[108.8385169,24.75666141,0],[108.83851837,24.75665249,0],[108.83851985,24.75664356,0],[108.83852133,24.75663464,0],[108.83852281,24.75662571,0],[108.83852428,24.75661678,0],[108.83852576,24.75660786,0],[108.83852724,24.75659893,0],[108.83852872,24.75659001,0],[108.8385302,24.75658108,0],[108.83853168,24.75657215,0],[108.83853315,24.75656328,0],[108.83853463,24.75655435,0],[108.8385361,24.75654543,0],[108.83853758,24.7565365,0],[108.83853906,24.75652757,0],[108.83854054,24.75651865,0],[108.83854202,24.75650972,0],[108.8385435,24.7565008,0],[108.83854498,24.75649187,0],[108.83854645,24.75648295,0],[108.83854793,24.75647402,0],[108.83854941,24.75646509,0],[108.83855089,24.75645617,0],[108.83855236,24.75644724,0],[108.83855384,24.75643832,0],[108.83855532,24.75642939,0],[108.8385568,24.75642046,0],[108.83855827,24.75641154,0],[108.83855975,24.75640261,0],[108.83856122,24.75639369,0],[108.8385627,24.75638476,0],[108.83856417,24.75637583,0],[108.83856565,24.75636691,0],[108.83856712,24.75635798,0],[108.8385686,24.75634905,0],[108.83857007,24.75634013,0],[108.83857155,24.7563312,0],[108.83857302,24.75632227,0],[108.83857449,24.75631335,0],[108.83857596,24.75630442,0],[108.83857743,24.75629549,0],[108.83857891,24.75628657,0],[108.83858038,24.75627764,0],[108.83858185,24.75626871,0],[108.83858332,24.75625979,0],[108.83858479,24.75625086,0],[108.83858625,24.75624193,0],[108.83858772,24.756233,0],[108.83858919,24.75622408,0],[108.83859066,24.75621515,0],[108.83859212,24.75620622,0],[108.83859359,24.75619729,0],[108.83859505,24.75618837,0],[108.83859652,24.75617944,0],[108.83859798,24.75617051,0],[108.83859944,24.75616158,0],[108.8386009,24.75615266,0],[108.83860236,24.75614373,0],[108.83860382,24.7561348,0],[108.83860528,24.75612587,0],[108.83860674,24.75611694,0],[108.8386082,24.75610801,0],[108.83860966,24.75609908,0],[108.83861111,24.75609016,0],[108.83861257,24.75608123,0],[108.83861402,24.7560723,0],[108.83861548,24.75606337,0],[108.83861693,24.75605444,0],[108.83861838,24.75604551,0],[108.83861983,24.75603658,0],[108.83862128,24.75602765,0],[108.83862273,24.75601872,0],[108.83862418,24.75600979,0],[108.83862562,24.75600086,0],[108.83862707,24.75599193,0],[108.83862852,24.755983,0],[108.83862996,24.75597407,0],[108.8386314,24.75596514,0],[108.83863284,24.75595621,0],[108.83863428,24.75594728,0],[108.83863572,24.75593834,0],[108.83863716,24.75592941,0],[108.8386386,24.75592048,0],[108.83864003,24.75591155,0],[108.83864147,24.75590262,0],[108.8386429,24.75589369,0],[108.83864433,24.75588475,0],[108.83864576,24.75587582,0],[108.83864719,24.75586689,0],[108.83864862,24.75585796,0],[108.83865005,24.75584902,0],[108.83865147,24.75584009,0],[108.8386529,24.75583116,0],[108.83865432,24.75582222,0],[108.83865574,24.75581329,0],[108.83865716,24.75580436,0],[108.83865858,24.75579542,0],[108.83866,24.75578649,0],[108.83866142,24.75577756,0],[108.83866283,24.75576862,0],[108.83866424,24.75575969,0],[108.83866566,24.75575075,0],[108.83866707,24.75574182,0],[108.83866847,24.75573288,0],[108.83866988,24.75572395,0],[108.83867129,24.75571501,0],[108.83867269,24.75570607,0],[108.83867409,24.75569714,0],[108.8386755,24.7556882,0],[108.83867689,24.75567927,0],[108.83867829,24.75567033,0],[108.83867969,24.75566139,0],[108.83868108,24.75565245,0],[108.83868248,24.75564352,0],[108.83868387,24.75563458,0],[108.83868526,24.75562564,0],[108.83868664,24.7556167,0],[108.83868803,24.75560777,0],[108.83868941,24.75559883,0],[108.8386908,24.75558989,0],[108.83869218,24.75558095,0],[108.83869356,24.75557201,0],[108.83869493,24.75556307,0],[108.83869631,24.75555413,0],[108.83869768,24.75554519,0],[108.83869905,24.75553625,0],[108.83870042,24.75552731,0],[108.83870179,24.75551837,0],[108.83870316,24.75550943,0],[108.83870452,24.75550049,0],[108.83870588,24.75549155,0],[108.83870724,24.75548261,0],[108.8387086,24.75547367,0],[108.83870996,24.75546472,0],[108.83871131,24.75545578,0],[108.83871266,24.75544684,0],[108.83871402,24.7554379,0],[108.83871536,24.75542895,0],[108.8387167,24.75542001,0],[108.83871805,24.75541107,0],[108.83871939,24.75540212,0],[108.83872073,24.75539318,0],[108.83872207,24.75538423,0],[108.8387234,24.75537529,0],[108.83872473,24.75536634,0],[108.83872606,24.7553574,0],[108.83872739,24.75534845,0],[108.83872872,24.75533951,0],[108.83873004,24.75533056,0],[108.83873137,24.75532161,0],[108.83873268,24.75531267,0],[108.838734,24.75530372,0],[108.83873532,24.75529477,0],[108.83873663,24.75528583,0],[108.83873794,24.75527688,0],[108.83873925,24.75526793,0],[108.83874055,24.75525898,0],[108.83874186,24.75525003,0],[108.83874316,24.75524109,0],[108.83874445,24.75523214,0],[108.83874575,24.75522319,0],[108.83874704,24.75521424,0],[108.83874833,24.75520529,0],[108.83874962,24.75519634,0],[108.83875091,24.75518739,0],[108.83875219,24.75517843,0],[108.83875347,24.75516948,0],[108.83875475,24.75516053,0],[108.83875603,24.75515158,0],[108.8387573,24.75514263,0],[108.83875857,24.75513368,0],[108.83875984,24.75512472,0],[108.8387611,24.75511577,0],[108.83876237,24.75510682,0],[108.83876363,24.75509786,0],[108.83876488,24.75508891,0],[108.83876614,24.75507995,0],[108.83876739,24.755071,0],[108.83876864,24.75506204,0],[108.83876988,24.75505309,0],[108.83877113,24.75504413,0],[108.83877237,24.75503518,0],[108.83877361,24.75502622,0],[108.83877484,24.75501726,0],[108.83877607,24.75500831,0],[108.8387773,24.75499935,0],[108.83877853,24.75499039,0],[108.83877975,24.75498143,0],[108.83878097,24.75497248,0],[108.83878219,24.75496352,0],[108.83878341,24.75495456,0],[108.83878462,24.7549456,0],[108.83878583,24.75493664,0],[108.83878703,24.75492768,0],[108.83878824,24.75491872,0],[108.83878944,24.75490976,0],[108.83879063,24.7549008,0],[108.83879183,24.75489184,0],[108.83879302,24.75488288,0],[108.8387942,24.75487391,0],[108.83879539,24.75486495,0],[108.83879657,24.75485599,0],[108.83879775,24.75484703,0],[108.83879892,24.75483806,0],[108.8388001,24.7548291,0],[108.83880126,24.75482013,0],[108.83880243,24.75481117,0],[108.83880359,24.75480221,0],[108.83880475,24.75479324,0],[108.83880591,24.75478427,0],[108.83880706,24.75477531,0],[108.83880821,24.75476634,0],[108.83880936,24.75475738,0],[108.8388105,24.75474841,0],[108.83881164,24.75473944,0],[108.83881277,24.75473047,0],[108.83881391,24.75472151,0],[108.83881504,24.75471254,0],[108.83881616,24.75470357,0],[108.83881728,24.7546946,0],[108.8388184,24.75468563,0],[108.83881952,24.75467666,0],[108.83882063,24.75466769,0],[108.83882174,24.75465872,0],[108.83882284,24.75464975,0],[108.83882395,24.75464078,0],[108.83882504,24.75463181,0],[108.83882614,24.75462284,0],[108.83882723,24.75461386,0],[108.83882832,24.75460489,0],[108.8388294,24.75459592,0],[108.83883048,24.75458695,0],[108.83883156,24.75457797,0],[108.83883263,24.754569,0],[108.8388337,24.75456002,0],[108.83883477,24.75455105,0],[108.83883583,24.75454207,0],[108.83883689,24.7545331,0],[108.83883794,24.75452412,0],[108.83883899,24.75451515,0],[108.83884004,24.75450617,0],[108.83884108,24.75449719,0],[108.83884212,24.75448822,0],[108.83884316,24.75447924,0],[108.83884419,24.75447026,0],[108.83884521,24.75446128,0],[108.83884624,24.7544523,0],[108.83884726,24.75444332,0],[108.83884828,24.75443434,0],[108.83884929,24.75442536,0],[108.8388503,24.75441638,0],[108.8388513,24.7544074,0],[108.8388523,24.75439842,0],[108.8388533,24.75438944,0],[108.83885429,24.75438046,0],[108.83885528,24.75437148,0],[108.83885626,24.75436249,0],[108.83885724,24.75435351,0],[108.83885822,24.75434453,0],[108.83885919,24.75433554,0],[108.83886016,24.75432656,0],[108.83886112,24.75431758,0],[108.83886208,24.75430859,0],[108.83886304,24.75429961,0],[108.83886399,24.75429062,0],[108.83886494,24.75428164,0],[108.83886588,24.75427265,0],[108.83886682,24.75426366,0],[108.83886775,24.75425468,0],[108.83886869,24.75424569,0]]}},{"type":"Feature","id":"route_center-26-5","properties":{"name":"zhix_230561","sourceLayer":"道路中间线","sourceFile":"道路中间线.kml","originalPlacemarkIndex":25,"chainIndex":4,"stroke":"#dffbff","stroke-opacity":0.96,"stroke-width":3.2},"geometry":{"type":"LineString","coordinates":[[108.83894372,24.7513139,0],[108.83896925,24.75240073,0],[108.83893202,24.75348717,0],[108.8388696,24.75423677,0],[108.8388696,24.75423677,0],[108.83886869,24.75424569,0]]}},{"type":"Feature","id":"route_center-26-6","properties":{"name":"zhix_230561","sourceLayer":"道路中间线","sourceFile":"道路中间线.kml","originalPlacemarkIndex":25,"chainIndex":5,"stroke":"#dffbff","stroke-opacity":0.96,"stroke-width":3.2},"geometry":{"type":"LineString","coordinates":[[108.83894372,24.7513139,0],[108.83894325,24.75130488,0],[108.83894277,24.75129586,0],[108.83894229,24.75128684,0],[108.83894181,24.75127783,0],[108.83894133,24.75126881,0],[108.83894083,24.75125979,0],[108.83894034,24.75125078,0],[108.83893984,24.75124176,0],[108.83893934,24.75123275,0],[108.83893883,24.75122373,0],[108.83893832,24.75121472,0],[108.8389378,24.7512057,0],[108.83893728,24.75119669,0],[108.83893676,24.75118767,0],[108.83893623,24.75117866,0],[108.8389357,24.75116964,0],[108.83893516,24.75116063,0],[108.83893462,24.75115162,0],[108.83893408,24.7511426,0],[108.83893353,24.75113359,0],[108.83893298,24.75112458,0],[108.83893242,24.75111556,0],[108.83893186,24.75110655,0],[108.8389313,24.75109754,0],[108.83893073,24.75108852,0],[108.83893016,24.75107951,0],[108.83892958,24.7510705,0],[108.838929,24.75106149,0],[108.83892842,24.75105248,0],[108.83892783,24.75104346,0],[108.83892724,24.75103445,0],[108.83892665,24.75102544,0],[108.83892605,24.75101643,0],[108.83892545,24.75100742,0],[108.83892484,24.75099841,0],[108.83892423,24.7509894,0],[108.83892362,24.75098039,0],[108.838923,24.75097138,0],[108.83892238,24.75096237,0],[108.83892176,24.75095336,0],[108.83892113,24.75094435,0],[108.8389205,24.75093534,0],[108.83891986,24.75092634,0],[108.83891922,24.75091733,0],[108.83891858,24.75090832,0],[108.83891794,24.75089931,0],[108.83891729,24.7508903,0],[108.83891663,24.7508813,0],[108.83891598,24.75087229,0],[108.83891532,24.75086328,0],[108.83891465,24.75085427,0],[108.83891399,24.75084527,0],[108.83891332,24.75083626,0],[108.83891264,24.75082725,0],[108.83891197,24.75081825,0],[108.83891129,24.75080924,0],[108.8389106,24.75080024,0],[108.83890992,24.75079123,0],[108.83890923,24.75078222,0],[108.83890853,24.75077322,0],[108.83890783,24.75076421,0],[108.83890713,24.75075521,0],[108.83890643,24.75074621,0],[108.83890572,24.7507372,0],[108.83890501,24.7507282,0],[108.8389043,24.75071919,0],[108.83890358,24.75071019,0],[108.83890287,24.75070119,0],[108.83890214,24.75069218,0],[108.83890142,24.75068318,0],[108.83890069,24.75067418,0],[108.83889996,24.75066518,0],[108.83889922,24.75065617,0],[108.83889848,24.75064717,0],[108.83889774,24.75063817,0],[108.838897,24.75062917,0],[108.83889625,24.75062017,0],[108.8388955,24.75061116,0],[108.83889474,24.75060216,0],[108.83889399,24.75059316,0],[108.83889323,24.75058416,0],[108.83889247,24.75057516,0],[108.8388917,24.75056616,0],[108.83889093,24.75055716,0],[108.83889016,24.75054817,0],[108.83888939,24.75053916,0],[108.83888861,24.75053016,0],[108.83888783,24.75052116,0],[108.83888705,24.75051216,0],[108.83888626,24.75050316,0],[108.83888548,24.75049417,0],[108.83888468,24.75048517,0],[108.83888389,24.75047617,0],[108.83888309,24.75046717,0],[108.83888229,24.75045817,0],[108.83888149,24.75044918,0],[108.83888069,24.75044018,0],[108.83887988,24.75043118,0],[108.83887907,24.75042218,0],[108.83887826,24.75041319,0],[108.83887744,24.75040419,0],[108.83887662,24.75039519,0],[108.8388758,24.7503862,0],[108.83887498,24.7503772,0],[108.83887416,24.75036821,0],[108.83887333,24.75035921,0],[108.8388725,24.75035022,0],[108.83887166,24.75034122,0],[108.83887083,24.75033223,0],[108.83886999,24.75032323,0],[108.83886915,24.75031424,0],[108.83886831,24.75030524,0],[108.83886746,24.75029625,0],[108.83886661,24.75028725,0],[108.83886576,24.75027826,0],[108.83886491,24.75026927,0],[108.83886405,24.75026027,0],[108.8388632,24.75025128,0],[108.83886234,24.75024229,0],[108.83886147,24.75023329,0],[108.83886061,24.7502243,0],[108.83885974,24.75021531,0],[108.83885887,24.75020632,0],[108.838858,24.75019732,0],[108.83885713,24.75018833,0],[108.83885625,24.75017934,0],[108.83885537,24.75017035,0],[108.83885449,24.75016136,0],[108.83885361,24.75015236,0],[108.83885273,24.75014337,0],[108.83885184,24.75013438,0],[108.83885095,24.75012539,0],[108.83885006,24.7501164,0],[108.83884917,24.75010741,0],[108.83884827,24.75009842,0],[108.83884738,24.75008943,0],[108.83884648,24.75008044,0],[108.83884557,24.75007145,0],[108.83884467,24.75006246,0],[108.83884377,24.75005347,0],[108.83884286,24.75004448,0],[108.83884195,24.75003549,0],[108.83884104,24.7500265,0],[108.83884013,24.75001752,0],[108.83883921,24.75000853,0],[108.83883829,24.74999954,0],[108.83883738,24.74999055,0],[108.83883646,24.74998156,0],[108.83883553,24.74997257,0],[108.83883461,24.74996359,0],[108.83883368,24.7499546,0],[108.83883275,24.74994561,0],[108.83883183,24.74993662,0],[108.83883089,24.74992764,0],[108.83882996,24.74991865,0],[108.83882903,24.74990966,0],[108.83882809,24.74990068,0],[108.83882715,24.74989169,0],[108.83882621,24.7498827,0],[108.83882527,24.74987372,0],[108.83882433,24.74986473,0],[108.83882338,24.74985574,0],[108.83882243,24.74984676,0],[108.83882149,24.74983777,0],[108.83882054,24.74982879,0],[108.83881959,24.7498198,0],[108.83881863,24.74981082,0],[108.83881768,24.74980183,0],[108.83881672,24.74979285,0],[108.83881577,24.74978386,0],[108.83881481,24.74977488,0],[108.83881385,24.74976589,0],[108.83881289,24.74975691,0],[108.83881192,24.74974792,0],[108.83881096,24.74973894,0],[108.83880999,24.74972995,0],[108.83880902,24.74972097,0],[108.83880806,24.74971199,0],[108.83880709,24.749703,0],[108.83880611,24.74969402,0],[108.83880514,24.74968504,0],[108.83880417,24.74967605,0],[108.83880319,24.74966707,0],[108.83880222,24.74965809,0],[108.83880124,24.7496491,0],[108.83880026,24.74964012,0],[108.83879928,24.74963114,0],[108.8387983,24.74962215,0],[108.83879731,24.74961317,0],[108.83879633,24.74960419,0],[108.83879535,24.74959521,0],[108.83879436,24.74958622,0],[108.83879337,24.74957724,0],[108.83879238,24.74956826,0],[108.8387914,24.74955928,0],[108.8387904,24.7495503,0],[108.83878941,24.74954131,0],[108.83878842,24.74953233,0],[108.83878743,24.74952335,0],[108.83878643,24.74951437,0],[108.83878544,24.74950539,0],[108.83878444,24.74949641,0],[108.83878344,24.74948742,0],[108.83878244,24.74947844,0],[108.83878145,24.74946946,0],[108.83878045,24.74946048,0],[108.83877944,24.7494515,0],[108.83877844,24.74944252,0],[108.83877744,24.74943354,0],[108.83877644,24.74942456,0],[108.83877543,24.74941558,0],[108.83877443,24.7494066,0],[108.83877342,24.74939762,0],[108.83877241,24.74938864,0],[108.83877141,24.74937966,0],[108.8387704,24.74937068,0],[108.83876939,24.7493617,0],[108.83876838,24.74935271,0],[108.83876737,24.74934373,0],[108.83876636,24.74933475,0],[108.83876534,24.74932577,0],[108.83876433,24.7493168,0],[108.83876332,24.74930782,0],[108.83876231,24.74929884,0],[108.83876129,24.74928986,0],[108.83876028,24.74928088,0],[108.83875926,24.7492719,0],[108.83875825,24.74926292,0],[108.83875723,24.74925394,0],[108.83875621,24.74924496,0],[108.83875519,24.74923598,0],[108.83875418,24.749227,0],[108.83875316,24.74921802,0],[108.83875214,24.74920904,0],[108.83875112,24.74920006,0],[108.8387501,24.74919108,0],[108.83874908,24.7491821,0],[108.83874806,24.74917312,0],[108.83874704,24.74916414,0],[108.83874602,24.74915517,0],[108.838745,24.74914619,0],[108.83874397,24.74913721,0],[108.83874295,24.74912823,0],[108.83874193,24.74911925,0],[108.83874091,24.74911027,0],[108.83873988,24.74910129,0],[108.83873886,24.74909231,0],[108.83873784,24.74908333,0],[108.83873681,24.74907436,0],[108.83873579,24.74906538,0],[108.83873477,24.7490564,0],[108.83873374,24.74904742,0],[108.83873272,24.74903844,0],[108.83873169,24.74902946,0],[108.83873067,24.74902048,0],[108.83872964,24.7490115,0],[108.83872862,24.74900253,0],[108.8387276,24.74899355,0],[108.83872657,24.74898457,0],[108.83872555,24.74897559,0],[108.83872452,24.74896661,0],[108.8387235,24.74895763,0],[108.83872247,24.74894865,0],[108.83872145,24.74893967,0],[108.83872042,24.7489307,0],[108.8387194,24.74892172,0],[108.83871838,24.74891274,0],[108.83871735,24.74890376,0],[108.83871633,24.74889478,0],[108.8387153,24.7488858,0],[108.83871428,24.74887682,0],[108.83871326,24.74886784,0],[108.83871223,24.74885886,0],[108.83871121,24.74884989,0],[108.83871019,24.74884091,0],[108.83870917,24.74883193,0],[108.83870815,24.74882295,0],[108.83870712,24.74881397,0],[108.8387061,24.74880499,0],[108.83870508,24.74879601,0],[108.83870406,24.74878703,0],[108.83870304,24.74877805,0],[108.83870202,24.74876907,0],[108.838701,24.74876009,0],[108.83869999,24.74875112,0],[108.83869897,24.74874214,0],[108.83869795,24.74873316,0],[108.83869694,24.74872418,0],[108.83869592,24.7487152,0],[108.8386949,24.74870622,0],[108.83869389,24.74869724,0],[108.83869288,24.74868826,0],[108.83869186,24.74867928,0],[108.83869085,24.7486703,0],[108.83868984,24.74866132,0],[108.83868883,24.74865234,0],[108.83868782,24.74864336,0],[108.83868681,24.74863438,0],[108.8386858,24.7486254,0],[108.83868479,24.74861642,0],[108.83868378,24.74860744,0],[108.83868278,24.74859846,0],[108.83868177,24.74858948,0],[108.83868077,24.7485805,0],[108.83867976,24.74857152,0],[108.83867876,24.74856253,0],[108.83867776,24.74855355,0],[108.83867676,24.74854457,0],[108.83867576,24.74853559,0],[108.83867476,24.74852661,0],[108.83867376,24.74851763,0],[108.83867277,24.74850865,0],[108.83867177,24.74849967,0],[108.83867078,24.74849068,0],[108.83866978,24.7484817,0],[108.83866879,24.74847272,0],[108.8386678,24.74846374,0],[108.83866681,24.74845476,0],[108.83866583,24.74844577,0],[108.83866484,24.74843679,0],[108.83866385,24.74842781,0],[108.83866287,24.74841883,0],[108.83866189,24.74840985,0],[108.8386609,24.74840086,0],[108.83865992,24.74839188,0],[108.83865895,24.7483829,0],[108.83865797,24.74837391,0],[108.83865699,24.74836493,0],[108.83865602,24.74835595,0],[108.83865504,24.74834696,0],[108.83865407,24.74833798,0],[108.8386531,24.748329,0],[108.83865213,24.74832001,0],[108.83865117,24.74831103,0],[108.8386502,24.74830204,0],[108.83864924,24.74829306,0],[108.83864828,24.74828407,0],[108.83864732,24.74827509,0],[108.83864636,24.74826611,0],[108.8386454,24.74825712,0],[108.83864445,24.74824814,0],[108.83864349,24.74823915,0],[108.83864254,24.74823016,0],[108.83864159,24.74822118,0],[108.83864064,24.74821219,0],[108.8386397,24.74820321,0],[108.83863875,24.74819422,0],[108.83863781,24.74818524,0],[108.83863687,24.74817625,0],[108.83863593,24.74816726,0],[108.83863499,24.74815828,0],[108.83863406,24.74814929,0],[108.83863312,24.7481403,0],[108.83863219,24.74813131,0],[108.83863126,24.74812233,0],[108.83863034,24.74811334,0],[108.83862941,24.74810435,0],[108.83862849,24.74809536,0],[108.83862757,24.74808638,0],[108.83862665,24.74807739,0],[108.83862573,24.7480684,0],[108.83862482,24.74805941,0],[108.8386239,24.74805042,0],[108.83862299,24.74804143,0],[108.83862209,24.74803244,0],[108.83862118,24.74802345,0],[108.83862028,24.74801446,0],[108.83861938,24.74800547,0],[108.83861848,24.74799648,0],[108.83861758,24.74798749,0],[108.83861669,24.7479785,0],[108.8386158,24.74796951,0],[108.83861491,24.74796052,0],[108.83861402,24.74795153,0],[108.83861314,24.74794254,0],[108.83861225,24.74793355,0],[108.83861137,24.74792456,0],[108.8386105,24.74791557,0],[108.83860962,24.74790657,0],[108.83860875,24.74789758,0],[108.83860788,24.74788859,0],[108.83860701,24.7478796,0],[108.83860615,24.7478706,0],[108.83860529,24.74786161,0],[108.83860443,24.74785262,0],[108.83860357,24.74784362,0],[108.83860272,24.74783463,0],[108.83860187,24.74782564,0],[108.83860102,24.74781664,0],[108.83860018,24.74780765,0],[108.83859933,24.74779865,0],[108.83859849,24.74778966,0],[108.83859766,24.74778066,0],[108.83859682,24.74777167,0],[108.83859599,24.74776267,0],[108.83859516,24.74775368,0],[108.83859434,24.74774468,0],[108.83859352,24.74773569,0],[108.8385927,24.74772669,0],[108.83859188,24.74771769,0],[108.83859107,24.7477087,0],[108.83859026,24.7476997,0],[108.83858945,24.7476907,0],[108.83858865,24.7476817,0],[108.83858784,24.74767271,0],[108.83858705,24.74766371,0],[108.83858625,24.74765471,0],[108.83858546,24.74764571,0],[108.83858467,24.74763671,0],[108.83858389,24.74762772,0],[108.8385831,24.74761872,0],[108.83858232,24.74760972,0],[108.83858155,24.74760072,0],[108.83858078,24.74759172,0],[108.83858001,24.74758272,0],[108.83857924,24.74757372,0],[108.83857848,24.74756472,0],[108.83857772,24.74755572,0],[108.83857696,24.74754672,0],[108.83857621,24.74753771,0],[108.83857546,24.74752871,0],[108.83857472,24.74751971,0],[108.83857397,24.74751071,0],[108.83857324,24.74750171,0],[108.8385725,24.74749271,0],[108.83857177,24.7474837,0],[108.83857104,24.7474747,0],[108.83857032,24.7474657,0],[108.8385696,24.74745669,0],[108.83856888,24.74744769,0],[108.83856817,24.74743869,0],[108.83856746,24.74742968,0],[108.83856675,24.74742068,0],[108.83856605,24.74741167,0],[108.83856535,24.74740267,0],[108.83856465,24.74739366,0],[108.83856396,24.74738466,0],[108.83856328,24.74737565,0],[108.83856259,24.74736665,0],[108.83856191,24.74735764,0],[108.83856124,24.74734863,0],[108.83856056,24.74733963,0],[108.8385599,24.74733062,0],[108.83855923,24.74732161,0],[108.83855857,24.74731261,0],[108.83855792,24.7473036,0],[108.83855726,24.74729459,0],[108.83855662,24.74728558,0],[108.83855597,24.74727658,0],[108.83855533,24.74726757,0],[108.83855469,24.74725856,0],[108.83855406,24.74724955,0],[108.83855343,24.74724054,0],[108.83855281,24.74723153,0],[108.83855219,24.74722252,0],[108.83855158,24.74721351,0],[108.83855097,24.7472045,0],[108.83855036,24.74719549,0],[108.83854976,24.74718648,0],[108.83854916,24.74717747,0],[108.83854856,24.74716846,0],[108.83854797,24.74715945,0],[108.83854739,24.74715044,0],[108.83854681,24.74714142,0],[108.83854623,24.74713241,0],[108.83854566,24.7471234,0],[108.83854509,24.74711439,0],[108.83854453,24.74710538,0],[108.83854397,24.74709636,0],[108.83854341,24.74708735,0],[108.83854286,24.74707834,0],[108.83854232,24.74706932,0],[108.83854178,24.74706031,0],[108.83854124,24.74705129,0],[108.83854071,24.74704228,0],[108.83854018,24.74703327,0],[108.83853966,24.74702425,0],[108.83853914,24.74701524,0],[108.83853863,24.74700622,0],[108.83853812,24.74699721,0],[108.83853761,24.74698819,0],[108.83853712,24.74697917,0],[108.83853662,24.74697016,0],[108.83853613,24.74696114,0],[108.83853565,24.74695213,0],[108.83853517,24.74694311,0],[108.83853469,24.74693409,0],[108.83853422,24.74692507,0],[108.83853376,24.74691606,0]]}},{"type":"Feature","id":"route_center-26-7","properties":{"name":"zhix_230561","sourceLayer":"道路中间线","sourceFile":"道路中间线.kml","originalPlacemarkIndex":25,"chainIndex":6,"stroke":"#dffbff","stroke-opacity":0.96,"stroke-width":3.2},"geometry":{"type":"LineString","coordinates":[[108.8385333,24.74690704,0],[108.83851211,24.74596193,0],[108.8385455,24.7450172,0],[108.83859984,24.7443715,0],[108.83859984,24.7443715,0]]}},{"type":"Feature","id":"route_center-26-8","properties":{"name":"zhix_230561","sourceLayer":"道路中间线","sourceFile":"道路中间线.kml","originalPlacemarkIndex":25,"chainIndex":7,"stroke":"#dffbff","stroke-opacity":0.96,"stroke-width":3.2},"geometry":{"type":"LineString","coordinates":[[108.83853376,24.74691606,0],[108.8385333,24.74690704,0]]}},{"type":"Feature","id":"route_center-26-9","properties":{"name":"zhix_230561","sourceLayer":"道路中间线","sourceFile":"道路中间线.kml","originalPlacemarkIndex":25,"chainIndex":8,"stroke":"#dffbff","stroke-opacity":0.96,"stroke-width":3.2},"geometry":{"type":"LineString","coordinates":[[108.83859984,24.7443715,0],[108.83860077,24.74436251,0],[108.83860171,24.74435352,0],[108.83860265,24.74434454,0],[108.8386036,24.74433555,0],[108.83860455,24.74432656,0],[108.83860551,24.74431758,0],[108.83860647,24.7443086,0],[108.83860743,24.74429961,0],[108.83860841,24.74429063,0],[108.83860938,24.74428164,0],[108.83861036,24.74427266,0],[108.83861135,24.74426368,0],[108.83861234,24.7442547,0],[108.83861333,24.74424572,0],[108.83861433,24.74423673,0],[108.83861534,24.74422775,0],[108.83861635,24.74421877,0],[108.83861736,24.74420979,0],[108.83861838,24.74420081,0],[108.8386194,24.74419184,0],[108.83862043,24.74418286,0],[108.83862146,24.74417388,0],[108.83862249,24.7441649,0],[108.83862353,24.74415592,0],[108.83862458,24.74414695,0],[108.83862563,24.74413797,0],[108.83862668,24.74412899,0],[108.83862774,24.74412002,0],[108.8386288,24.74411104,0],[108.83862986,24.74410207,0],[108.83863093,24.74409309,0],[108.83863201,24.74408412,0],[108.83863309,24.74407515,0],[108.83863417,24.74406617,0],[108.83863526,24.7440572,0],[108.83863635,24.74404823,0],[108.83863744,24.74403926,0],[108.83863854,24.74403029,0],[108.83863965,24.74402132,0],[108.83864076,24.74401235,0],[108.83864187,24.74400338,0],[108.83864298,24.74399441,0],[108.8386441,24.74398544,0],[108.83864523,24.74397647,0],[108.83864636,24.7439675,0],[108.83864749,24.74395853,0],[108.83864862,24.74394956,0],[108.83864976,24.7439406,0],[108.83865091,24.74393163,0],[108.83865205,24.74392266,0],[108.83865321,24.7439137,0],[108.83865436,24.74390473,0],[108.83865552,24.74389577,0],[108.83865668,24.7438868,0],[108.83865785,24.74387784,0],[108.83865902,24.74386887,0],[108.83866019,24.74385991,0],[108.83866137,24.74385095,0],[108.83866255,24.74384198,0],[108.83866374,24.74383302,0],[108.83866493,24.74382406,0],[108.83866612,24.7438151,0],[108.83866731,24.74380614,0],[108.83866851,24.74379718,0],[108.83866972,24.74378822,0],[108.83867092,24.74377926,0],[108.83867213,24.7437703,0],[108.83867334,24.74376134,0],[108.83867456,24.74375238,0],[108.83867578,24.74374342,0],[108.83867701,24.74373446,0],[108.83867823,24.74372551,0],[108.83867946,24.74371655,0],[108.8386807,24.74370759,0],[108.83868193,24.74369864,0],[108.83868317,24.74368968,0],[108.83868442,24.74368072,0],[108.83868566,24.74367177,0],[108.83868691,24.74366281,0],[108.83868817,24.74365386,0],[108.83868942,24.74364491,0],[108.83869068,24.74363595,0],[108.83869195,24.743627,0],[108.83869321,24.74361805,0],[108.83869448,24.74360909,0],[108.83869575,24.74360014,0],[108.83869703,24.74359119,0],[108.83869831,24.74358224,0],[108.83869959,24.74357329,0],[108.83870087,24.74356433,0],[108.83870216,24.74355538,0],[108.83870345,24.74354643,0],[108.83870475,24.74353748,0],[108.83870604,24.74352854,0],[108.83870734,24.74351959,0],[108.83870864,24.74351064,0],[108.83870995,24.74350169,0],[108.83871125,24.74349274,0],[108.83871257,24.74348379,0],[108.83871388,24.74347485,0],[108.83871519,24.7434659,0],[108.83871651,24.74345695,0],[108.83871783,24.74344801,0],[108.83871916,24.74343906,0],[108.83872049,24.74343011,0],[108.83872182,24.74342117,0],[108.83872315,24.74341222,0],[108.83872448,24.74340328,0],[108.83872582,24.74339433,0],[108.83872716,24.74338539,0],[108.8387285,24.74337645,0],[108.83872985,24.7433675,0],[108.83873119,24.74335856,0],[108.83873254,24.74334962,0],[108.8387339,24.74334068,0],[108.83873525,24.74333173,0],[108.83873661,24.74332279,0],[108.83873797,24.74331385,0],[108.83873933,24.74330491,0],[108.8387407,24.74329597,0],[108.83874206,24.74328703,0],[108.83874343,24.74327809,0],[108.8387448,24.74326915,0],[108.83874618,24.74326021,0],[108.83874755,24.74325127,0],[108.83874893,24.74324233,0],[108.83875031,24.74323339,0],[108.83875169,24.74322445,0],[108.83875308,24.74321551,0],[108.83875447,24.74320657,0],[108.83875586,24.74319764,0],[108.83875725,24.7431887,0],[108.83875864,24.74317976,0],[108.83876004,24.74317083,0],[108.83876143,24.74316189,0],[108.83876283,24.74315295,0],[108.83876423,24.74314402,0],[108.83876564,24.74313508,0],[108.83876704,24.74312614,0],[108.83876845,24.74311721,0],[108.83876986,24.74310827,0],[108.83877127,24.74309934,0],[108.83877268,24.7430904,0],[108.8387741,24.74308147,0],[108.83877552,24.74307254,0],[108.83877693,24.7430636,0],[108.83877835,24.74305467,0],[108.83877978,24.74304573,0],[108.8387812,24.7430368,0],[108.83878263,24.74302787,0],[108.83878405,24.74301894,0],[108.83878548,24.74301,0],[108.83878691,24.74300107,0],[108.83878834,24.74299214,0],[108.83878978,24.74298321,0],[108.83879121,24.74297427,0],[108.83879265,24.74296534,0],[108.83879409,24.74295641,0],[108.83879553,24.74294748,0],[108.83879697,24.74293855,0],[108.83879841,24.74292962,0],[108.83879986,24.74292069,0],[108.8388013,24.74291176,0],[108.83880275,24.74290283,0],[108.8388042,24.7428939,0],[108.83880565,24.74288497,0],[108.8388071,24.74287604,0],[108.83880855,24.74286711,0],[108.83881001,24.74285818,0],[108.83881146,24.74284925,0],[108.83881292,24.74284032,0],[108.83881438,24.74283139,0],[108.83881584,24.74282247,0],[108.8388173,24.74281354,0],[108.83881876,24.74280461,0],[108.83882022,24.74279568,0],[108.83882169,24.74278675,0],[108.83882315,24.74277783,0],[108.83882462,24.7427689,0],[108.83882608,24.74275997,0],[108.83882755,24.74275104,0],[108.83882902,24.74274212,0],[108.83883049,24.74273319,0],[108.83883196,24.74272426,0],[108.83883344,24.74271534,0],[108.83883491,24.74270641,0],[108.83883638,24.74269748,0],[108.83883786,24.74268856,0],[108.83883934,24.74267963,0],[108.83884081,24.74267071,0],[108.83884229,24.74266178,0],[108.83884377,24.74265285,0],[108.83884525,24.74264393,0],[108.83884673,24.742635,0],[108.83884821,24.74262608,0],[108.83884969,24.74261715,0],[108.83885117,24.74260823,0],[108.83885266,24.7425993,0],[108.83885414,24.74259038,0],[108.83885562,24.74258145,0],[108.83885711,24.74257253,0],[108.8388586,24.7425636,0],[108.83886008,24.74255468,0],[108.83886157,24.74254575,0],[108.83886306,24.74253683,0],[108.83886454,24.7425279,0],[108.83886603,24.74251898,0],[108.83886752,24.74251005,0],[108.83886901,24.74250113,0],[108.8388705,24.74249221,0],[108.83887199,24.74248328,0],[108.83887348,24.74247436,0],[108.83887497,24.74246543,0],[108.83887646,24.74245651,0],[108.83887796,24.74244759,0],[108.83887945,24.74243866,0],[108.83888094,24.74242974,0],[108.83888243,24.74242081,0],[108.83888393,24.74241189,0],[108.83888542,24.74240297,0],[108.83888691,24.74239404,0],[108.83888841,24.74238512,0],[108.8388899,24.7423762,0],[108.83889139,24.74236727,0],[108.83889289,24.74235835,0],[108.83889438,24.74234942,0],[108.83889588,24.7423405,0],[108.83889737,24.74233158,0],[108.83889887,24.74232265,0],[108.83890036,24.74231373,0],[108.83942312,24.73919192,0],[108.83942462,24.739183,0],[108.83942611,24.73917408,0],[108.8394276,24.73916515,0],[108.8394291,24.73915623,0],[108.83943059,24.73914731,0],[108.83943209,24.73913838,0],[108.83943358,24.73912946,0],[108.83943507,24.73912053,0],[108.83943657,24.73911161,0],[108.83943806,24.7391027,0],[108.83943955,24.73909376,0],[108.83944105,24.73908484,0],[108.83944254,24.73907592,0],[108.83944403,24.73906699,0],[108.83944552,24.73905807,0],[108.83944702,24.73904914,0],[108.83944851,24.73904022,0],[108.83945,24.7390313,0],[108.83945149,24.73902237,0],[108.83945298,24.73901345,0],[108.83945447,24.73900452,0],[108.83945596,24.7389956,0],[108.83945745,24.73898667,0],[108.83945894,24.73897775,0],[108.83946043,24.73896883,0],[108.83946192,24.7389599,0],[108.8394634,24.73895098,0],[108.83946489,24.73894205,0],[108.83946638,24.73893313,0],[108.83946786,24.7389242,0],[108.83946935,24.73891528,0],[108.83947083,24.73890635,0],[108.83947232,24.73889743,0],[108.8394738,24.7388885,0],[108.83947528,24.73887958,0],[108.83947676,24.73887065,0],[108.83947825,24.73886173,0],[108.83947973,24.7388528,0],[108.83948121,24.73884388,0],[108.83948269,24.73883495,0],[108.83948416,24.73882602,0],[108.83948564,24.7388171,0],[108.83948712,24.73880817,0],[108.83948859,24.73879925,0],[108.83949007,24.73879032,0],[108.83949154,24.73878139,0],[108.83949302,24.73877247,0],[108.83949449,24.73876354,0],[108.83949596,24.73875461,0],[108.83949743,24.73874569,0],[108.8394989,24.73873676,0],[108.83950037,24.73872783,0],[108.83950184,24.7387189,0],[108.8395033,24.73870998,0],[108.83950477,24.73870105,0],[108.83950623,24.73869212,0],[108.8395077,24.73868319,0],[108.83950916,24.73867427,0],[108.83951062,24.73866534,0],[108.83951208,24.73865641,0],[108.83951354,24.73864748,0],[108.839515,24.73863855,0],[108.83951645,24.73862962,0],[108.83951791,24.73862069,0],[108.83951936,24.73861177,0],[108.83952081,24.73860284,0],[108.83952227,24.73859391,0],[108.83952372,24.73858498,0],[108.83952516,24.73857605,0],[108.83952661,24.73856712,0],[108.83952806,24.73855819,0],[108.8395295,24.73854926,0],[108.83953095,24.73854033,0],[108.83953239,24.73853139,0],[108.83953383,24.73852246,0],[108.83953527,24.73851353,0],[108.8395367,24.7385046,0],[108.83953814,24.73849567,0],[108.83953957,24.73848674,0],[108.83954101,24.73847781,0],[108.83954244,24.73846887,0],[108.83954387,24.73845994,0],[108.8395453,24.73845101,0],[108.83954672,24.73844208,0],[108.83954815,24.73843314,0],[108.83954957,24.73842421,0],[108.83955099,24.73841528,0],[108.83955241,24.73840634,0],[108.83955383,24.73839741,0],[108.83955525,24.73838847,0],[108.83955666,24.73837954,0],[108.83955808,24.7383706,0],[108.83955949,24.73836167,0],[108.8395609,24.73835273,0],[108.8395623,24.7383438,0],[108.83956371,24.73833486,0],[108.83956511,24.73832593,0],[108.83956652,24.73831699,0],[108.83956792,24.73830806,0],[108.83956932,24.73829912,0],[108.83957071,24.73829018,0],[108.83957211,24.73828125,0],[108.8395735,24.73827231,0],[108.83957489,24.73826337,0],[108.83957628,24.73825443,0],[108.83957766,24.73824549,0],[108.83957905,24.73823656,0],[108.83958043,24.73822762,0],[108.83958181,24.73821868,0],[108.83958319,24.73820974,0],[108.83958456,24.7382008,0],[108.83958594,24.73819186,0],[108.83958731,24.73818292,0],[108.83958868,24.73817398,0],[108.83959004,24.73816504,0],[108.83959141,24.7381561,0],[108.83959277,24.73814716,0],[108.83959413,24.73813821,0],[108.83959549,24.73812927,0],[108.83959685,24.73812033,0],[108.8395982,24.73811139,0],[108.83959955,24.73810245,0],[108.8396009,24.7380935,0],[108.83960224,24.73808456,0],[108.83960359,24.73807562,0],[108.83960493,24.73806667,0],[108.83960627,24.73805773,0],[108.83960761,24.73804878,0],[108.83960894,24.73803984,0],[108.83961027,24.7380309,0],[108.8396116,24.73802195,0],[108.83961293,24.738013,0],[108.83961425,24.73800406,0],[108.83961557,24.73799511,0],[108.83961689,24.73798616,0],[108.83961821,24.73797722,0],[108.83961952,24.73796827,0],[108.83962083,24.73795932,0],[108.83962214,24.73795037,0],[108.83962344,24.73794143,0],[108.83962475,24.73793248,0],[108.83962605,24.73792353,0],[108.83962734,24.73791458,0],[108.83962864,24.73790563,0],[108.83962993,24.73789668,0],[108.83963122,24.73788773,0],[108.8396325,24.73787878,0],[108.83963379,24.73786983,0],[108.83963507,24.73786088,0],[108.83963634,24.73785192,0],[108.83963762,24.73784297,0],[108.83963889,24.73783402,0],[108.83964016,24.73782507,0],[108.83964142,24.73781611,0],[108.83964269,24.73780716,0],[108.83964396,24.73779821,0],[108.8396452,24.73778925,0],[108.83964646,24.7377803,0],[108.83964771,24.73777134,0],[108.83964895,24.73776239,0],[108.8396502,24.73775343,0],[108.83965144,24.73774448,0],[108.83965268,24.73773552,0],[108.83965391,24.73772656,0],[108.83965514,24.73771761,0],[108.83965637,24.73770865,0],[108.83965759,24.73769969,0],[108.83965882,24.73769073,0],[108.83966004,24.73768177,0],[108.83966125,24.73767282,0],[108.83966246,24.73766386,0],[108.83966367,24.7376549,0],[108.83966488,24.73764594,0],[108.83966608,24.73763698,0],[108.83966728,24.73762802,0],[108.83966847,24.73761905,0],[108.83966966,24.73761009,0],[108.83967085,24.73760113,0],[108.83967204,24.73759217,0],[108.83967322,24.73758321,0],[108.83967439,24.73757424,0],[108.83967557,24.73756528,0],[108.83967674,24.73755632,0],[108.83967791,24.73754735,0],[108.83967907,24.73753839,0],[108.83968023,24.73752942,0],[108.83968139,24.73752046,0],[108.83968254,24.73751149,0],[108.83968369,24.73750252,0],[108.83968483,24.73749356,0],[108.83968597,24.73748459,0],[108.83968711,24.73747562,0],[108.83968825,24.73746666,0],[108.83968938,24.73745769,0],[108.8396905,24.73744872,0],[108.83969163,24.73743975,0],[108.83969274,24.73743078,0],[108.83969386,24.73742181,0],[108.83969497,24.73741284,0],[108.83969608,24.73740387,0],[108.83969718,24.7373949,0],[108.83969828,24.73738593,0],[108.83969938,24.73737696,0],[108.83970047,24.73736798,0],[108.83970156,24.73735901,0],[108.83970264,24.73735004,0],[108.83970372,24.73734107,0],[108.8397048,24.73733209,0],[108.83970587,24.73732312,0],[108.83970693,24.73731414,0],[108.839708,24.73730517,0],[108.83970906,24.73729619,0],[108.83971011,24.73728722,0],[108.83971116,24.73727824,0],[108.83971221,24.73726926,0],[108.83971325,24.73726029,0],[108.83971429,24.73725131,0],[108.83971533,24.73724233,0],[108.83971636,24.73723335,0],[108.83971738,24.73722438,0],[108.8397184,24.7372154,0],[108.83971942,24.73720642,0],[108.83972043,24.73719744,0],[108.83972144,24.73718846,0],[108.83972244,24.73717948,0],[108.83972344,24.73717049,0],[108.83972444,24.73716151,0],[108.83972543,24.73715253,0],[108.83972642,24.73714355,0],[108.8397274,24.73713457,0],[108.83972838,24.73712558,0],[108.83972935,24.7371166,0],[108.83973032,24.73710762,0],[108.83973128,24.73709863,0],[108.83973224,24.73708965,0],[108.83973319,24.73708066,0],[108.83973415,24.73707168,0],[108.83973509,24.73706269,0],[108.83973603,24.7370537,0]]}},{"type":"Feature","id":"route_center-26-10","properties":{"name":"zhix_230561","sourceLayer":"道路中间线","sourceFile":"道路中间线.kml","originalPlacemarkIndex":25,"chainIndex":9,"stroke":"#dffbff","stroke-opacity":0.96,"stroke-width":3.2},"geometry":{"type":"LineString","coordinates":[[108.8397338,24.7334328,0],[108.83981038,24.73442301,0],[108.83982971,24.73541539,0],[108.83979174,24.73640721,0],[108.83973697,24.73704472,0],[108.83973697,24.73704472,0],[108.83973603,24.7370537,0]]}},{"type":"Feature","id":"route_center-26-11","properties":{"name":"zhix_230561","sourceLayer":"道路中间线","sourceFile":"道路中间线.kml","originalPlacemarkIndex":25,"chainIndex":10,"stroke":"#dffbff","stroke-opacity":0.96,"stroke-width":3.2},"geometry":{"type":"LineString","coordinates":[[108.8397338,24.7334328,0],[108.83973285,24.73342381,0],[108.83973189,24.73341483,0],[108.83973093,24.73340584,0],[108.83972997,24.73339686,0],[108.839729,24.73338787,0],[108.83972802,24.73337889,0],[108.83972704,24.73336991,0],[108.83972606,24.73336093,0],[108.83972507,24.73335194,0],[108.83972408,24.73334296,0],[108.83972308,24.73333398,0],[108.83972208,24.733325,0],[108.83972107,24.73331602,0],[108.83972006,24.73330704,0],[108.83971905,24.73329806,0],[108.83971803,24.73328908,0],[108.839717,24.7332801,0],[108.83971597,24.73327112,0],[108.83971494,24.73326214,0],[108.8397139,24.73325317,0],[108.83971286,24.73324419,0],[108.83971182,24.73323521,0],[108.83971077,24.73322624,0],[108.83970971,24.73321726,0],[108.83970865,24.73320829,0],[108.83970759,24.73319931,0],[108.83970652,24.73319034,0],[108.83970545,24.73318136,0],[108.83970438,24.73317239,0],[108.8397033,24.73316341,0],[108.83970222,24.73315444,0],[108.83970113,24.73314547,0],[108.83970004,24.7331365,0],[108.83969894,24.73312753,0],[108.83969784,24.73311855,0],[108.83969674,24.73310958,0],[108.83969563,24.73310061,0],[108.83969452,24.73309164,0],[108.83969341,24.73308267,0],[108.83969229,24.7330737,0],[108.83969116,24.73306473,0],[108.83969004,24.73305577,0],[108.83968891,24.7330468,0],[108.83968777,24.73303783,0],[108.83968663,24.73302886,0],[108.83968549,24.7330199,0],[108.83968434,24.73301093,0],[108.83968319,24.73300196,0],[108.83968204,24.732993,0],[108.83968088,24.73298403,0],[108.83967972,24.73297507,0],[108.83967856,24.7329661,0],[108.83967739,24.73295714,0],[108.83967622,24.73294818,0],[108.83967504,24.73293921,0],[108.83967386,24.73293025,0],[108.83967268,24.73292129,0],[108.83967149,24.73291232,0],[108.8396703,24.73290336,0],[108.83966911,24.7328944,0],[108.83966791,24.73288544,0],[108.83966671,24.73287648,0],[108.83966551,24.73286752,0],[108.8396643,24.73285856,0],[108.83966309,24.7328496,0],[108.83966188,24.73284064,0],[108.83966066,24.73283168,0],[108.83965944,24.73282272,0],[108.83965822,24.73281377,0],[108.83965699,24.73280481,0],[108.83965576,24.73279585,0],[108.83965452,24.7327869,0],[108.83965329,24.73277794,0],[108.83965205,24.73276898,0],[108.8396508,24.73276003,0],[108.83964955,24.73275107,0],[108.8396483,24.73274212,0],[108.83964705,24.73273316,0],[108.83964579,24.73272421,0],[108.83964453,24.73271525,0],[108.83964327,24.7327063,0],[108.83964201,24.73269735,0],[108.83964074,24.7326884,0],[108.83963947,24.73267944,0],[108.83963819,24.73267049,0],[108.83963691,24.73266154,0],[108.83963563,24.73265259,0],[108.83963435,24.73264364,0],[108.83963306,24.73263469,0],[108.83963177,24.73262574,0],[108.83963048,24.73261679,0],[108.83962918,24.73260784,0],[108.83962788,24.73259889,0],[108.83962658,24.73258994,0],[108.83962528,24.73258099,0],[108.83962398,24.73257204,0],[108.83962266,24.7325631,0],[108.83962135,24.73255415,0],[108.83962003,24.7325452,0],[108.83961871,24.73253625,0],[108.83961739,24.73252731,0],[108.83961607,24.73251836,0],[108.83961474,24.73250942,0],[108.83961341,24.73250047,0],[108.83961208,24.73249153,0],[108.83961075,24.73248258,0],[108.83960941,24.73247364,0],[108.83960807,24.73246469,0],[108.83960673,24.73245575,0],[108.83960538,24.73244681,0],[108.83960404,24.73243786,0],[108.83960269,24.73242892,0],[108.83960134,24.73241998,0],[108.83959998,24.73241103,0],[108.83959862,24.73240209,0],[108.83959727,24.73239315,0],[108.8395959,24.73238421,0],[108.83959454,24.73237527,0],[108.83959317,24.73236633,0],[108.8395918,24.73235739,0],[108.83959043,24.73234845,0],[108.83958906,24.73233951,0],[108.83958768,24.73233057,0],[108.8395863,24.73232163,0],[108.83958492,24.73231269,0],[108.83958354,24.73230375,0],[108.83958216,24.73229481,0],[108.83958077,24.73228588,0],[108.83957938,24.73227694,0],[108.83957799,24.732268,0],[108.8395766,24.73225906,0],[108.8395752,24.73225013,0],[108.8395738,24.73224119,0],[108.8395724,24.73223225,0],[108.839571,24.73222332,0],[108.8395696,24.73221438,0],[108.83956819,24.73220545,0],[108.83956678,24.73219651,0],[108.83956537,24.73218758,0],[108.83956396,24.73217864,0],[108.83956255,24.73216971,0],[108.83956113,24.73216077,0],[108.83955971,24.73215184,0],[108.83955829,24.7321429,0],[108.83955687,24.73213397,0],[108.83955545,24.73212504,0],[108.83955403,24.7321161,0],[108.8395526,24.73210717,0],[108.83955117,24.73209824,0],[108.83954974,24.73208931,0],[108.83954831,24.73208037,0],[108.83954687,24.73207144,0],[108.83954544,24.73206251,0],[108.839544,24.73205358,0],[108.83954256,24.73204465,0],[108.83954112,24.73203572,0],[108.83953968,24.73202679,0],[108.83953824,24.73201786,0],[108.83953679,24.73200893,0],[108.83953534,24.732,0],[108.83953389,24.73199107,0],[108.83953244,24.73198214,0],[108.83953099,24.73197321,0],[108.83952954,24.73196428,0],[108.83952809,24.73195535,0],[108.83952663,24.73194642,0],[108.83952517,24.73193749,0],[108.83952371,24.73192856,0],[108.83952225,24.73191963,0],[108.83952079,24.73191071,0],[108.83951933,24.73190178,0],[108.83951786,24.73189285,0],[108.8395164,24.73188392,0],[108.83951493,24.73187499,0],[108.83951346,24.73186607,0],[108.83951199,24.73185714,0],[108.83951052,24.73184821,0],[108.83950905,24.73183929,0],[108.83950758,24.73183036,0],[108.8395061,24.73182143,0],[108.83950463,24.73181251,0],[108.83950315,24.73180358,0],[108.83950167,24.73179466,0],[108.8395002,24.73178573,0],[108.83949872,24.7317768,0],[108.83949723,24.73176788,0],[108.83949575,24.73175895,0],[108.83949427,24.73175003,0],[108.83949279,24.7317411,0],[108.8394913,24.73173218,0],[108.83948981,24.73172325,0],[108.83948833,24.73171433,0],[108.83948684,24.7317054,0],[108.83948535,24.73169648,0],[108.83948386,24.73168756,0],[108.83948237,24.73167863,0],[108.83948088,24.73166971,0],[108.83947939,24.73166078,0],[108.83947789,24.73165186,0],[108.8394764,24.73164294,0],[108.8394749,24.73163401,0],[108.83947341,24.73162509,0],[108.83947191,24.73161617,0],[108.83947042,24.73160724,0],[108.83946892,24.73159832,0],[108.83946742,24.7315894,0],[108.83946592,24.73158047,0],[108.83946442,24.73157155,0],[108.83946292,24.73156263,0],[108.83946142,24.7315537,0],[108.83945992,24.73154478,0],[108.83945842,24.73153586,0],[108.83945692,24.73152694,0],[108.83945541,24.73151801,0],[108.83945391,24.73150909,0],[108.83945241,24.73150017,0],[108.8394509,24.73149125,0],[108.8394494,24.73148233,0],[108.83944789,24.7314734,0],[108.83944639,24.73146448,0],[108.83944488,24.73145556,0],[108.83944337,24.73144664,0],[108.83944187,24.73143772,0],[108.83944036,24.73142879,0],[108.83943885,24.73141987,0],[108.83943734,24.73141095,0],[108.83943584,24.73140203,0],[108.83943433,24.73139311,0],[108.83943282,24.73138419,0],[108.83943131,24.73137526,0],[108.8394298,24.73136634,0],[108.83942829,24.73135742,0],[108.83942678,24.7313485,0],[108.83942527,24.73133958,0],[108.83942376,24.73133066,0],[108.83942225,24.73132174,0],[108.83942074,24.73131281,0],[108.83941924,24.73130389,0],[108.83941773,24.73129497,0],[108.83941622,24.73128605,0],[108.83941471,24.73127713,0],[108.8394132,24.73126821,0],[108.83941169,24.73125928,0],[108.83941018,24.73125036,0],[108.83940867,24.73124145,0],[108.83940716,24.73123252,0],[108.83940565,24.7312236,0],[108.83940414,24.73121468,0],[108.83940263,24.73120576,0],[108.83940112,24.73119683,0],[108.83939961,24.73118791,0],[108.8393981,24.73117899,0],[108.83939659,24.73117007,0],[108.83939509,24.73116115,0],[108.83939358,24.73115223,0],[108.83939207,24.7311433,0],[108.83939056,24.73113438,0],[108.83938906,24.73112546,0],[108.83938755,24.73111654,0],[108.83938604,24.73110762,0],[108.83938454,24.7310987,0],[108.83938303,24.73108977,0],[108.83938152,24.73108085,0],[108.83938002,24.73107193,0],[108.83937851,24.73106301,0],[108.83937701,24.73105408,0],[108.83937551,24.73104516,0],[108.839374,24.73103624,0],[108.8393725,24.73102732,0],[108.839371,24.7310184,0],[108.83936949,24.73100947,0],[108.83936799,24.73100055,0],[108.83936649,24.73099163,0],[108.83936499,24.73098271,0],[108.83936349,24.73097378,0],[108.83936199,24.73096486,0],[108.83936049,24.73095594,0],[108.83935899,24.73094701,0],[108.8393575,24.73093809,0],[108.839356,24.73092917,0],[108.8393545,24.73092024,0],[108.83935301,24.73091132,0],[108.83935151,24.7309024,0],[108.83935002,24.73089347,0],[108.83934852,24.73088455,0],[108.83934703,24.73087563,0],[108.83934554,24.7308667,0],[108.83934405,24.73085778,0],[108.83934256,24.73084885,0],[108.83934107,24.73083993,0],[108.83933958,24.730831,0],[108.83933809,24.73082208,0],[108.8393366,24.73081316,0],[108.83933512,24.73080423,0],[108.83933363,24.73079531,0],[108.83933215,24.73078638,0],[108.83933066,24.73077746,0],[108.83932918,24.73076853,0],[108.8393277,24.73075961,0],[108.83932622,24.73075068,0],[108.83932474,24.73074175,0],[108.83932326,24.73073283,0],[108.83932178,24.7307239,0],[108.8393203,24.73071498,0],[108.83931883,24.73070605,0],[108.83931735,24.73069712,0],[108.83931588,24.7306882,0],[108.83931441,24.73067927,0],[108.83931294,24.73067034,0],[108.83931147,24.73066142,0],[108.83931,24.73065249,0],[108.83930853,24.73064356,0],[108.83930706,24.73063464,0],[108.8393056,24.73062571,0],[108.83930413,24.73061678,0],[108.83930267,24.73060785,0],[108.83930121,24.73059892,0],[108.83929975,24.73059,0],[108.83929829,24.73058107,0],[108.83929683,24.73057214,0],[108.83929537,24.73056321,0],[108.83929392,24.73055428,0],[108.83929246,24.73054535,0],[108.83929101,24.73053642,0],[108.83928956,24.73052749,0],[108.83928811,24.73051856,0],[108.83928666,24.73050963,0],[108.83928521,24.7305007,0],[108.83928377,24.73049177,0],[108.83928232,24.73048284,0],[108.83928088,24.73047391,0],[108.83927944,24.73046498,0],[108.839278,24.73045605,0],[108.83927656,24.73044712,0],[108.83927512,24.73043819,0],[108.83927369,24.73042926,0],[108.83927226,24.73042032,0],[108.83927082,24.73041139,0],[108.83926939,24.73040246,0],[108.83926796,24.73039353,0],[108.83926654,24.73038459,0],[108.83926511,24.73037566,0],[108.83926369,24.73036673,0],[108.83926226,24.73035779,0],[108.83926084,24.73034886,0],[108.83925943,24.73033993,0],[108.83925801,24.73033099,0],[108.83925659,24.73032206,0],[108.83925518,24.73031312,0],[108.83925377,24.73030419,0],[108.83925236,24.73029525,0],[108.83925095,24.73028632,0],[108.83924954,24.73027738,0],[108.83924814,24.73026845,0],[108.83924674,24.73025951,0],[108.83924534,24.73025058,0],[108.83924394,24.73024164,0],[108.83924254,24.7302327,0],[108.83924115,24.73022376,0],[108.83923975,24.73021483,0],[108.83923836,24.73020589,0],[108.83923697,24.73019695,0],[108.83923559,24.73018801,0],[108.8392342,24.73017908,0],[108.83923282,24.73017014,0],[108.83923144,24.7301612,0],[108.83923006,24.73015226,0],[108.83922868,24.73014332,0],[108.83922731,24.73013438,0],[108.83922593,24.73012544,0],[108.83922456,24.7301165,0],[108.83922319,24.73010756,0],[108.83922183,24.73009862,0],[108.83922046,24.73008968,0],[108.8392191,24.73008074,0],[108.83921774,24.7300718,0],[108.83921639,24.73006285,0],[108.83921503,24.73005391,0],[108.83921368,24.73004497,0],[108.83921233,24.73003603,0],[108.83921098,24.73002708,0],[108.83920963,24.73001814,0],[108.83920829,24.7300092,0],[108.83920695,24.73000025,0],[108.83920561,24.72999131,0],[108.83920427,24.72998236,0],[108.83920294,24.72997342,0],[108.83920161,24.72996447,0],[108.83920028,24.72995553,0],[108.83919895,24.72994658,0],[108.83919763,24.72993764,0],[108.8391963,24.72992869,0],[108.83919498,24.72991974,0],[108.83919367,24.7299108,0],[108.83919235,24.72990185,0],[108.83919104,24.7298929,0],[108.83918973,24.72988396,0],[108.83918842,24.72987501,0],[108.83918712,24.72986606,0],[108.83918582,24.72985711,0],[108.83918452,24.72984816,0],[108.83918322,24.72983921,0],[108.83918193,24.72983026,0],[108.83918064,24.72982131,0],[108.83917935,24.72981236,0],[108.83917806,24.72980341,0],[108.83917678,24.72979446,0],[108.8391755,24.72978551,0],[108.83917422,24.72977656,0],[108.83917295,24.7297676,0],[108.83917168,24.72975865,0],[108.83917041,24.7297497,0],[108.83916914,24.72974075,0],[108.83916788,24.72973179,0],[108.83916662,24.72972284,0],[108.83916536,24.72971389,0],[108.8391641,24.72970493,0],[108.83916285,24.72969598,0],[108.8391616,24.72968702,0],[108.83916036,24.72967807,0],[108.83915911,24.72966911,0],[108.83915787,24.72966015,0],[108.83915664,24.7296512,0],[108.8391554,24.72964224,0],[108.83915417,24.72963328,0],[108.83915294,24.72962433,0],[108.83915172,24.72961537,0],[108.8391505,24.72960641,0],[108.83914928,24.72959745,0],[108.83914806,24.72958849,0],[108.83914685,24.72957953,0],[108.83914564,24.72957058,0],[108.83914443,24.72956162,0],[108.83914323,24.72955266,0],[108.83914203,24.72954369,0],[108.83914083,24.72953473,0],[108.83913964,24.72952577,0],[108.83913845,24.72951681,0],[108.83913726,24.72950785,0],[108.83913608,24.72949889,0],[108.8391349,24.72948992,0],[108.83913372,24.72948096,0],[108.83913255,24.729472,0],[108.83913138,24.72946303,0],[108.83913021,24.72945407,0],[108.83912904,24.7294451,0],[108.83912788,24.72943614,0],[108.83912673,24.72942717,0],[108.83912557,24.72941821,0],[108.83912442,24.72940924,0],[108.83912328,24.72940028,0],[108.83912213,24.72939131,0],[108.83912099,24.72938234,0],[108.83911986,24.72937337,0],[108.83911872,24.72936441,0],[108.83911759,24.72935544,0],[108.83911647,24.72934647,0],[108.83911535,24.7293375,0],[108.83911423,24.72932853,0],[108.83911311,24.72931956,0],[108.839112,24.72931059,0],[108.83911089,24.72930162,0],[108.83910979,24.72929265,0],[108.83910869,24.72928368,0],[108.83910759,24.72927471,0],[108.8391065,24.72926574,0],[108.83910541,24.72925676,0],[108.83910432,24.72924779,0],[108.83910324,24.72923882,0],[108.83910216,24.72922984,0],[108.83910109,24.72922087,0],[108.83910002,24.7292119,0],[108.83909895,24.72920292,0],[108.83909789,24.72919395,0],[108.83909683,24.72918497,0],[108.83909577,24.72917599,0],[108.83909472,24.72916702,0],[108.83909367,24.72915804,0],[108.83909263,24.72914907,0],[108.83909159,24.72914009,0],[108.83909056,24.72913111,0],[108.83908952,24.72912213,0],[108.8390885,24.72911315,0],[108.83908747,24.72910417,0],[108.83908645,24.7290952,0],[108.83908544,24.72908622,0],[108.83908442,24.72907724,0],[108.83908342,24.72906826,0],[108.83908241,24.72905927,0],[108.83908141,24.72905029,0],[108.83908042,24.72904131,0],[108.83907943,24.72903233,0],[108.83907844,24.72902335,0],[108.83907746,24.72901437,0],[108.83907648,24.72900538,0],[108.8390755,24.7289964,0],[108.83907453,24.72898742,0],[108.83907357,24.72897843,0],[108.83907261,24.72896945,0]]}},{"type":"Feature","id":"route_center-26-12","properties":{"name":"zhix_230561","sourceLayer":"道路中间线","sourceFile":"道路中间线.kml","originalPlacemarkIndex":25,"chainIndex":11,"stroke":"#dffbff","stroke-opacity":0.96,"stroke-width":3.2},"geometry":{"type":"LineString","coordinates":[[108.83907165,24.72896046,0],[108.83898713,24.72787603,0],[108.83896531,24.72678917,0],[108.83900623,24.72570287,0],[108.8390312,24.72537201,0],[108.8390312,24.72537201,0]]}},{"type":"Feature","id":"route_center-26-13","properties":{"name":"zhix_230561","sourceLayer":"道路中间线","sourceFile":"道路中间线.kml","originalPlacemarkIndex":25,"chainIndex":12,"stroke":"#dffbff","stroke-opacity":0.96,"stroke-width":3.2},"geometry":{"type":"LineString","coordinates":[[108.83907261,24.72896945,0],[108.83907165,24.72896046,0]]}},{"type":"Feature","id":"route_center-26-14","properties":{"name":"zhix_230561","sourceLayer":"道路中间线","sourceFile":"道路中间线.kml","originalPlacemarkIndex":25,"chainIndex":13,"stroke":"#dffbff","stroke-opacity":0.96,"stroke-width":3.2},"geometry":{"type":"LineString","coordinates":[[108.8390312,24.72537201,0],[108.83903195,24.725363,0],[108.83903271,24.725354,0],[108.83903347,24.725345,0],[108.83903424,24.725336,0],[108.83903501,24.725327,0],[108.83903579,24.725318,0],[108.83903657,24.725309,0],[108.83903735,24.72530001,0],[108.83903814,24.72529101,0],[108.83903894,24.72528201,0],[108.83903973,24.72527301,0],[108.83904053,24.72526401,0],[108.83904134,24.72525502,0],[108.83904215,24.72524602,0],[108.83904296,24.72523702,0],[108.83904378,24.72522803,0],[108.8390446,24.72521903,0],[108.83904542,24.72521003,0],[108.83904625,24.72520104,0],[108.83904709,24.72519204,0],[108.83904792,24.72518305,0],[108.83904876,24.72517405,0],[108.83904961,24.72516506,0],[108.83905046,24.72515606,0],[108.83905131,24.72514707,0],[108.83905217,24.72513808,0],[108.83905303,24.72512908,0],[108.83905389,24.72512009,0],[108.83905476,24.7251111,0],[108.83905563,24.72510211,0],[108.83905651,24.72509311,0],[108.83905739,24.72508412,0],[108.83905827,24.72507513,0],[108.83905916,24.72506614,0],[108.83906005,24.72505715,0],[108.83906094,24.72504816,0],[108.83906184,24.72503917,0],[108.83906274,24.72503018,0],[108.83906365,24.72502119,0],[108.83906456,24.7250122,0],[108.83906547,24.72500321,0],[108.83906639,24.72499422,0],[108.8390673,24.72498524,0],[108.83906823,24.72497625,0],[108.83906916,24.72496726,0],[108.83907009,24.72495827,0],[108.83907102,24.72494929,0],[108.83907196,24.7249403,0],[108.8390729,24.72493131,0],[108.83907384,24.72492233,0],[108.83907479,24.72491334,0],[108.83907574,24.72490436,0],[108.8390767,24.72489537,0],[108.83907765,24.72488639,0],[108.83907862,24.7248774,0],[108.83907958,24.72486842,0],[108.83908055,24.72485943,0],[108.83908152,24.72485045,0],[108.8390825,24.72484147,0],[108.83908347,24.72483248,0],[108.83908446,24.7248235,0],[108.83908544,24.72481452,0],[108.83908643,24.72480554,0],[108.83908742,24.72479655,0],[108.83908841,24.72478757,0],[108.83908941,24.72477859,0],[108.83909041,24.72476961,0],[108.83909142,24.72476063,0],[108.83909242,24.72475165,0],[108.83909344,24.72474267,0],[108.83909445,24.72473369,0],[108.83909547,24.72472471,0],[108.83909649,24.72471573,0],[108.83909751,24.72470675,0],[108.83909853,24.72469777,0],[108.83909956,24.72468879,0],[108.83910059,24.72467982,0],[108.83910163,24.72467084,0],[108.83910267,24.72466186,0],[108.83910371,24.72465288,0],[108.83910475,24.72464391,0],[108.8391058,24.72463493,0],[108.83910685,24.72462595,0],[108.8391079,24.72461698,0],[108.83910896,24.724608,0],[108.83911002,24.72459903,0],[108.83911108,24.72459005,0],[108.83911214,24.72458108,0],[108.83911321,24.7245721,0],[108.83911428,24.72456313,0],[108.83911535,24.72455415,0],[108.83911643,24.72454518,0],[108.8391175,24.72453621,0],[108.83911858,24.72452723,0],[108.83911967,24.72451826,0],[108.83912075,24.72450929,0],[108.83912184,24.72450032,0],[108.83912293,24.72449134,0],[108.83912403,24.72448237,0],[108.83912513,24.7244734,0],[108.83912623,24.72446443,0],[108.83912733,24.72445546,0],[108.83912843,24.72444649,0],[108.83912954,24.72443752,0],[108.83913065,24.72442855,0],[108.83913176,24.72441958,0],[108.83913288,24.72441061,0],[108.83913399,24.72440164,0],[108.83913511,24.72439267,0],[108.83913624,24.7243837,0],[108.83913736,24.72437473,0],[108.83913849,24.72436576,0],[108.83913962,24.72435679,0],[108.83914075,24.72434783,0],[108.83914189,24.72433886,0],[108.83914302,24.72432989,0],[108.83914416,24.72432092,0],[108.8391453,24.72431196,0],[108.83914645,24.72430299,0],[108.83914759,24.72429402,0],[108.83914874,24.72428506,0],[108.83914989,24.72427609,0],[108.83915105,24.72426712,0],[108.8391522,24.72425816,0],[108.83915336,24.72424919,0],[108.83915452,24.72424023,0],[108.83915568,24.72423126,0],[108.83915685,24.7242223,0],[108.83915801,24.72421334,0],[108.83915918,24.72420437,0],[108.83916035,24.72419541,0],[108.83916152,24.72418644,0],[108.8391627,24.72417748,0],[108.83916388,24.72416852,0],[108.83916506,24.72415955,0],[108.83916624,24.72415059,0],[108.83916742,24.72414163,0],[108.83916861,24.72413267,0],[108.83916979,24.72412371,0],[108.83917098,24.72411474,0],[108.83917217,24.72410578,0],[108.83917337,24.72409682,0],[108.83917456,24.72408786,0],[108.83917576,24.7240789,0],[108.83917696,24.72406994,0],[108.83917816,24.72406098,0],[108.83917936,24.72405202,0],[108.83918056,24.72404306,0],[108.83918177,24.7240341,0],[108.83918298,24.72402514,0],[108.83918419,24.72401618,0],[108.8391854,24.72400723,0],[108.83918661,24.72399826,0],[108.83918783,24.7239893,0],[108.83918905,24.72398034,0],[108.83919027,24.72397138,0],[108.83919149,24.72396242,0],[108.83919271,24.72395347,0],[108.83919393,24.72394451,0],[108.83919516,24.72393555,0],[108.83919638,24.72392659,0],[108.83919761,24.72391764,0],[108.83919884,24.72390868,0],[108.83920008,24.72389972,0],[108.83920131,24.72389077,0],[108.83920254,24.72388181,0],[108.83920378,24.72387285,0],[108.83920502,24.7238639,0],[108.83920626,24.72385494,0],[108.8392075,24.72384598,0],[108.83920874,24.72383703,0],[108.83920999,24.72382807,0],[108.83921123,24.72381912,0],[108.83921248,24.72381016,0],[108.83921373,24.72380121,0],[108.83921498,24.72379225,0],[108.83921623,24.7237833,0],[108.83921748,24.72377434,0],[108.83921873,24.72376539,0],[108.83921999,24.72375643,0],[108.83922124,24.72374748,0],[108.8392225,24.72373853,0],[108.83922376,24.72372957,0],[108.83922502,24.72372062,0],[108.83922628,24.72371166,0],[108.83922755,24.72370271,0],[108.83922881,24.72369376,0],[108.83923007,24.7236848,0],[108.83923134,24.72367585,0],[108.83923261,24.7236669,0],[108.83923388,24.72365795,0],[108.83923515,24.72364899,0],[108.83923642,24.72364004,0],[108.83923769,24.72363109,0],[108.83923896,24.72362214,0],[108.83924024,24.72361318,0],[108.83924151,24.72360423,0],[108.83924279,24.72359528,0],[108.83924407,24.72358633,0],[108.83924534,24.72357738,0],[108.83924662,24.72356843,0],[108.8392479,24.72355947,0],[108.83924918,24.72355052,0],[108.83925047,24.72354157,0],[108.83925175,24.72353262,0],[108.83925303,24.72352367,0],[108.83925432,24.72351472,0],[108.8392556,24.72350577,0],[108.83925689,24.72349682,0],[108.83925818,24.72348787,0],[108.83925947,24.72347892,0],[108.83926075,24.72346997,0],[108.83926204,24.72346102,0],[108.83926333,24.72345207,0],[108.83926463,24.72344312,0],[108.83926592,24.72343417,0],[108.83926721,24.72342522,0],[108.8392685,24.72341627,0],[108.8392698,24.72340732,0],[108.83927109,24.72339837,0],[108.83927239,24.72338942,0],[108.83927368,24.72338047,0],[108.83927498,24.72337152,0],[108.83927628,24.72336257,0],[108.83927758,24.72335362,0],[108.83927887,24.72334467,0],[108.83928017,24.72333572,0],[108.83928147,24.72332677,0],[108.83928277,24.72331783,0],[108.83928407,24.72330888,0],[108.83928537,24.72329993,0],[108.83928668,24.72329098,0],[108.83928798,24.72328203,0],[108.83928928,24.72327308,0],[108.83929058,24.72326413,0],[108.83929189,24.72325518,0],[108.83929319,24.72324624,0],[108.83929449,24.72323729,0],[108.8392958,24.72322834,0],[108.8392971,24.72321939,0],[108.83929842,24.72321044,0],[108.83929971,24.72320149,0],[108.83930102,24.72319255,0],[108.83930233,24.7231836,0],[108.83930363,24.72317465,0],[108.83930494,24.7231657,0],[108.83930625,24.72315675,0],[108.83930755,24.72314781,0],[108.83930886,24.72313886,0],[108.83931017,24.72312991,0],[108.83931147,24.72312096,0],[108.83931278,24.72311201,0],[108.83931409,24.72310306,0],[108.8393154,24.72309412,0],[108.83931671,24.72308517,0],[108.83931801,24.72307622,0],[108.83931932,24.72306727,0],[108.83932063,24.72305832,0],[108.83932194,24.72304938,0],[108.83932325,24.72304043,0],[108.84009556,24.71775763,0],[108.84009687,24.71774868,0],[108.84009818,24.71773973,0],[108.84009949,24.71773079,0],[108.84010079,24.71772184,0],[108.8401021,24.71771289,0],[108.84010341,24.71770394,0],[108.84010472,24.71769499,0],[108.84010603,24.71768605,0],[108.84010733,24.7176771,0],[108.84010864,24.71766815,0],[108.84010995,24.7176592,0],[108.84011125,24.71765025,0],[108.84011256,24.7176413,0],[108.84011387,24.71763236,0],[108.84011517,24.71762341,0],[108.84011648,24.71761446,0],[108.84011778,24.71760551,0],[108.84011909,24.71759656,0],[108.84012039,24.71758761,0],[108.8401217,24.71757867,0],[108.840123,24.71756972,0],[108.8401243,24.71756077,0],[108.84012561,24.71755182,0],[108.84012691,24.71754287,0],[108.84012821,24.71753392,0],[108.84012951,24.71752497,0],[108.84013081,24.71751603,0],[108.84013211,24.71750708,0],[108.84013341,24.71749813,0],[108.84013471,24.71748918,0],[108.84013601,24.71748023,0],[108.84013731,24.71747128,0],[108.8401386,24.71746233,0],[108.8401399,24.71745338,0],[108.84014119,24.71744443,0],[108.84014249,24.71743548,0],[108.84014378,24.71742653,0],[108.84014508,24.71741758,0],[108.84014637,24.71740863,0],[108.84014766,24.71739968,0],[108.84014895,24.71739073,0],[108.84015024,24.71738178,0],[108.84015153,24.71737283,0],[108.84015282,24.71736388,0],[108.8401541,24.71735493,0],[108.84015539,24.71734598,0],[108.84015667,24.71733703,0],[108.84015796,24.71732808,0],[108.84015924,24.71731913,0],[108.84016052,24.71731018,0],[108.8401618,24.71730123,0],[108.84016308,24.71729227,0],[108.84016436,24.71728332,0],[108.84016564,24.71727437,0],[108.84016692,24.71726542,0],[108.84016819,24.71725647,0],[108.84016947,24.71724752,0],[108.84017074,24.71723856,0],[108.84017201,24.71722961,0],[108.84017328,24.71722066,0],[108.84017455,24.71721171,0],[108.84017582,24.71720275,0],[108.84017708,24.7171938,0],[108.84017835,24.71718485,0],[108.84017961,24.71717589,0],[108.84018088,24.71716694,0],[108.84018214,24.71715799,0],[108.8401834,24.71714903,0],[108.84018465,24.71714008,0],[108.84018591,24.71713113,0],[108.84018717,24.71712217,0],[108.84018842,24.71711322,0],[108.84018967,24.71710426,0],[108.84019092,24.71709531,0],[108.84019217,24.71708635,0],[108.84019342,24.7170774,0],[108.84019466,24.71706844,0],[108.84019591,24.71705949,0],[108.84019715,24.71705053,0],[108.84019839,24.71704157,0],[108.84019963,24.71703262,0],[108.84020087,24.71702366,0],[108.8402021,24.7170147,0],[108.84020334,24.71700575,0],[108.84020457,24.71699679,0],[108.8402058,24.71698783,0],[108.84020703,24.71697888,0],[108.84020825,24.71696992,0],[108.84020948,24.71696096,0],[108.8402107,24.716952,0],[108.84021192,24.71694304,0],[108.84021314,24.71693409,0],[108.84021436,24.71692513,0],[108.84021557,24.71691617,0],[108.84021679,24.71690721,0],[108.840218,24.71689825,0],[108.84021921,24.71688929,0],[108.84022041,24.71688033,0],[108.84022162,24.71687137,0],[108.84022282,24.71686241,0],[108.84022402,24.71685345,0],[108.84022522,24.71684449,0],[108.84022642,24.71683553,0],[108.84022761,24.71682657,0],[108.8402288,24.71681761,0],[108.84022999,24.71680864,0],[108.84023118,24.71679968,0],[108.84023236,24.71679072,0],[108.84023355,24.71678176,0],[108.84023473,24.71677279,0],[108.8402359,24.71676383,0],[108.84023708,24.71675487,0],[108.84023825,24.7167459,0],[108.84023942,24.71673694,0],[108.84024059,24.71672798,0],[108.84024176,24.71671901,0],[108.84024292,24.71671005,0],[108.84024408,24.71670108,0],[108.84024524,24.71669212,0],[108.8402464,24.71668315,0],[108.84024755,24.71667419,0],[108.8402487,24.71666522,0],[108.84024985,24.71665625,0],[108.84025099,24.71664729,0],[108.84025214,24.71663832,0],[108.84025328,24.71662935,0],[108.84025441,24.71662039,0],[108.84025555,24.71661142,0],[108.84025668,24.71660245,0],[108.84025781,24.71659348,0],[108.84025894,24.71658451,0],[108.84026006,24.71657554,0],[108.84026118,24.71656658,0],[108.8402623,24.71655761,0],[108.84026341,24.71654864,0],[108.84026453,24.71653967,0],[108.84026564,24.7165307,0],[108.84026674,24.71652173,0],[108.84026785,24.71651275,0],[108.84026895,24.71650378,0],[108.84027004,24.71649481,0],[108.84027114,24.71648584,0],[108.84027223,24.71647687,0],[108.84027332,24.7164679,0],[108.8402744,24.71645892,0],[108.8402755,24.71644995,0],[108.84027657,24.71644098,0],[108.84027764,24.716432,0],[108.84027872,24.71642303,0],[108.84027979,24.71641405,0],[108.84028085,24.71640508,0],[108.84028191,24.7163961,0],[108.84028297,24.71638713,0],[108.84028403,24.71637815,0],[108.84028509,24.71636918,0],[108.84028614,24.7163602,0],[108.84028718,24.71635122,0],[108.84028823,24.71634225,0],[108.84028927,24.71633327,0],[108.8402903,24.71632429,0],[108.84029134,24.71631531,0],[108.84029237,24.71630634,0],[108.84029339,24.71629736,0],[108.84029441,24.71628838,0],[108.84029543,24.7162794,0],[108.84029645,24.71627042,0],[108.84029746,24.71626144,0],[108.84029847,24.71625246,0],[108.84029948,24.71624348,0],[108.84030048,24.7162345,0],[108.84030148,24.71622552,0],[108.84030247,24.71621654,0],[108.84030346,24.71620755,0],[108.84030445,24.71619857,0],[108.84030543,24.71618959,0],[108.84030641,24.71618061,0],[108.84030739,24.71617162,0],[108.84030836,24.71616264,0],[108.84030933,24.71615366,0],[108.84031029,24.71614467,0],[108.84031125,24.71613569,0],[108.84031221,24.7161267,0],[108.84031316,24.71611772,0],[108.84031411,24.71610873,0],[108.84031505,24.71609974,0],[108.84031599,24.71609076,0],[108.84031693,24.71608177,0],[108.84031786,24.71607278,0],[108.84031879,24.7160638,0],[108.84031972,24.71605481,0],[108.84032064,24.71604582,0],[108.84032156,24.71603683,0],[108.84032247,24.71602784,0],[108.84032338,24.71601885,0],[108.84032428,24.71600986,0],[108.84032518,24.71600087,0],[108.84032608,24.71599188,0],[108.84032697,24.71598289,0],[108.84032786,24.7159739,0],[108.84032874,24.71596491,0],[108.84032962,24.71595592,0],[108.84033049,24.71594693,0],[108.84033136,24.71593794,0],[108.84033223,24.71592894,0],[108.84033309,24.71591995,0],[108.84033395,24.71591096,0],[108.8403348,24.71590196,0],[108.84033565,24.71589297,0],[108.84033649,24.71588397,0],[108.84033733,24.71587498,0],[108.84033817,24.71586598,0],[108.840339,24.71585699,0],[108.84033982,24.71584799,0],[108.84034064,24.715839,0],[108.84034146,24.71583,0],[108.84034227,24.715821,0],[108.84034308,24.71581201,0],[108.84034388,24.71580301,0],[108.84034468,24.71579401,0],[108.84034548,24.71578501,0],[108.84034626,24.71577601,0],[108.84034705,24.71576702,0],[108.84034783,24.71575802,0],[108.8403486,24.71574902,0],[108.84034937,24.71574002,0],[108.84035014,24.71573102,0],[108.8403509,24.71572202,0],[108.84035165,24.71571301,0],[108.8403524,24.71570401,0]]}},{"type":"Feature","id":"route_center-26-15","properties":{"name":"zhix_230561","sourceLayer":"道路中间线","sourceFile":"道路中间线.kml","originalPlacemarkIndex":25,"chainIndex":14,"stroke":"#dffbff","stroke-opacity":0.96,"stroke-width":3.2},"geometry":{"type":"LineString","coordinates":[[108.83961132,24.70925997,0],[108.83987733,24.71017411,0],[108.84009026,24.71109954,0],[108.84024953,24.71203369,0],[108.84035469,24.71297403,0],[108.84040546,24.71391796,0],[108.8404017,24.71486291,0],[108.84035315,24.71569501,0],[108.84035315,24.71569501,0],[108.8403524,24.71570401,0]]}},{"type":"Feature","id":"route_center-26-16","properties":{"name":"zhix_230561","sourceLayer":"道路中间线","sourceFile":"道路中间线.kml","originalPlacemarkIndex":25,"chainIndex":15,"stroke":"#dffbff","stroke-opacity":0.96,"stroke-width":3.2},"geometry":{"type":"LineString","coordinates":[[108.83961132,24.70925997,0],[108.83960854,24.7092513,0],[108.83960575,24.70924264,0],[108.83960296,24.70923398,0],[108.83960017,24.70922532,0],[108.83959737,24.70921667,0],[108.83959456,24.70920801,0],[108.83959175,24.70919936,0],[108.83958894,24.7091907,0],[108.83958612,24.70918205,0],[108.8395833,24.7091734,0],[108.83958047,24.70916475,0],[108.83957764,24.7091561,0],[108.8395748,24.70914745,0],[108.83957196,24.70913881,0],[108.83956911,24.70913016,0],[108.83956626,24.70912152,0],[108.83956341,24.70911287,0],[108.83956055,24.70910423,0],[108.83955768,24.70909559,0],[108.83955482,24.70908695,0],[108.83955195,24.70907832,0],[108.83954907,24.70906968,0],[108.83954619,24.70906104,0],[108.8395433,24.70905241,0],[108.83954041,24.70904378,0],[108.83953752,24.70903515,0],[108.83953462,24.70902651,0],[108.83953172,24.70901789,0],[108.83952882,24.70900926,0],[108.83952591,24.70900063,0],[108.83952299,24.708992,0],[108.83952007,24.70898338,0],[108.83951715,24.70897476,0],[108.83951423,24.70896613,0],[108.8395113,24.70895751,0],[108.83950836,24.70894889,0],[108.83950542,24.70894027,0],[108.83950248,24.70893165,0],[108.83949954,24.70892304,0],[108.83949659,24.70891442,0],[108.83949363,24.70890581,0],[108.83949067,24.70889719,0],[108.83948771,24.70888858,0],[108.83948475,24.70887997,0],[108.83948178,24.70887136,0],[108.8394788,24.70886275,0],[108.83947583,24.70885414,0],[108.83947285,24.70884553,0],[108.83946986,24.70883693,0],[108.83946688,24.70882832,0],[108.83946388,24.70881972,0],[108.83946089,24.70881112,0],[108.83945789,24.70880252,0],[108.83945489,24.70879391,0],[108.83945188,24.70878531,0],[108.83944887,24.70877672,0],[108.83944586,24.70876812,0],[108.83944284,24.70875952,0],[108.83943982,24.70875093,0],[108.8394368,24.70874233,0],[108.83943377,24.70873374,0],[108.83943074,24.70872515,0],[108.8394277,24.70871656,0],[108.83942467,24.70870797,0],[108.83942162,24.70869938,0],[108.83941858,24.70869079,0],[108.83941553,24.7086822,0],[108.83941248,24.70867361,0],[108.83940943,24.70866503,0],[108.83940637,24.70865644,0],[108.83940331,24.70864786,0],[108.83940024,24.70863928,0],[108.83939718,24.7086307,0],[108.83939411,24.70862212,0],[108.83939103,24.70861354,0],[108.83938796,24.70860496,0],[108.83938487,24.70859638,0],[108.83938179,24.7085878,0],[108.83937871,24.70857923,0],[108.83937562,24.70857065,0],[108.83937252,24.70856208,0],[108.83936943,24.70855351,0],[108.83936633,24.70854493,0],[108.83936323,24.70853636,0],[108.83936012,24.70852779,0],[108.83935702,24.70851922,0],[108.8393539,24.70851065,0],[108.83935079,24.70850209,0],[108.83934768,24.70849352,0],[108.83934456,24.70848495,0],[108.83934143,24.70847639,0],[108.83933831,24.70846782,0],[108.83933518,24.70845926,0],[108.83933205,24.7084507,0],[108.83932892,24.70844214,0],[108.83932578,24.70843358,0],[108.83932264,24.70842502,0],[108.8393195,24.70841646,0],[108.83931636,24.7084079,0],[108.83931321,24.70839934,0],[108.83931006,24.70839078,0],[108.83930691,24.70838223,0],[108.83930376,24.70837367,0],[108.8393006,24.70836512,0],[108.83929744,24.70835657,0],[108.83929428,24.70834801,0],[108.83929111,24.70833946,0],[108.83928794,24.70833091,0],[108.83928477,24.70832236,0],[108.8392816,24.70831381,0],[108.83927843,24.70830526,0],[108.83927525,24.70829671,0],[108.83927207,24.70828817,0],[108.83926889,24.70827962,0],[108.8392657,24.70827107,0],[108.83926252,24.70826253,0],[108.83925933,24.70825398,0],[108.83925614,24.70824544,0],[108.83925294,24.7082369,0],[108.83924975,24.70822835,0],[108.83924655,24.70821981,0],[108.83924335,24.70821127,0],[108.83924015,24.70820273,0],[108.83923694,24.70819419,0],[108.83923374,24.70818565,0],[108.83923053,24.70817711,0],[108.83922732,24.70816858,0],[108.8392241,24.70816004,0],[108.83922089,24.7081515,0],[108.83921767,24.70814297,0],[108.83921445,24.70813443,0],[108.83921123,24.7081259,0],[108.83920801,24.70811737,0],[108.83920478,24.70810883,0],[108.83920155,24.7081003,0],[108.83919833,24.70809177,0],[108.83919509,24.70808324,0],[108.83919186,24.70807471,0],[108.83918863,24.70806618,0],[108.83918539,24.70805765,0],[108.83918215,24.70804912,0],[108.83917891,24.70804059,0],[108.83917567,24.70803206,0],[108.83917243,24.70802353,0],[108.83916918,24.70801501,0],[108.83916593,24.70800648,0],[108.83916268,24.70799796,0],[108.83915943,24.70798943,0],[108.83915618,24.70798091,0],[108.83915293,24.70797238,0],[108.83914967,24.70796386,0],[108.83914641,24.70795534,0],[108.83914316,24.70794681,0],[108.8391399,24.70793829,0],[108.83913663,24.70792977,0],[108.83913337,24.70792125,0],[108.83913011,24.70791273,0],[108.83912684,24.70790421,0],[108.83912357,24.70789569,0],[108.8391203,24.70788717,0],[108.83911703,24.70787865,0],[108.83911376,24.70787013,0],[108.83911049,24.70786161,0],[108.83910721,24.7078531,0],[108.83910394,24.70784458,0],[108.83910066,24.70783606,0],[108.83909738,24.70782755,0],[108.8390941,24.70781903,0],[108.83909082,24.70781052,0],[108.83908754,24.707802,0],[108.83908425,24.70779349,0],[108.83908097,24.70778497,0],[108.83907768,24.70777646,0],[108.83907439,24.70776795,0],[108.8390711,24.70775943,0],[108.83906782,24.70775092,0],[108.83906452,24.70774241,0],[108.83906123,24.7077339,0],[108.83905794,24.70772539,0],[108.83905465,24.70771687,0],[108.83905135,24.70770836,0],[108.83904806,24.70769985,0],[108.83904476,24.70769134,0],[108.83904146,24.70768283,0],[108.83903816,24.70767432,0],[108.83903486,24.70766581,0],[108.83903156,24.7076573,0],[108.83902826,24.7076488,0],[108.83902496,24.70764029,0],[108.83902166,24.70763178,0],[108.83901835,24.70762327,0],[108.83901505,24.70761476,0],[108.83901174,24.70760626,0],[108.83900844,24.70759775,0],[108.83900513,24.70758924,0],[108.83900182,24.70758074,0],[108.83899851,24.70757223,0],[108.83899521,24.70756372,0],[108.8389919,24.70755522,0],[108.83898859,24.70754671,0],[108.83898528,24.7075382,0],[108.83898196,24.7075297,0],[108.83897865,24.70752119,0],[108.83897534,24.70751269,0],[108.83897203,24.70750418,0],[108.83896871,24.70749568,0],[108.8389654,24.70748717,0],[108.83896208,24.70747867,0],[108.83895877,24.70747017,0],[108.83895545,24.70746166,0],[108.83895214,24.70745316,0],[108.83894882,24.70744465,0],[108.83894551,24.70743615,0],[108.83894219,24.70742765,0],[108.83893887,24.70741914,0],[108.83893555,24.70741064,0],[108.83893224,24.70740213,0],[108.83892892,24.70739363,0],[108.8389256,24.70738513,0],[108.83892228,24.70737662,0],[108.83891896,24.70736812,0],[108.83891564,24.70735962,0],[108.83891233,24.70735112,0],[108.83890901,24.70734261,0],[108.83890569,24.70733411,0],[108.83890237,24.70732561,0],[108.83889905,24.7073171,0],[108.83889573,24.7073086,0],[108.83889241,24.7073001,0],[108.83888909,24.70729161,0],[108.83563417,24.69895366,0],[108.83563085,24.69894516,0],[108.83562753,24.69893666,0],[108.83562421,24.69892815,0],[108.83562089,24.69891965,0],[108.83561758,24.69891115,0],[108.83561426,24.69890264,0],[108.83561094,24.69889414,0],[108.83560762,24.69888564,0],[108.8356043,24.69887714,0],[108.83560098,24.69886863,0],[108.83559766,24.69886013,0],[108.83559434,24.69885163,0],[108.83559103,24.69884312,0],[108.83558771,24.69883462,0],[108.83558439,24.69882612,0],[108.83558107,24.69881761,0],[108.83557775,24.69880911,0],[108.83557444,24.69880061,0],[108.83557112,24.6987921,0],[108.8355678,24.6987836,0],[108.83556448,24.6987751,0],[108.83556117,24.69876659,0],[108.83555785,24.69875809,0],[108.83555453,24.69874958,0],[108.83555122,24.69874108,0],[108.8355479,24.69873258,0],[108.83554459,24.69872407,0],[108.83554127,24.69871557,0],[108.83553796,24.69870706,0],[108.83553464,24.69869856,0],[108.83553133,24.69869006,0],[108.83552801,24.69868155,0],[108.8355247,24.69867305,0],[108.83552138,24.69866454,0],[108.83551807,24.69865604,0],[108.83551476,24.69864753,0],[108.83551144,24.69863903,0],[108.83550813,24.69863052,0],[108.83550482,24.69862202,0],[108.83550151,24.69861351,0],[108.8354982,24.69860501,0],[108.83549489,24.6985965,0],[108.83549158,24.698588,0],[108.83548827,24.69857949,0],[108.83548496,24.69857098,0],[108.83548165,24.69856248,0],[108.83547834,24.69855397,0],[108.83547503,24.69854546,0],[108.83547172,24.69853696,0],[108.83546841,24.69852845,0],[108.83546511,24.69851994,0],[108.8354618,24.69851144,0],[108.83545849,24.69850293,0],[108.83545519,24.69849442,0],[108.83545188,24.69848592,0],[108.83544859,24.69847741,0],[108.83544527,24.6984689,0],[108.83544197,24.69846039,0],[108.83543867,24.69845188,0],[108.83543537,24.69844338,0],[108.83543206,24.69843487,0],[108.83542876,24.69842636,0],[108.83542546,24.69841785,0],[108.83542216,24.69840934,0],[108.83541886,24.69840083,0],[108.83541556,24.69839232,0],[108.83541226,24.69838381,0],[108.83540897,24.6983753,0],[108.83540567,24.69836679,0],[108.83540237,24.69835828,0],[108.83539908,24.69834977,0],[108.83539578,24.69834126,0],[108.83539249,24.69833275,0],[108.8353892,24.69832424,0],[108.8353859,24.69831573,0],[108.83538261,24.69830721,0],[108.83537932,24.6982987,0],[108.83537603,24.69829019,0],[108.83537274,24.69828168,0],[108.83536945,24.69827317,0],[108.83536616,24.69826465,0],[108.83536287,24.69825614,0],[108.83535958,24.69824763,0],[108.8353563,24.69823911,0],[108.83535301,24.6982306,0],[108.83534973,24.69822209,0],[108.83534644,24.69821357,0],[108.83534316,24.69820506,0],[108.83533988,24.69819654,0],[108.8353366,24.69818803,0],[108.83533332,24.69817951,0],[108.83533004,24.698171,0],[108.83532676,24.69816248,0],[108.83532348,24.69815396,0],[108.8353202,24.69814545,0],[108.83531693,24.69813693,0],[108.83531365,24.69812841,0],[108.83531038,24.6981199,0],[108.83530711,24.69811138,0],[108.83530383,24.69810286,0],[108.83530056,24.69809434,0],[108.83529729,24.69808582,0],[108.83529402,24.6980773,0],[108.83529075,24.69806878,0],[108.83528748,24.69806026,0],[108.83528422,24.69805175,0],[108.83528095,24.69804322,0],[108.83527769,24.6980347,0],[108.83527442,24.69802618,0],[108.83527116,24.69801766,0],[108.8352679,24.69800914,0],[108.83526464,24.69800062,0],[108.83526138,24.6979921,0],[108.83525812,24.69798357,0],[108.83525486,24.69797505,0],[108.83525161,24.69796653,0],[108.83524835,24.697958,0],[108.8352451,24.69794948,0],[108.83524185,24.69794096,0],[108.83523859,24.69793243,0],[108.83523534,24.69792391,0],[108.83523209,24.69791538,0],[108.83522885,24.69790686,0],[108.8352256,24.69789833,0],[108.83522235,24.6978898,0],[108.83521911,24.69788128,0],[108.83521586,24.69787275,0],[108.83521262,24.69786422,0],[108.83520938,24.69785569,0],[108.83520614,24.69784717,0],[108.8352029,24.69783864,0],[108.83519966,24.69783011,0],[108.83519643,24.69782158,0],[108.83519319,24.69781305,0],[108.83518996,24.69780452,0],[108.83518673,24.69779599,0],[108.83518349,24.69778746,0],[108.83518026,24.69777893,0],[108.83517704,24.69777039,0],[108.83517381,24.69776186,0],[108.83517058,24.69775333,0],[108.83516736,24.69774479,0],[108.83516413,24.69773626,0],[108.83516091,24.69772773,0],[108.83515769,24.69771919,0],[108.83515447,24.69771066,0],[108.83515125,24.69770212,0],[108.83514804,24.69769359,0],[108.83514482,24.69768505,0],[108.83514161,24.69767651,0],[108.8351384,24.69766798,0],[108.83513518,24.69765944,0],[108.83513198,24.6976509,0],[108.83512877,24.69764236,0],[108.83512556,24.69763382,0],[108.83512236,24.69762528,0],[108.83511915,24.69761674,0],[108.83511595,24.6976082,0],[108.83511275,24.69759966,0],[108.83510955,24.69759112,0],[108.83510635,24.69758258,0],[108.83510316,24.69757404,0],[108.83509996,24.6975655,0],[108.83509677,24.69755695,0],[108.83509358,24.69754841,0],[108.83509039,24.69753987,0],[108.8350872,24.69753132,0],[108.83508401,24.69752278,0],[108.83508083,24.69751423,0],[108.83507764,24.69750568,0],[108.83507446,24.69749714,0],[108.83507128,24.69748859,0],[108.8350681,24.69748004,0],[108.83506493,24.69747149,0],[108.83506175,24.69746295,0],[108.83505858,24.6974544,0],[108.8350554,24.69744585,0],[108.83505223,24.6974373,0],[108.83504906,24.69742875,0],[108.8350459,24.6974202,0],[108.83504273,24.69741164,0],[108.83503957,24.69740309,0],[108.83503641,24.69739454,0],[108.83503325,24.69738599,0],[108.83503009,24.69737743,0],[108.83502693,24.69736888,0],[108.83502378,24.69736032,0],[108.83502062,24.69735177,0],[108.83501747,24.69734321,0],[108.83501432,24.69733465,0],[108.83501117,24.6973261,0],[108.83500803,24.69731754,0],[108.83500488,24.69730898,0],[108.83500174,24.69730042,0],[108.8349986,24.69729186,0],[108.83499546,24.6972833,0],[108.83499232,24.69727474,0],[108.83498919,24.69726618,0],[108.83498606,24.69725762,0],[108.83498293,24.69724906,0],[108.8349798,24.6972405,0],[108.83497667,24.69723193,0],[108.83497354,24.69722337,0],[108.83497042,24.6972148,0],[108.8349673,24.69720624,0],[108.83496418,24.69719767,0],[108.83496106,24.69718911,0],[108.83495794,24.69718054,0],[108.83495483,24.69717197,0],[108.83495172,24.6971634,0],[108.83494861,24.69715484,0],[108.8349455,24.69714627,0],[108.83494239,24.6971377,0],[108.83493929,24.69712913,0],[108.83493619,24.69712055,0],[108.83493309,24.69711198,0],[108.83492999,24.69710341,0],[108.8349269,24.69709484,0],[108.8349238,24.69708626,0],[108.83492071,24.69707769,0],[108.83491762,24.69706912,0],[108.83491453,24.69706054,0],[108.83491145,24.69705196,0],[108.83490837,24.69704339,0],[108.83490528,24.69703481,0],[108.83490221,24.69702623,0],[108.83489913,24.69701765,0],[108.83489605,24.69700907,0],[108.83489298,24.69700049,0],[108.83488991,24.69699191,0],[108.83488684,24.69698333,0],[108.83488378,24.69697475,0],[108.83488071,24.69696617,0],[108.83487765,24.69695758,0],[108.83487459,24.696949,0],[108.83487154,24.69694042,0],[108.83486848,24.69693183,0],[108.83486543,24.69692324,0],[108.83486238,24.69691466,0],[108.83485933,24.69690607,0],[108.83485628,24.69689748,0],[108.83485324,24.69688889,0],[108.8348502,24.6968803,0],[108.83484716,24.69687171,0],[108.83484413,24.69686312,0],[108.83484109,24.69685453,0],[108.83483806,24.69684594,0],[108.83483503,24.69683735,0],[108.834832,24.69682876,0],[108.83482898,24.69682016,0],[108.83482596,24.69681157,0],[108.83482294,24.69680297,0],[108.83481992,24.69679437,0],[108.8348169,24.69678578,0],[108.83481389,24.69677718,0],[108.83481088,24.69676858,0],[108.83480787,24.69675998,0],[108.83480487,24.69675138,0],[108.83480186,24.69674278,0],[108.83479886,24.69673418,0],[108.83479586,24.69672558,0],[108.83479287,24.69671698,0],[108.83478988,24.69670837,0],[108.83478688,24.69669977,0],[108.8347839,24.69669116,0],[108.83478091,24.69668256,0],[108.83477793,24.69667395,0],[108.83477495,24.69666535,0],[108.83477197,24.69665674,0],[108.83476899,24.69664813,0],[108.83476602,24.69663952,0],[108.83476305,24.69663091,0],[108.83476008,24.6966223,0],[108.83475712,24.69661369,0],[108.83475416,24.69660508,0],[108.8347512,24.69659646,0],[108.83474824,24.69658785,0],[108.83474528,24.69657924,0],[108.83474233,24.69657062,0],[108.83473938,24.696562,0],[108.83473644,24.69655339,0],[108.83473349,24.69654477,0],[108.83473055,24.69653615,0],[108.83472761,24.69652753,0],[108.83472468,24.69651891,0],[108.83472174,24.69651029,0],[108.83471881,24.69650167,0],[108.83471589,24.69649305,0],[108.83471296,24.69648443,0],[108.83471004,24.6964758,0],[108.83470712,24.69646718,0],[108.8347042,24.69645855,0],[108.83470129,24.69644993,0],[108.83469838,24.6964413,0],[108.83469547,24.69643267,0],[108.83469256,24.69642404,0],[108.83468966,24.69641542,0],[108.83468676,24.69640679,0],[108.83468387,24.69639815,0],[108.83468097,24.69638952,0],[108.83467808,24.69638089,0],[108.83467519,24.69637226,0],[108.83467231,24.69636362,0],[108.83466942,24.69635499,0],[108.83466654,24.69634635,0],[108.83466367,24.69633772,0],[108.83466079,24.69632908,0],[108.83465792,24.69632044,0],[108.83465506,24.6963118,0],[108.83465219,24.69630316,0],[108.83464933,24.69629452,0],[108.83464647,24.69628588,0],[108.83464361,24.69627724,0],[108.83464076,24.6962686,0],[108.83463791,24.69625995,0],[108.83463506,24.69625131,0],[108.83463222,24.69624266,0],[108.83462938,24.69623402,0],[108.83462654,24.69622537,0],[108.8346237,24.69621672,0],[108.83462087,24.69620807,0],[108.83461804,24.69619942,0],[108.83461522,24.69619077,0],[108.8346124,24.69618212,0],[108.83460958,24.69617347,0],[108.83460676,24.69616482,0],[108.83460395,24.69615616,0],[108.83460114,24.69614751,0],[108.83459833,24.69613885,0]]}},{"type":"Feature","id":"route_center-26-17","properties":{"name":"zhix_230561","sourceLayer":"道路中间线","sourceFile":"道路中间线.kml","originalPlacemarkIndex":25,"chainIndex":16,"stroke":"#dffbff","stroke-opacity":0.96,"stroke-width":3.2},"geometry":{"type":"LineString","coordinates":[[108.83459553,24.6961302,0],[108.8341938,24.69476017,0],[108.83387161,24.69337308,0],[108.83362987,24.69197273,0],[108.8335093,24.69099091,0],[108.8335093,24.69099091,0]]}},{"type":"Feature","id":"route_center-26-18","properties":{"name":"zhix_230561","sourceLayer":"道路中间线","sourceFile":"道路中间线.kml","originalPlacemarkIndex":25,"chainIndex":17,"stroke":"#dffbff","stroke-opacity":0.96,"stroke-width":3.2},"geometry":{"type":"LineString","coordinates":[[108.83459833,24.69613885,0],[108.83459553,24.6961302,0]]}},{"type":"Feature","id":"route_center-26-19","properties":{"name":"zhix_230561","sourceLayer":"道路中间线","sourceFile":"道路中间线.kml","originalPlacemarkIndex":25,"chainIndex":18,"stroke":"#dffbff","stroke-opacity":0.96,"stroke-width":3.2},"geometry":{"type":"LineString","coordinates":[[108.8335093,24.69099091,0],[108.83350838,24.69098192,0],[108.83350745,24.69097293,0],[108.83350653,24.69096394,0],[108.83350562,24.69095495,0],[108.83350471,24.69094597,0],[108.8335038,24.69093698,0],[108.83350289,24.69092799,0],[108.83350199,24.690919,0],[108.83350109,24.69091001,0],[108.83350019,24.69090102,0],[108.8334993,24.69089203,0],[108.83349841,24.69088304,0],[108.83349752,24.69087405,0],[108.83349664,24.69086505,0],[108.83349576,24.69085606,0],[108.83349488,24.69084707,0],[108.83349401,24.69083808,0],[108.83349314,24.69082909,0],[108.83349227,24.69082009,0],[108.8334914,24.6908111,0],[108.83349054,24.69080211,0],[108.83348968,24.69079311,0],[108.83348883,24.69078412,0],[108.83348797,24.69077513,0],[108.83348712,24.69076613,0],[108.83348628,24.69075714,0],[108.83348543,24.69074814,0],[108.83348459,24.69073915,0],[108.83348376,24.69073016,0],[108.83348292,24.69072116,0],[108.83348209,24.69071216,0],[108.83348126,24.69070317,0],[108.83348044,24.69069417,0],[108.83347961,24.69068518,0],[108.83347879,24.69067618,0],[108.83347798,24.69066718,0],[108.83347716,24.69065819,0],[108.83347635,24.69064919,0],[108.83347554,24.69064019,0],[108.83347474,24.6906312,0],[108.83347394,24.6906222,0],[108.83347314,24.6906132,0],[108.83347234,24.6906042,0],[108.83347155,24.6905952,0],[108.83347076,24.69058621,0],[108.83346997,24.69057721,0],[108.83346918,24.69056821,0],[108.8334684,24.69055921,0],[108.83346762,24.69055021,0],[108.83346684,24.69054121,0],[108.83346607,24.69053221,0],[108.8334653,24.69052321,0],[108.83346453,24.69051421,0],[108.83346376,24.69050521,0],[108.833463,24.69049621,0],[108.83346224,24.69048721,0],[108.83346148,24.69047821,0],[108.83346073,24.69046921,0],[108.83345998,24.69046021,0],[108.83345923,24.6904512,0],[108.83345848,24.6904422,0],[108.83345774,24.6904332,0],[108.833457,24.6904242,0],[108.83345626,24.6904152,0],[108.83345552,24.69040619,0],[108.83345479,24.69039719,0],[108.83345406,24.69038819,0],[108.83345333,24.69037919,0],[108.8334526,24.69037018,0],[108.83345188,24.69036118,0],[108.83345116,24.69035218,0],[108.83345044,24.69034317,0],[108.83344973,24.69033417,0],[108.83344901,24.69032517,0],[108.8334483,24.69031616,0],[108.8334476,24.69030716,0],[108.83344689,24.69029815,0],[108.83344619,24.69028915,0],[108.83344549,24.69028014,0],[108.83344479,24.69027114,0],[108.8334441,24.69026213,0],[108.8334434,24.69025313,0],[108.83344271,24.69024412,0],[108.83344203,24.69023512,0],[108.83344134,24.69022611,0],[108.83344066,24.69021711,0],[108.83343998,24.6902081,0],[108.8334393,24.69019909,0],[108.83343862,24.69019009,0],[108.83343795,24.69018108,0],[108.83343728,24.69017207,0],[108.83343661,24.69016307,0],[108.83343595,24.69015406,0],[108.83343528,24.69014505,0],[108.83343462,24.69013605,0],[108.83343396,24.69012704,0],[108.83343331,24.69011803,0],[108.83343265,24.69010902,0],[108.833432,24.69010002,0],[108.83343135,24.69009101,0],[108.8334307,24.690082,0],[108.83343006,24.69007299,0],[108.83342942,24.69006398,0],[108.83342878,24.69005498,0],[108.83342814,24.69004597,0],[108.8334275,24.69003696,0],[108.83342687,24.69002795,0],[108.83342624,24.69001894,0],[108.83342561,24.69000993,0],[108.83342498,24.69000092,0],[108.83342435,24.68999191,0],[108.83342373,24.6899829,0],[108.83342311,24.68997389,0],[108.83342249,24.68996488,0],[108.83342188,24.68995587,0],[108.83342126,24.68994686,0],[108.83342065,24.68993785,0],[108.83342004,24.68992884,0],[108.83341943,24.68991983,0],[108.83341883,24.68991082,0],[108.83341822,24.68990181,0],[108.83341762,24.6898928,0],[108.83341702,24.68988379,0],[108.83341642,24.68987478,0],[108.83341583,24.68986577,0],[108.83341524,24.68985676,0],[108.83341464,24.68984775,0],[108.83341406,24.68983873,0],[108.83341347,24.68982972,0],[108.83341288,24.68982071,0],[108.8334123,24.6898117,0],[108.83341172,24.68980269,0],[108.83341114,24.68979368,0],[108.83341056,24.68978466,0],[108.83340999,24.68977565,0],[108.83340941,24.68976664,0],[108.83340884,24.68975763,0],[108.83340827,24.68974862,0],[108.8334077,24.6897396,0],[108.83340714,24.68973059,0],[108.83340658,24.68972158,0],[108.83340601,24.68971256,0],[108.83340545,24.68970355,0],[108.83340489,24.68969454,0],[108.83340434,24.68968553,0],[108.83340378,24.68967651,0],[108.83340323,24.6896675,0],[108.83340268,24.68965849,0],[108.83340213,24.68964947,0],[108.83340158,24.68964046,0],[108.83340104,24.68963144,0],[108.8334005,24.68962243,0],[108.83339995,24.68961342,0],[108.83339941,24.6896044,0],[108.83339887,24.68959539,0],[108.83339834,24.68958638,0],[108.8333978,24.68957736,0],[108.83339727,24.68956835,0],[108.83339674,24.68955933,0],[108.83339621,24.68955032,0],[108.83339568,24.6895413,0],[108.83339515,24.68953229,0],[108.83339463,24.68952327,0],[108.83339411,24.68951426,0],[108.83339359,24.68950524,0],[108.83339307,24.68949623,0],[108.83339255,24.68948721,0],[108.83339203,24.6894782,0],[108.83339152,24.68946918,0],[108.833391,24.68946017,0],[108.83339049,24.68945115,0],[108.83338998,24.68944214,0],[108.83338947,24.68943312,0],[108.83338897,24.68942411,0],[108.83338846,24.68941509,0],[108.83338796,24.68940608,0],[108.83338745,24.68939706,0],[108.83338695,24.68938804,0],[108.83338645,24.68937903,0],[108.83338596,24.68937001,0],[108.83338546,24.689361,0],[108.83338497,24.68935198,0],[108.83338447,24.68934296,0],[108.83338398,24.68933395,0],[108.83338349,24.68932493,0],[108.833383,24.68931592,0],[108.83338251,24.6893069,0],[108.83338203,24.68929788,0],[108.83338154,24.68928887,0],[108.83338106,24.68927985,0],[108.83338058,24.68927083,0],[108.8333801,24.68926182,0],[108.83337962,24.6892528,0],[108.83337914,24.68924378,0],[108.83337866,24.68923476,0],[108.83337819,24.68922575,0],[108.83337772,24.68921673,0],[108.83337724,24.68920771,0],[108.83337677,24.6891987,0],[108.8333763,24.68918968,0],[108.83337583,24.68918066,0],[108.83337537,24.68917164,0],[108.8333749,24.68916263,0],[108.83337444,24.68915361,0],[108.83337397,24.68914459,0],[108.83337351,24.68913557,0],[108.83337305,24.68912656,0],[108.83337259,24.68911754,0],[108.83337213,24.68910852,0],[108.83337167,24.6890995,0],[108.83337122,24.68909049,0],[108.83337076,24.68908147,0],[108.83337031,24.68907245,0],[108.83336986,24.68906343,0],[108.83336941,24.68905441,0],[108.83336896,24.6890454,0],[108.83336851,24.68903638,0],[108.83336806,24.68902736,0],[108.83336761,24.68901834,0],[108.83336717,24.68900932,0],[108.83336672,24.68900031,0],[108.83336628,24.68899129,0],[108.83336584,24.68898227,0],[108.83336539,24.68897325,0],[108.83336495,24.68896423,0],[108.83336451,24.68895521,0],[108.83336408,24.68894619,0],[108.83336364,24.68893718,0],[108.8333632,24.68892816,0],[108.83336277,24.68891914,0],[108.83336233,24.68891012,0],[108.8333619,24.6889011,0],[108.83336147,24.68889208,0],[108.83336104,24.68888306,0],[108.83336061,24.68887404,0],[108.83336018,24.68886503,0],[108.83335975,24.68885601,0],[108.83335932,24.68884699,0],[108.8333589,24.68883797,0],[108.83335847,24.68882895,0],[108.83335804,24.68881993,0],[108.83335762,24.68881091,0],[108.8333572,24.68880189,0],[108.83335678,24.68879287,0],[108.83335635,24.68878385,0],[108.83335593,24.68877483,0],[108.83335551,24.68876582,0],[108.8333551,24.6887568,0],[108.83335468,24.68874778,0],[108.83335426,24.68873876,0],[108.83335384,24.68872974,0],[108.83335343,24.68872072,0],[108.83335301,24.6887117,0],[108.8333526,24.68870268,0],[108.83335219,24.68869366,0],[108.83335177,24.68868464,0],[108.83335136,24.68867562,0],[108.83335095,24.6886666,0],[108.83335054,24.68865758,0],[108.83335013,24.68864856,0],[108.83334972,24.68863954,0],[108.83334931,24.68863052,0],[108.83334891,24.6886215,0],[108.8333485,24.68861248,0],[108.83334809,24.68860346,0],[108.83334769,24.68859444,0],[108.83334728,24.68858542,0],[108.83334688,24.6885764,0],[108.83334647,24.68856738,0],[108.83334607,24.68855836,0],[108.83334567,24.68854934,0],[108.83334527,24.68854032,0],[108.83334487,24.6885313,0],[108.83334447,24.68852228,0],[108.83334407,24.68851326,0],[108.83334367,24.68850424,0],[108.83334327,24.68849522,0],[108.83334287,24.6884862,0],[108.83334247,24.68847718,0],[108.83334207,24.68846816,0],[108.83334168,24.68845914,0],[108.83334128,24.68845012,0],[108.83334088,24.6884411,0],[108.83334049,24.68843208,0],[108.83334009,24.68842306,0],[108.8333397,24.68841404,0],[108.8333393,24.68840502,0],[108.83333891,24.688396,0],[108.83333852,24.68838698,0],[108.83333812,24.68837796,0],[108.83333773,24.68836894,0],[108.83333734,24.68835992,0],[108.83333695,24.6883509,0],[108.83333655,24.68834188,0],[108.83333616,24.68833286,0],[108.83333577,24.68832384,0],[108.83333538,24.68831482,0],[108.83333499,24.6883058,0],[108.8333346,24.68829678,0],[108.83333421,24.68828776,0],[108.83333382,24.68827874,0],[108.83333344,24.68826972,0],[108.83333305,24.6882607,0],[108.83333266,24.68825168,0],[108.83333227,24.68824266,0],[108.83333188,24.68823364,0],[108.83333149,24.68822461,0],[108.83333111,24.68821559,0],[108.83333072,24.68820657,0],[108.83333033,24.68819755,0],[108.83332995,24.68818853,0],[108.83332956,24.68817951,0],[108.83332917,24.68817049,0],[108.83332879,24.68816147,0],[108.8333284,24.68815245,0],[108.83332802,24.68814343,0],[108.83332763,24.68813441,0],[108.83332724,24.68812539,0],[108.83332686,24.68811637,0],[108.83332647,24.68810735,0],[108.83332609,24.68809833,0],[108.8333257,24.68808931,0],[108.83332532,24.68808029,0],[108.83332493,24.68807127,0],[108.83332455,24.68806224,0],[108.83332416,24.68805322,0],[108.83332378,24.6880442,0],[108.83332339,24.68803518,0],[108.83332301,24.68802616,0],[108.83332262,24.68801714,0],[108.83311602,24.68317401,0],[108.83311564,24.68316499,0],[108.83311526,24.68315596,0],[108.83311487,24.68314694,0],[108.83311449,24.68313792,0],[108.8331141,24.6831289,0],[108.83311372,24.68311988,0],[108.83311333,24.68311086,0],[108.83311294,24.68310184,0],[108.83311256,24.68309282,0],[108.83311217,24.6830838,0],[108.83311179,24.68307478,0],[108.8331114,24.68306576,0],[108.83311101,24.68305674,0],[108.83311063,24.68304772,0],[108.83311024,24.6830387,0],[108.83310985,24.68302968,0],[108.83310946,24.68302066,0],[108.83310908,24.68301164,0],[108.83310869,24.68300262,0],[108.8331083,24.6829936,0],[108.83310791,24.68298457,0],[108.83310752,24.68297555,0],[108.83310713,24.68296653,0],[108.83310673,24.68295751,0],[108.83310634,24.68294849,0],[108.83310595,24.68293947,0],[108.83310556,24.68293045,0],[108.83310516,24.68292143,0],[108.83310477,24.68291241,0],[108.83310437,24.68290339,0],[108.83310398,24.68289437,0],[108.83310358,24.68288535,0],[108.83310318,24.68287633,0],[108.83310278,24.68286731,0],[108.83310238,24.68285829,0],[108.83310198,24.68284927,0],[108.83310158,24.68284025,0],[108.83310118,24.68283123,0],[108.83310078,24.68282221,0],[108.83310037,24.68281319,0],[108.83309997,24.68280417,0],[108.83309956,24.68279515,0],[108.83309916,24.68278613,0],[108.83309875,24.68277711,0],[108.83309834,24.68276809,0],[108.83309793,24.68275907,0],[108.83309752,24.68275005,0],[108.83309711,24.68274103,0],[108.83309669,24.68273201,0],[108.83309628,24.68272299,0],[108.83309586,24.68271398,0],[108.83309545,24.68270496,0],[108.83309503,24.68269594,0],[108.83309461,24.68268692,0],[108.83309419,24.6826779,0],[108.83309377,24.68266888,0],[108.83309334,24.68265986,0],[108.83309292,24.68265084,0],[108.83309249,24.68264182,0],[108.83309206,24.6826328,0],[108.83309164,24.68262378,0],[108.83309121,24.68261476,0],[108.83309077,24.68260575,0],[108.83309034,24.68259673,0],[108.8330899,24.68258771,0],[108.83308947,24.68257869,0],[108.83308903,24.68256967,0],[108.83308859,24.68256065,0],[108.83308815,24.68255163,0],[108.8330877,24.68254262,0],[108.83308726,24.6825336,0],[108.83308681,24.68252458,0],[108.83308636,24.68251556,0],[108.83308591,24.68250654,0],[108.83308546,24.68249753,0],[108.83308501,24.68248851,0],[108.83308455,24.68247949,0],[108.83308409,24.68247047,0],[108.83308363,24.68246145,0],[108.83308317,24.68245244,0],[108.83308271,24.68244342,0],[108.83308224,24.6824344,0],[108.83308178,24.68242538,0],[108.83308131,24.68241637,0],[108.83308084,24.68240735,0],[108.83308036,24.68239833,0],[108.83307989,24.68238932,0],[108.83307941,24.6823803,0],[108.83307893,24.68237128,0],[108.83307845,24.68236227,0],[108.83307796,24.68235325,0],[108.83307748,24.68234423,0],[108.83307699,24.68233522,0],[108.8330765,24.6823262,0],[108.83307601,24.68231718,0],[108.83307551,24.68230817,0],[108.83307501,24.68229915,0],[108.83307451,24.68229014,0],[108.83307401,24.68228112,0],[108.8330735,24.6822721,0],[108.833073,24.68226309,0],[108.83307249,24.68225407,0],[108.83307198,24.68224506,0],[108.83307146,24.68223604,0],[108.83307094,24.68222703,0],[108.83307042,24.68221801,0],[108.8330699,24.682209,0],[108.83306938,24.68219998,0],[108.83306885,24.68219097,0],[108.83306832,24.68218195,0],[108.83306779,24.68217294,0],[108.83306725,24.68216393,0],[108.83306671,24.68215491,0],[108.83306617,24.6821459,0],[108.83306563,24.68213688,0],[108.83306508,24.68212787,0],[108.83306453,24.68211886,0],[108.83306398,24.68210984,0],[108.83306343,24.68210083,0],[108.83306287,24.68209182,0],[108.83306231,24.6820828,0],[108.83306174,24.68207379,0],[108.83306118,24.68206478,0],[108.83306061,24.68205577,0],[108.83306003,24.68204675,0],[108.83305946,24.68203774,0],[108.83305888,24.68202873,0],[108.8330583,24.68201972,0],[108.83305771,24.68201071,0],[108.83305712,24.6820017,0],[108.83305653,24.68199268,0],[108.83305594,24.68198367,0],[108.83305534,24.68197466,0],[108.83305474,24.68196565,0],[108.83305414,24.68195664,0],[108.83305353,24.68194763,0],[108.83305292,24.68193862,0],[108.8330523,24.68192961,0],[108.83305169,24.6819206,0],[108.83305107,24.68191159,0],[108.83305044,24.68190258,0],[108.83304981,24.68189357,0],[108.83304918,24.68188456,0],[108.83304855,24.68187555,0],[108.83304791,24.68186655,0],[108.83304727,24.68185754,0],[108.83304663,24.68184853,0],[108.83304598,24.68183952,0],[108.83304532,24.68183051,0],[108.83304467,24.68182151,0],[108.83304401,24.6818125,0],[108.83304335,24.68180349,0],[108.83304268,24.68179448,0],[108.83304201,24.68178548,0],[108.83304134,24.68177647,0],[108.83304066,24.68176747,0],[108.83303998,24.68175846,0],[108.83303929,24.68174945,0],[108.8330386,24.68174045,0],[108.83303791,24.68173144,0],[108.83303721,24.68172244,0],[108.83303651,24.68171343,0],[108.83303582,24.68170443,0],[108.8330351,24.68169543,0],[108.83303438,24.68168642,0],[108.83303367,24.68167742,0],[108.83303295,24.68166841,0],[108.83303222,24.68165941,0],[108.83303149,24.68165042,0],[108.83303076,24.68164141,0],[108.83303002,24.6816324,0],[108.83302928,24.6816234,0],[108.83302854,24.6816144,0],[108.83302779,24.6816054,0],[108.83302703,24.6815964,0],[108.83302628,24.6815874,0],[108.83302551,24.6815784,0],[108.83302475,24.6815694,0],[108.83302398,24.6815604,0],[108.8330232,24.6815514,0],[108.83302242,24.6815424,0],[108.83302164,24.6815334,0],[108.83302085,24.6815244,0],[108.83302006,24.6815154,0],[108.83301926,24.6815064,0],[108.83301846,24.6814974,0],[108.83301765,24.68148841,0],[108.83301684,24.68147941,0],[108.83301603,24.68147041,0],[108.83301521,24.68146142,0],[108.83301438,24.68145242,0],[108.83301355,24.68144343,0],[108.83301272,24.68143443,0],[108.83301188,24.68142544,0],[108.83301104,24.68141644,0],[108.83301019,24.68140745,0],[108.83300934,24.68139845,0],[108.83300848,24.68138946,0],[108.83300762,24.68138047,0],[108.83300675,24.68137147,0],[108.83300588,24.68136248,0],[108.833005,24.68135349,0],[108.83300412,24.6813445,0],[108.83300324,24.68133551,0],[108.83300234,24.68132652,0],[108.83300145,24.68131753,0],[108.83300055,24.68130854,0],[108.83299964,24.68129955,0],[108.83299873,24.68129056,0],[108.83299781,24.68128157,0],[108.83299689,24.68127258,0],[108.83299597,24.68126359,0],[108.83299503,24.68125461,0],[108.8329941,24.68124562,0],[108.83299316,24.68123663,0],[108.83299221,24.68122765,0],[108.83299126,24.68121866,0],[108.8329903,24.68120968,0],[108.83298934,24.68120069,0]]}},{"type":"Feature","id":"route_center-26-20","properties":{"name":"zhix_230561","sourceLayer":"道路中间线","sourceFile":"道路中间线.kml","originalPlacemarkIndex":25,"chainIndex":19,"stroke":"#dffbff","stroke-opacity":0.96,"stroke-width":3.2},"geometry":{"type":"LineString","coordinates":[[108.83065087,24.6745183,0],[108.83110645,24.67528841,0],[108.83151702,24.67607902,0],[108.83188148,24.67688795,0],[108.83219881,24.67771298,0],[108.83246814,24.67855185,0],[108.83268875,24.67940227,0],[108.83286001,24.6802619,0],[108.83298148,24.68112839,0],[108.83298837,24.68119171,0],[108.83298837,24.68119171,0],[108.83298934,24.68120069,0]]}},{"type":"Feature","id":"route_center-26-21","properties":{"name":"zhix_230561","sourceLayer":"道路中间线","sourceFile":"道路中间线.kml","originalPlacemarkIndex":25,"chainIndex":20,"stroke":"#dffbff","stroke-opacity":0.96,"stroke-width":3.2},"geometry":{"type":"LineString","coordinates":[[108.83065087,24.6745183,0],[108.83064595,24.67451047,0],[108.83064102,24.67450264,0],[108.83063609,24.67449482,0],[108.83063116,24.674487,0],[108.83062622,24.67447918,0],[108.83062128,24.67447137,0],[108.83061633,24.67446355,0],[108.83061138,24.67445574,0],[108.83060642,24.67444793,0],[108.83060146,24.67444013,0],[108.83059649,24.67443232,0],[108.83059152,24.67442452,0],[108.83058655,24.67441672,0],[108.83058157,24.67440892,0],[108.83057659,24.67440113,0],[108.8305716,24.67439333,0],[108.83056661,24.67438554,0],[108.83056161,24.67437776,0],[108.83055661,24.67436997,0],[108.83055161,24.67436219,0],[108.8305466,24.6743544,0],[108.83054158,24.67434663,0],[108.83053657,24.67433885,0],[108.83053155,24.67433107,0],[108.83052652,24.6743233,0],[108.83052149,24.67431553,0],[108.83051646,24.67430776,0],[108.83051142,24.67430001,0],[108.83050638,24.67429223,0],[108.83050134,24.67428447,0],[108.83049629,24.67427671,0],[108.83049123,24.67426895,0],[108.83048618,24.6742612,0],[108.83048112,24.67425345,0],[108.83047605,24.6742457,0],[108.83047098,24.67423795,0],[108.83046591,24.6742302,0],[108.83046083,24.67422246,0],[108.83045575,24.67421471,0],[108.83045067,24.67420697,0],[108.83044558,24.67419923,0],[108.83044049,24.6741915,0],[108.8304354,24.67418376,0],[108.8304303,24.67417603,0],[108.8304252,24.6741683,0],[108.83042009,24.67416057,0],[108.83041498,24.67415285,0],[108.83040987,24.67414512,0],[108.83040475,24.6741374,0],[108.83039963,24.67412968,0],[108.83039451,24.67412196,0],[108.83038938,24.67411424,0],[108.83038425,24.67410653,0],[108.83037911,24.67409882,0],[108.83037398,24.67409111,0],[108.83036883,24.6740834,0],[108.83036369,24.67407569,0],[108.83035854,24.67406798,0],[108.83035339,24.67406028,0],[108.83034824,24.67405258,0],[108.83034308,24.67404488,0],[108.83033792,24.67403718,0],[108.83033275,24.67402949,0],[108.83032758,24.67402179,0],[108.83032241,24.6740141,0],[108.83031724,24.67400641,0],[108.83031206,24.67399872,0],[108.83030688,24.67399104,0],[108.8303017,24.67398335,0],[108.83029651,24.67397567,0],[108.83029132,24.67396799,0],[108.83028613,24.67396031,0],[108.83028093,24.67395263,0],[108.83027573,24.67394495,0],[108.83027053,24.67393728,0],[108.83026533,24.6739296,0],[108.83026012,24.67392193,0],[108.83025491,24.67391426,0],[108.83024969,24.67390659,0],[108.83024448,24.67389893,0],[108.83023926,24.67389126,0],[108.83023403,24.6738836,0],[108.83022881,24.67387594,0],[108.83022358,24.67386828,0],[108.83021835,24.67386062,0],[108.83021312,24.67385296,0],[108.83020788,24.67384531,0],[108.83020264,24.67383766,0],[108.8301974,24.67383,0],[108.83019215,24.67382235,0],[108.83018691,24.67381471,0],[108.83018166,24.67380706,0],[108.8301764,24.67379941,0],[108.83017115,24.67379177,0],[108.83016589,24.67378412,0],[108.83016063,24.67377648,0],[108.83015537,24.67376884,0],[108.8301501,24.67376121,0],[108.83014483,24.67375357,0],[108.83013956,24.67374593,0],[108.83013429,24.6737383,0],[108.83012901,24.67373067,0],[108.83012374,24.67372303,0],[108.83011846,24.6737154,0],[108.83011317,24.67370778,0],[108.83010789,24.67370015,0],[108.8301026,24.67369252,0],[108.83009731,24.6736849,0],[108.83009202,24.67367728,0],[108.83008673,24.67366965,0],[108.83008143,24.67366203,0],[108.83007613,24.67365441,0],[108.83007083,24.6736468,0],[108.83006553,24.67363918,0],[108.83006022,24.67363156,0],[108.83005491,24.67362395,0],[108.83004961,24.67361634,0],[108.83004429,24.67360872,0],[108.83003898,24.67360111,0],[108.83003366,24.6735935,0],[108.83002835,24.6735859,0],[108.83002303,24.67357829,0],[108.8300177,24.67357068,0],[108.83001238,24.67356308,0],[108.83000706,24.67355548,0],[108.83000173,24.67354787,0],[108.8299964,24.67354027,0],[108.82999107,24.67353267,0],[108.82998573,24.67352507,0],[108.8299804,24.67351748,0],[108.82997506,24.67350988,0],[108.82996972,24.67350228,0],[108.82996438,24.67349469,0],[108.82995904,24.67348709,0],[108.82995369,24.6734795,0],[108.82994835,24.67347191,0],[108.829943,24.67346432,0],[108.82993765,24.67345673,0],[108.8299323,24.67344914,0],[108.82992695,24.67344155,0],[108.82992159,24.67343397,0],[108.82991624,24.67342638,0],[108.82991088,24.6734188,0],[108.82990552,24.67341121,0],[108.82990016,24.67340363,0],[108.8298948,24.67339605,0],[108.82988943,24.67338847,0],[108.82988407,24.67338089,0],[108.8298787,24.67337331,0],[108.82987333,24.67336573,0],[108.82986796,24.67335815,0],[108.82986259,24.67335057,0],[108.82985722,24.673343,0],[108.82985185,24.67333542,0],[108.82984647,24.67332785,0],[108.8298411,24.67332027,0],[108.82983572,24.6733127,0],[108.82983034,24.67330513,0],[108.82982496,24.67329756,0],[108.82981958,24.67328999,0],[108.8298142,24.67328242,0],[108.82980881,24.67327485,0],[108.82980343,24.67326728,0],[108.82979804,24.67325971,0],[108.82979265,24.67325214,0],[108.82978726,24.67324458,0],[108.82978187,24.67323701,0],[108.82977648,24.67322945,0],[108.82977109,24.67322188,0],[108.8297657,24.67321432,0],[108.82976031,24.67320676,0],[108.82975491,24.67319919,0],[108.82974952,24.67319163,0],[108.82974412,24.67318407,0],[108.82973872,24.67317651,0],[108.82973332,24.67316895,0],[108.82972792,24.67316139,0],[108.82972252,24.67315383,0],[108.82971712,24.67314627,0],[108.82971172,24.67313871,0],[108.82970632,24.67313115,0],[108.82970091,24.67312359,0],[108.82969551,24.67311604,0],[108.8296901,24.67310848,0],[108.8296847,24.67310093,0],[108.82967929,24.67309337,0],[108.82967388,24.67308581,0],[108.82966848,24.67307826,0],[108.82966307,24.6730707,0],[108.82965766,24.67306315,0],[108.82965225,24.6730556,0],[108.82964684,24.67304804,0],[108.82964143,24.67304049,0],[108.82963602,24.67303294,0],[108.8296306,24.67302539,0],[108.82962519,24.67301783,0],[108.82961978,24.67301028,0],[108.82961437,24.67300273,0],[108.82960895,24.67299518,0],[108.82960354,24.67298763,0],[108.82959812,24.67298008,0],[108.82959271,24.67297253,0],[108.82958729,24.67296498,0],[108.82958188,24.67295743,0],[108.82957646,24.67294988,0],[108.82957104,24.67294233,0],[108.82956563,24.67293478,0],[108.82956021,24.67292723,0],[108.82955479,24.67291968,0],[108.82954937,24.67291213,0],[108.82954396,24.67290458,0],[108.82953854,24.67289703,0],[108.82953312,24.67288948,0],[108.8295277,24.67288193,0],[108.82952228,24.67287438,0],[108.82951687,24.67286684,0],[108.82951145,24.67285929,0],[108.82950603,24.67285174,0],[108.82950061,24.67284419,0],[108.82949519,24.67283664,0],[108.82948977,24.67282909,0],[108.82948435,24.67282155,0],[108.82947894,24.672814,0],[108.82947352,24.67280645,0],[108.8294681,24.6727989,0],[108.82946268,24.67279135,0],[108.82945726,24.6727838,0],[108.82945184,24.67277625,0],[108.82944643,24.6727687,0],[108.82944101,24.67276116,0],[108.82943559,24.67275361,0],[108.82943017,24.67274606,0],[108.82942475,24.67273851,0],[108.82941934,24.67273096,0],[108.82941392,24.67272341,0],[108.8294085,24.67271586,0],[108.82940308,24.67270831,0],[108.82939767,24.67270076,0],[108.82939225,24.67269321,0],[108.82938683,24.67268566,0],[108.82938142,24.67267811,0],[108.829376,24.67267056,0],[108.82937058,24.67266301,0],[108.82936517,24.67265546,0],[108.82935975,24.67264791,0],[108.82935434,24.67264036,0],[108.82934892,24.67263281,0],[108.82934351,24.67262526,0],[108.82933809,24.67261771,0],[108.82933268,24.67261016,0],[108.82932727,24.67260261,0],[108.82932185,24.67259506,0],[108.82931644,24.6725875,0],[108.82931103,24.67257995,0],[108.82930562,24.6725724,0],[108.8293002,24.67256485,0],[108.82929479,24.6725573,0],[108.82928938,24.67254974,0],[108.82928397,24.67254219,0],[108.82927856,24.67253464,0],[108.82927315,24.67252708,0],[108.82926774,24.67251953,0],[108.82926233,24.67251197,0],[108.82925692,24.67250442,0],[108.82925151,24.67249687,0],[108.82924611,24.67248931,0],[108.8292407,24.67248176,0],[108.82923529,24.6724742,0],[108.82922988,24.67246664,0],[108.82922448,24.67245909,0],[108.82921907,24.67245153,0],[108.82921367,24.67244398,0],[108.82920826,24.67243642,0],[108.82920286,24.67242886,0],[108.82919746,24.6724213,0],[108.82919205,24.67241374,0],[108.82918665,24.67240619,0],[108.82918125,24.67239863,0],[108.82917585,24.67239107,0],[108.82917045,24.67238351,0],[108.82916505,24.67237595,0],[108.82915965,24.67236839,0],[108.82915425,24.67236083,0],[108.82914886,24.67235327,0],[108.82914346,24.67234571,0],[108.82913806,24.67233814,0],[108.82913267,24.67233058,0],[108.82912727,24.67232302,0],[108.82912188,24.67231546,0],[108.82911649,24.67230789,0],[108.82911109,24.67230033,0],[108.8291057,24.67229276,0],[108.82910031,24.6722852,0],[108.82909492,24.67227763,0],[108.82908953,24.67227007,0],[108.82908414,24.6722625,0],[108.82907875,24.67225494,0],[108.82907336,24.67224737,0],[108.82906798,24.6722398,0],[108.82906259,24.67223223,0],[108.82905721,24.67222466,0],[108.82905182,24.6722171,0],[108.82904644,24.67220953,0],[108.82904106,24.67220196,0],[108.82903568,24.67219438,0],[108.8290303,24.67218681,0],[108.82902492,24.67217924,0],[108.82901954,24.67217167,0],[108.82901416,24.6721641,0],[108.82900878,24.67215652,0],[108.82900341,24.67214895,0],[108.82899803,24.67214138,0],[108.82899266,24.6721338,0],[108.82898729,24.67212622,0],[108.82898191,24.67211865,0],[108.82897654,24.67211107,0],[108.82897117,24.67210349,0],[108.8289658,24.67209592,0],[108.82896044,24.67208834,0],[108.82895507,24.67208076,0],[108.8289497,24.67207318,0],[108.82894434,24.6720656,0],[108.82893897,24.67205802,0],[108.82893361,24.67205044,0],[108.82892825,24.67204285,0],[108.82892289,24.67203527,0],[108.82891753,24.67202769,0],[108.82891217,24.6720201,0],[108.82890681,24.67201252,0],[108.82890146,24.67200493,0],[108.8288961,24.67199735,0],[108.82889075,24.67198976,0],[108.8288854,24.67198217,0],[108.82888004,24.67197458,0],[108.82887469,24.67196699,0],[108.82886935,24.6719594,0],[108.828864,24.67195181,0],[108.82885865,24.67194422,0],[108.82885331,24.67193663,0],[108.82884796,24.67192904,0],[108.82884262,24.67192144,0],[108.82883728,24.67191385,0],[108.82883194,24.67190625,0],[108.8288266,24.67189866,0],[108.82882126,24.67189106,0],[108.82881592,24.67188347,0],[108.82881059,24.67187587,0],[108.82880525,24.67186827,0],[108.82879992,24.67186067,0],[108.82879459,24.67185307,0],[108.82878926,24.67184547,0],[108.82878393,24.67183787,0],[108.82877861,24.67183026,0],[108.82877328,24.67182266,0],[108.82876796,24.67181506,0],[108.82876263,24.67180745,0],[108.82875731,24.67179984,0],[108.82875199,24.67179224,0],[108.82874667,24.67178463,0],[108.82874136,24.67177702,0],[108.82873604,24.67176941,0],[108.82873073,24.6717618,0],[108.82872541,24.67175419,0],[108.8287201,24.67174658,0],[108.82871479,24.67173897,0],[108.82870949,24.67173135,0],[108.82870418,24.67172374,0],[108.82869887,24.67171612,0],[108.82869357,24.67170851,0],[108.82868827,24.67170089,0],[108.82868297,24.67169327,0],[108.82867767,24.67168565,0],[108.82867237,24.67167803,0],[108.82866708,24.67167041,0],[108.82866178,24.67166279,0],[108.82865649,24.67165516,0],[108.8286512,24.67164754,0],[108.82864591,24.67163992,0],[108.82864062,24.67163229,0],[108.82863534,24.67162466,0],[108.82863006,24.67161704,0],[108.82862477,24.67160941,0],[108.82861949,24.67160178,0],[108.82861421,24.67159415,0],[108.82860894,24.67158651,0],[108.82860366,24.67157888,0],[108.82859839,24.67157125,0],[108.82859312,24.67156361,0],[108.82858785,24.67155598,0],[108.82858258,24.67154834,0],[108.82857731,24.6715407,0],[108.82857205,24.67153306,0],[108.82856678,24.67152542,0],[108.82856152,24.67151778,0],[108.82855626,24.67151014,0],[108.828551,24.6715025,0],[108.82854575,24.67149485,0],[108.8285405,24.67148721,0],[108.82853524,24.67147956,0],[108.82852999,24.67147192,0],[108.82852475,24.67146427,0],[108.8285195,24.67145662,0],[108.82851425,24.67144897,0],[108.82850901,24.67144132,0],[108.82850377,24.67143366,0],[108.82849853,24.67142601,0],[108.8284933,24.67141835,0],[108.82848806,24.6714107,0],[108.82848283,24.67140304,0],[108.8284776,24.67139538,0],[108.82847237,24.67138772,0],[108.82846714,24.67138006,0],[108.82846192,24.6713724,0],[108.8284567,24.67136474,0],[108.82845148,24.67135707,0],[108.82844626,24.67134941,0],[108.82844104,24.67134174,0],[108.82843583,24.67133407,0],[108.82843062,24.6713264,0],[108.82842541,24.67131873,0],[108.8284202,24.67131106,0],[108.82841499,24.67130339,0],[108.82840979,24.67129572,0],[108.82840459,24.67128804,0],[108.82839939,24.67128037,0],[108.82839419,24.67127269,0],[108.828389,24.67126501,0],[108.8283838,24.67125733,0],[108.82837861,24.67124965,0],[108.82837342,24.67124197,0],[108.82836824,24.67123428,0],[108.82836305,24.6712266,0],[108.82835787,24.67121891,0],[108.82835269,24.67121123,0],[108.82834752,24.67120354,0],[108.82834234,24.67119585,0],[108.82833717,24.67118816,0],[108.828332,24.67118046,0],[108.82832683,24.67117277,0],[108.82832166,24.67116507,0],[108.8283165,24.67115739,0],[108.82831134,24.67114968,0],[108.82830618,24.67114198,0],[108.82830102,24.67113428,0],[108.82829587,24.67112658,0],[108.82829072,24.67111888,0],[108.82828557,24.67111117,0],[108.82828042,24.67110347,0],[108.82827528,24.67109576,0],[108.82827014,24.67108805,0],[108.828265,24.67108034,0],[108.82825986,24.67107263,0],[108.82825473,24.67106492,0],[108.82824959,24.6710572,0],[108.82824446,24.67104949,0],[108.82823934,24.67104177,0],[108.82823421,24.67103405,0],[108.82822909,24.67102633,0],[108.82822397,24.67101861,0],[108.82821885,24.67101089,0],[108.82821374,24.67100317,0],[108.82820863,24.67099544,0],[108.82820352,24.67098772,0],[108.82819841,24.67097999,0],[108.82819331,24.67097226,0],[108.82818821,24.67096453,0],[108.82818311,24.6709568,0],[108.82817801,24.67094906,0],[108.82817292,24.67094133,0],[108.82816783,24.67093359,0],[108.82816274,24.67092585,0],[108.82815765,24.67091811,0],[108.82815257,24.67091037,0],[108.82814749,24.67090263,0],[108.82814241,24.67089489,0],[108.82813735,24.67088714,0],[108.82813227,24.67087939,0],[108.8281272,24.67087165,0],[108.82812213,24.6708639,0],[108.82811707,24.67085614,0],[108.828112,24.67084839,0],[108.82810695,24.67084064,0],[108.82810189,24.67083288,0],[108.82809684,24.67082512,0],[108.82809179,24.67081736,0],[108.82808674,24.6708096,0],[108.8280817,24.67080184,0],[108.82807666,24.67079408,0],[108.82807162,24.67078631,0],[108.82806658,24.67077855,0],[108.82806155,24.67077078,0],[108.82805652,24.67076301,0],[108.82805149,24.67075524,0],[108.82804647,24.67074746,0],[108.82804145,24.67073969,0],[108.82803643,24.67073191,0],[108.82803141,24.67072414,0],[108.8280264,24.67071636,0],[108.82802139,24.67070857,0],[108.82801639,24.67070079,0],[108.82801138,24.67069301,0],[108.82800638,24.67068522,0],[108.82800139,24.67067743,0],[108.82799639,24.67066965,0],[108.8279914,24.67066185,0],[108.82798641,24.67065406,0],[108.82798143,24.67064627,0],[108.82797645,24.67063847,0],[108.82797147,24.67063068,0],[108.82796649,24.67062288,0],[108.82796152,24.67061508,0],[108.82795655,24.67060727,0],[108.82795158,24.67059947,0],[108.82794662,24.67059166,0],[108.82794166,24.67058386,0],[108.8279367,24.67057605,0],[108.82793175,24.67056824,0],[108.8279268,24.67056043,0],[108.82792185,24.67055261,0]]}},{"type":"Feature","id":"route_center-26-22","properties":{"name":"zhix_230561","sourceLayer":"道路中间线","sourceFile":"道路中间线.kml","originalPlacemarkIndex":25,"chainIndex":21,"stroke":"#dffbff","stroke-opacity":0.96,"stroke-width":3.2},"geometry":{"type":"LineString","coordinates":[[108.82791691,24.6705448,0],[108.82726205,24.66944394,0],[108.82667152,24.66831361,0],[108.82614694,24.66715689,0],[108.82595824,24.66669346,0],[108.82595824,24.66669346,0]]}},{"type":"Feature","id":"route_center-26-23","properties":{"name":"zhix_230561","sourceLayer":"道路中间线","sourceFile":"道路中间线.kml","originalPlacemarkIndex":25,"chainIndex":22,"stroke":"#dffbff","stroke-opacity":0.96,"stroke-width":3.2},"geometry":{"type":"LineString","coordinates":[[108.82792185,24.67055261,0],[108.82791691,24.6705448,0]]}},{"type":"Feature","id":"route_center-26-24","properties":{"name":"zhix_230561","sourceLayer":"道路中间线","sourceFile":"道路中间线.kml","originalPlacemarkIndex":25,"chainIndex":23,"stroke":"#dffbff","stroke-opacity":0.96,"stroke-width":3.2},"geometry":{"type":"LineString","coordinates":[[108.82595824,24.66669346,0],[108.82595489,24.66668497,0],[108.82595154,24.66667648,0],[108.8259482,24.66666798,0],[108.82594486,24.66665949,0],[108.82594152,24.66665099,0],[108.82593819,24.66664249,0],[108.82593486,24.66663399,0],[108.82593153,24.66662549,0],[108.82592821,24.66661699,0],[108.82592489,24.66660849,0],[108.82592158,24.66659998,0],[108.82591827,24.66659148,0],[108.82591496,24.66658297,0],[108.82591165,24.66657446,0],[108.82590835,24.66656595,0],[108.82590505,24.66655745,0],[108.82590176,24.66654894,0],[108.82589846,24.66654042,0],[108.82589517,24.66653191,0],[108.82589189,24.6665234,0],[108.82588861,24.66651488,0],[108.82588533,24.66650637,0],[108.82588205,24.66649785,0],[108.82587878,24.66648933,0],[108.82587551,24.66648081,0],[108.82587225,24.66647229,0],[108.82586898,24.66646377,0],[108.82586572,24.66645525,0],[108.82586247,24.66644673,0],[108.82585921,24.6664382,0],[108.82585596,24.66642968,0],[108.82585272,24.66642115,0],[108.82584947,24.66641263,0],[108.82584623,24.6664041,0],[108.825843,24.66639557,0],[108.82583976,24.66638704,0],[108.82583653,24.66637851,0],[108.8258333,24.66636998,0],[108.82583008,24.66636144,0],[108.82582685,24.66635291,0],[108.82582364,24.66634437,0],[108.82582042,24.66633584,0],[108.82581721,24.6663273,0],[108.825814,24.66631876,0],[108.82581079,24.66631023,0],[108.82580759,24.66630169,0],[108.82580439,24.66629315,0],[108.82580119,24.6662846,0],[108.82579799,24.66627606,0],[108.8257948,24.66626752,0],[108.82579161,24.66625897,0],[108.82578843,24.66625043,0],[108.82578524,24.66624188,0],[108.82578206,24.66623334,0],[108.82577889,24.66622479,0],[108.82577571,24.66621624,0],[108.82577254,24.66620769,0],[108.82576937,24.66619914,0],[108.82576621,24.66619059,0],[108.82576304,24.66618204,0],[108.82575988,24.66617348,0],[108.82575672,24.66616493,0],[108.82575357,24.66615637,0],[108.82575042,24.66614782,0],[108.82574727,24.66613926,0],[108.82574412,24.6661307,0],[108.82574098,24.66612215,0],[108.82573784,24.66611359,0],[108.8257347,24.66610503,0],[108.82573157,24.66609647,0],[108.82572843,24.6660879,0],[108.8257253,24.66607934,0],[108.82572218,24.66607078,0],[108.82571905,24.66606222,0],[108.82571593,24.66605365,0],[108.82571281,24.66604508,0],[108.82570969,24.66603652,0],[108.82570658,24.66602795,0],[108.82570347,24.66601938,0],[108.82570036,24.66601081,0],[108.82569725,24.66600224,0],[108.82569415,24.66599367,0],[108.82569105,24.6659851,0],[108.82568795,24.66597653,0],[108.82568485,24.66596796,0],[108.82568176,24.66595938,0],[108.82567867,24.66595081,0],[108.82567558,24.66594224,0],[108.8256725,24.66593366,0],[108.82566941,24.66592508,0],[108.82566633,24.66591651,0],[108.82566325,24.66590793,0],[108.82566018,24.66589935,0],[108.82565711,24.66589077,0],[108.82565403,24.66588219,0],[108.82565097,24.66587361,0],[108.8256479,24.66586503,0],[108.82564484,24.66585644,0],[108.82564177,24.66584786,0],[108.82563872,24.66583928,0],[108.82563566,24.66583069,0],[108.8256326,24.66582211,0],[108.82562955,24.66581352,0],[108.8256265,24.66580494,0],[108.82562346,24.66579635,0],[108.82562041,24.66578776,0],[108.82561737,24.66577917,0],[108.82561433,24.66577058,0],[108.82561129,24.66576199,0],[108.82560825,24.6657534,0],[108.82560522,24.66574481,0],[108.82560219,24.66573622,0],[108.82559916,24.66572763,0],[108.82559613,24.66571903,0],[108.82559311,24.66571044,0],[108.82559009,24.66570184,0],[108.82558706,24.66569325,0],[108.82558405,24.66568465,0],[108.82558103,24.66567606,0],[108.82557802,24.66566746,0],[108.825575,24.66565886,0],[108.825572,24.66565026,0],[108.82556899,24.66564166,0],[108.82556598,24.66563306,0],[108.82556298,24.66562446,0],[108.82555998,24.66561586,0],[108.82555698,24.66560726,0],[108.82555398,24.66559866,0],[108.82555099,24.66559006,0],[108.82554799,24.66558145,0],[108.825545,24.66557285,0],[108.82554201,24.66556425,0],[108.82553903,24.66555564,0],[108.82553604,24.66554704,0],[108.82553306,24.66553843,0],[108.82553008,24.66552982,0],[108.8255271,24.66552122,0],[108.82552412,24.66551261,0],[108.82552114,24.665504,0],[108.82551817,24.66549539,0],[108.8255152,24.66548678,0],[108.82551223,24.66547817,0],[108.82550926,24.66546956,0],[108.82550629,24.66546095,0],[108.82550333,24.66545234,0],[108.82550037,24.66544373,0],[108.82549741,24.66543512,0],[108.82549445,24.6654265,0],[108.82549149,24.66541789,0],[108.82548854,24.66540927,0],[108.82548558,24.66540066,0],[108.82548263,24.66539204,0],[108.82547968,24.66538343,0],[108.82547673,24.66537481,0],[108.82547379,24.6653662,0],[108.82547084,24.66535758,0],[108.8254679,24.66534896,0],[108.82546496,24.66534034,0],[108.82546202,24.66533172,0],[108.82545908,24.66532311,0],[108.82545615,24.66531449,0],[108.82545321,24.66530587,0],[108.82545028,24.66529725,0],[108.82544735,24.66528862,0],[108.82544442,24.66528,0],[108.82544149,24.66527138,0],[108.82543856,24.66526276,0],[108.82543564,24.66525414,0],[108.82543271,24.66524551,0],[108.82542979,24.66523689,0],[108.82542687,24.66522827,0],[108.82542395,24.66521964,0],[108.82542104,24.66521102,0],[108.82541812,24.66520239,0],[108.82541521,24.66519377,0],[108.82541229,24.66518514,0],[108.82540938,24.66517651,0],[108.82540647,24.66516789,0],[108.82540357,24.66515926,0],[108.82540066,24.66515063,0],[108.82539775,24.665142,0],[108.82539485,24.66513337,0],[108.82539195,24.66512474,0],[108.82538904,24.66511611,0],[108.82538615,24.66510749,0],[108.82538325,24.66509885,0],[108.82538035,24.66509022,0],[108.82537745,24.66508159,0],[108.82537456,24.66507296,0],[108.82537167,24.66506433,0],[108.82536877,24.6650557,0],[108.82536588,24.66504707,0],[108.82536299,24.66503843,0],[108.82536011,24.6650298,0],[108.82535722,24.66502117,0],[108.82535433,24.66501253,0],[108.82535145,24.6650039,0],[108.82534857,24.66499526,0],[108.82534569,24.66498663,0],[108.8253428,24.66497799,0],[108.82533993,24.66496936,0],[108.82533705,24.66496072,0],[108.82533417,24.66495209,0],[108.82533129,24.66494345,0],[108.82532842,24.66493481,0],[108.82532555,24.66492618,0],[108.82532267,24.66491754,0],[108.8253198,24.6649089,0],[108.82531693,24.66490026,0],[108.82531406,24.66489162,0],[108.82531119,24.66488299,0],[108.82530833,24.66487435,0],[108.82530546,24.66486571,0],[108.8253026,24.66485707,0],[108.82529973,24.66484843,0],[108.82529687,24.66483979,0],[108.82529401,24.66483115,0],[108.82529115,24.66482251,0],[108.82528829,24.66481387,0],[108.82528543,24.66480523,0],[108.82528257,24.66479658,0],[108.82527971,24.66478794,0],[108.82527686,24.6647793,0],[108.825274,24.66477066,0],[108.82527115,24.66476202,0],[108.82526829,24.66475337,0],[108.82526544,24.66474473,0],[108.82526259,24.66473609,0],[108.82525974,24.66472744,0],[108.82525689,24.6647188,0],[108.82525404,24.66471016,0],[108.82525119,24.66470151,0],[108.82524834,24.66469287,0],[108.82524549,24.66468422,0],[108.82524265,24.66467558,0],[108.8252398,24.66466693,0],[108.82523696,24.66465829,0],[108.82523412,24.66464964,0],[108.82523127,24.664641,0],[108.82522843,24.66463235,0],[108.82522559,24.66462371,0],[108.82522275,24.66461506,0],[108.82521991,24.66460641,0],[108.82521707,24.66459777,0],[108.82521423,24.66458912,0],[108.82521139,24.66458047,0],[108.82520855,24.66457183,0],[108.82520572,24.66456318,0],[108.82520288,24.66455453,0],[108.82520004,24.66454588,0],[108.82519721,24.66453724,0],[108.82519438,24.66452859,0],[108.82519154,24.66451994,0],[108.82518871,24.66451129,0],[108.82518588,24.66450264,0],[108.82518304,24.664494,0],[108.82518021,24.66448535,0],[108.82517738,24.6644767,0],[108.82517455,24.66446805,0],[108.82517172,24.6644594,0],[108.82516889,24.66445075,0],[108.82516606,24.6644421,0],[108.82516323,24.66443345,0],[108.8251604,24.6644248,0],[108.82515757,24.66441615,0],[108.82515475,24.6644075,0],[108.82515192,24.66439885,0],[108.82514909,24.6643902,0],[108.82514627,24.66438155,0],[108.82514344,24.6643729,0],[108.82514062,24.66436425,0],[108.82513779,24.6643556,0],[108.82513496,24.66434695,0],[108.82513214,24.6643383,0],[108.82512932,24.66432965,0],[108.82512649,24.664321,0],[108.82512367,24.66431235,0],[108.82512084,24.6643037,0],[108.82511802,24.66429505,0],[108.8251152,24.6642864,0],[108.82511238,24.66427775,0],[108.82510955,24.66426909,0],[108.82510673,24.66426044,0],[108.82510391,24.66425179,0],[108.82510109,24.66424314,0],[108.82509827,24.66423449,0],[108.82509544,24.66422584,0],[108.82509262,24.66421719,0],[108.8250898,24.66420853,0],[108.82508698,24.66419988,0],[108.82508416,24.66419123,0],[108.82508134,24.66418258,0],[108.82507852,24.66417393,0],[108.8250757,24.66416528,0],[108.82507288,24.66415662,0],[108.82507006,24.66414797,0],[108.82506723,24.66413932,0],[108.82506441,24.66413067,0],[108.82506159,24.66412202,0],[108.82505877,24.66411337,0],[108.82252294,24.65633421,0],[108.82252012,24.65632556,0],[108.8225173,24.6563169,0],[108.82251449,24.65630825,0],[108.82251166,24.6562996,0],[108.82250884,24.65629095,0],[108.82250602,24.6562823,0],[108.82250321,24.65627365,0],[108.82250039,24.65626499,0],[108.82249757,24.65625634,0],[108.82249475,24.65624769,0],[108.82249193,24.65623904,0],[108.82248911,24.65623039,0],[108.82248629,24.65622173,0],[108.82248347,24.65621308,0],[108.82248066,24.65620443,0],[108.82247784,24.65619578,0],[108.82247502,24.65618712,0],[108.82247221,24.65617847,0],[108.82246939,24.65616982,0],[108.82246658,24.65616116,0],[108.82246376,24.65615251,0],[108.82246095,24.65614386,0],[108.82245813,24.6561352,0],[108.82245532,24.65612655,0],[108.82245251,24.6561179,0],[108.8224497,24.65610924,0],[108.82244689,24.65610059,0],[108.82244408,24.65609193,0],[108.82244127,24.65608328,0],[108.82243846,24.65607462,0],[108.82243565,24.65606597,0],[108.82243284,24.65605731,0],[108.82243003,24.65604866,0],[108.82242723,24.65604,0],[108.82242442,24.65603135,0],[108.82242162,24.65602269,0],[108.82241882,24.65601403,0],[108.82241601,24.65600538,0],[108.82241321,24.65599672,0],[108.82241041,24.65598806,0],[108.82240761,24.65597941,0],[108.82240482,24.65597075,0],[108.82240202,24.65596209,0],[108.82239922,24.65595343,0],[108.82239643,24.65594477,0],[108.82239363,24.65593611,0],[108.82239084,24.65592745,0],[108.82238805,24.6559188,0],[108.82238526,24.65591014,0],[108.82238247,24.65590147,0],[108.82237968,24.65589281,0],[108.8223769,24.65588415,0],[108.82237411,24.65587549,0],[108.82237133,24.65586683,0],[108.82236855,24.65585817,0],[108.82236577,24.65584951,0],[108.82236299,24.65584084,0],[108.82236021,24.65583218,0],[108.82235743,24.65582352,0],[108.82235466,24.65581485,0],[108.82235188,24.65580619,0],[108.82234911,24.65579752,0],[108.82234634,24.65578886,0],[108.82234357,24.65578019,0],[108.82234081,24.65577153,0],[108.82233804,24.65576286,0],[108.82233528,24.65575419,0],[108.82233251,24.65574553,0],[108.82232975,24.65573686,0],[108.822327,24.65572819,0],[108.82232424,24.65571952,0],[108.82232148,24.65571085,0],[108.82231873,24.65570218,0],[108.82231598,24.65569351,0],[108.82231323,24.65568484,0],[108.82231048,24.65567617,0],[108.82230774,24.6556675,0],[108.82230499,24.65565882,0],[108.82230225,24.65565015,0],[108.82229951,24.65564148,0],[108.82229678,24.6556328,0],[108.82229404,24.65562413,0],[108.82229131,24.65561546,0],[108.82228858,24.65560678,0],[108.82228585,24.6555981,0],[108.82228312,24.65558943,0],[108.8222804,24.65558075,0],[108.82227767,24.65557207,0],[108.82227495,24.65556339,0],[108.82227224,24.65555471,0],[108.82226952,24.65554603,0],[108.82226681,24.65553735,0],[108.8222641,24.65552867,0],[108.82226139,24.65551999,0],[108.82225868,24.65551131,0],[108.82225598,24.65550263,0],[108.82225328,24.65549394,0],[108.82225058,24.65548526,0],[108.82224788,24.65547657,0],[108.82224519,24.65546789,0],[108.8222425,24.6554592,0],[108.82223981,24.65545052,0],[108.82223712,24.65544183,0],[108.82223444,24.65543314,0],[108.82223176,24.65542445,0],[108.82222908,24.65541576,0],[108.8222264,24.65540707,0],[108.82222373,24.65539838,0],[108.82222106,24.65538969,0],[108.82221839,24.655381,0],[108.82221573,24.65537231,0],[108.82221307,24.65536361,0],[108.82221041,24.65535492,0],[108.82220775,24.65534622,0],[108.8222051,24.65533753,0],[108.82220245,24.65532883,0],[108.82219981,24.65532013,0],[108.82219716,24.65531143,0],[108.82219452,24.65530274,0],[108.82219188,24.65529404,0],[108.82218925,24.65528533,0],[108.82218662,24.65527663,0],[108.82218399,24.65526793,0],[108.82218136,24.65525923,0],[108.82217874,24.65525053,0],[108.82217612,24.65524182,0],[108.82217351,24.65523312,0],[108.8221709,24.65522441,0],[108.82216829,24.6552157,0],[108.82216568,24.65520699,0],[108.82216308,24.65519829,0],[108.82216048,24.65518958,0],[108.82215788,24.65518087,0],[108.82215529,24.65517216,0],[108.8221527,24.65516344,0],[108.82215012,24.65515473,0],[108.82214753,24.65514602,0],[108.82214496,24.6551373,0],[108.82214238,24.65512859,0],[108.82213981,24.65511987,0],[108.82213724,24.65511115,0],[108.82213468,24.65510244,0],[108.82213212,24.65509372,0],[108.82212956,24.655085,0],[108.82212701,24.65507628,0],[108.82212446,24.65506755,0],[108.82212191,24.65505883,0],[108.82211937,24.65505011,0],[108.82211683,24.65504138,0],[108.8221143,24.65503266,0],[108.82211177,24.65502393,0],[108.82210924,24.6550152,0],[108.82210672,24.65500648,0],[108.8221042,24.65499775,0],[108.82210169,24.65498902,0],[108.82209918,24.65498029,0],[108.82209667,24.65497155,0],[108.82209417,24.65496282,0],[108.82209167,24.65495409,0],[108.82208917,24.65494535,0],[108.82208668,24.65493662,0],[108.8220842,24.65492788,0],[108.82208171,24.65491914,0],[108.82207924,24.6549104,0],[108.82207676,24.65490166,0],[108.82207429,24.65489292,0],[108.82207183,24.65488418,0],[108.82206937,24.65487544,0],[108.82206691,24.65486669,0],[108.82206446,24.65485795,0],[108.82206201,24.6548492,0],[108.82205957,24.65484046,0],[108.82205713,24.65483171,0],[108.82205469,24.65482296,0],[108.82205226,24.65481421,0],[108.82204984,24.65480546,0],[108.82204742,24.65479671,0],[108.822045,24.65478795,0],[108.82204259,24.6547792,0],[108.82204018,24.65477044,0],[108.82203778,24.65476169,0],[108.82203538,24.65475293,0],[108.82203299,24.65474417,0],[108.8220306,24.65473541,0],[108.82202822,24.65472665,0],[108.82202584,24.65471789,0],[108.82202346,24.65470913,0],[108.82202109,24.65470036,0],[108.82201873,24.6546916,0],[108.82201637,24.65468283,0],[108.82201402,24.65467406,0],[108.82201167,24.65466529,0],[108.82200932,24.65465652,0],[108.82200698,24.65464775,0],[108.82200465,24.65463898,0],[108.82200232,24.65463021,0],[108.82199999,24.65462144,0],[108.82199767,24.65461266,0],[108.82199536,24.65460388,0],[108.82199305,24.65459511,0],[108.82199074,24.65458633,0],[108.82198845,24.65457755,0],[108.82198615,24.65456877,0],[108.82198386,24.65455999,0],[108.82198158,24.6545512,0],[108.8219793,24.65454242,0],[108.82197703,24.65453363,0],[108.82197476,24.65452485,0],[108.8219725,24.65451606,0]]}},{"type":"Feature","id":"route_center-26-25","properties":{"name":"zhix_230561","sourceLayer":"道路中间线","sourceFile":"道路中间线.kml","originalPlacemarkIndex":25,"chainIndex":24,"stroke":"#dffbff","stroke-opacity":0.96,"stroke-width":3.2},"geometry":{"type":"LineString","coordinates":[[108.82197024,24.65450727,0],[108.82178359,24.65368776,0],[108.82164445,24.65286059,0],[108.82155318,24.65202803,0],[108.82151004,24.65119235,0],[108.82151515,24.65035586,0],[108.8215685,24.64952083,0],[108.82166994,24.64868956,0],[108.82181919,24.64786434,0],[108.82184826,24.64772947,0],[108.82184826,24.64772947,0]]}},{"type":"Feature","id":"route_center-26-26","properties":{"name":"zhix_230561","sourceLayer":"道路中间线","sourceFile":"道路中间线.kml","originalPlacemarkIndex":25,"chainIndex":25,"stroke":"#dffbff","stroke-opacity":0.96,"stroke-width":3.2},"geometry":{"type":"LineString","coordinates":[[108.8219725,24.65451606,0],[108.82197024,24.65450727,0]]}},{"type":"Feature","id":"route_center-26-27","properties":{"name":"zhix_230561","sourceLayer":"道路中间线","sourceFile":"道路中间线.kml","originalPlacemarkIndex":25,"chainIndex":26,"stroke":"#dffbff","stroke-opacity":0.96,"stroke-width":3.2},"geometry":{"type":"LineString","coordinates":[[108.82184826,24.64772947,0],[108.8218502,24.64772062,0],[108.82185214,24.64771177,0],[108.82185409,24.64770292,0],[108.82185605,24.64769407,0],[108.82185801,24.64768522,0],[108.82185998,24.64767637,0],[108.82186195,24.64766753,0],[108.82186392,24.64765868,0],[108.82186591,24.64764984,0],[108.82186789,24.647641,0],[108.82186988,24.64763215,0],[108.82187188,24.64762331,0],[108.82187388,24.64761447,0],[108.82187589,24.64760563,0],[108.8218779,24.6475968,0],[108.82187992,24.64758796,0],[108.82188194,24.64757912,0],[108.82188397,24.64757029,0],[108.82188601,24.64756145,0],[108.82188804,24.64755262,0],[108.82189009,24.64754379,0],[108.82189213,24.64753496,0],[108.82189419,24.64752613,0],[108.82189624,24.6475173,0],[108.82189831,24.64750847,0],[108.82190037,24.64749964,0],[108.82190244,24.64749081,0],[108.82190452,24.64748199,0],[108.8219066,24.64747316,0],[108.82190869,24.64746434,0],[108.82191078,24.64745552,0],[108.82191287,24.64744669,0],[108.82191497,24.64743787,0],[108.82191708,24.64742905,0],[108.82191919,24.64742023,0],[108.8219213,24.64741142,0],[108.82192342,24.6474026,0],[108.82192554,24.64739378,0],[108.82192767,24.64738497,0],[108.8219298,24.64737615,0],[108.82193194,24.64736734,0],[108.82193408,24.64735852,0],[108.82193622,24.64734971,0],[108.82193837,24.6473409,0],[108.82194053,24.64733209,0],[108.82194268,24.64732328,0],[108.82194484,24.64731447,0],[108.82194701,24.64730566,0],[108.82194918,24.64729686,0],[108.82195136,24.64728805,0],[108.82195353,24.64727925,0],[108.82195572,24.64727044,0],[108.8219579,24.64726164,0],[108.82196009,24.64725284,0],[108.82196229,24.64724403,0],[108.82196449,24.64723523,0],[108.82196669,24.64722643,0],[108.8219689,24.64721763,0],[108.82197111,24.64720884,0],[108.82197332,24.64720004,0],[108.82197554,24.64719124,0],[108.82197777,24.64718244,0],[108.82197999,24.64717365,0],[108.82198222,24.64716486,0],[108.82198446,24.64715606,0],[108.82198669,24.64714727,0],[108.82198893,24.64713848,0],[108.82199118,24.64712969,0],[108.82199343,24.6471209,0],[108.82199568,24.64711211,0],[108.82199794,24.64710332,0],[108.8220002,24.64709453,0],[108.82200246,24.64708574,0],[108.82200473,24.64707695,0],[108.822007,24.64706817,0],[108.82200927,24.64705938,0],[108.82201155,24.6470506,0],[108.82201383,24.64704182,0],[108.82201611,24.64703303,0],[108.8220184,24.64702425,0],[108.82202069,24.64701547,0],[108.82202299,24.64700669,0],[108.82202528,24.64699791,0],[108.82202758,24.64698913,0],[108.82202989,24.64698035,0],[108.82203219,24.64697157,0],[108.82203451,24.6469628,0],[108.82203682,24.64695402,0],[108.82203914,24.64694524,0],[108.82204146,24.64693647,0],[108.82204378,24.6469277,0],[108.8220461,24.64691892,0],[108.82204843,24.64691015,0],[108.82205077,24.64690138,0],[108.8220531,24.6468926,0],[108.82205544,24.64688383,0],[108.82205778,24.64687506,0],[108.82206012,24.64686629,0],[108.82206247,24.64685753,0],[108.82206482,24.64684876,0],[108.82206717,24.64683999,0],[108.82206953,24.64683122,0],[108.82207189,24.64682246,0],[108.82207425,24.64681369,0],[108.82207661,24.64680492,0],[108.82207898,24.64679616,0],[108.82208135,24.6467874,0],[108.82208372,24.64677863,0],[108.82208609,24.64676987,0],[108.82208847,24.64676111,0],[108.82209085,24.64675235,0],[108.82209323,24.64674358,0],[108.82209562,24.64673482,0],[108.822098,24.64672606,0],[108.82210039,24.64671731,0],[108.82210278,24.64670855,0],[108.82210518,24.64669979,0],[108.82210758,24.64669103,0],[108.82210998,24.64668227,0],[108.82211238,24.64667352,0],[108.82211478,24.64666476,0],[108.82211719,24.646656,0],[108.8221196,24.64664725,0],[108.82212201,24.6466385,0],[108.82212442,24.64662974,0],[108.82212683,24.64662099,0],[108.82212925,24.64661223,0],[108.82213167,24.64660348,0],[108.82213409,24.64659473,0],[108.82213652,24.64658598,0],[108.82213894,24.64657723,0],[108.82214137,24.64656848,0],[108.8221438,24.64655973,0],[108.82214623,24.64655098,0],[108.82214866,24.64654223,0],[108.8221511,24.64653348,0],[108.82215354,24.64652473,0],[108.82215598,24.64651598,0],[108.82215842,24.64650724,0],[108.82216086,24.64649849,0],[108.82216331,24.64648974,0],[108.82216575,24.646481,0],[108.8221682,24.64647225,0],[108.82217065,24.6464635,0],[108.8221731,24.64645476,0],[108.82217556,24.64644602,0],[108.82217801,24.64643727,0],[108.82218047,24.64642853,0],[108.82218293,24.64641978,0],[108.82218539,24.64641104,0],[108.82218785,24.6464023,0],[108.82219031,24.64639356,0],[108.82219277,24.64638481,0],[108.82219524,24.64637607,0],[108.82219771,24.64636733,0],[108.82220018,24.64635859,0],[108.82220265,24.64634985,0],[108.82220512,24.64634111,0],[108.82220759,24.64633237,0],[108.82221007,24.64632363,0],[108.82221254,24.64631489,0],[108.82221502,24.64630615,0],[108.8222175,24.64629741,0],[108.82221997,24.64628867,0],[108.82222245,24.64627993,0],[108.82222494,24.6462712,0],[108.82222742,24.64626246,0],[108.8222299,24.64625372,0],[108.82223239,24.64624498,0],[108.82223487,24.64623625,0],[108.82223736,24.64622751,0],[108.82223985,24.64621877,0],[108.82224234,24.64621004,0],[108.82224483,24.6462013,0],[108.82224732,24.64619257,0],[108.82224981,24.64618383,0],[108.8222523,24.6461751,0],[108.8222548,24.64616636,0],[108.82225729,24.64615763,0],[108.82225978,24.64614889,0],[108.82226228,24.64614016,0],[108.82226478,24.64613142,0],[108.82226727,24.64612269,0],[108.82226977,24.64611395,0],[108.82227227,24.64610522,0],[108.82227477,24.64609649,0],[108.82227727,24.64608775,0],[108.82227977,24.64607902,0],[108.82228227,24.64607029,0],[108.82228477,24.64606155,0],[108.82228727,24.64605282,0],[108.82228978,24.64604409,0],[108.82229228,24.64603535,0],[108.82229478,24.64602662,0],[108.82229729,24.64601789,0],[108.82229979,24.64600916,0],[108.8223023,24.64600042,0],[108.8223048,24.64599169,0],[108.82230731,24.64598296,0],[108.82230981,24.64597423,0],[108.82231232,24.64596549,0],[108.82231482,24.64595676,0],[108.82231733,24.64594803,0],[108.82231984,24.6459393,0],[108.82232234,24.64593057,0],[108.82232485,24.64592183,0],[108.82232736,24.6459131,0],[108.82232986,24.64590437,0],[108.82233237,24.64589564,0],[108.82233488,24.64588691,0],[108.82233738,24.64587817,0],[108.82233989,24.64586944,0],[108.8223424,24.64586071,0],[108.8223449,24.64585198,0],[108.82234741,24.64584325,0],[108.82234992,24.64583451,0],[108.82235242,24.64582578,0],[108.82235493,24.64581705,0],[108.82235744,24.64580832,0],[108.82235994,24.64579959,0],[108.82236245,24.64579085,0],[108.82236495,24.64578212,0],[108.82236746,24.64577339,0],[108.82236996,24.64576466,0],[108.82237247,24.64575592,0],[108.82237497,24.64574719,0],[108.82237747,24.64573846,0],[108.82237997,24.64572973,0],[108.82238248,24.64572099,0],[108.82238498,24.64571226,0],[108.82238748,24.64570353,0],[108.82238998,24.64569479,0],[108.82239248,24.64568606,0],[108.82239498,24.64567732,0],[108.82239748,24.64566859,0],[108.82239998,24.64565986,0],[108.82240247,24.64565112,0],[108.82240497,24.64564239,0],[108.82240746,24.64563365,0],[108.82240996,24.64562492,0],[108.82241245,24.64561618,0],[108.82241495,24.64560745,0],[108.82241744,24.64559871,0],[108.82241993,24.64558998,0],[108.82242242,24.64558124,0],[108.82242491,24.64557251,0],[108.8224274,24.64556377,0],[108.82242988,24.64555503,0],[108.82243237,24.6455463,0],[108.82243485,24.64553756,0],[108.82243734,24.64552882,0],[108.82243982,24.64552008,0],[108.8224423,24.64551135,0],[108.82244478,24.64550261,0],[108.82244726,24.64549387,0],[108.82244974,24.64548513,0],[108.82245222,24.64547639,0],[108.82245469,24.64546765,0],[108.82245717,24.64545891,0],[108.82245964,24.64545017,0],[108.82246211,24.64544143,0],[108.82246458,24.64543269,0],[108.82246705,24.64542395,0],[108.82246951,24.64541521,0],[108.82247198,24.64540647,0],[108.82247444,24.64539772,0],[108.8224769,24.64538898,0],[108.82247937,24.64538025,0],[108.82248182,24.64537149,0],[108.82248428,24.64536275,0],[108.82248674,24.64535401,0],[108.82248919,24.64534526,0],[108.82249164,24.64533652,0],[108.82249409,24.64532777,0],[108.82249654,24.64531903,0],[108.82249899,24.64531028,0],[108.82250143,24.64530153,0],[108.82250387,24.64529279,0],[108.82250632,24.64528404,0],[108.82250875,24.64527529,0],[108.82251119,24.64526654,0],[108.82251363,24.64525779,0],[108.82251606,24.64524904,0],[108.82251849,24.64524029,0],[108.82252092,24.64523154,0],[108.82252335,24.64522279,0],[108.82252577,24.64521404,0],[108.82252819,24.64520529,0],[108.82253061,24.64519654,0],[108.82253303,24.64518779,0],[108.82253545,24.64517903,0],[108.82253786,24.64517028,0],[108.82254027,24.64516152,0],[108.82254268,24.64515277,0],[108.82254509,24.64514401,0],[108.82254749,24.64513526,0],[108.82254989,24.6451265,0],[108.82255229,24.64511774,0],[108.82255469,24.64510899,0],[108.82255708,24.64510023,0],[108.82255947,24.64509147,0],[108.82256186,24.64508271,0],[108.82256425,24.64507395,0],[108.82256663,24.64506519,0],[108.82256902,24.64505643,0],[108.82257139,24.64504767,0],[108.82257377,24.6450389,0],[108.82257614,24.64503014,0],[108.82257851,24.64502138,0],[108.82258088,24.64501261,0],[108.82258325,24.64500385,0],[108.82258561,24.64499508,0],[108.82258797,24.64498631,0],[108.82259032,24.64497755,0],[108.82259268,24.64496878,0],[108.82259503,24.64496001,0],[108.82259737,24.64495124,0],[108.82259972,24.64494247,0],[108.82260206,24.6449337,0],[108.8226044,24.64492493,0],[108.82260673,24.64491616,0],[108.82260906,24.64490739,0],[108.82261139,24.64489862,0],[108.82261372,24.64488984,0],[108.82261604,24.64488107,0],[108.82261836,24.64487229,0],[108.82262067,24.64486352,0],[108.82262299,24.64485474,0],[108.8226253,24.64484596,0],[108.8226276,24.64483718,0],[108.8226299,24.64482841,0],[108.8226322,24.64481963,0],[108.8226345,24.64481085,0],[108.82263679,24.64480206,0],[108.82263908,24.64479328,0],[108.82264136,24.6447845,0],[108.82264365,24.64477572,0],[108.82264592,24.64476693,0],[108.8226482,24.64475815,0],[108.82265047,24.64474936,0],[108.82265273,24.64474057,0],[108.822655,24.64473179,0],[108.82265726,24.644723,0],[108.82265951,24.64471421,0],[108.82266176,24.64470542,0],[108.82266401,24.64469663,0],[108.82266626,24.64468784,0],[108.8226685,24.64467905,0],[108.82267073,24.64467025,0],[108.82267297,24.64466146,0],[108.82267519,24.64465266,0],[108.82267742,24.64464387,0],[108.82267964,24.64463507,0],[108.82268186,24.64462628,0],[108.82268407,24.64461748,0],[108.82268628,24.64460868,0],[108.82268848,24.64459988,0],[108.82269068,24.64459108,0],[108.82269288,24.64458228,0],[108.82269507,24.64457347,0],[108.82269726,24.64456467,0],[108.82269944,24.64455587,0],[108.82270162,24.64454706,0],[108.82270379,24.64453825,0],[108.82270596,24.64452945,0],[108.82270813,24.64452064,0],[108.82271029,24.64451183,0],[108.82271245,24.64450302,0],[108.8227146,24.64449421,0],[108.82271675,24.6444854,0],[108.82271889,24.64447659,0],[108.82272103,24.64446777,0],[108.82272316,24.64445896,0],[108.82272529,24.64445014,0],[108.82272742,24.64444133,0],[108.82272954,24.64443251,0],[108.82273165,24.64442369,0],[108.82273376,24.64441487,0],[108.82273587,24.64440605,0],[108.82273797,24.64439723,0],[108.82274007,24.64438841,0],[108.82274216,24.64437959,0],[108.82274424,24.64437076,0],[108.82274633,24.64436194,0],[108.8227484,24.64435311,0],[108.82275047,24.64434429,0],[108.82275254,24.64433546,0],[108.8227546,24.64432663,0],[108.82275666,24.6443178,0],[108.82275871,24.64430897,0],[108.82276076,24.64430014,0],[108.8227628,24.64429131,0],[108.82276483,24.64428247,0],[108.82276687,24.64427364,0],[108.82276889,24.6442648,0],[108.82277091,24.64425597,0],[108.82277293,24.64424713,0],[108.82277494,24.64423829,0],[108.82277694,24.64422945,0],[108.82277894,24.64422061,0],[108.82278093,24.64421177,0],[108.82278292,24.64420293,0],[108.8227849,24.64419408,0],[108.82278688,24.64418524,0],[108.82278885,24.64417639,0],[108.82279082,24.64416754,0],[108.82279278,24.6441587,0],[108.82279474,24.64414985,0],[108.82279668,24.644141,0]]}},{"type":"Feature","id":"route_center-26-28","properties":{"name":"zhix_230561","sourceLayer":"道路中间线","sourceFile":"道路中间线.kml","originalPlacemarkIndex":25,"chainIndex":27,"stroke":"#dffbff","stroke-opacity":0.96,"stroke-width":3.2},"geometry":{"type":"LineString","coordinates":[[108.81804094,24.63011356,0],[108.81865735,24.63069006,0],[108.81923975,24.63129499,0],[108.81978653,24.6319267,0],[108.82029619,24.63258344,0],[108.82076734,24.63326343,0],[108.82119869,24.63396479,0],[108.82158905,24.63468559,0],[108.82193735,24.63542388,0],[108.82224264,24.63617761,0],[108.82250409,24.63694473,0],[108.82272096,24.63772313,0],[108.82289268,24.63851068,0],[108.82301876,24.63930521,0],[108.82309887,24.64010455,0],[108.82313278,24.64090652,0],[108.8231204,24.6417089,0],[108.82306177,24.64250951,0],[108.82295704,24.64330614,0],[108.8228065,24.64409662,0],[108.82279863,24.64413215,0],[108.82279863,24.64413215,0],[108.82279668,24.644141,0]]}},{"type":"Feature","id":"route_center-26-29","properties":{"name":"zhix_230561","sourceLayer":"道路中间线","sourceFile":"道路中间线.kml","originalPlacemarkIndex":25,"chainIndex":28,"stroke":"#dffbff","stroke-opacity":0.96,"stroke-width":3.2},"geometry":{"type":"LineString","coordinates":[[108.81804094,24.63011356,0],[108.81803386,24.63010726,0],[108.81802677,24.63010098,0],[108.81801968,24.63009469,0],[108.81801258,24.63008841,0],[108.81800549,24.63008214,0],[108.81799838,24.63007586,0],[108.81799128,24.63006959,0],[108.81798417,24.63006333,0],[108.81797705,24.63005707,0],[108.81796994,24.63005081,0],[108.81796281,24.63004455,0],[108.81795569,24.6300383,0],[108.81794856,24.63003205,0],[108.81794143,24.63002581,0],[108.81793429,24.63001957,0],[108.81792715,24.63001333,0],[108.81792,24.6300071,0],[108.81791286,24.63000087,0],[108.81790571,24.62999465,0],[108.81789855,24.62998842,0],[108.81789139,24.6299822,0],[108.81788423,24.62997599,0],[108.81787706,24.62996978,0],[108.81786989,24.62996357,0],[108.81786272,24.62995736,0],[108.81785555,24.62995116,0],[108.81784837,24.62994496,0],[108.81784118,24.62993877,0],[108.817834,24.62993257,0],[108.81782681,24.62992638,0],[108.81781961,24.6299202,0],[108.81781241,24.62991402,0],[108.81780521,24.62990784,0],[108.81779801,24.62990166,0],[108.8177908,24.62989549,0],[108.81778359,24.62988932,0],[108.81777638,24.62988315,0],[108.81776916,24.62987699,0],[108.81776194,24.62987083,0],[108.81775472,24.62986467,0],[108.8177475,24.62985852,0],[108.81774027,24.62985237,0],[108.81773303,24.62984622,0],[108.8177258,24.62984008,0],[108.81771856,24.62983394,0],[108.81771132,24.6298278,0],[108.81770407,24.62982166,0],[108.81769683,24.62981553,0],[108.81768957,24.6298094,0],[108.81768232,24.62980328,0],[108.81767506,24.62979715,0],[108.81766781,24.62979103,0],[108.81766054,24.62978491,0],[108.81765328,24.6297788,0],[108.81764601,24.62977269,0],[108.81763874,24.62976658,0],[108.81763146,24.62976047,0],[108.81762419,24.62975437,0],[108.81761691,24.62974827,0],[108.81760963,24.62974217,0],[108.81760234,24.62973607,0],[108.81759505,24.62972998,0],[108.81758776,24.62972389,0],[108.81758047,24.6297178,0],[108.81757317,24.62971172,0],[108.81756587,24.62970564,0],[108.81755857,24.62969956,0],[108.81755127,24.62969348,0],[108.81754396,24.62968741,0],[108.81753665,24.62968134,0],[108.81752934,24.62967527,0],[108.81752203,24.6296692,0],[108.81751471,24.62966314,0],[108.81750739,24.62965708,0],[108.81750007,24.62965102,0],[108.81749275,24.62964496,0],[108.81748542,24.62963891,0],[108.81747809,24.62963286,0],[108.81747076,24.62962681,0],[108.81746343,24.62962076,0],[108.81745609,24.62961472,0],[108.81744876,24.62960867,0],[108.81744142,24.62960263,0],[108.81743407,24.6295966,0],[108.81742673,24.62959056,0],[108.81741938,24.62958453,0],[108.81741203,24.6295785,0],[108.81740468,24.62957247,0],[108.81739733,24.62956644,0],[108.81738997,24.62956042,0],[108.81738261,24.6295544,0],[108.81737525,24.62954838,0],[108.81736789,24.62954236,0],[108.81736053,24.62953635,0],[108.81735316,24.62953033,0],[108.81734579,24.62952432,0],[108.81733842,24.62951831,0],[108.81733105,24.6295123,0],[108.81732368,24.6295063,0],[108.8173163,24.6295003,0],[108.81730892,24.6294943,0],[108.81730154,24.6294883,0],[108.81729416,24.6294823,0],[108.81728678,24.6294763,0],[108.81727939,24.62947031,0],[108.817272,24.62946432,0],[108.81726462,24.62945833,0],[108.81725722,24.62945234,0],[108.81724983,24.62944636,0],[108.81724244,24.62944037,0],[108.81723504,24.62943439,0],[108.81722764,24.62942841,0],[108.81722024,24.62942243,0],[108.81721284,24.62941645,0],[108.81720544,24.62941048,0],[108.81719803,24.6294045,0],[108.81719063,24.62939853,0],[108.81718322,24.62939256,0],[108.81717581,24.62938659,0],[108.8171684,24.62938063,0],[108.81716099,24.62937466,0],[108.81715357,24.6293687,0],[108.81714616,24.62936273,0],[108.81713874,24.62935677,0],[108.81713132,24.62935081,0],[108.8171239,24.62934486,0],[108.81711648,24.6293389,0],[108.81710906,24.62933295,0],[108.81710163,24.62932699,0],[108.81709421,24.62932104,0],[108.81708678,24.62931509,0],[108.81707935,24.62930914,0],[108.81707192,24.62930319,0],[108.81706449,24.62929725,0],[108.81705706,24.6292913,0],[108.81704963,24.62928536,0],[108.81704219,24.62927941,0],[108.81703476,24.62927347,0],[108.81702732,24.62926753,0],[108.81701988,24.62926159,0],[108.81701245,24.62925566,0],[108.81700501,24.62924972,0],[108.81699756,24.62924378,0],[108.81699012,24.62923785,0],[108.81698268,24.62923192,0],[108.81697523,24.62922598,0],[108.81696779,24.62922005,0],[108.81696034,24.62921412,0],[108.81695289,24.62920819,0],[108.81694545,24.62920227,0],[108.816938,24.62919634,0],[108.81693055,24.62919041,0],[108.81692309,24.62918449,0],[108.81691564,24.62917856,0],[108.81690819,24.62917264,0],[108.81690073,24.62916672,0],[108.81689328,24.6291608,0],[108.81688582,24.62915488,0],[108.81687837,24.62914896,0],[108.81687091,24.62914304,0],[108.81686345,24.62913712,0],[108.81685599,24.6291312,0],[108.81684853,24.62912529,0],[108.81684107,24.62911937,0],[108.81683361,24.62911346,0],[108.81682615,24.62910754,0],[108.81681869,24.62910163,0],[108.81681123,24.62909572,0],[108.81680376,24.6290898,0],[108.8167963,24.62908389,0],[108.81678884,24.62907798,0],[108.81678137,24.62907207,0],[108.8167739,24.62906616,0],[108.81676644,24.62906025,0],[108.81675897,24.62905434,0],[108.8167515,24.62904844,0],[108.81674404,24.62904253,0],[108.81673657,24.62903662,0],[108.8167291,24.62903071,0],[108.81672163,24.62902481,0],[108.81671416,24.6290189,0],[108.81670669,24.629013,0],[108.81669922,24.62900709,0],[108.81669175,24.62900118,0],[108.81668428,24.62899528,0],[108.81667681,24.62898938,0],[108.81666934,24.62898347,0],[108.81666187,24.62897757,0],[108.8166544,24.62897166,0],[108.81664693,24.62896576,0],[108.81663945,24.62895986,0],[108.81663198,24.62895395,0],[108.81662451,24.62894805,0],[108.81661704,24.62894215,0],[108.81660957,24.62893625,0],[108.81660209,24.62893034,0],[108.81659462,24.62892444,0],[108.81658715,24.62891854,0],[108.81657967,24.62891264,0],[108.8165722,24.62890673,0],[108.81097121,24.62448259,0],[108.81096374,24.62447669,0],[108.81095626,24.62447079,0],[108.81094879,24.62446488,0],[108.81094132,24.62445898,0],[108.81093385,24.62445308,0],[108.81092638,24.62444717,0],[108.8109189,24.62444127,0],[108.81091143,24.62443537,0],[108.81090396,24.62442947,0],[108.81089649,24.62442356,0],[108.81088902,24.62441766,0],[108.81088154,24.62441176,0],[108.81087407,24.62440585,0],[108.8108666,24.62439995,0],[108.81085913,24.62439405,0],[108.81085166,24.62438814,0],[108.81084419,24.62438224,0],[108.81083672,24.62437633,0],[108.81082925,24.62437043,0],[108.81082178,24.62436452,0],[108.81081431,24.62435862,0],[108.81080684,24.62435271,0],[108.81079937,24.62434681,0],[108.8107919,24.6243409,0],[108.81078443,24.624335,0],[108.81077696,24.62432909,0],[108.81076949,24.62432318,0],[108.81076203,24.62431728,0],[108.81075456,24.62431137,0],[108.81074709,24.62430546,0],[108.81073962,24.62429955,0],[108.81073216,24.62429365,0],[108.81072469,24.62428774,0],[108.81071722,24.62428183,0],[108.81070976,24.62427592,0],[108.81070229,24.62427001,0],[108.81069483,24.6242641,0],[108.81068736,24.62425819,0],[108.8106799,24.62425228,0],[108.81067243,24.62424637,0],[108.81066497,24.62424045,0],[108.81065751,24.62423454,0],[108.81065005,24.62422863,0],[108.81064258,24.62422271,0],[108.81063512,24.6242168,0],[108.81062766,24.62421089,0],[108.8106202,24.62420497,0],[108.81061274,24.62419906,0],[108.81060528,24.62419314,0],[108.81059782,24.62418722,0],[108.81059036,24.62418131,0],[108.81058291,24.62417539,0],[108.81057545,24.62416947,0],[108.81056799,24.62416355,0],[108.81056054,24.62415763,0],[108.81055308,24.62415171,0],[108.81054563,24.62414579,0],[108.81053817,24.62413987,0],[108.81053072,24.62413395,0],[108.81052326,24.62412802,0],[108.81051581,24.6241221,0],[108.81050836,24.62411618,0],[108.81050091,24.62411025,0],[108.81049346,24.62410433,0],[108.81048601,24.6240984,0],[108.81047856,24.62409247,0],[108.81047111,24.62408655,0],[108.81046366,24.62408062,0],[108.81045622,24.62407469,0],[108.81044877,24.62406876,0],[108.81044133,24.62406283,0],[108.81043388,24.62405689,0],[108.81042644,24.62405096,0],[108.81041899,24.62404503,0],[108.81041155,24.62403909,0],[108.81040411,24.62403316,0],[108.81039667,24.62402722,0],[108.81038923,24.62402129,0],[108.81038179,24.62401535,0],[108.81037435,24.62400941,0],[108.81036692,24.62400347,0],[108.81035948,24.62399753,0],[108.81035205,24.62399159,0],[108.81034461,24.62398565,0],[108.81033718,24.6239797,0],[108.81032975,24.62397376,0],[108.81032231,24.62396781,0],[108.81031488,24.62396187,0],[108.81030745,24.62395592,0],[108.81030002,24.62394997,0],[108.8102926,24.62394402,0],[108.81028517,24.62393807,0],[108.81027774,24.62393212,0],[108.81027032,24.62392617,0],[108.8102629,24.62392021,0],[108.81025547,24.62391426,0],[108.81024805,24.6239083,0],[108.81024063,24.62390235,0],[108.81023321,24.62389639,0],[108.81022579,24.62389043,0],[108.81021837,24.62388447,0],[108.81021096,24.62387851,0],[108.81020354,24.62387255,0],[108.81019613,24.62386658,0],[108.81018872,24.62386062,0],[108.8101813,24.62385465,0],[108.81017389,24.62384869,0],[108.81016648,24.62384272,0],[108.81015908,24.62383675,0],[108.81015167,24.62383078,0],[108.81014426,24.62382481,0],[108.81013686,24.62381883,0],[108.81012946,24.62381286,0],[108.81012205,24.62380688,0],[108.81011465,24.6238009,0],[108.81010725,24.62379493,0],[108.81009985,24.62378895,0],[108.81009246,24.62378297,0],[108.81008506,24.62377698,0],[108.81007767,24.623771,0],[108.81007027,24.62376501,0],[108.81006288,24.62375903,0],[108.81005549,24.62375304,0],[108.8100481,24.62374705,0],[108.81004071,24.62374106,0],[108.81003333,24.62373507,0],[108.81002594,24.62372907,0],[108.81001856,24.62372308,0],[108.81001118,24.62371708,0],[108.8100038,24.62371109,0],[108.80999642,24.62370509,0],[108.80998904,24.62369909,0],[108.80998166,24.62369308,0],[108.80997429,24.62368708,0],[108.80996691,24.62368107,0],[108.80995954,24.62367507,0],[108.80995217,24.62366906,0],[108.8099448,24.62366305,0],[108.80993743,24.62365704,0],[108.80993007,24.62365102,0],[108.8099227,24.62364501,0],[108.80991534,24.62363899,0],[108.80990798,24.62363298,0],[108.80990062,24.62362696,0],[108.80989326,24.62362094,0],[108.8098859,24.62361491,0],[108.80987855,24.62360889,0],[108.80987119,24.62360286,0],[108.80986384,24.62359684,0],[108.80985649,24.62359081,0],[108.80984914,24.62358478,0],[108.8098418,24.62357874,0],[108.80983445,24.62357271,0],[108.80982711,24.62356667,0],[108.80981977,24.62356063,0],[108.80981243,24.62355459,0],[108.80980509,24.62354855,0],[108.80979775,24.62354251,0],[108.80979042,24.62353647,0],[108.80978308,24.62353042,0],[108.80977575,24.62352437,0],[108.80976842,24.62351832,0],[108.80976109,24.62351227,0],[108.80975377,24.62350621,0],[108.80974644,24.62350016,0],[108.80973912,24.6234941,0],[108.8097318,24.62348804,0],[108.80972448,24.62348198,0],[108.80971717,24.62347592,0],[108.80970985,24.62346985,0],[108.80970254,24.62346379,0],[108.80969523,24.62345772,0],[108.80968792,24.62345165,0],[108.80968061,24.62344557,0],[108.80967331,24.6234395,0],[108.809666,24.62343342,0],[108.8096587,24.62342734,0],[108.8096514,24.62342126,0],[108.8096441,24.62341518,0],[108.80963681,24.6234091,0],[108.80962952,24.62340301,0],[108.80962222,24.62339692,0],[108.80961493,24.62339083,0],[108.80960765,24.62338474,0],[108.80960036,24.62337864,0],[108.80959308,24.62337255,0],[108.8095858,24.62336645,0],[108.80957852,24.62336035,0],[108.80957124,24.62335424,0],[108.80956397,24.62334814,0],[108.80955669,24.62334203,0],[108.80954942,24.62333592,0],[108.80954215,24.62332981,0],[108.80953489,24.6233237,0],[108.80952762,24.62331758,0],[108.80952036,24.62331146,0],[108.8095131,24.62330534,0],[108.80950584,24.62329922,0],[108.80949859,24.6232931,0],[108.80949134,24.62328697,0],[108.80948409,24.62328084,0],[108.80947684,24.62327471,0],[108.80946959,24.62326858,0],[108.80946235,24.62326244,0],[108.8094551,24.6232563,0],[108.80944786,24.62325016,0],[108.80944063,24.62324402,0],[108.80943339,24.62323788,0],[108.80942616,24.62323173,0],[108.80941893,24.62322558,0],[108.8094117,24.62321943,0],[108.80940448,24.62321328,0],[108.80939725,24.62320712,0],[108.80939003,24.62320096,0],[108.80938281,24.6231948,0],[108.8093756,24.62318864,0],[108.80936839,24.62318247,0],[108.80936117,24.6231763,0],[108.80935397,24.62317013,0],[108.80934676,24.62316396,0],[108.80933956,24.62315778,0],[108.80933236,24.62315161,0],[108.80932516,24.62314542,0],[108.80931796,24.62313924,0],[108.80931077,24.62313306,0],[108.80930358,24.62312687,0],[108.80929639,24.62312068,0],[108.8092892,24.62311449,0],[108.80928202,24.62310829,0],[108.80927484,24.62310209,0],[108.80926766,24.62309589,0],[108.80926049,24.62308969,0],[108.80925331,24.62308349,0],[108.80924614,24.62307728,0],[108.80923898,24.62307107,0],[108.80923181,24.62306485,0],[108.80922465,24.62305864,0],[108.80921749,24.62305242,0],[108.80921033,24.6230462,0],[108.80920318,24.62303998,0],[108.80919603,24.62303375,0],[108.80918888,24.62302752,0],[108.80918173,24.62302129,0],[108.80917459,24.62301506,0],[108.80916745,24.62300882,0],[108.80916031,24.62300258,0],[108.80915318,24.62299634,0],[108.80914605,24.62299009,0],[108.80913892,24.62298385,0],[108.80913179,24.6229776,0],[108.80912467,24.62297134,0],[108.80911755,24.62296509,0],[108.80911043,24.62295883,0],[108.80910332,24.62295257,0],[108.80909621,24.62294631,0],[108.8090891,24.62294004,0],[108.80908199,24.62293377,0],[108.80907489,24.6229275,0],[108.80906779,24.62292122,0]]}},{"type":"Feature","id":"route_center-26-30","properties":{"name":"zhix_230561","sourceLayer":"道路中间线","sourceFile":"道路中间线.kml","originalPlacemarkIndex":25,"chainIndex":29,"stroke":"#dffbff","stroke-opacity":0.96,"stroke-width":3.2},"geometry":{"type":"LineString","coordinates":[[108.80906069,24.62291495,0],[108.80822634,24.62213709,0],[108.8074379,24.62132074,0],[108.80669754,24.62046812,0],[108.80600728,24.61958158,0],[108.80536901,24.61866355,0],[108.80478449,24.61771653,0],[108.8042553,24.61674312,0],[108.8037829,24.61574598,0],[108.80336859,24.61472785,0],[108.80301349,24.61369152,0],[108.80271859,24.61263982,0],[108.80248468,24.61157563,0],[108.80233722,24.6106842,0],[108.80233722,24.6106842,0]]}},{"type":"Feature","id":"route_center-26-31","properties":{"name":"zhix_230561","sourceLayer":"道路中间线","sourceFile":"道路中间线.kml","originalPlacemarkIndex":25,"chainIndex":30,"stroke":"#dffbff","stroke-opacity":0.96,"stroke-width":3.2},"geometry":{"type":"LineString","coordinates":[[108.80906779,24.62292122,0],[108.80906069,24.62291495,0]]}},{"type":"Feature","id":"route_center-26-32","properties":{"name":"zhix_230561","sourceLayer":"道路中间线","sourceFile":"道路中间线.kml","originalPlacemarkIndex":25,"chainIndex":31,"stroke":"#dffbff","stroke-opacity":0.96,"stroke-width":3.2},"geometry":{"type":"LineString","coordinates":[[108.80233722,24.6106842,0],[108.80233594,24.61067525,0],[108.80233467,24.6106663,0],[108.8023334,24.61065735,0],[108.80233214,24.61064839,0],[108.80233088,24.61063944,0],[108.80232963,24.61063049,0],[108.80232838,24.61062153,0],[108.80232713,24.61061257,0],[108.80232589,24.61060362,0],[108.80232465,24.61059466,0],[108.80232342,24.61058571,0],[108.80232219,24.61057675,0],[108.80232096,24.61056779,0],[108.80231974,24.61055883,0],[108.80231852,24.61054987,0],[108.80231731,24.61054091,0],[108.8023161,24.61053195,0],[108.80231489,24.61052299,0],[108.80231369,24.61051403,0],[108.80231249,24.61050507,0],[108.8023113,24.61049611,0],[108.80231011,24.61048715,0],[108.80230892,24.61047819,0],[108.80230774,24.61046923,0],[108.80230656,24.61046026,0],[108.80230539,24.6104513,0],[108.80230422,24.61044233,0],[108.80230305,24.61043337,0],[108.80230189,24.61042441,0],[108.80230073,24.61041544,0],[108.80229958,24.61040647,0],[108.80229842,24.61039751,0],[108.80229728,24.61038854,0],[108.80229613,24.61037958,0],[108.80229499,24.61037061,0],[108.80229386,24.61036164,0],[108.80229272,24.61035267,0],[108.80229159,24.6103437,0],[108.80229047,24.61033474,0],[108.80228935,24.61032577,0],[108.80228823,24.6103168,0],[108.80228711,24.61030783,0],[108.802286,24.61029886,0],[108.80228489,24.61028989,0],[108.80228379,24.61028092,0],[108.80228269,24.61027194,0],[108.80228159,24.61026297,0],[108.8022805,24.610254,0],[108.80227941,24.61024503,0],[108.80227832,24.61023606,0],[108.80227724,24.61022708,0],[108.80227616,24.61021811,0],[108.80227508,24.61020913,0],[108.80227401,24.61020016,0],[108.80227294,24.61019119,0],[108.80227187,24.61018221,0],[108.80227081,24.61017324,0],[108.80226975,24.61016426,0],[108.80226869,24.61015529,0],[108.80226764,24.61014631,0],[108.80226659,24.61013733,0],[108.80226555,24.61012836,0],[108.8022645,24.61011938,0],[108.80226346,24.6101104,0],[108.80226243,24.61010142,0],[108.80226139,24.61009245,0],[108.80226036,24.61008347,0],[108.80225933,24.61007449,0],[108.80225831,24.61006551,0],[108.80225729,24.61005653,0],[108.80225627,24.61004755,0],[108.80225526,24.61003857,0],[108.80225425,24.61002959,0],[108.80225324,24.61002061,0],[108.80225223,24.61001163,0],[108.80225123,24.61000265,0],[108.80225023,24.60999367,0],[108.80224923,24.60998469,0],[108.80224824,24.6099757,0],[108.80224725,24.60996672,0],[108.80224626,24.60995774,0],[108.80224528,24.60994876,0],[108.8022443,24.60993977,0],[108.80224332,24.60993079,0],[108.80224234,24.60992181,0],[108.80224137,24.60991282,0],[108.8022404,24.60990384,0],[108.80223943,24.60989486,0],[108.80223847,24.60988587,0],[108.80223751,24.60987689,0],[108.80223655,24.6098679,0],[108.80223559,24.60985892,0],[108.80223464,24.60984993,0],[108.80223369,24.60984095,0],[108.80223274,24.60983196,0],[108.8022318,24.60982297,0],[108.80223085,24.60981399,0],[108.80222991,24.609805,0],[108.80222898,24.60979601,0],[108.80222804,24.60978703,0],[108.80222711,24.60977804,0],[108.80222618,24.60976905,0],[108.80222525,24.60976006,0],[108.80222433,24.60975108,0],[108.80222341,24.60974209,0],[108.80222249,24.6097331,0],[108.80222157,24.60972411,0],[108.80222066,24.60971512,0],[108.80221975,24.60970613,0],[108.80221884,24.60969714,0],[108.80221793,24.60968815,0],[108.80221703,24.60967916,0],[108.80221613,24.60967017,0],[108.80221523,24.60966118,0],[108.80221433,24.60965219,0],[108.80221344,24.6096432,0],[108.80221255,24.60963421,0],[108.80221166,24.60962522,0],[108.80221077,24.60961623,0],[108.80220989,24.60960724,0],[108.802209,24.60959825,0],[108.80220812,24.60958926,0],[108.80220725,24.60958027,0],[108.80220637,24.60957127,0],[108.8022055,24.60956228,0],[108.80220463,24.6095533,0],[108.80220376,24.6095443,0],[108.80220289,24.6095353,0],[108.80220202,24.60952631,0],[108.80220116,24.60951732,0],[108.8022003,24.60950832,0],[108.80219944,24.60949933,0],[108.80219859,24.60949034,0],[108.80219773,24.60948134,0],[108.80219688,24.60947235,0],[108.80219603,24.60946336,0],[108.80219518,24.60945436,0],[108.80219434,24.60944537,0],[108.80219349,24.60943637,0],[108.80219265,24.60942738,0],[108.80219181,24.60941838,0],[108.80219097,24.60940939,0],[108.80219014,24.60940039,0],[108.8021893,24.6093914,0],[108.80218847,24.6093824,0],[108.80218764,24.60937341,0],[108.80218681,24.60936441,0],[108.80218599,24.60935541,0],[108.80218516,24.60934642,0],[108.80218434,24.60933742,0],[108.80218352,24.60932843,0],[108.8021827,24.60931943,0],[108.80218188,24.60931043,0],[108.80218106,24.60930144,0],[108.80218025,24.60929244,0],[108.80217944,24.60928344,0],[108.80217863,24.60927444,0],[108.80217782,24.60926545,0],[108.80217701,24.60925645,0],[108.80217621,24.60924745,0],[108.8021754,24.60923846,0],[108.8021746,24.60922946,0],[108.8021738,24.60922046,0],[108.802173,24.60921146,0],[108.8021722,24.60920246,0],[108.80217141,24.60919347,0],[108.80217061,24.60918447,0],[108.80216982,24.60917547,0],[108.80216903,24.60916647,0],[108.80216824,24.60915747,0],[108.80216745,24.60914847,0],[108.80216666,24.60913947,0],[108.80216588,24.60913047,0],[108.80216509,24.60912148,0],[108.80216431,24.60911248,0],[108.80216353,24.60910348,0],[108.80216275,24.60909448,0],[108.80216197,24.60908548,0],[108.8021612,24.60907648,0],[108.80216042,24.60906748,0],[108.80215965,24.60905848,0],[108.80215887,24.60904948,0],[108.8021581,24.60904048,0],[108.80215733,24.60903148,0],[108.80215656,24.60902248,0],[108.80215579,24.60901348,0],[108.80215503,24.60900448,0],[108.80215426,24.60899548,0],[108.8021535,24.60898648,0],[108.80215273,24.60897748,0],[108.80215197,24.60896848,0],[108.80215121,24.60895948,0],[108.80215045,24.60895047,0],[108.80214969,24.60894147,0],[108.80214893,24.60893247,0],[108.80214818,24.60892347,0],[108.80214742,24.60891447,0],[108.80214667,24.60890547,0],[108.80214591,24.60889647,0],[108.80214516,24.60888747,0],[108.80214441,24.60887847,0],[108.80214366,24.60886946,0],[108.80214291,24.60886046,0],[108.80214216,24.60885146,0],[108.80214141,24.60884246,0],[108.80214066,24.60883346,0],[108.80213992,24.60882446,0],[108.80213917,24.60881545,0],[108.80213843,24.60880645,0],[108.80213769,24.60879745,0],[108.80213694,24.60878845,0],[108.8021362,24.60877945,0],[108.80213546,24.60877044,0],[108.80213472,24.60876144,0],[108.80213398,24.60875244,0],[108.80213324,24.60874344,0],[108.8021325,24.60873443,0],[108.80213177,24.60872543,0],[108.80213103,24.60871643,0],[108.80213029,24.60870743,0],[108.80212956,24.60869842,0],[108.80212882,24.60868942,0],[108.80212809,24.60868042,0],[108.80212736,24.60867142,0],[108.80212662,24.60866241,0],[108.80212589,24.60865341,0],[108.80212516,24.60864441,0],[108.80212443,24.60863541,0],[108.8021237,24.6086264,0],[108.80212297,24.6086174,0],[108.80212224,24.6086084,0],[108.80212151,24.60859939,0],[108.80212078,24.60859039,0],[108.80212005,24.60858139,0],[108.80211933,24.60857239,0],[108.8021186,24.60856338,0],[108.80211787,24.60855438,0],[108.80211715,24.60854538,0],[108.80211642,24.60853637,0],[108.80211569,24.60852737,0],[108.80211497,24.60851837,0],[108.80211424,24.60850936,0],[108.80211352,24.60850036,0],[108.80211279,24.60849136,0],[108.80211207,24.60848235,0],[108.80211134,24.60847335,0],[108.80211062,24.60846435,0],[108.8021099,24.60845534,0],[108.80210917,24.60844634,0],[108.80210845,24.60843734,0],[108.80210773,24.60842833,0],[108.802107,24.60841933,0],[108.80210628,24.60841033,0],[108.80210556,24.60840132,0],[108.80210484,24.60839232,0],[108.80210411,24.60838332,0],[108.80210339,24.60837431,0],[108.80210267,24.60836531,0],[108.80210195,24.60835631,0],[108.80210122,24.6083473,0],[108.8021005,24.6083383,0],[108.80209978,24.6083293,0],[108.80209906,24.60832029,0],[108.80209833,24.60831129,0],[108.80209761,24.60830229,0],[108.80209689,24.60829328,0],[108.80209617,24.60828428,0],[108.80209544,24.60827528,0],[108.80209472,24.60826627,0],[108.802094,24.60825727,0],[108.80209327,24.60824827,0],[108.80209255,24.60823926,0],[108.80209183,24.60823026,0],[108.8020911,24.60822126,0],[108.80209038,24.60821225,0],[108.80208965,24.60820325,0],[108.80208893,24.60819425,0],[108.80208821,24.60818524,0],[108.80208748,24.60817624,0],[108.80208675,24.60816724,0],[108.80208603,24.60815823,0],[108.8020853,24.60814923,0],[108.80208458,24.60814023,0],[108.80208385,24.60813122,0],[108.80208312,24.60812222,0],[108.80208239,24.60811322,0],[108.80208167,24.60810421,0],[108.80208094,24.60809521,0],[108.80208021,24.60808621,0],[108.80207948,24.60807721,0],[108.80207875,24.6080682,0],[108.80207802,24.6080592,0],[108.80207729,24.6080502,0],[108.80207656,24.60804119,0],[108.80207582,24.60803219,0],[108.80207509,24.60802319,0],[108.80207436,24.60801419,0],[108.80207362,24.60800518,0],[108.80207289,24.60799618,0],[108.80207215,24.60798718,0],[108.80207142,24.60797818,0],[108.80207068,24.60796917,0],[108.80206994,24.60796017,0],[108.80206921,24.60795117,0],[108.80206847,24.60794217,0],[108.80206773,24.60793316,0],[108.80206699,24.60792416,0],[108.80206625,24.60791516,0],[108.8020655,24.60790616,0],[108.80206476,24.60789716,0],[108.80206402,24.60788815,0],[108.80206327,24.60787915,0],[108.80206253,24.60787015,0],[108.80206178,24.60786115,0],[108.80206104,24.60785215,0],[108.80206029,24.60784315,0],[108.80205954,24.60783414,0],[108.80205879,24.60782514,0],[108.80205804,24.60781614,0],[108.80205729,24.60780714,0],[108.80205654,24.60779814,0],[108.80205578,24.60778914,0],[108.80205503,24.60778014,0],[108.80205427,24.60777113,0],[108.80205352,24.60776213,0],[108.80205276,24.60775313,0],[108.802052,24.60774413,0],[108.80205124,24.60773513,0],[108.80205048,24.60772613,0],[108.80204972,24.60771713,0],[108.80204895,24.60770813,0],[108.80204819,24.60769913,0],[108.80204742,24.60769013,0],[108.80204666,24.60768113,0],[108.80204589,24.60767213,0],[108.80204512,24.60766313,0],[108.80204435,24.60765413,0],[108.80204358,24.60764513,0],[108.8020428,24.60763613,0],[108.80204203,24.60762713,0],[108.80204125,24.60761813,0],[108.80204048,24.60760913,0],[108.8020397,24.60760013,0],[108.80203892,24.60759113,0],[108.80203814,24.60758213,0],[108.80203735,24.60757313,0],[108.80203657,24.60756413,0],[108.80203579,24.60755513,0],[108.802035,24.60754613,0],[108.80203421,24.60753713,0],[108.80203342,24.60752814,0],[108.80203263,24.60751914,0],[108.80203184,24.60751014,0],[108.80203104,24.60750114,0],[108.80203025,24.60749214,0],[108.80202945,24.60748314,0],[108.80202865,24.60747415,0],[108.80202785,24.60746515,0],[108.80202705,24.60745615,0],[108.80202624,24.60744715,0],[108.80202544,24.60743816,0],[108.80202463,24.60742916,0],[108.80202382,24.60742016,0],[108.80202301,24.60741116,0],[108.8020222,24.60740217,0],[108.80202138,24.60739317,0],[108.80202057,24.60738417,0],[108.80201975,24.60737518,0],[108.80201893,24.60736618,0],[108.80201811,24.60735718,0],[108.80201729,24.60734819,0],[108.80201646,24.60733919,0],[108.80201564,24.6073302,0],[108.80201481,24.6073212,0],[108.80201398,24.6073122,0],[108.80201315,24.60730321,0],[108.80201231,24.60729421,0],[108.80201148,24.60728522,0],[108.80201064,24.60727622,0],[108.8020098,24.60726723,0],[108.80200896,24.60725823,0],[108.80200811,24.60724924,0],[108.80200727,24.60724025,0],[108.80200642,24.60723125,0],[108.80200557,24.60722226,0],[108.80200472,24.60721326,0],[108.80200386,24.60720427,0],[108.80200301,24.60719528,0],[108.80200215,24.60718628,0],[108.80200129,24.60717729,0],[108.80200043,24.6071683,0],[108.80199956,24.6071593,0],[108.80199869,24.60715031,0],[108.80199783,24.60714132,0],[108.80199695,24.60713233,0],[108.80199608,24.60712333,0],[108.8019952,24.60711434,0],[108.80199433,24.60710535,0],[108.80199345,24.60709636,0],[108.80199256,24.60708737,0],[108.80199168,24.60707837,0],[108.80199079,24.60706938,0],[108.8019899,24.60706039,0],[108.80198901,24.6070514,0],[108.80198812,24.60704241,0],[108.80198722,24.60703342,0],[108.80198632,24.60702443,0],[108.80198542,24.60701544,0],[108.80198452,24.60700645,0],[108.80198361,24.60699746,0],[108.8019827,24.60698847,0],[108.80198179,24.60697948,0],[108.80198088,24.60697049,0],[108.80197996,24.60696151,0],[108.80197904,24.60695252,0],[108.80197812,24.60694353,0],[108.8019772,24.60693454,0],[108.80197627,24.60692555,0],[108.80197534,24.60691657,0],[108.80197441,24.60690758,0],[108.80197347,24.60689859,0],[108.80197254,24.6068896,0],[108.8019716,24.60688062,0],[108.80197066,24.60687163,0],[108.80196971,24.60686265,0],[108.80196876,24.60685366,0],[108.80196781,24.60684467,0],[108.80196686,24.60683569,0],[108.8019659,24.6068267,0],[108.80196495,24.60681772,0],[108.80196398,24.60680873,0],[108.80196302,24.60679975,0],[108.80196205,24.60679077,0],[108.80196108,24.60678178,0],[108.80196011,24.6067728,0],[108.80195913,24.60676381,0],[108.80195816,24.60675483,0],[108.80195717,24.60674585,0],[108.80195619,24.60673687,0],[108.8019552,24.60672788,0],[108.80195421,24.6067189,0],[108.80195322,24.60670992,0],[108.80195222,24.60670094,0],[108.80195122,24.60669196,0],[108.80195022,24.60668298,0],[108.80194922,24.60667399,0],[108.80194821,24.60666501,0],[108.8019472,24.60665603,0],[108.80194618,24.60664705,0],[108.80194516,24.60663808,0],[108.80194414,24.6066291,0],[108.80194312,24.60662012,0],[108.80194209,24.60661114,0],[108.80194106,24.60660216,0],[108.80194003,24.60659318,0],[108.80193899,24.6065842,0],[108.80193795,24.60657523,0],[108.80193691,24.60656625,0],[108.80193586,24.60655727,0],[108.80193481,24.6065483,0],[108.80193376,24.60653932,0],[108.8019327,24.60653034,0],[108.80193164,24.60652137,0],[108.80193058,24.60651239,0],[108.80192951,24.60650342,0],[108.80192844,24.60649444,0],[108.80192737,24.60648547,0],[108.8019263,24.6064765,0],[108.80192522,24.60646752,0],[108.80192413,24.60645855,0],[108.80192305,24.60644958,0],[108.80192196,24.60644061,0],[108.80192086,24.60643163,0],[108.80191977,24.60642266,0],[108.80191866,24.60641369,0],[108.80191756,24.60640472,0],[108.80191645,24.60639575,0],[108.80191534,24.60638678,0],[108.80191423,24.60637781,0],[108.80191311,24.60636884,0],[108.80191199,24.60635987,0],[108.80191086,24.6063509,0],[108.80190973,24.60634193,0],[108.8019086,24.60633296,0],[108.80190746,24.606324,0],[108.80190632,24.60631503,0],[108.80190518,24.60630606,0],[108.80190403,24.6062971,0],[108.80190288,24.60628813,0],[108.80190172,24.60627916,0],[108.80190056,24.6062702,0],[108.8018994,24.60626123,0],[108.80189824,24.60625227,0],[108.80189707,24.60624331,0],[108.80189589,24.60623434,0],[108.80189471,24.60622538,0],[108.80189353,24.60621642,0],[108.80189235,24.60620746,0],[108.80189116,24.60619849,0],[108.80188996,24.60618953,0],[108.80188876,24.60618057,0],[108.80188756,24.60617161,0],[108.80188636,24.60616265,0],[108.80188515,24.60615369,0],[108.80188393,24.60614473,0],[108.80188272,24.60613577,0],[108.8018815,24.60612681,0],[108.80188027,24.60611786,0],[108.80187904,24.6061089,0],[108.80187781,24.60609994,0],[108.80187657,24.60609099,0],[108.80187533,24.60608203,0],[108.80187408,24.60607307,0],[108.80187283,24.60606412,0],[108.80187158,24.60605517,0],[108.80187032,24.60604621,0],[108.80186906,24.60603726,0],[108.80186779,24.60602831,0],[108.80186652,24.60601935,0]]}},{"type":"Feature","id":"route_center-26-33","properties":{"name":"zhix_230561","sourceLayer":"道路中间线","sourceFile":"道路中间线.kml","originalPlacemarkIndex":25,"chainIndex":32,"stroke":"#dffbff","stroke-opacity":0.96,"stroke-width":3.2},"geometry":{"type":"LineString","coordinates":[[108.79507046,24.59371497,0],[108.79590832,24.5944894,0],[108.79670049,24.59530254,0],[108.7974448,24.59615216,0],[108.79813921,24.59703593,0],[108.79878181,24.59795142,0],[108.79937084,24.59889612,0],[108.79990468,24.59986744,0],[108.80038187,24.60086271,0],[108.80080109,24.6018792,0],[108.8011612,24.60291413,0],[108.8014612,24.60396465,0],[108.80170028,24.60502789,0],[108.80186524,24.6060104,0],[108.80186524,24.6060104,0],[108.80186652,24.60601935,0]]}},{"type":"Feature","id":"route_center-26-34","properties":{"name":"zhix_230561","sourceLayer":"道路中间线","sourceFile":"道路中间线.kml","originalPlacemarkIndex":25,"chainIndex":33,"stroke":"#dffbff","stroke-opacity":0.96,"stroke-width":3.2},"geometry":{"type":"LineString","coordinates":[[108.79507046,24.59371497,0],[108.79506333,24.59370872,0],[108.79505621,24.59370247,0],[108.79504908,24.59369623,0],[108.79504194,24.59368999,0],[108.79503481,24.59368375,0],[108.79502767,24.59367752,0],[108.79502052,24.59367128,0],[108.79501338,24.59366505,0],[108.79500623,24.59365883,0],[108.79499908,24.5936526,0],[108.79499192,24.59364638,0],[108.79498477,24.59364016,0],[108.79497761,24.59363394,0],[108.79497044,24.59362773,0],[108.79496328,24.59362152,0],[108.79495611,24.59361531,0],[108.79494894,24.59360911,0],[108.79494177,24.5936029,0],[108.79493459,24.5935967,0],[108.79492741,24.59359051,0],[108.79492023,24.59358431,0],[108.79491304,24.59357812,0],[108.79490586,24.59357193,0],[108.79489867,24.59356574,0],[108.79489148,24.59355956,0],[108.79488428,24.59355338,0],[108.79487708,24.5935472,0],[108.79486988,24.59354102,0],[108.79486268,24.59353485,0],[108.79485547,24.59352867,0],[108.79484826,24.59352251,0],[108.79484105,24.59351634,0],[108.79483384,24.59351017,0],[108.79482662,24.59350401,0],[108.79481941,24.59349785,0],[108.79481218,24.5934917,0],[108.79480496,24.59348554,0],[108.79479773,24.59347939,0],[108.79479051,24.59347324,0],[108.79478327,24.5934671,0],[108.79477604,24.59346095,0],[108.79476881,24.59345481,0],[108.79476157,24.59344867,0],[108.79475433,24.59344253,0],[108.79474708,24.5934364,0],[108.79473984,24.59343027,0],[108.79473259,24.59342414,0],[108.79472534,24.59341801,0],[108.79471808,24.59341188,0],[108.79471083,24.59340576,0],[108.79470357,24.59339964,0],[108.79469631,24.59339352,0],[108.79468905,24.59338741,0],[108.79468178,24.59338129,0],[108.79467452,24.59337518,0],[108.79466725,24.59336907,0],[108.79465998,24.59336297,0],[108.7946527,24.59335686,0],[108.79464543,24.59335076,0],[108.79463815,24.59334466,0],[108.79463087,24.59333856,0],[108.79462359,24.59333247,0],[108.7946163,24.59332637,0],[108.79460901,24.59332028,0],[108.79460172,24.59331419,0],[108.79459443,24.5933081,0],[108.79458714,24.59330202,0],[108.79457984,24.59329594,0],[108.79457255,24.59328986,0],[108.79456525,24.59328378,0],[108.79455794,24.5932777,0],[108.79455064,24.59327163,0],[108.79454333,24.59326556,0],[108.79453602,24.59325949,0],[108.79452871,24.59325342,0],[108.7945214,24.59324735,0],[108.79451409,24.59324129,0],[108.79450677,24.59323523,0],[108.79449945,24.59322917,0],[108.79449213,24.59322311,0],[108.79448481,24.59321706,0],[108.79447748,24.593211,0],[108.79447016,24.59320495,0],[108.79446283,24.5931989,0],[108.7944555,24.59319285,0],[108.79444817,24.59318681,0],[108.79444083,24.59318076,0],[108.7944335,24.59317472,0],[108.79442616,24.59316868,0],[108.79441882,24.59316265,0],[108.79441148,24.59315661,0],[108.79440413,24.59315058,0],[108.79439679,24.59314454,0],[108.79438944,24.59313851,0],[108.79438209,24.59313248,0],[108.79437474,24.59312646,0],[108.79436739,24.59312043,0],[108.79436003,24.59311441,0],[108.79435267,24.59310839,0],[108.79434532,24.59310237,0],[108.79433796,24.59309635,0],[108.79433059,24.59309034,0],[108.79432323,24.59308432,0],[108.79431587,24.59307831,0],[108.7943085,24.5930723,0],[108.79430113,24.59306629,0],[108.79429376,24.59306028,0],[108.79428639,24.59305428,0],[108.79427901,24.59304828,0],[108.79427164,24.59304227,0],[108.79426426,24.59303627,0],[108.79425688,24.59303028,0],[108.7942495,24.59302428,0],[108.79424212,24.59301828,0],[108.79423474,24.59301229,0],[108.79422735,24.5930063,0],[108.79421997,24.59300031,0],[108.79421258,24.59299432,0],[108.79420519,24.59298833,0],[108.7941978,24.59298235,0],[108.7941904,24.59297636,0],[108.79418301,24.59297038,0],[108.79417561,24.5929644,0],[108.79416822,24.59295842,0],[108.79416082,24.59295245,0],[108.79415342,24.59294647,0],[108.79414602,24.59294049,0],[108.79413861,24.59293452,0],[108.79413121,24.59292855,0],[108.7941238,24.59292258,0],[108.79411639,24.59291661,0],[108.79410899,24.59291064,0],[108.79410158,24.59290468,0],[108.79409416,24.59289871,0],[108.79408675,24.59289275,0],[108.79407934,24.59288679,0],[108.79407192,24.59288083,0],[108.7940645,24.59287487,0],[108.79405708,24.59286892,0],[108.79404967,24.59286296,0],[108.79404224,24.592857,0],[108.79403482,24.59285105,0],[108.7940274,24.5928451,0],[108.79401997,24.59283915,0],[108.79401255,24.5928332,0],[108.79400512,24.59282725,0],[108.79399769,24.59282131,0],[108.79399026,24.59281536,0],[108.79398283,24.59280942,0],[108.7939754,24.59280347,0],[108.79396796,24.59279753,0],[108.79396053,24.59279159,0],[108.79395309,24.59278565,0],[108.79394566,24.59277972,0],[108.79393822,24.59277378,0],[108.79393078,24.59276784,0],[108.79392334,24.59276191,0],[108.7939159,24.59275598,0],[108.79390845,24.59275005,0],[108.79390101,24.59274411,0],[108.79389357,24.59273819,0],[108.79388612,24.59273226,0],[108.79387867,24.59272633,0],[108.79387122,24.5927204,0],[108.79386378,24.59271448,0],[108.79385633,24.59270855,0],[108.79384887,24.59270263,0],[108.79384142,24.59269671,0],[108.79383397,24.59269079,0],[108.79382651,24.59268487,0],[108.79381906,24.59267895,0],[108.7938116,24.59267303,0],[108.79380415,24.59266712,0],[108.79379669,24.5926612,0],[108.79378923,24.59265528,0],[108.79378177,24.59264937,0],[108.79377431,24.59264346,0],[108.79376685,24.59263755,0],[108.79375939,24.59263164,0],[108.79375192,24.59262573,0],[108.79374446,24.59261982,0],[108.79373699,24.59261391,0],[108.79372953,24.592608,0],[108.79372206,24.59260209,0],[108.7937146,24.59259619,0],[108.79370712,24.59259028,0],[108.79369966,24.59258438,0],[108.79369219,24.59257848,0],[108.79368471,24.59257257,0],[108.79367724,24.59256667,0],[108.79366977,24.59256077,0],[108.7936623,24.59255487,0],[108.79365482,24.59254897,0],[108.79364735,24.59254308,0],[108.79363987,24.59253718,0],[108.7936324,24.59253128,0],[108.79362492,24.59252538,0],[108.79361744,24.59251949,0],[108.79360997,24.59251359,0],[108.79360249,24.5925077,0],[108.79359501,24.59250181,0],[108.79358753,24.59249591,0],[108.79358005,24.59249002,0],[108.79357257,24.59248413,0],[108.79356509,24.59247824,0],[108.7935576,24.59247235,0],[108.79355012,24.59246646,0],[108.79354264,24.59246057,0],[108.79353515,24.59245468,0],[108.79352767,24.5924488,0],[108.79352018,24.59244291,0],[108.7935127,24.59243702,0],[108.79350521,24.59243114,0],[108.79349773,24.59242525,0],[108.79349024,24.59241937,0],[108.79348275,24.59241348,0],[108.79347526,24.5924076,0],[108.79346777,24.59240172,0],[108.79346029,24.59239583,0],[108.7934528,24.59238995,0],[108.79344531,24.59238407,0],[108.79343782,24.59237819,0],[108.79343032,24.59237231,0],[108.79342283,24.59236643,0],[108.79341534,24.59236055,0],[108.79340785,24.59235467,0],[108.79340036,24.59234879,0],[108.79339287,24.59234291,0],[108.79338537,24.59233703,0],[108.79337788,24.59233115,0],[108.79337039,24.59232527,0],[108.79336289,24.59231939,0],[108.7933554,24.59231352,0],[108.7933479,24.59230764,0],[108.79334041,24.59230176,0],[108.79333291,24.59229589,0],[108.79332542,24.59229001,0],[108.79331792,24.59228413,0],[108.79331043,24.59227826,0],[108.79330293,24.59227238,0],[108.79329544,24.59226651,0],[108.79328794,24.59226063,0],[108.79328044,24.59225476,0],[108.79327295,24.59224888,0],[108.79326545,24.59224301,0],[108.79325795,24.59223714,0],[108.79325045,24.59223126,0],[108.79324296,24.59222539,0],[108.79323546,24.59221951,0],[108.79322796,24.59221364,0],[108.79322046,24.59220777,0],[108.79321297,24.59220189,0],[108.79320547,24.59219602,0],[108.79319797,24.59219015,0],[108.79319047,24.59218427,0],[108.79318297,24.5921784,0],[108.79317548,24.59217253,0],[108.79316798,24.59216665,0],[108.79316048,24.59216078,0],[108.79315298,24.59215491,0],[108.77686636,24.57939608,0],[108.77685887,24.57939021,0],[108.77685137,24.57938433,0],[108.77684387,24.57937846,0],[108.77683638,24.57937258,0],[108.77682888,24.57936671,0],[108.77682138,24.57936084,0],[108.77681389,24.57935496,0],[108.77680639,24.57934909,0],[108.7767989,24.57934321,0],[108.7767914,24.57933734,0],[108.7767839,24.57933146,0],[108.77677641,24.57932559,0],[108.77676891,24.57931972,0],[108.77676142,24.57931384,0],[108.77675392,24.57930797,0],[108.77674642,24.57930209,0],[108.77673893,24.57929621,0],[108.77673143,24.57929034,0],[108.77672394,24.57928446,0],[108.77671644,24.57927859,0],[108.77670895,24.57927271,0],[108.77670146,24.57926683,0],[108.77669396,24.57926096,0],[108.77668647,24.57925508,0],[108.77667897,24.5792492,0],[108.77667148,24.57924333,0],[108.77666399,24.57923745,0],[108.7766565,24.57923157,0],[108.776649,24.57922569,0],[108.77664151,24.57921981,0],[108.77663402,24.57921393,0],[108.77662653,24.57920805,0],[108.77661904,24.57920217,0],[108.77661155,24.57919629,0],[108.77660406,24.57919041,0],[108.77659657,24.57918453,0],[108.77658908,24.57917865,0],[108.77658159,24.57917277,0],[108.7765741,24.57916688,0],[108.77656661,24.579161,0],[108.77655912,24.57915512,0],[108.77655164,24.57914923,0],[108.77654415,24.57914335,0],[108.77653666,24.57913747,0],[108.77652918,24.57913158,0],[108.77652169,24.57912569,0],[108.77651421,24.57911981,0],[108.77650672,24.57911392,0],[108.77649924,24.57910803,0],[108.77649175,24.57910215,0],[108.77648427,24.57909626,0],[108.77647679,24.57909037,0],[108.77646931,24.57908448,0],[108.77646183,24.57907859,0],[108.77645435,24.5790727,0],[108.77644686,24.57906681,0],[108.77643939,24.57906091,0],[108.77643191,24.57905502,0],[108.77642443,24.57904913,0],[108.77641695,24.57904323,0],[108.77640947,24.57903734,0],[108.776402,24.57903144,0],[108.77639452,24.57902555,0],[108.77638705,24.57901965,0],[108.77637957,24.57901375,0],[108.7763721,24.57900785,0],[108.77636463,24.57900195,0],[108.77635715,24.57899605,0],[108.77634968,24.57899015,0],[108.77634221,24.57898425,0],[108.77633474,24.57897835,0],[108.77632727,24.57897245,0],[108.7763198,24.57896654,0],[108.77631234,24.57896064,0],[108.77630487,24.57895473,0],[108.7762974,24.57894883,0],[108.77628994,24.57894292,0],[108.77628248,24.57893701,0],[108.77627501,24.5789311,0],[108.77626755,24.57892519,0],[108.77626009,24.57891928,0],[108.77625263,24.57891337,0],[108.77624517,24.57890746,0],[108.77623771,24.57890154,0],[108.77623025,24.57889563,0],[108.77622279,24.57888971,0],[108.77621534,24.57888379,0],[108.77620788,24.57887788,0],[108.77620043,24.57887196,0],[108.77619297,24.57886604,0],[108.77618552,24.57886012,0],[108.77617807,24.5788542,0],[108.77617062,24.57884827,0],[108.77616317,24.57884235,0],[108.77615572,24.57883642,0],[108.77614827,24.5788305,0],[108.77614083,24.57882457,0],[108.77613338,24.57881864,0],[108.77612594,24.57881271,0],[108.77611849,24.57880678,0],[108.77611105,24.57880085,0],[108.77610361,24.57879492,0],[108.77609617,24.57878898,0],[108.77608873,24.57878305,0],[108.77608129,24.57877711,0],[108.77607386,24.57877118,0],[108.77606642,24.57876524,0],[108.77605899,24.5787593,0],[108.77605155,24.57875336,0],[108.77604412,24.57874741,0],[108.77603669,24.57874147,0],[108.77602926,24.57873553,0],[108.77602183,24.57872958,0],[108.77601441,24.57872363,0],[108.77600698,24.57871768,0],[108.77599956,24.57871173,0],[108.77599213,24.57870578,0],[108.77598471,24.57869983,0],[108.77597729,24.57869388,0],[108.77596987,24.57868792,0],[108.77596245,24.57868196,0],[108.77595504,24.578676,0],[108.77594762,24.57867005,0],[108.77594021,24.57866408,0],[108.7759328,24.57865812,0],[108.77592538,24.57865216,0],[108.77591797,24.57864619,0],[108.77591057,24.57864023,0],[108.77590316,24.57863426,0],[108.77589575,24.57862829,0],[108.77588835,24.57862232,0],[108.77588094,24.57861635,0],[108.77587354,24.57861037,0],[108.77586614,24.5786044,0],[108.77585874,24.57859842,0],[108.77585135,24.57859244,0],[108.77584395,24.57858646,0],[108.77583656,24.57858048,0],[108.77582917,24.5785745,0],[108.77582177,24.57856851,0],[108.77581438,24.57856253,0],[108.775807,24.57855654,0],[108.77579961,24.57855055,0],[108.77579223,24.57854456,0],[108.77578484,24.57853856,0],[108.77577746,24.57853257,0],[108.77577008,24.57852657,0],[108.7757627,24.57852058,0],[108.77575532,24.57851458,0],[108.77574795,24.57850858,0],[108.77574058,24.57850257,0],[108.7757332,24.57849657,0],[108.77572583,24.57849056,0],[108.77571846,24.57848455,0],[108.7757111,24.57847855,0],[108.77570373,24.57847253,0],[108.77569637,24.57846652,0],[108.77568901,24.57846051,0],[108.77568165,24.57845449,0],[108.77567429,24.57844847,0],[108.77566693,24.57844245,0],[108.77565958,24.57843643,0],[108.77565223,24.5784304,0],[108.77564487,24.57842438,0],[108.77563752,24.57841835,0],[108.77563018,24.57841232,0],[108.77562283,24.57840629,0],[108.77561549,24.57840026,0],[108.77560815,24.57839422,0],[108.77560081,24.57838819,0],[108.77559347,24.57838215,0],[108.77558613,24.57837611,0],[108.7755788,24.57837006,0],[108.77557146,24.57836402,0],[108.77556413,24.57835797,0],[108.7755568,24.57835192,0],[108.77554948,24.57834587,0],[108.77554215,24.57833982,0],[108.77553483,24.57833377,0],[108.77552751,24.57832771,0],[108.77552019,24.57832165,0],[108.77551287,24.57831559,0],[108.77550556,24.57830953,0],[108.77549825,24.57830346,0],[108.77549094,24.5782974,0],[108.77548363,24.57829133,0],[108.77547632,24.57828526,0],[108.77546902,24.57827918,0],[108.77546171,24.57827311,0],[108.77545441,24.57826703,0],[108.77544711,24.57826095,0],[108.77543982,24.57825487,0],[108.77543252,24.57824879,0],[108.77542523,24.5782427,0],[108.77541794,24.57823661,0],[108.77541066,24.57823052,0],[108.77540337,24.57822443,0],[108.77539609,24.57821834,0],[108.77538881,24.57821224,0],[108.77538153,24.57820614,0],[108.77537425,24.57820004,0],[108.77536698,24.57819394,0],[108.7753597,24.57818783,0],[108.77535244,24.57818173,0],[108.77534517,24.57817562,0],[108.7753379,24.5781695,0],[108.77533064,24.57816339,0],[108.77532338,24.57815727,0],[108.77531612,24.57815115,0],[108.77530887,24.57814503,0],[108.77530161,24.57813891,0],[108.77529436,24.57813278,0],[108.77528711,24.57812665,0],[108.77527987,24.57812052,0],[108.77527262,24.57811439,0],[108.77526538,24.57810825,0],[108.77525814,24.57810211,0],[108.7752509,24.57809597,0],[108.77524367,24.57808983,0],[108.77523644,24.57808369,0],[108.77522921,24.57807754,0],[108.77522198,24.57807139,0],[108.77521476,24.57806524,0],[108.77520754,24.57805908,0],[108.77520032,24.57805292,0],[108.7751931,24.57804676,0],[108.77518589,24.5780406,0],[108.77517867,24.57803443,0],[108.77517147,24.57802827,0],[108.77516426,24.5780221,0],[108.77515705,24.57801592,0],[108.77514985,24.57800975,0],[108.77514265,24.57800357,0],[108.77513546,24.57799739,0],[108.77512827,24.57799121,0],[108.77512107,24.57798502,0],[108.77511389,24.57797884,0],[108.7751067,24.57797264,0],[108.77509952,24.57796645,0],[108.77509234,24.57796026,0],[108.77508516,24.57795406,0],[108.77507799,24.57794786,0],[108.77507082,24.57794165,0],[108.77506365,24.57793545,0],[108.77505648,24.57792924,0],[108.77504932,24.57792302,0],[108.77504216,24.57791681,0],[108.775035,24.57791059,0],[108.77502784,24.57790437,0],[108.77502069,24.57789815,0],[108.77501354,24.57789192,0],[108.7750064,24.5778857,0],[108.77499925,24.57787947,0],[108.77499211,24.57787323,0],[108.77498497,24.577867,0],[108.77497784,24.57786076,0],[108.77497071,24.57785451,0],[108.77496358,24.57784827,0],[108.77495645,24.57784202,0]]}},{"type":"Feature","id":"route_center-26-35","properties":{"name":"zhix_230561","sourceLayer":"道路中间线","sourceFile":"道路中间线.kml","originalPlacemarkIndex":25,"chainIndex":34,"stroke":"#dffbff","stroke-opacity":0.96,"stroke-width":3.2},"geometry":{"type":"LineString","coordinates":[[108.77494933,24.57783577,0],[108.77411278,24.57706193,0],[108.77332191,24.57624939,0],[108.7725789,24.5754004,0],[108.77188576,24.57451727,0],[108.77124439,24.57360242,0],[108.77065656,24.57265835,0],[108.77012386,24.57168764,0],[108.77007556,24.57159292,0],[108.77007556,24.57159292,0]]}},{"type":"Feature","id":"route_center-26-36","properties":{"name":"zhix_230561","sourceLayer":"道路中间线","sourceFile":"道路中间线.kml","originalPlacemarkIndex":25,"chainIndex":35,"stroke":"#dffbff","stroke-opacity":0.96,"stroke-width":3.2},"geometry":{"type":"LineString","coordinates":[[108.77495645,24.57784202,0],[108.77494933,24.57783577,0]]}},{"type":"Feature","id":"route_center-26-37","properties":{"name":"zhix_230561","sourceLayer":"道路中间线","sourceFile":"道路中间线.kml","originalPlacemarkIndex":25,"chainIndex":36,"stroke":"#dffbff","stroke-opacity":0.96,"stroke-width":3.2},"geometry":{"type":"LineString","coordinates":[[108.77007556,24.57159292,0],[108.77007141,24.57158473,0],[108.77006727,24.57157654,0],[108.77006312,24.57156835,0],[108.77005898,24.57156015,0],[108.77005485,24.57155195,0],[108.77005072,24.57154375,0],[108.77004659,24.57153555,0],[108.77004246,24.57152735,0],[108.77003834,24.57151915,0],[108.77003423,24.57151094,0],[108.77003011,24.57150274,0],[108.770026,24.57149453,0],[108.7700219,24.57148632,0],[108.7700178,24.57147811,0],[108.7700137,24.57146989,0],[108.7700096,24.57146168,0],[108.77000551,24.57145346,0],[108.77000143,24.57144524,0],[108.76999734,24.57143702,0],[108.76999326,24.5714288,0],[108.76998919,24.57142058,0],[108.76998511,24.57141236,0],[108.76998105,24.57140413,0],[108.76997698,24.57139591,0],[108.76997292,24.57138768,0],[108.76996886,24.57137945,0],[108.7699648,24.57137122,0],[108.76996075,24.57136299,0],[108.76995671,24.57135475,0],[108.76995266,24.57134652,0],[108.76994862,24.57133828,0],[108.76994458,24.57133004,0],[108.76994055,24.5713218,0],[108.76993652,24.57131356,0],[108.76993249,24.57130532,0],[108.76992847,24.57129708,0],[108.76992445,24.57128883,0],[108.76992043,24.57128058,0],[108.76991642,24.57127234,0],[108.76991241,24.57126409,0],[108.7699084,24.57125584,0],[108.7699044,24.57124759,0],[108.76990039,24.57123933,0],[108.7698964,24.57123108,0],[108.7698924,24.57122282,0],[108.76988841,24.57121456,0],[108.76988443,24.57120631,0],[108.76988044,24.57119805,0],[108.76987646,24.57118979,0],[108.76987248,24.57118152,0],[108.76986851,24.57117326,0],[108.76986454,24.57116499,0],[108.76986057,24.57115673,0],[108.7698566,24.57114846,0],[108.76985264,24.57114019,0],[108.76984868,24.57113192,0],[108.76984473,24.57112365,0],[108.76984077,24.57111538,0],[108.76983682,24.57110711,0],[108.76983288,24.57109883,0],[108.76982893,24.57109055,0],[108.76982499,24.57108228,0],[108.76982105,24.571074,0],[108.76981712,24.57106572,0],[108.76981319,24.57105744,0],[108.76980926,24.57104916,0],[108.76980533,24.57104087,0],[108.76980141,24.57103259,0],[108.76979749,24.5710243,0],[108.76979357,24.57101602,0],[108.76978966,24.57100773,0],[108.76978575,24.57099944,0],[108.76978184,24.57099115,0],[108.76977793,24.57098286,0],[108.76977403,24.57097457,0],[108.76977013,24.57096628,0],[108.76976623,24.57095798,0],[108.76976234,24.57094969,0],[108.76975845,24.57094139,0],[108.76975456,24.57093309,0],[108.76975067,24.57092479,0],[108.76974679,24.57091649,0],[108.76974291,24.57090819,0],[108.76973903,24.57089989,0],[108.76973515,24.57089159,0],[108.76973128,24.57088328,0],[108.76972741,24.57087498,0],[108.76972354,24.57086667,0],[108.76971968,24.57085837,0],[108.76971581,24.57085006,0],[108.76971196,24.57084175,0],[108.7697081,24.57083344,0],[108.76970424,24.57082513,0],[108.76970039,24.57081682,0],[108.76969654,24.5708085,0],[108.76969269,24.57080019,0],[108.76968885,24.57079187,0],[108.76968501,24.57078356,0],[108.76968117,24.57077524,0],[108.76967733,24.57076692,0],[108.7696735,24.5707586,0],[108.76966966,24.57075029,0],[108.76966583,24.57074196,0],[108.76966201,24.57073364,0],[108.76965818,24.57072532,0],[108.76965436,24.570717,0],[108.76965054,24.57070867,0],[108.76964672,24.57070035,0],[108.7696429,24.57069202,0],[108.76963909,24.5706837,0],[108.76963528,24.57067537,0],[108.76963147,24.57066704,0],[108.76962766,24.57065871,0],[108.76962386,24.57065038,0],[108.76962006,24.57064205,0],[108.76961626,24.57063372,0],[108.76961246,24.57062538,0],[108.76960866,24.57061705,0],[108.76960487,24.57060872,0],[108.76960108,24.57060038,0],[108.76959729,24.57059204,0],[108.7695935,24.57058371,0],[108.76958972,24.57057537,0],[108.76958593,24.57056703,0],[108.76958215,24.57055869,0],[108.76957837,24.57055035,0],[108.7695746,24.57054201,0],[108.76957082,24.57053367,0],[108.76956705,24.57052533,0],[108.76956328,24.57051698,0],[108.76955951,24.57050864,0],[108.76955574,24.5705003,0],[108.76955198,24.57049195,0],[108.76954822,24.5704836,0],[108.76954446,24.57047526,0],[108.7695407,24.57046691,0],[108.76953694,24.57045856,0],[108.76953318,24.57045021,0],[108.76952943,24.57044186,0],[108.76952568,24.57043351,0],[108.76952193,24.57042516,0],[108.76951818,24.57041681,0],[108.76951444,24.57040846,0],[108.76951069,24.5704001,0],[108.76950695,24.57039175,0],[108.76950321,24.5703834,0],[108.76949947,24.57037504,0],[108.76949573,24.57036668,0],[108.769492,24.57035833,0],[108.76948826,24.57034997,0],[108.76948453,24.57034161,0],[108.7694808,24.57033326,0],[108.76947707,24.5703249,0],[108.76947334,24.57031654,0],[108.76946962,24.57030818,0],[108.76946589,24.57029982,0],[108.76946217,24.57029146,0],[108.76945845,24.57028309,0],[108.76945473,24.57027473,0],[108.76945101,24.57026637,0],[108.7694473,24.570258,0],[108.76944358,24.57024964,0],[108.76943987,24.57024128,0],[108.76943616,24.57023291,0],[108.76943245,24.57022455,0],[108.76942874,24.57021618,0],[108.76942503,24.57020781,0],[108.76942132,24.57019944,0],[108.76941762,24.57019108,0],[108.76941392,24.57018271,0],[108.76941022,24.57017434,0],[108.76940651,24.57016597,0],[108.76940282,24.5701576,0],[108.76939912,24.57014923,0],[108.76939542,24.57014086,0],[108.76939173,24.57013249,0],[108.76938803,24.57012412,0],[108.76938434,24.57011574,0],[108.76938065,24.57010737,0],[108.76937696,24.570099,0],[108.76937327,24.57009062,0],[108.76936958,24.57008225,0],[108.7693659,24.57007387,0],[108.76936221,24.5700655,0],[108.76935853,24.57005712,0],[108.76935484,24.57004875,0],[108.76935116,24.57004037,0],[108.76934748,24.570032,0],[108.7693438,24.57002362,0],[108.76934012,24.57001524,0],[108.76933645,24.57000686,0],[108.76933277,24.56999848,0],[108.76932909,24.56999011,0],[108.76932542,24.56998173,0],[108.76932175,24.56997335,0],[108.76931807,24.56996497,0],[108.7693144,24.56995659,0],[108.76931073,24.56994821,0],[108.76930706,24.56993983,0],[108.76930339,24.56993145,0],[108.76929973,24.56992306,0],[108.76929606,24.56991468,0],[108.76929239,24.5699063,0],[108.76928873,24.56989792,0],[108.76928507,24.56988953,0],[108.7692814,24.56988115,0],[108.76927774,24.56987277,0],[108.76927408,24.56986438,0],[108.76927042,24.569856,0],[108.76926676,24.56984762,0],[108.7692631,24.56983923,0],[108.76925944,24.56983085,0],[108.76925578,24.56982246,0],[108.76925213,24.56981408,0],[108.76924847,24.56980569,0],[108.76924481,24.5697973,0],[108.76924116,24.56978892,0],[108.76923751,24.56978053,0],[108.76923385,24.56977215,0],[108.7692302,24.56976376,0],[108.76922655,24.56975537,0],[108.76922289,24.56974698,0],[108.76921924,24.5697386,0],[108.76921559,24.56973021,0],[108.76921194,24.56972182,0],[108.76920829,24.56971343,0],[108.76920464,24.56970504,0],[108.769201,24.56969666,0],[108.76919735,24.56968827,0],[108.7691937,24.56967988,0],[108.76919005,24.56967149,0],[108.76918641,24.5696631,0],[108.76918276,24.56965471,0],[108.76917911,24.56964632,0],[108.76917547,24.56963793,0],[108.76917182,24.56962954,0],[108.76916818,24.56962115,0],[108.76916454,24.56961276,0],[108.76916089,24.56960437,0],[108.76915725,24.56959598,0],[108.76915361,24.56958759,0],[108.76914996,24.5695792,0],[108.76914632,24.56957081,0],[108.76914268,24.56956242,0],[108.76913903,24.56955403,0],[108.76913539,24.56954564,0],[108.76913175,24.56953725,0],[108.76912811,24.56952886,0],[108.76912447,24.56952047,0],[108.76912083,24.56951208,0],[108.76911719,24.56950368,0],[108.76911354,24.56949529,0],[108.7691099,24.5694869,0],[108.76910626,24.56947851,0],[108.76910262,24.56947012,0],[108.76909898,24.56946173,0],[108.76909534,24.56945334,0],[108.7690917,24.56944494,0],[108.76908806,24.56943655,0],[108.76908442,24.56942816,0],[108.76455188,24.55897917,0],[108.76454824,24.55897078,0],[108.7645446,24.55896239,0],[108.76454096,24.558954,0],[108.76453732,24.5589456,0],[108.76453368,24.55893721,0],[108.76453004,24.55892882,0],[108.7645264,24.55892043,0],[108.76452276,24.55891204,0],[108.76451912,24.55890365,0],[108.76451548,24.55889526,0],[108.76451184,24.55888686,0],[108.7645082,24.55887847,0],[108.76450456,24.55887008,0],[108.76450092,24.55886169,0],[108.76449728,24.5588533,0],[108.76449363,24.55884491,0],[108.76448999,24.55883652,0],[108.76448635,24.55882813,0],[108.76448271,24.55881974,0],[108.76447907,24.55881135,0],[108.76447543,24.55880295,0],[108.76447178,24.55879456,0],[108.76446814,24.55878617,0],[108.7644645,24.55877778,0],[108.76446086,24.55876939,0],[108.76445721,24.558761,0],[108.76445357,24.55875261,0],[108.76444993,24.55874422,0],[108.76444628,24.55873583,0],[108.76444264,24.55872744,0],[108.76443899,24.55871905,0],[108.76443535,24.55871066,0],[108.7644317,24.55870227,0],[108.76442806,24.55869388,0],[108.76442441,24.55868549,0],[108.76442077,24.55867711,0],[108.76441712,24.55866872,0],[108.76441347,24.55866033,0],[108.76440982,24.55865194,0],[108.76440618,24.55864355,0],[108.76440253,24.55863516,0],[108.76439888,24.55862677,0],[108.76439523,24.55861839,0],[108.76439158,24.55861,0],[108.76438793,24.55860161,0],[108.76438428,24.55859322,0],[108.76438063,24.55858483,0],[108.76437698,24.55857645,0],[108.76437332,24.55856806,0],[108.76436967,24.55855967,0],[108.76436602,24.55855129,0],[108.76436236,24.5585429,0],[108.76435871,24.55853451,0],[108.76435506,24.55852613,0],[108.7643514,24.55851774,0],[108.76434774,24.55850936,0],[108.76434409,24.55850097,0],[108.76434043,24.55849259,0],[108.76433677,24.5584842,0],[108.76433311,24.55847582,0],[108.76432945,24.55846743,0],[108.7643258,24.55845905,0],[108.76432213,24.55845066,0],[108.76431847,24.55844228,0],[108.76431481,24.5584339,0],[108.76431115,24.55842551,0],[108.76430749,24.55841713,0],[108.76430382,24.55840875,0],[108.76430016,24.55840036,0],[108.76429649,24.55839198,0],[108.76429283,24.5583836,0],[108.76428916,24.55837522,0],[108.76428549,24.55836684,0],[108.76428182,24.55835846,0],[108.76427816,24.55835008,0],[108.76427449,24.55834169,0],[108.76427082,24.55833331,0],[108.76426714,24.55832493,0],[108.76426347,24.55831655,0],[108.7642598,24.55830818,0],[108.76425612,24.5582998,0],[108.76425245,24.55829142,0],[108.76424877,24.55828304,0],[108.7642451,24.55827466,0],[108.76424142,24.55826628,0],[108.76423774,24.55825791,0],[108.76423406,24.55824953,0],[108.76423038,24.55824115,0],[108.7642267,24.55823278,0],[108.76422302,24.5582244,0],[108.76421934,24.55821602,0],[108.76421565,24.55820765,0],[108.76421197,24.55819927,0],[108.76420828,24.5581909,0],[108.7642046,24.55818252,0],[108.76420091,24.55817415,0],[108.76419722,24.55816578,0],[108.76419353,24.5581574,0],[108.76418984,24.55814903,0],[108.76418615,24.55814066,0],[108.76418245,24.55813229,0],[108.76417876,24.55812391,0],[108.76417506,24.55811554,0],[108.76417137,24.55810717,0],[108.76416767,24.5580988,0],[108.76416397,24.55809043,0],[108.76416027,24.55808206,0],[108.76415657,24.55807369,0],[108.76415287,24.55806532,0],[108.76414917,24.55805696,0],[108.76414546,24.55804859,0],[108.76414176,24.55804022,0],[108.76413805,24.55803185,0],[108.76413434,24.55802349,0],[108.76413063,24.55801512,0],[108.76412692,24.55800675,0],[108.76412321,24.55799839,0],[108.7641195,24.55799002,0],[108.76411579,24.55798166,0],[108.76411207,24.5579733,0],[108.76410836,24.55796493,0],[108.76410464,24.55795657,0],[108.76410092,24.55794821,0],[108.7640972,24.55793985,0],[108.76409348,24.55793148,0],[108.76408976,24.55792312,0],[108.76408603,24.55791476,0],[108.76408231,24.5579064,0],[108.76407858,24.55789804,0],[108.76407485,24.55788968,0],[108.76407112,24.55788133,0],[108.76406739,24.55787297,0],[108.76406366,24.55786461,0],[108.76405992,24.55785625,0],[108.76405619,24.5578479,0],[108.76405245,24.55783954,0],[108.76404871,24.55783119,0],[108.76404498,24.55782283,0],[108.76404123,24.55781448,0],[108.76403749,24.55780612,0],[108.76403375,24.55779777,0],[108.76403,24.55778942,0],[108.76402626,24.55778107,0],[108.76402251,24.55777271,0],[108.76401876,24.55776436,0],[108.76401501,24.55775601,0],[108.76401125,24.55774766,0],[108.7640075,24.55773931,0],[108.76400374,24.55773096,0],[108.76399999,24.55772262,0],[108.76399623,24.55771427,0],[108.76399247,24.55770592,0],[108.76398871,24.55769758,0],[108.76398494,24.55768923,0],[108.76398118,24.55768089,0],[108.76397741,24.55767254,0],[108.76397364,24.5576642,0],[108.76396987,24.55765585,0],[108.7639661,24.55764751,0],[108.76396232,24.55763917,0],[108.76395855,24.55763083,0],[108.76395477,24.55762249,0],[108.76395099,24.55761415,0],[108.76394721,24.55760581,0],[108.76394343,24.55759747,0],[108.76393965,24.55758913,0],[108.76393586,24.5575808,0],[108.76393207,24.55757246,0],[108.76392828,24.55756412,0],[108.76392449,24.55755579,0],[108.7639207,24.55754745,0],[108.76391691,24.55753912,0],[108.76391311,24.55753079,0],[108.76390931,24.55752245,0],[108.76390551,24.55751412,0],[108.76390171,24.55750579,0],[108.76389791,24.55749746,0],[108.7638941,24.55748913,0],[108.76389029,24.5574808,0],[108.76388648,24.55747247,0],[108.76388267,24.55746414,0],[108.76387886,24.55745582,0],[108.76387504,24.55744749,0],[108.76387123,24.55743917,0],[108.76386741,24.55743084,0],[108.76386359,24.55742252,0],[108.76385976,24.55741419,0],[108.76385594,24.55740587,0],[108.76385211,24.55739755,0],[108.76384828,24.55738923,0],[108.76384445,24.55738091,0],[108.76384062,24.55737259,0],[108.76383679,24.55736427,0],[108.76383295,24.55735595,0],[108.76382911,24.55734764,0],[108.76382527,24.55733932,0],[108.76382143,24.557331,0],[108.76381758,24.55732269,0],[108.76381374,24.55731438,0],[108.76380989,24.55730606,0],[108.76380604,24.55729775,0],[108.76380218,24.55728944,0],[108.76379833,24.55728113,0],[108.76379447,24.55727282,0],[108.76379061,24.55726451,0],[108.76378675,24.5572562,0],[108.76378288,24.55724789,0],[108.76377902,24.55723959,0],[108.76377515,24.55723128,0],[108.76377128,24.55722298,0],[108.76376741,24.55721467,0],[108.76376353,24.55720637,0],[108.76375966,24.55719807,0],[108.76375578,24.55718977,0],[108.7637519,24.55718147,0],[108.76374801,24.55717317,0],[108.76374413,24.55716487,0],[108.76374024,24.55715657,0],[108.76373635,24.55714827,0],[108.76373245,24.55713998,0],[108.76372856,24.55713168,0],[108.76372466,24.55712339,0],[108.76372076,24.5571151,0],[108.76371686,24.5571068,0],[108.76371295,24.55709851,0],[108.76370905,24.55709022,0],[108.76370514,24.55708193,0],[108.76370123,24.55707364,0],[108.76369731,24.55706536,0],[108.7636934,24.55705707,0],[108.76368948,24.55704878,0],[108.76368556,24.5570405,0],[108.76368163,24.55703221,0],[108.76367771,24.55702393,0],[108.76367378,24.55701565,0],[108.76366985,24.55700737,0],[108.76366592,24.55699909,0],[108.76366198,24.55699081,0],[108.76365804,24.55698253,0],[108.7636541,24.55697425,0],[108.76365016,24.55696598,0],[108.76364621,24.5569577,0],[108.76364226,24.55694943,0],[108.76363831,24.55694116,0],[108.76363436,24.55693288,0],[108.7636304,24.55692461,0],[108.76362645,24.55691634,0],[108.76362248,24.55690807,0],[108.76361852,24.55689981,0],[108.76361455,24.55689154,0],[108.76361059,24.55688327,0],[108.76360661,24.55687501,0],[108.76360264,24.55686675,0],[108.76359866,24.55685848,0],[108.76359468,24.55685022,0],[108.7635907,24.55684196,0],[108.76358672,24.5568337,0],[108.76358273,24.55682544,0],[108.76357874,24.55681719,0],[108.76357475,24.55680893,0],[108.76357075,24.55680068,0],[108.76356675,24.55679242,0],[108.76356275,24.55678417,0],[108.76355875,24.55677592,0],[108.76355474,24.55676767,0],[108.76355073,24.55675942,0],[108.76354672,24.55675117,0],[108.76354271,24.55674292,0],[108.76353869,24.55673467,0],[108.76353467,24.55672643,0],[108.76353065,24.55671819,0],[108.76352662,24.55670994,0],[108.76352259,24.5567017,0],[108.76351856,24.55669346,0],[108.76351453,24.55668522,0],[108.76351049,24.55667698,0],[108.76350645,24.55666875,0],[108.76350241,24.55666051,0],[108.76349836,24.55665228,0],[108.76349431,24.55664404,0],[108.76349026,24.55663581,0],[108.76348621,24.55662758,0],[108.76348215,24.55661935,0],[108.76347809,24.55661112,0],[108.76347403,24.55660289,0],[108.76346996,24.55659467,0],[108.76346589,24.55658644,0],[108.76346182,24.55657822,0],[108.76345774,24.55657,0],[108.76345367,24.55656178,0],[108.76344958,24.55655356,0],[108.7634455,24.55654534,0],[108.76344141,24.55653712,0],[108.76343732,24.5565289,0],[108.76343323,24.55652069,0],[108.76342913,24.55651248,0],[108.76342503,24.55650426,0],[108.76342093,24.55649605,0],[108.76341683,24.55648784,0],[108.76341272,24.55647963,0],[108.76340861,24.55647143,0],[108.76340449,24.55646322,0],[108.76340037,24.55645502,0],[108.76339625,24.55644681,0],[108.76339213,24.55643861,0],[108.763388,24.55643041,0],[108.76338387,24.55642221,0],[108.76337974,24.55641401,0],[108.7633756,24.55640582,0]]}},{"type":"Feature","id":"route_center-26-38","properties":{"name":"zhix_230561","sourceLayer":"道路中间线","sourceFile":"道路中间线.kml","originalPlacemarkIndex":25,"chainIndex":37,"stroke":"#dffbff","stroke-opacity":0.96,"stroke-width":3.2},"geometry":{"type":"LineString","coordinates":[[108.7575333,24.54886472,0],[108.75854568,24.5498116,0],[108.75950226,24.55080541,0],[108.7604004,24.55184341,0],[108.76123765,24.55292275,0],[108.7620117,24.55404045,0],[108.76272041,24.55519346,0],[108.76336185,24.55637861,0],[108.76337146,24.55639762,0],[108.76337146,24.55639762,0],[108.7633756,24.55640582,0]]}},{"type":"Feature","id":"route_center-26-39","properties":{"name":"zhix_230561","sourceLayer":"道路中间线","sourceFile":"道路中间线.kml","originalPlacemarkIndex":25,"chainIndex":38,"stroke":"#dffbff","stroke-opacity":0.96,"stroke-width":3.2},"geometry":{"type":"LineString","coordinates":[[108.7575333,24.54886472,0],[108.75752621,24.54885843,0],[108.75751913,24.54885215,0],[108.75751204,24.54884587,0],[108.75750495,24.54883959,0],[108.75749785,24.54883331,0],[108.75749076,24.54882703,0],[108.75748366,24.54882076,0],[108.75747656,24.54881449,0],[108.75746946,24.54880822,0],[108.75746235,24.54880196,0],[108.75745524,24.54879569,0],[108.75744813,24.54878943,0],[108.75744102,24.54878317,0],[108.75743391,24.54877691,0],[108.75742679,24.54877066,0],[108.75741967,24.54876441,0],[108.75741255,24.54875816,0],[108.75740543,24.54875191,0],[108.7573983,24.54874566,0],[108.75739117,24.54873942,0],[108.75738404,24.54873318,0],[108.75737691,24.54872694,0],[108.75736977,24.5487207,0],[108.75736263,24.54871446,0],[108.75735549,24.54870823,0],[108.75734835,24.548702,0],[108.75734121,24.54869577,0],[108.75733406,24.54868955,0],[108.75732691,24.54868332,0],[108.75731976,24.5486771,0],[108.75731261,24.54867088,0],[108.75730545,24.54866466,0],[108.7572983,24.54865844,0],[108.75729114,24.54865223,0],[108.75728397,24.54864602,0],[108.75727681,24.54863981,0],[108.75726964,24.5486336,0],[108.75726248,24.54862739,0],[108.75725531,24.54862119,0],[108.75724813,24.54861499,0],[108.75724096,24.54860879,0],[108.75723378,24.54860259,0],[108.7572266,24.5485964,0],[108.75721942,24.5485902,0],[108.75721224,24.54858401,0],[108.75720506,24.54857782,0],[108.75719787,24.54857164,0],[108.75719068,24.54856545,0],[108.75718349,24.54855927,0],[108.75717629,24.54855308,0],[108.7571691,24.54854691,0],[108.7571619,24.54854073,0],[108.7571547,24.54853455,0],[108.7571475,24.54852838,0],[108.7571403,24.54852221,0],[108.75713309,24.54851604,0],[108.75712589,24.54850987,0],[108.75711868,24.5485037,0],[108.75711147,24.54849754,0],[108.75710425,24.54849138,0],[108.75709704,24.54848522,0],[108.75708982,24.54847906,0],[108.7570826,24.5484729,0],[108.75707538,24.54846675,0],[108.75706816,24.54846059,0],[108.75706093,24.54845444,0],[108.75705371,24.5484483,0],[108.75704648,24.54844215,0],[108.75703925,24.548436,0],[108.75703202,24.54842986,0],[108.75702478,24.54842372,0],[108.75701755,24.54841758,0],[108.75701031,24.54841144,0],[108.75700307,24.5484053,0],[108.75699583,24.54839917,0],[108.75698859,24.54839304,0],[108.75698134,24.54838691,0],[108.7569741,24.54838078,0],[108.75696685,24.54837465,0],[108.7569596,24.54836852,0],[108.75695234,24.5483624,0],[108.75694509,24.54835628,0],[108.75693784,24.54835016,0],[108.75693058,24.54834404,0],[108.75692332,24.54833792,0],[108.75691606,24.54833181,0],[108.7569088,24.5483257,0],[108.75690153,24.54831958,0],[108.75689427,24.54831347,0],[108.756887,24.54830737,0],[108.75687973,24.54830126,0],[108.75687246,24.54829515,0],[108.75686519,24.54828905,0],[108.75685791,24.54828295,0],[108.75685063,24.54827685,0],[108.75684336,24.54827075,0],[108.75683608,24.54826465,0],[108.7568288,24.54825856,0],[108.75682151,24.54825247,0],[108.75681423,24.54824637,0],[108.75680694,24.54824028,0],[108.75679966,24.5482342,0],[108.75679237,24.54822811,0],[108.75678508,24.54822202,0],[108.75677779,24.54821594,0],[108.75677049,24.54820986,0],[108.7567632,24.54820378,0],[108.7567559,24.5481977,0],[108.7567486,24.54819162,0],[108.7567413,24.54818555,0],[108.756734,24.54817947,0],[108.7567267,24.5481734,0],[108.75671939,24.54816733,0],[108.75671209,24.54816126,0],[108.75670478,24.54815519,0],[108.75669747,24.54814912,0],[108.75669016,24.54814306,0],[108.75668285,24.54813699,0],[108.75667553,24.54813093,0],[108.75666822,24.54812487,0],[108.7566609,24.54811881,0],[108.75665359,24.54811275,0],[108.75664627,24.5481067,0],[108.75663895,24.54810064,0],[108.75663162,24.54809459,0],[108.7566243,24.54808854,0],[108.75661698,24.54808248,0],[108.75660965,24.54807643,0],[108.75660232,24.54807039,0],[108.75659499,24.54806434,0],[108.75658766,24.5480583,0],[108.75658033,24.54805225,0],[108.756573,24.54804621,0],[108.75656566,24.54804017,0],[108.75655833,24.54803413,0],[108.75655099,24.54802809,0],[108.75654365,24.54802205,0],[108.75653631,24.54801602,0],[108.75652897,24.54800998,0],[108.75652163,24.54800395,0],[108.75651429,24.54799792,0],[108.75650694,24.54799189,0],[108.7564996,24.54798586,0],[108.75649225,24.54797983,0],[108.7564849,24.5479738,0],[108.75647755,24.54796778,0],[108.7564702,24.54796176,0],[108.75646285,24.54795573,0],[108.75645549,24.54794971,0],[108.75644814,24.54794369,0],[108.75644078,24.54793767,0],[108.75643342,24.54793165,0],[108.75642607,24.54792564,0],[108.75641871,24.54791962,0],[108.75641134,24.54791361,0],[108.75640398,24.5479076,0],[108.75639662,24.54790158,0],[108.75638926,24.54789557,0],[108.75638189,24.54788956,0],[108.75637452,24.54788356,0],[108.75636716,24.54787755,0],[108.75635979,24.54787154,0],[108.75635242,24.54786554,0],[108.75634505,24.54785954,0],[108.75633767,24.54785353,0],[108.7563303,24.54784753,0],[108.75632293,24.54784153,0],[108.75631555,24.54783553,0],[108.75630817,24.54782954,0],[108.7563008,24.54782354,0],[108.75629342,24.54781754,0],[108.75628604,24.54781155,0],[108.75627866,24.54780555,0],[108.75627127,24.54779956,0],[108.75626389,24.54779357,0],[108.75625651,24.54778758,0],[108.75624912,24.54778159,0],[108.75624174,24.5477756,0],[108.75623435,24.54776962,0],[108.75622696,24.54776363,0],[108.75621957,24.54775764,0],[108.75621218,24.54775166,0],[108.75620479,24.54774568,0],[108.7561974,24.54773969,0],[108.75619001,24.54773371,0],[108.75618262,24.54772773,0],[108.75617522,24.54772175,0],[108.75616783,24.54771577,0],[108.75616043,24.5477098,0],[108.75615303,24.54770382,0],[108.75614563,24.54769785,0],[108.75613823,24.54769187,0],[108.75613083,24.5476859,0],[108.75612343,24.54767992,0],[108.75611603,24.54767395,0],[108.75610863,24.54766798,0],[108.75610123,24.54766201,0],[108.75609382,24.54765604,0],[108.75608642,24.54765007,0],[108.75607901,24.54764411,0],[108.7560716,24.54763814,0],[108.7560642,24.54763217,0],[108.75605679,24.54762621,0],[108.75604938,24.54762024,0],[108.75604197,24.54761428,0],[108.75603456,24.54760832,0],[108.75602715,24.54760236,0],[108.75601973,24.5475964,0],[108.75601232,24.54759044,0],[108.75600491,24.54758448,0],[108.75599749,24.54757852,0],[108.75599008,24.54757256,0],[108.75598266,24.5475666,0],[108.75597524,24.54756065,0],[108.75596783,24.54755469,0],[108.75596041,24.54754874,0],[108.75595299,24.54754278,0],[108.75594557,24.54753683,0],[108.75593815,24.54753088,0],[108.75593073,24.54752493,0],[108.75592331,24.54751897,0],[108.75591588,24.54751302,0],[108.75590846,24.54750707,0],[108.75590104,24.54750113,0],[108.75589361,24.54749518,0],[108.75588619,24.54748923,0],[108.75587876,24.54748328,0],[108.75587134,24.54747734,0],[108.75586391,24.54747139,0],[108.75585648,24.54746545,0],[108.75584905,24.5474595,0],[108.75584163,24.54745356,0],[108.7558342,24.54744761,0],[108.75582677,24.54744167,0],[108.75581934,24.54743573,0],[108.7558119,24.54742979,0],[108.75580447,24.54742385,0],[108.75579704,24.54741791,0],[108.75578961,24.54741197,0],[108.75578218,24.54740603,0],[108.75577474,24.54740009,0],[108.75576731,24.54739415,0],[108.75575987,24.54738821,0],[108.75575244,24.54738228,0],[108.755745,24.54737634,0],[108.75573757,24.5473704,0],[108.75573013,24.54736447,0],[108.75572269,24.54735853,0],[108.75571526,24.5473526,0],[108.75570782,24.54734666,0],[108.75570038,24.54734073,0],[108.75569294,24.5473348,0],[108.7556855,24.54732886,0],[108.75567806,24.54732293,0],[108.75567062,24.547317,0],[108.75566318,24.54731107,0],[108.75565574,24.54730514,0],[108.7556483,24.54729921,0],[108.75564086,24.54729328,0],[108.75563341,24.54728735,0],[108.75562597,24.54728142,0],[108.75561853,24.54727549,0],[108.75561109,24.54726956,0],[108.75560364,24.54726363,0],[108.7555962,24.5472577,0],[108.75558875,24.54725178,0],[108.75558131,24.54724585,0],[108.75557386,24.54723992,0],[108.75556642,24.547234,0],[108.75555897,24.54722807,0],[108.75555153,24.54722214,0],[108.75554408,24.54721622,0],[108.75553664,24.54721029,0],[108.75552919,24.54720437,0],[108.75552174,24.54719844,0],[108.75551429,24.54719252,0],[108.75550685,24.5471866,0],[108.7554994,24.54718067,0],[108.75549195,24.54717475,0],[108.7554845,24.54716882,0],[108.75547706,24.5471629,0],[108.75546961,24.54715698,0],[108.75546216,24.54715106,0],[108.75545471,24.54714513,0],[108.75544726,24.54713921,0],[108.75543981,24.54713329,0],[108.75543236,24.54712737,0],[108.75542491,24.54712145,0],[108.75541746,24.54711552,0],[108.75541001,24.5471096,0],[108.75540256,24.54710368,0],[108.75539511,24.54709776,0],[108.75538766,24.54709184,0],[108.75538021,24.54708592,0],[108.75537276,24.54708,0],[108.75536531,24.54707408,0],[108.75535786,24.54706816,0],[108.75535041,24.54706224,0],[108.75534295,24.54705632,0],[108.7553355,24.5470504,0],[108.75532805,24.54704448,0],[108.7553206,24.54703856,0],[108.75531315,24.54703264,0],[108.7553057,24.54702672,0],[108.75529825,24.5470208,0],[108.7552908,24.54701488,0],[108.75528334,24.54700896,0],[108.75527589,24.54700304,0],[108.75526844,24.54699712,0],[108.75526099,24.5469912,0],[108.74075675,24.53546686,0],[108.7407493,24.53546094,0],[108.74074185,24.53545502,0],[108.7407344,24.5354491,0],[108.74072695,24.53544318,0],[108.7407195,24.53543726,0],[108.74071205,24.53543134,0],[108.7407046,24.53542542,0],[108.74069715,24.53541949,0],[108.7406897,24.53541357,0],[108.74068225,24.53540765,0],[108.7406748,24.53540173,0],[108.74066736,24.53539581,0],[108.74065991,24.53538989,0],[108.74065246,24.53538397,0],[108.74064501,24.53537804,0],[108.74063756,24.53537212,0],[108.74063011,24.5353662,0],[108.74062266,24.53536028,0],[108.74061522,24.53535435,0],[108.74060777,24.53534843,0],[108.74060032,24.53534251,0],[108.74059287,24.53533658,0],[108.74058543,24.53533066,0],[108.74057798,24.53532473,0],[108.74057053,24.53531881,0],[108.74056309,24.53531288,0],[108.74055564,24.53530696,0],[108.7405482,24.53530103,0],[108.74054075,24.5352951,0],[108.74053331,24.53528918,0],[108.74052587,24.53528325,0],[108.74051842,24.53527732,0],[108.74051098,24.53527139,0],[108.74050354,24.53526547,0],[108.7404961,24.53525954,0],[108.74048866,24.53525361,0],[108.74048121,24.53524768,0],[108.74047377,24.53524174,0],[108.74046633,24.53523581,0],[108.7404589,24.53522988,0],[108.74045146,24.53522395,0],[108.74044402,24.53521802,0],[108.74043658,24.53521208,0],[108.74042914,24.53520615,0],[108.74042171,24.53520021,0],[108.74041427,24.53519428,0],[108.74040684,24.53518834,0],[108.7403994,24.5351824,0],[108.74039197,24.53517646,0],[108.74038454,24.53517053,0],[108.7403771,24.53516459,0],[108.74036967,24.53515865,0],[108.74036224,24.53515271,0],[108.74035481,24.53514676,0],[108.74034738,24.53514082,0],[108.74033995,24.53513488,0],[108.74033253,24.53512893,0],[108.7403251,24.53512299,0],[108.74031767,24.53511704,0],[108.74031025,24.5351111,0],[108.74030282,24.53510515,0],[108.7402954,24.5350992,0],[108.74028798,24.53509325,0],[108.74028056,24.5350873,0],[108.74027313,24.53508135,0],[108.74026571,24.5350754,0],[108.7402583,24.53506944,0],[108.74025088,24.53506349,0],[108.74024346,24.53505753,0],[108.74023604,24.53505158,0],[108.74022863,24.53504562,0],[108.74022122,24.53503966,0],[108.7402138,24.5350337,0],[108.74020639,24.53502774,0],[108.74019898,24.53502178,0],[108.74019157,24.53501582,0],[108.74018416,24.53500985,0],[108.74017675,24.53500389,0],[108.74016935,24.53499792,0],[108.74016194,24.53499196,0],[108.74015454,24.53498599,0],[108.74014713,24.53498002,0],[108.74013973,24.53497405,0],[108.74013233,24.53496808,0],[108.74012493,24.5349621,0],[108.74011753,24.53495613,0],[108.74011013,24.53495015,0],[108.74010274,24.53494417,0],[108.74009534,24.5349382,0],[108.74008795,24.53493222,0],[108.74008056,24.53492624,0],[108.74007317,24.53492025,0],[108.74006578,24.53491427,0],[108.74005839,24.53490828,0],[108.740051,24.5349023,0],[108.74004362,24.53489631,0],[108.74003623,24.53489032,0],[108.74002885,24.53488433,0],[108.74002147,24.53487834,0],[108.74001409,24.53487235,0],[108.74000671,24.53486635,0],[108.73999933,24.53486035,0],[108.73999196,24.53485436,0],[108.73998458,24.53484836,0],[108.73997721,24.53484236,0],[108.73996984,24.53483635,0],[108.73996247,24.53483035,0],[108.7399551,24.53482434,0],[108.73994773,24.53481834,0],[108.73994037,24.53481233,0],[108.739933,24.53480632,0],[108.73992564,24.5348003,0],[108.73991828,24.53479429,0],[108.73991092,24.53478827,0],[108.73990357,24.53478226,0],[108.73989621,24.53477624,0],[108.73988886,24.53477022,0],[108.7398815,24.5347642,0],[108.73987415,24.53475817,0],[108.7398668,24.53475215,0],[108.73985946,24.53474612,0],[108.73985211,24.53474009,0],[108.73984477,24.53473406,0],[108.73983743,24.53472803,0],[108.73983009,24.53472199,0],[108.73982275,24.53471596,0],[108.73981541,24.53470992,0],[108.73980808,24.53470388,0],[108.73980074,24.53469784,0],[108.73979341,24.53469179,0],[108.73978608,24.53468575,0],[108.73977876,24.5346797,0],[108.73977143,24.53467365,0],[108.73976411,24.5346676,0],[108.73975679,24.53466154,0],[108.73974947,24.53465549,0],[108.73974215,24.53464943,0],[108.73973483,24.53464337,0],[108.73972752,24.53463731,0],[108.73972021,24.53463125,0],[108.7397129,24.53462518,0],[108.73970559,24.53461911,0],[108.73969829,24.53461305,0],[108.73969098,24.53460697,0],[108.73968368,24.5346009,0],[108.73967638,24.53459482,0],[108.73966909,24.53458875,0],[108.73966179,24.53458267,0],[108.7396545,24.53457658,0],[108.73964721,24.5345705,0],[108.73963992,24.53456441,0],[108.73963263,24.53455832,0],[108.73962535,24.53455223,0],[108.73961807,24.53454614,0],[108.73961079,24.53454004,0],[108.73960351,24.53453395,0],[108.73959623,24.53452785,0],[108.73958896,24.53452174,0],[108.73958169,24.53451564,0],[108.73957442,24.53450953,0],[108.73956716,24.53450342,0],[108.73955989,24.53449731,0],[108.73955263,24.5344912,0],[108.73954537,24.53448508,0],[108.73953811,24.53447897,0],[108.73953086,24.53447284,0],[108.73952361,24.53446672,0],[108.73951636,24.5344606,0],[108.73950911,24.53445447,0],[108.73950187,24.53444834,0],[108.73949463,24.5344422,0],[108.73948739,24.53443607,0],[108.73948015,24.53442993,0],[108.73947292,24.53442379,0],[108.73946568,24.53441765,0],[108.73945845,24.5344115,0],[108.73945123,24.53440535,0],[108.739444,24.5343992,0],[108.73943678,24.53439305,0],[108.73942956,24.5343869,0],[108.73942235,24.53438074,0],[108.73941513,24.53437458,0],[108.73940792,24.53436841,0],[108.73940071,24.53436225,0],[108.73939351,24.53435608,0],[108.73938631,24.53434991,0],[108.73937911,24.53434373,0],[108.73937191,24.53433756,0],[108.73936471,24.53433138,0],[108.73935752,24.5343252,0],[108.73935033,24.53431901,0],[108.73934315,24.53431282,0],[108.73933596,24.53430663,0],[108.73932878,24.53430044,0],[108.7393216,24.53429424,0],[108.73931443,24.53428805,0],[108.73930726,24.53428184,0],[108.73930009,24.53427564,0],[108.73929292,24.53426943,0],[108.73928576,24.53426322,0],[108.7392786,24.53425701,0],[108.73927144,24.5342508,0],[108.73926429,24.53424458,0],[108.73925714,24.53423836,0],[108.73924999,24.53423213,0],[108.73924284,24.5342259,0],[108.7392357,24.53421967,0],[108.73922856,24.53421344,0],[108.73922142,24.53420721,0],[108.73921429,24.53420097,0],[108.73920716,24.53419472,0],[108.73920004,24.53418848,0],[108.73919291,24.53418223,0],[108.73918579,24.53417598,0],[108.73917867,24.53416973,0],[108.73917156,24.53416347,0],[108.73916445,24.53415721,0],[108.73915734,24.53415095,0],[108.73915024,24.53414468,0],[108.73914314,24.53413841,0],[108.73913604,24.53413214,0],[108.73912894,24.53412586,0],[108.73912185,24.53411959,0],[108.73911476,24.5341133,0],[108.73910768,24.53410702,0],[108.7391006,24.53410073,0],[108.73909352,24.53409444,0],[108.73908645,24.53408815,0],[108.73907938,24.53408185,0]]}},{"type":"Feature","id":"route_center-26-40","properties":{"name":"zhix_230561","sourceLayer":"道路中间线","sourceFile":"道路中间线.kml","originalPlacemarkIndex":25,"chainIndex":39,"stroke":"#dffbff","stroke-opacity":0.96,"stroke-width":3.2},"geometry":{"type":"LineString","coordinates":[[108.73907231,24.53407555,0],[108.73834893,24.5333981,0],[108.73766551,24.53268709,0],[108.73702393,24.53194448,0],[108.73642593,24.53117229,0],[108.73587316,24.53037264,0],[108.73536713,24.52954771,0],[108.73490922,24.52869977,0],[108.73450068,24.52783112,0],[108.73414264,24.52694417,0],[108.73383606,24.52604132,0],[108.73358179,24.52512505,0],[108.73338053,24.52419788,0],[108.73323282,24.52326235,0],[108.73313907,24.522321,0],[108.73309953,24.52137644,0],[108.73311432,24.52043124,0],[108.73318339,24.51948799,0],[108.73330656,24.51854929,0],[108.73348348,24.5176177,0],[108.73371367,24.51669578,0],[108.73399651,24.51578605,0],[108.73433122,24.51489102,0],[108.73471688,24.51401314,0],[108.73515244,24.51315482,0],[108.73544355,24.51263945,0],[108.73544355,24.51263945,0]]}},{"type":"Feature","id":"route_center-26-41","properties":{"name":"zhix_230561","sourceLayer":"道路中间线","sourceFile":"道路中间线.kml","originalPlacemarkIndex":25,"chainIndex":40,"stroke":"#dffbff","stroke-opacity":0.96,"stroke-width":3.2},"geometry":{"type":"LineString","coordinates":[[108.73907938,24.53408185,0],[108.73907231,24.53407555,0]]}},{"type":"Feature","id":"route_center-26-42","properties":{"name":"zhix_230561","sourceLayer":"道路中间线","sourceFile":"道路中间线.kml","originalPlacemarkIndex":25,"chainIndex":41,"stroke":"#dffbff","stroke-opacity":0.96,"stroke-width":3.2},"geometry":{"type":"LineString","coordinates":[[108.73544355,24.51263945,0],[108.7354482,24.51263149,0],[108.73545286,24.51262353,0],[108.73545752,24.51261557,0],[108.73546218,24.51260761,0],[108.73546685,24.51259966,0],[108.73547153,24.51259171,0],[108.7354762,24.51258376,0],[108.73548089,24.51257582,0],[108.73548557,24.51256787,0],[108.73549026,24.51255993,0],[108.73549496,24.51255199,0],[108.73549966,24.51254405,0],[108.73550436,24.51253611,0],[108.73550907,24.51252818,0],[108.73551378,24.51252025,0],[108.73551849,24.51251232,0],[108.73552321,24.51250439,0],[108.73552793,24.51249646,0],[108.73553266,24.51248854,0],[108.73553739,24.51248061,0],[108.73554213,24.51247269,0],[108.73554687,24.51246478,0],[108.73555161,24.51245686,0],[108.73555636,24.51244894,0],[108.73556111,24.51244103,0],[108.73556586,24.51243312,0],[108.73557062,24.51242521,0],[108.73557538,24.51241731,0],[108.73558015,24.5124094,0],[108.73558492,24.5124015,0],[108.73558969,24.5123936,0],[108.73559447,24.5123857,0],[108.73559925,24.5123778,0],[108.73560403,24.51236991,0],[108.73560882,24.51236201,0],[108.73561361,24.51235412,0],[108.73561841,24.51234623,0],[108.73562321,24.51233834,0],[108.73562801,24.51233046,0],[108.73563282,24.51232257,0],[108.73563763,24.51231469,0],[108.73564244,24.51230681,0],[108.73564726,24.51229893,0],[108.73565208,24.51229105,0],[108.7356569,24.51228318,0],[108.73566173,24.5122753,0],[108.73566656,24.51226743,0],[108.73567139,24.51225956,0],[108.73567623,24.51225169,0],[108.73568107,24.51224383,0],[108.73568592,24.51223596,0],[108.73569076,24.5122281,0],[108.73569562,24.51222024,0],[108.73570047,24.51221238,0],[108.73570533,24.51220452,0],[108.73571019,24.51219666,0],[108.73571505,24.51218881,0],[108.73571992,24.51218096,0],[108.73572479,24.5121731,0],[108.73572967,24.51216526,0],[108.73573454,24.51215741,0],[108.73573942,24.51214956,0],[108.73574431,24.51214172,0],[108.73574919,24.51213387,0],[108.73575408,24.51212603,0],[108.73575897,24.51211819,0],[108.73576387,24.51211035,0],[108.73576877,24.51210252,0],[108.73577367,24.51209468,0],[108.73577857,24.51208685,0],[108.73578348,24.51207902,0],[108.73578839,24.51207119,0],[108.73579331,24.51206336,0],[108.73579822,24.51205553,0],[108.73580314,24.5120477,0],[108.73580806,24.51203988,0],[108.73581299,24.51203206,0],[108.73581792,24.51202424,0],[108.73582285,24.51201642,0],[108.73582778,24.5120086,0],[108.73583272,24.51200078,0],[108.73583766,24.51199297,0],[108.7358426,24.51198515,0],[108.73584754,24.51197734,0],[108.73585249,24.51196953,0],[108.73585744,24.51196172,0],[108.73586239,24.51195391,0],[108.73586735,24.5119461,0],[108.73587231,24.5119383,0],[108.73587727,24.51193049,0],[108.73588223,24.51192269,0],[108.7358872,24.51191489,0],[108.73589216,24.51190709,0],[108.73589714,24.51189929,0],[108.73590211,24.5118915,0],[108.73590708,24.5118837,0],[108.73591206,24.5118759,0],[108.73591704,24.51186811,0],[108.73592203,24.51186032,0],[108.73592701,24.51185253,0],[108.735932,24.51184474,0],[108.73593699,24.51183695,0],[108.73594198,24.51182917,0],[108.73594698,24.51182138,0],[108.73595198,24.5118136,0],[108.73595698,24.51180581,0],[108.73596198,24.51179803,0],[108.73596698,24.51179025,0],[108.73597199,24.51178247,0],[108.735977,24.51177469,0],[108.73598201,24.51176692,0],[108.73598702,24.51175914,0],[108.73599204,24.51175137,0],[108.73599706,24.51174359,0],[108.73600208,24.51173582,0],[108.7360071,24.51172805,0],[108.73601212,24.51172028,0],[108.73601715,24.51171251,0],[108.73602218,24.51170474,0],[108.73602721,24.51169698,0],[108.73603224,24.51168921,0],[108.73603727,24.51168145,0],[108.73604231,24.51167368,0],[108.73604735,24.51166592,0],[108.73605239,24.51165816,0],[108.73605743,24.5116504,0],[108.73606247,24.51164264,0],[108.73606752,24.51163488,0],[108.73607257,24.51162713,0],[108.73607762,24.51161937,0],[108.73608267,24.51161161,0],[108.73608772,24.51160386,0],[108.73609278,24.51159611,0],[108.73609783,24.51158836,0],[108.73610289,24.5115806,0],[108.73610795,24.51157285,0],[108.73611301,24.5115651,0],[108.73611808,24.51155736,0],[108.73612314,24.51154961,0],[108.73612821,24.51154186,0],[108.73613328,24.51153412,0],[108.73613835,24.51152637,0],[108.73614342,24.51151863,0],[108.7361485,24.51151089,0],[108.73615357,24.51150314,0],[108.73615865,24.5114954,0],[108.73616373,24.51148766,0],[108.73616881,24.51147992,0],[108.73617389,24.51147219,0],[108.73617897,24.51146445,0],[108.73618406,24.51145671,0],[108.73618914,24.51144897,0],[108.73619423,24.51144124,0],[108.73619932,24.5114335,0],[108.73620441,24.51142577,0],[108.7362095,24.51141804,0],[108.73621459,24.51141031,0],[108.73621969,24.51140257,0],[108.73622478,24.51139484,0],[108.73622988,24.51138711,0],[108.73623498,24.51137938,0],[108.73624008,24.51137165,0],[108.73624518,24.51136393,0],[108.73625028,24.5113562,0],[108.73625538,24.51134847,0],[108.73626049,24.51134075,0],[108.73626559,24.51133302,0],[108.7362707,24.5113253,0],[108.7362758,24.51131757,0],[108.73628091,24.51130985,0],[108.73628602,24.51130213,0],[108.73629113,24.5112944,0],[108.73629625,24.51128668,0],[108.73630136,24.51127896,0],[108.73630647,24.51127124,0],[108.73631159,24.51126352,0],[108.73631671,24.5112558,0],[108.73632182,24.51124808,0],[108.73632694,24.51124036,0],[108.73633206,24.51123265,0],[108.73633718,24.51122493,0],[108.7363423,24.51121721,0],[108.73634742,24.5112095,0],[108.73635254,24.51120178,0],[108.73635767,24.51119406,0],[108.73636279,24.51118635,0],[108.73636792,24.51117864,0],[108.73637304,24.51117092,0],[108.73637817,24.51116321,0],[108.7363833,24.51115549,0],[108.73638842,24.51114778,0],[108.73639355,24.51114007,0],[108.73639868,24.51113236,0],[108.73640381,24.51112465,0],[108.73640894,24.51111693,0],[108.73641408,24.51110922,0],[108.73641921,24.51110151,0],[108.73642434,24.5110938,0],[108.73642947,24.51108609,0],[108.73643461,24.51107838,0],[108.73643974,24.51107067,0],[108.73644488,24.51106296,0],[108.73645001,24.51105526,0],[108.73645515,24.51104755,0],[108.73646028,24.51103984,0],[108.73646542,24.51103213,0],[108.73647056,24.51102442,0],[108.7364757,24.51101672,0],[108.73648083,24.51100901,0],[108.73648597,24.5110013,0],[108.73649111,24.5109936,0],[108.73649625,24.51098589,0],[108.73650139,24.51097818,0],[108.73650653,24.51097048,0],[108.73651167,24.51096277,0],[108.73651681,24.51095506,0],[108.73652195,24.51094736,0],[108.73652709,24.51093965,0],[108.73653223,24.51093195,0],[108.73653737,24.51092424,0],[108.73654252,24.51091654,0],[108.73654766,24.51090883,0],[108.7365528,24.51090113,0],[108.73655794,24.51089342,0],[108.73656308,24.51088572,0],[108.73656823,24.51087801,0],[108.73657337,24.51087031,0],[108.73657851,24.5108626,0],[108.73658365,24.5108549,0],[108.7365888,24.51084719,0],[108.73659394,24.51083949,0],[108.73659908,24.51083178,0],[108.73660422,24.51082408,0],[108.73660936,24.51081637,0],[108.73661451,24.51080867,0],[108.73661965,24.51080096,0],[108.73662479,24.51079326,0],[108.73662993,24.51078555,0],[108.73663508,24.51077785,0],[108.73664022,24.51077014,0],[108.73664536,24.51076244,0],[108.7366505,24.51075473,0],[108.73665564,24.51074703,0],[108.73666078,24.51073932,0],[108.73666593,24.51073162,0],[108.73667107,24.51072391,0],[108.73667621,24.51071621,0],[108.73668135,24.5107085,0],[108.73668649,24.5107008,0],[108.73669163,24.51069309,0],[108.73669677,24.51068539,0],[108.73670191,24.51067768,0],[108.73670706,24.51066997,0],[108.7367122,24.51066227,0],[108.73671734,24.51065456,0],[108.73672248,24.51064686,0],[108.73672762,24.51063915,0],[108.73673276,24.51063144,0],[108.7367379,24.51062374,0],[108.73674303,24.51061603,0],[108.73674817,24.51060832,0],[108.73675331,24.51060062,0],[108.73675845,24.51059291,0],[108.73676359,24.5105852,0],[108.73676873,24.5105775,0],[108.73677387,24.51056979,0],[108.736779,24.51056208,0],[108.73678414,24.51055437,0],[108.73678928,24.51054667,0],[108.73679442,24.51053896,0],[108.73679955,24.51053125,0],[108.73680469,24.51052354,0],[108.73680983,24.51051584,0],[108.73681496,24.51050813,0],[108.7368201,24.51050042,0],[108.73682523,24.51049271,0],[108.73683037,24.510485,0],[108.7368355,24.51047729,0],[108.73684064,24.51046958,0],[108.73684577,24.51046187,0],[108.73685091,24.51045416,0],[108.73685604,24.51044645,0],[108.73686117,24.51043874,0],[108.7368663,24.51043103,0],[108.73687144,24.51042332,0],[108.73687657,24.51041561,0],[108.7368817,24.5104079,0],[108.73688683,24.51040019,0],[108.73689196,24.51039248,0],[108.73689709,24.51038477,0],[108.73690222,24.51037706,0],[108.73690735,24.51036935,0],[108.73691248,24.51036163,0],[108.73691761,24.51035392,0],[108.73692274,24.51034621,0],[108.73692787,24.5103385,0],[108.736933,24.51033078,0],[108.73693812,24.51032307,0],[108.73694325,24.51031536,0],[108.73694837,24.51030764,0],[108.7369535,24.51029993,0],[108.73695863,24.51029221,0],[108.73696375,24.5102845,0],[108.73696887,24.51027678,0],[108.736974,24.51026907,0],[108.73697912,24.51026135,0],[108.73698424,24.51025364,0],[108.73698937,24.51024592,0],[108.73699449,24.5102382,0],[108.73699961,24.51023049,0],[108.73700473,24.51022277,0],[108.73700985,24.51021505,0],[108.73701497,24.51020734,0],[108.73702009,24.51019962,0],[108.73702521,24.5101919,0],[108.73703032,24.51018418,0],[108.73703544,24.51017646,0],[108.73704056,24.51016874,0],[108.73704567,24.51016102,0],[108.73705079,24.5101533,0],[108.73705591,24.51014558,0],[108.73706102,24.51013786,0],[108.73706613,24.51013014,0],[108.73707125,24.51012242,0],[108.73707636,24.5101147,0],[108.73708147,24.51010698,0],[108.73708658,24.51009926,0],[108.73709169,24.51009153,0],[108.7370968,24.51008381,0],[108.73710191,24.51007609,0],[108.73710702,24.51006836,0],[108.73711213,24.51006064,0],[108.73711723,24.51005292,0],[108.73712234,24.51004519,0],[108.73712745,24.51003747,0],[108.73713255,24.51002974,0],[108.73713766,24.51002201,0],[108.73714276,24.51001429,0],[108.73714786,24.51000656,0],[108.73715296,24.50999883,0],[108.73715807,24.50999111,0],[108.73716317,24.50998338,0],[108.73716827,24.50997565,0],[108.73717337,24.50996792,0],[108.73717846,24.50996019,0],[108.73718356,24.50995246,0],[108.73718866,24.50994473,0],[108.73719375,24.509937,0],[108.73719885,24.50992927,0],[108.73720394,24.50992154,0],[108.73720904,24.50991381,0],[108.73721413,24.50990608,0],[108.73721922,24.50989834,0],[108.73722431,24.50989061,0],[108.7372294,24.50988288,0],[108.73723449,24.50987514,0],[108.73723958,24.50986741,0],[108.73724467,24.50985967,0],[108.73724976,24.50985194,0],[108.73725484,24.5098442,0],[108.73725993,24.50983647,0],[108.73726501,24.50982873,0],[108.7372701,24.50982099,0],[108.73727518,24.50981325,0],[108.73728026,24.50980551,0],[108.73728534,24.50979778,0],[108.73729042,24.50979004,0],[108.7372955,24.5097823,0],[108.73730058,24.50977456,0],[108.73730565,24.50976681,0],[108.73731073,24.50975907,0],[108.73731581,24.50975133,0],[108.73732088,24.50974359,0],[108.73732595,24.50973585,0],[108.73733103,24.5097281,0],[108.7373361,24.50972036,0],[108.73734117,24.50971261,0],[108.73734624,24.50970487,0],[108.73735131,24.50969712,0],[108.73735637,24.50968938,0],[108.73736144,24.50968163,0],[108.7373665,24.50967388,0],[108.73737157,24.50966613,0],[108.73737663,24.50965839,0],[108.73738169,24.50965064,0],[108.73738676,24.50964289,0],[108.73739182,24.50963514,0],[108.73739687,24.50962739,0],[108.73740193,24.50961963,0],[108.73740699,24.50961188,0],[108.73741205,24.50960413,0],[108.7374171,24.50959638,0],[108.73742215,24.50958862,0],[108.73742721,24.50958087,0],[108.73743226,24.50957311,0],[108.73743731,24.50956536,0],[108.73744236,24.5095576,0],[108.73744741,24.50954985,0],[108.73745245,24.50954209,0],[108.7374575,24.50953433,0],[108.73746254,24.50952657,0],[108.73746759,24.50951881,0],[108.73747263,24.50951105,0],[108.73747767,24.50950329,0],[108.73748271,24.50949553,0],[108.73748775,24.50948777,0],[108.73749279,24.50948001,0],[108.73749782,24.50947224,0],[108.73750286,24.50946448,0],[108.73750789,24.50945672,0],[108.73751293,24.50944895,0],[108.73751796,24.50944118,0],[108.73752299,24.50943342,0],[108.73752802,24.50942565,0],[108.73753305,24.50941788,0],[108.73753807,24.50941012,0],[108.7375431,24.50940235,0],[108.73754812,24.50939458,0],[108.73755315,24.50938681,0],[108.73755817,24.50937903,0],[108.73756319,24.50937126,0],[108.73756821,24.50936349,0],[108.73757322,24.50935572,0],[108.73757824,24.50934794,0],[108.73758326,24.50934017,0],[108.73758827,24.50933239,0],[108.73759328,24.50932462,0],[108.73759829,24.50931684,0],[108.7376033,24.50930906,0],[108.73760831,24.50930128,0],[108.73761332,24.50929351,0],[108.73761833,24.50928573,0],[108.73762333,24.50927795,0],[108.73762833,24.50927016,0],[108.73763334,24.50926238,0],[108.73763834,24.5092546,0],[108.73764333,24.50924682,0],[108.73764833,24.50923903,0],[108.73765333,24.50923125,0],[108.73765832,24.50922346,0],[108.73766332,24.50921568,0],[108.73766831,24.50920789,0],[108.7376733,24.5092001,0],[108.73767829,24.50919231,0],[108.73768328,24.50918452,0],[108.73768826,24.50917673,0],[108.73769325,24.50916894,0],[108.73769823,24.50916115,0],[108.73770321,24.50915336,0],[108.73770819,24.50914556,0],[108.73771317,24.50913777,0],[108.73771815,24.50912997,0],[108.73772312,24.50912218,0],[108.7377281,24.50911438,0],[108.73773307,24.50910658,0],[108.73773804,24.50909879,0],[108.73774301,24.50909099,0],[108.73774798,24.50908319,0],[108.73775295,24.50907539,0],[108.73775791,24.50906759,0],[108.73776287,24.50905978,0],[108.73776784,24.50905198,0],[108.7377728,24.50904418,0],[108.73777776,24.50903637,0],[108.73778271,24.50902857,0],[108.73778767,24.50902076,0],[108.73779262,24.50901295,0],[108.73779758,24.50900514,0],[108.73780253,24.50899733,0],[108.73780748,24.50898952,0],[108.73781242,24.50898171,0],[108.73781737,24.5089739,0],[108.73782231,24.50896609,0],[108.73782726,24.50895828,0],[108.7378322,24.50895046,0],[108.73783714,24.50894265,0],[108.73784207,24.50893483,0],[108.73784701,24.50892701,0],[108.73785194,24.5089192,0],[108.73785688,24.50891138,0],[108.73786181,24.50890356,0],[108.73786674,24.50889574,0],[108.73787166,24.50888792,0],[108.73787659,24.50888009,0],[108.73788151,24.50887227,0],[108.73788644,24.50886445,0],[108.73789136,24.50885662,0],[108.73789628,24.50884879,0],[108.73790119,24.50884097,0],[108.73790611,24.50883314,0],[108.73791102,24.50882531,0],[108.73791593,24.50881748,0],[108.73792084,24.50880965,0],[108.73792575,24.50880182,0],[108.73793066,24.50879399,0],[108.73793556,24.50878615,0],[108.73794047,24.50877832,0],[108.73794537,24.50877048,0],[108.73795027,24.50876265,0],[108.73795516,24.50875481,0],[108.73796006,24.50874697,0],[108.73796495,24.50873913,0],[108.73796984,24.50873129,0],[108.73797473,24.50872345,0],[108.73797962,24.50871561,0],[108.73798451,24.50870777,0],[108.73798939,24.50869992,0],[108.73799428,24.50869208,0],[108.73799916,24.50868423,0],[108.73800403,24.50867638,0],[108.73800891,24.50866854,0],[108.73801379,24.50866069,0],[108.73801866,24.50865284,0],[108.73802353,24.50864499,0],[108.7380284,24.50863713,0],[108.73803327,24.50862928,0],[108.73803813,24.50862143,0],[108.738043,24.50861357,0],[108.73804786,24.50860572,0],[108.73805272,24.50859786,0],[108.73805757,24.50859,0],[108.73806243,24.50858214,0],[108.73806728,24.50857428,0],[108.73807213,24.50856642,0],[108.73807698,24.50855856,0],[108.73808183,24.50855069,0],[108.73808667,24.50854283,0],[108.73809152,24.50853497,0],[108.73809636,24.5085271,0],[108.7381012,24.50851923,0],[108.73810604,24.50851136,0],[108.73811087,24.50850349,0],[108.7381157,24.50849562,0],[108.73812054,24.50848775,0],[108.73812536,24.50847988,0],[108.73813019,24.508472,0],[108.73813502,24.50846413,0],[108.73813984,24.50845625,0],[108.73814466,24.50844838,0],[108.73814948,24.5084405,0],[108.73815429,24.50843262,0],[108.73815911,24.50842474,0],[108.73816392,24.50841686,0],[108.73816873,24.50840898,0],[108.73817354,24.50840109,0],[108.73817834,24.50839321,0],[108.73818315,24.50838532,0],[108.73818795,24.50837743,0],[108.73819275,24.50836955,0],[108.73819754,24.50836166,0],[108.73820234,24.50835377,0],[108.73820713,24.50834588,0],[108.73821192,24.50833798,0],[108.73821671,24.50833009,0],[108.73822149,24.5083222,0],[108.73822628,24.5083143,0],[108.73823106,24.5083064,0],[108.73823584,24.5082985,0],[108.73824062,24.50829061,0],[108.73824539,24.5082827,0],[108.73825016,24.5082748,0],[108.73825493,24.5082669,0],[108.7382597,24.508259,0],[108.73826447,24.50825109,0],[108.73826923,24.50824319,0],[108.73827399,24.50823528,0],[108.73827875,24.50822737,0],[108.73828351,24.50821946,0],[108.73828826,24.50821155,0],[108.73829301,24.50820364,0],[108.73829776,24.50819572,0],[108.73830251,24.50818781,0],[108.73830725,24.50817989,0],[108.738312,24.50817198,0],[108.73831674,24.50816406,0],[108.73832147,24.50815614,0],[108.73832621,24.50814822,0],[108.73833094,24.5081403,0],[108.73833567,24.50813238,0]]}},{"type":"Feature","id":"route_center-26-43","properties":{"name":"zhix_230561","sourceLayer":"道路中间线","sourceFile":"道路中间线.kml","originalPlacemarkIndex":25,"chainIndex":42,"stroke":"#dffbff","stroke-opacity":0.96,"stroke-width":3.2},"geometry":{"type":"LineString","coordinates":[[108.74265541,24.49131417,0],[108.74267968,24.49301507,0],[108.74260619,24.4947148,0],[108.74243514,24.4964087,0],[108.74216699,24.49809214,0],[108.7418025,24.49976051,0],[108.74134265,24.50140922,0],[108.74078872,24.50303379,0],[108.74014223,24.50462974,0],[108.73940495,24.50619273,0],[108.73857893,24.50771847,0],[108.7383404,24.50812445,0],[108.7383404,24.50812445,0],[108.73833567,24.50813238,0]]}},{"type":"Feature","id":"route_center-26-44","properties":{"name":"zhix_230561","sourceLayer":"道路中间线","sourceFile":"道路中间线.kml","originalPlacemarkIndex":25,"chainIndex":43,"stroke":"#dffbff","stroke-opacity":0.96,"stroke-width":3.2},"geometry":{"type":"LineString","coordinates":[[108.74265541,24.49131417,0],[108.74265503,24.49130515,0],[108.74265465,24.49129613,0],[108.74265427,24.49128711,0],[108.74265388,24.49127809,0],[108.74265349,24.49126906,0],[108.7426531,24.49126004,0],[108.7426527,24.49125102,0],[108.74265231,24.491242,0],[108.74265191,24.49123298,0],[108.74265151,24.49122396,0],[108.7426511,24.49121494,0],[108.74265069,24.49120592,0],[108.74265028,24.4911969,0],[108.74264987,24.49118788,0],[108.74264945,24.49117886,0],[108.74264904,24.49116984,0],[108.74264861,24.49116082,0],[108.74264819,24.4911518,0],[108.74264777,24.49114278,0],[108.74264734,24.49113376,0],[108.74264691,24.49112474,0],[108.74264647,24.49111573,0],[108.74264604,24.49110671,0],[108.7426456,24.49109769,0],[108.74264515,24.49108867,0],[108.74264471,24.49107965,0],[108.74264426,24.49107063,0],[108.74264381,24.49106161,0],[108.74264336,24.4910526,0],[108.74264291,24.49104358,0],[108.74264245,24.49103456,0],[108.74264199,24.49102554,0],[108.74264153,24.49101652,0],[108.74264107,24.4910075,0],[108.7426406,24.49099849,0],[108.74264013,24.49098947,0],[108.74263966,24.49098045,0],[108.74263919,24.49097143,0],[108.74263871,24.49096242,0],[108.74263823,24.4909534,0],[108.74263775,24.49094438,0],[108.74263727,24.49093537,0],[108.74263678,24.49092635,0],[108.74263629,24.49091733,0],[108.7426358,24.49090832,0],[108.74263531,24.4908993,0],[108.74263481,24.49089028,0],[108.74263431,24.49088127,0],[108.74263381,24.49087225,0],[108.74263331,24.49086323,0],[108.74263281,24.49085422,0],[108.7426323,24.4908452,0],[108.74263179,24.49083619,0],[108.74263128,24.49082717,0],[108.74263076,24.49081816,0],[108.74263025,24.49080914,0],[108.74262973,24.49080012,0],[108.74262921,24.49079111,0],[108.74262868,24.49078209,0],[108.74262816,24.49077308,0],[108.74262763,24.49076406,0],[108.7426271,24.49075505,0],[108.74262657,24.49074603,0],[108.74262603,24.49073702,0],[108.74262549,24.49072801,0],[108.74262495,24.49071899,0],[108.74262441,24.49070998,0],[108.74262387,24.49070096,0],[108.74262332,24.49069195,0],[108.74262278,24.49068294,0],[108.74262223,24.49067392,0],[108.74262167,24.49066491,0],[108.74262112,24.49065589,0],[108.74262056,24.49064688,0],[108.74262,24.49063787,0],[108.74261944,24.49062885,0],[108.74261888,24.49061984,0],[108.74261831,24.49061083,0],[108.74261775,24.49060182,0],[108.74261718,24.4905928,0],[108.7426166,24.49058379,0],[108.74261603,24.49057478,0],[108.74261545,24.49056576,0],[108.74261488,24.49055675,0],[108.7426143,24.49054774,0],[108.74261371,24.49053873,0],[108.74261313,24.49052972,0],[108.74261254,24.4905207,0],[108.74261195,24.49051169,0],[108.74261136,24.49050268,0],[108.74261077,24.49049367,0],[108.74261018,24.49048466,0],[108.74260958,24.49047565,0],[108.74260898,24.49046664,0],[108.74260838,24.49045762,0],[108.74260778,24.49044861,0],[108.74260717,24.4904396,0],[108.74260657,24.49043059,0],[108.74260596,24.49042158,0],[108.74260535,24.49041257,0],[108.74260474,24.49040356,0],[108.74260412,24.49039455,0],[108.74260351,24.49038554,0],[108.74260289,24.49037653,0],[108.74260227,24.49036752,0],[108.74260165,24.49035851,0],[108.74260102,24.4903495,0],[108.7426004,24.49034049,0],[108.74259977,24.49033148,0],[108.74259914,24.49032247,0],[108.74259851,24.49031346,0],[108.74259788,24.49030445,0],[108.74259724,24.49029544,0],[108.7425966,24.49028643,0],[108.74259596,24.49027743,0],[108.74259532,24.49026842,0],[108.74259468,24.49025941,0],[108.74259404,24.4902504,0],[108.74259339,24.49024139,0],[108.74259274,24.49023238,0],[108.74259209,24.49022337,0],[108.74259144,24.49021437,0],[108.74259079,24.49020536,0],[108.74259013,24.49019635,0],[108.74258948,24.49018734,0],[108.74258882,24.49017834,0],[108.74258816,24.49016933,0],[108.74258749,24.49016032,0],[108.74258683,24.49015131,0],[108.74258617,24.49014231,0],[108.7425855,24.4901333,0],[108.74258483,24.49012429,0],[108.74258416,24.49011528,0],[108.74258349,24.49010628,0],[108.74258281,24.49009727,0],[108.74258214,24.49008826,0],[108.74258146,24.49007926,0],[108.74258078,24.49007025,0],[108.7425801,24.49006124,0],[108.74257942,24.49005224,0],[108.74257873,24.49004323,0],[108.74257805,24.49003423,0],[108.74257736,24.49002522,0],[108.74257667,24.49001621,0],[108.74257598,24.49000721,0],[108.74257529,24.4899982,0],[108.74257459,24.4899892,0],[108.7425739,24.48998019,0],[108.7425732,24.48997119,0],[108.7425725,24.48996218,0],[108.7425718,24.48995318,0],[108.7425711,24.48994417,0],[108.7425704,24.48993517,0],[108.74256969,24.48992616,0],[108.74256899,24.48991716,0],[108.74256828,24.48990815,0],[108.74256757,24.48989915,0],[108.74256686,24.48989014,0],[108.74256615,24.48988114,0],[108.74256543,24.48987214,0],[108.74256472,24.48986313,0],[108.742564,24.48985413,0],[108.74256328,24.48984512,0],[108.74256257,24.48983612,0],[108.74256184,24.48982712,0],[108.74256112,24.48981811,0],[108.7425604,24.48980911,0],[108.74255967,24.48980011,0],[108.74255895,24.4897911,0],[108.74255822,24.4897821,0],[108.74255749,24.4897731,0],[108.74255676,24.48976409,0],[108.74255602,24.48975509,0],[108.74255529,24.48974609,0],[108.74255456,24.48973708,0],[108.74255382,24.48972808,0],[108.74255308,24.48971908,0],[108.74255234,24.48971008,0],[108.7425516,24.48970107,0],[108.74255086,24.48969207,0],[108.74255012,24.48968307,0],[108.74254937,24.48967407,0],[108.74254863,24.48966507,0],[108.74254788,24.48965606,0],[108.74254713,24.48964706,0],[108.74254638,24.48963806,0],[108.74254563,24.48962906,0],[108.74254488,24.48962006,0],[108.74254412,24.48961106,0],[108.74254337,24.48960205,0],[108.74254261,24.48959305,0],[108.74254186,24.48958405,0],[108.7425411,24.48957505,0],[108.74254034,24.48956605,0],[108.74253958,24.48955705,0],[108.74253881,24.48954805,0],[108.74253805,24.48953905,0],[108.74253729,24.48953005,0],[108.74253652,24.48952105,0],[108.74253575,24.48951205,0],[108.74253499,24.48950305,0],[108.74253422,24.48949405,0],[108.74253345,24.48948504,0],[108.74253267,24.48947604,0],[108.7425319,24.48946704,0],[108.74253113,24.48945804,0],[108.74253035,24.48944904,0],[108.74252958,24.48944004,0],[108.7425288,24.48943104,0],[108.74252802,24.48942205,0],[108.74252724,24.48941305,0],[108.74252646,24.48940405,0],[108.74252568,24.48939505,0],[108.7425249,24.48938605,0],[108.74252411,24.48937705,0],[108.74252333,24.48936805,0],[108.74252254,24.48935905,0],[108.74252176,24.48935005,0],[108.74252097,24.48934105,0],[108.74252018,24.48933205,0],[108.74251939,24.48932305,0],[108.7425186,24.48931405,0],[108.74251781,24.48930506,0],[108.74251701,24.48929606,0],[108.74251622,24.48928706,0],[108.74251542,24.48927806,0],[108.74251463,24.48926906,0],[108.74251383,24.48926006,0],[108.74251303,24.48925107,0],[108.74251224,24.48924207,0],[108.74251144,24.48923307,0],[108.74251064,24.48922407,0],[108.74250983,24.48921507,0],[108.74250903,24.48920608,0],[108.74250823,24.48919708,0],[108.74250742,24.48918808,0],[108.74250662,24.48917908,0],[108.74250581,24.48917008,0],[108.74250501,24.48916109,0],[108.7425042,24.48915209,0],[108.74250339,24.48914309,0],[108.74250258,24.48913409,0],[108.74250177,24.4891251,0],[108.74250096,24.4891161,0],[108.74250015,24.4891071,0],[108.74249933,24.48909811,0],[108.74249852,24.48908911,0],[108.74249771,24.48908011,0],[108.74249689,24.48907111,0],[108.74249608,24.48906212,0],[108.74249526,24.48905312,0],[108.74249444,24.48904412,0],[108.74249362,24.48903513,0],[108.7424928,24.48902613,0],[108.74249198,24.48901713,0],[108.74249116,24.48900814,0],[108.74249034,24.48899914,0],[108.74248952,24.48899014,0],[108.7424887,24.48898115,0],[108.74248788,24.48897215,0],[108.74248705,24.48896316,0],[108.74248623,24.48895416,0],[108.7424854,24.48894516,0],[108.74248457,24.48893617,0],[108.74248375,24.48892717,0],[108.74248292,24.48891817,0],[108.74248209,24.48890918,0],[108.74248126,24.48890018,0],[108.74248043,24.48889119,0],[108.7424796,24.48888219,0],[108.74247877,24.4888732,0],[108.74247794,24.4888642,0],[108.74247711,24.4888552,0],[108.74247628,24.48884621,0],[108.74247544,24.48883721,0],[108.74247461,24.48882822,0],[108.74247378,24.48881922,0],[108.74247294,24.48881023,0],[108.74247211,24.48880123,0],[108.74247127,24.48879224,0],[108.74247043,24.48878324,0],[108.7424696,24.48877424,0],[108.74246876,24.48876525,0],[108.74246792,24.48875625,0],[108.74246708,24.48874726,0],[108.74246624,24.48873826,0],[108.7424654,24.48872927,0],[108.74246456,24.48872027,0],[108.74246372,24.48871128,0],[108.74246288,24.48870228,0],[108.74246204,24.48869329,0],[108.7424612,24.48868429,0],[108.74246036,24.4886753,0],[108.74245951,24.4886663,0],[108.74245867,24.48865731,0],[108.74245783,24.48864831,0],[108.74245698,24.48863932,0],[108.74245614,24.48863033,0],[108.74245529,24.48862133,0],[108.74245445,24.48861234,0],[108.7424536,24.48860334,0],[108.74245276,24.48859435,0],[108.74245191,24.48858535,0],[108.74245106,24.48857636,0],[108.74245022,24.48856736,0],[108.74244937,24.48855837,0],[108.74244852,24.48854937,0],[108.74244767,24.48854038,0],[108.74244682,24.48853139,0],[108.74244597,24.48852239,0],[108.74244512,24.4885134,0],[108.74244428,24.4885044,0],[108.74244343,24.48849541,0],[108.74244258,24.48848641,0],[108.74244173,24.48847742,0],[108.74244087,24.48846843,0],[108.74244002,24.48845943,0],[108.74243917,24.48845044,0],[108.74243832,24.48844144,0],[108.74243747,24.48843245,0],[108.74243662,24.48842345,0],[108.74243577,24.48841446,0],[108.74243491,24.48840547,0],[108.74243406,24.48839647,0],[108.74243321,24.48838748,0],[108.74243235,24.48837848,0],[108.7424315,24.48836949,0],[108.74243065,24.4883605,0],[108.74242979,24.4883515,0],[108.74242894,24.48834251,0],[108.74242809,24.48833351,0],[108.74242723,24.48832452,0],[108.74242638,24.48831553,0],[108.74242552,24.48830653,0],[108.74242467,24.48829754,0],[108.74242382,24.48828854,0],[108.74242296,24.48827955,0],[108.74242211,24.48827056,0],[108.74242125,24.48826156,0],[108.7424204,24.48825257,0],[108.74241954,24.48824358,0],[108.74241869,24.48823458,0],[108.74241783,24.48822559,0],[108.74241698,24.48821659,0],[108.74241612,24.4882076,0],[108.74241527,24.48819861,0],[108.74241441,24.48818961,0],[108.74241356,24.48818062,0],[108.7424127,24.48817162,0],[108.74241185,24.48816263,0],[108.7407329,24.47050501,0]]}},{"type":"Feature","id":"route_center-27-1","properties":{"name":"zhix_239386","sourceLayer":"道路中间线","sourceFile":"道路中间线.kml","originalPlacemarkIndex":26,"chainIndex":0,"stroke":"#dffbff","stroke-opacity":0.96,"stroke-width":3.2},"geometry":{"type":"LineString","coordinates":[[108.74075675,24.53546686,0],[108.7407493,24.53546094,0],[108.74074185,24.53545502,0],[108.7407344,24.5354491,0],[108.74072695,24.53544318,0],[108.7407195,24.53543726,0],[108.74071205,24.53543134,0],[108.7407046,24.53542542,0],[108.74069715,24.53541949,0],[108.7406897,24.53541357,0],[108.74068225,24.53540765,0],[108.7406748,24.53540173,0],[108.74066736,24.53539581,0],[108.74065991,24.53538989,0],[108.74065246,24.53538397,0],[108.74064501,24.53537804,0],[108.74063756,24.53537212,0],[108.74063011,24.5353662,0],[108.74062266,24.53536028,0],[108.74061522,24.53535435,0],[108.74060777,24.53534843,0],[108.74060032,24.53534251,0],[108.74059287,24.53533658,0],[108.74058543,24.53533066,0],[108.74057798,24.53532473,0],[108.74057053,24.53531881,0],[108.74056309,24.53531288,0],[108.74055564,24.53530696,0],[108.7405482,24.53530103,0],[108.74054075,24.5352951,0],[108.74053331,24.53528918,0],[108.74052587,24.53528325,0],[108.74051842,24.53527732,0],[108.74051098,24.53527139,0],[108.74050354,24.53526547,0],[108.7404961,24.53525954,0],[108.74048866,24.53525361,0],[108.74048121,24.53524768,0],[108.74047377,24.53524174,0],[108.74046633,24.53523581,0],[108.7404589,24.53522988,0],[108.74045146,24.53522395,0],[108.74044402,24.53521802,0],[108.74043658,24.53521208,0],[108.74042914,24.53520615,0],[108.74042171,24.53520021,0],[108.74041427,24.53519428,0],[108.74040684,24.53518834,0],[108.7403994,24.5351824,0],[108.74039197,24.53517646,0],[108.74038454,24.53517053,0],[108.7403771,24.53516459,0],[108.74036967,24.53515865,0],[108.74036224,24.53515271,0],[108.74035481,24.53514676,0],[108.74034738,24.53514082,0],[108.74033995,24.53513488,0],[108.74033253,24.53512893,0],[108.7403251,24.53512299,0],[108.74031767,24.53511704,0],[108.74031025,24.5351111,0],[108.74030282,24.53510515,0],[108.7402954,24.5350992,0],[108.74028798,24.53509325,0],[108.74028056,24.5350873,0],[108.74027313,24.53508135,0],[108.74026571,24.5350754,0],[108.7402583,24.53506944,0],[108.74025088,24.53506349,0],[108.74024346,24.53505753,0],[108.74023604,24.53505158,0],[108.74022863,24.53504562,0],[108.74022122,24.53503966,0],[108.7402138,24.5350337,0],[108.74020639,24.53502774,0],[108.74019898,24.53502178,0],[108.74019157,24.53501582,0],[108.74018416,24.53500985,0],[108.74017675,24.53500389,0],[108.74016935,24.53499792,0],[108.74016194,24.53499196,0],[108.74015454,24.53498599,0],[108.74014713,24.53498002,0],[108.74013973,24.53497405,0],[108.74013233,24.53496808,0],[108.74012493,24.5349621,0],[108.74011753,24.53495613,0],[108.74011013,24.53495015,0],[108.74010274,24.53494417,0],[108.74009534,24.5349382,0],[108.74008795,24.53493222,0],[108.74008056,24.53492624,0],[108.74007317,24.53492025,0],[108.74006578,24.53491427,0],[108.74005839,24.53490828,0],[108.740051,24.5349023,0],[108.74004362,24.53489631,0],[108.74003623,24.53489032,0],[108.74002885,24.53488433,0],[108.74002147,24.53487834,0],[108.74001409,24.53487235,0],[108.74000671,24.53486635,0],[108.73999933,24.53486035,0],[108.73999196,24.53485436,0],[108.73998458,24.53484836,0],[108.73997721,24.53484236,0],[108.73996984,24.53483635,0],[108.73996247,24.53483035,0],[108.7399551,24.53482434,0],[108.73994773,24.53481834,0],[108.73994037,24.53481233,0],[108.739933,24.53480632,0],[108.73992564,24.5348003,0],[108.73991828,24.53479429,0],[108.73991092,24.53478827,0],[108.73990357,24.53478226,0],[108.73989621,24.53477624,0],[108.73988886,24.53477022,0],[108.7398815,24.5347642,0],[108.73987415,24.53475817,0],[108.7398668,24.53475215,0],[108.73985946,24.53474612,0],[108.73985211,24.53474009,0],[108.73984477,24.53473406,0],[108.73983743,24.53472803,0],[108.73983009,24.53472199,0],[108.73982275,24.53471596,0],[108.73981541,24.53470992,0],[108.73980808,24.53470388,0],[108.73980074,24.53469784,0],[108.73979341,24.53469179,0],[108.73978608,24.53468575,0],[108.73977876,24.5346797,0],[108.73977143,24.53467365,0],[108.73976411,24.5346676,0],[108.73975679,24.53466154,0],[108.73974947,24.53465549,0],[108.73974215,24.53464943,0],[108.73973483,24.53464337,0],[108.73972752,24.53463731,0],[108.73972021,24.53463125,0],[108.7397129,24.53462518,0],[108.73970559,24.53461911,0],[108.73969829,24.53461305,0],[108.73969098,24.53460697,0],[108.73968368,24.5346009,0],[108.73967638,24.53459482,0],[108.73966909,24.53458875,0],[108.73966179,24.53458267,0],[108.7396545,24.53457658,0],[108.73964721,24.5345705,0],[108.73963992,24.53456441,0],[108.73963263,24.53455832,0],[108.73962535,24.53455223,0],[108.73961807,24.53454614,0],[108.73961079,24.53454004,0],[108.73960351,24.53453395,0],[108.73959623,24.53452785,0],[108.73958896,24.53452174,0],[108.73958169,24.53451564,0],[108.73957442,24.53450953,0],[108.73956716,24.53450342,0],[108.73955989,24.53449731,0],[108.73955263,24.5344912,0],[108.73954537,24.53448508,0],[108.73953811,24.53447897,0],[108.73953086,24.53447284,0],[108.73952361,24.53446672,0],[108.73951636,24.5344606,0],[108.73950911,24.53445447,0],[108.73950187,24.53444834,0],[108.73949463,24.5344422,0],[108.73948739,24.53443607,0],[108.73948015,24.53442993,0],[108.73947292,24.53442379,0],[108.73946568,24.53441765,0],[108.73945845,24.5344115,0],[108.73945123,24.53440535,0],[108.739444,24.5343992,0],[108.73943678,24.53439305,0],[108.73942956,24.5343869,0],[108.73942235,24.53438074,0],[108.73941513,24.53437458,0],[108.73940792,24.53436841,0],[108.73940071,24.53436225,0],[108.73939351,24.53435608,0],[108.73938631,24.53434991,0],[108.73937911,24.53434373,0],[108.73937191,24.53433756,0],[108.73936471,24.53433138,0],[108.73935752,24.5343252,0],[108.73935033,24.53431901,0],[108.73934315,24.53431282,0],[108.73933596,24.53430663,0],[108.73932878,24.53430044,0],[108.7393216,24.53429424,0],[108.73931443,24.53428805,0],[108.73930726,24.53428184,0],[108.73930009,24.53427564,0],[108.73929292,24.53426943,0],[108.73928576,24.53426322,0],[108.7392786,24.53425701,0],[108.73927144,24.5342508,0],[108.73926429,24.53424458,0],[108.73925714,24.53423836,0],[108.73924999,24.53423213,0],[108.73924284,24.5342259,0],[108.7392357,24.53421967,0],[108.73922856,24.53421344,0],[108.73922142,24.53420721,0],[108.73921429,24.53420097,0],[108.73920716,24.53419472,0],[108.73920004,24.53418848,0],[108.73919291,24.53418223,0],[108.73918579,24.53417598,0],[108.73917867,24.53416973,0],[108.73917156,24.53416347,0],[108.73916445,24.53415721,0],[108.73915734,24.53415095,0],[108.73915024,24.53414468,0],[108.73914314,24.53413841,0],[108.73913604,24.53413214,0],[108.73912894,24.53412586,0],[108.73912185,24.53411959,0],[108.73911476,24.5341133,0],[108.73910768,24.53410702,0],[108.7391006,24.53410073,0],[108.73909352,24.53409444,0],[108.73908645,24.53408815,0],[108.73907938,24.53408185,0]]}},{"type":"Feature","id":"route_center-27-2","properties":{"name":"zhix_239386","sourceLayer":"道路中间线","sourceFile":"道路中间线.kml","originalPlacemarkIndex":26,"chainIndex":1,"stroke":"#dffbff","stroke-opacity":0.96,"stroke-width":3.2},"geometry":{"type":"LineString","coordinates":[[108.73907231,24.53407555,0],[108.73834889,24.53339812,0],[108.73766543,24.53268714,0],[108.73702381,24.53194455,0],[108.73642577,24.53117238,0],[108.73587296,24.53037275,0],[108.73536688,24.52954784,0],[108.73490893,24.52869991,0],[108.73450034,24.52783128,0],[108.73414225,24.52694433,0],[108.73383562,24.52604149,0],[108.73358131,24.52512523,0],[108.73338,24.52419807,0],[108.73323224,24.52326253,0],[108.73313844,24.52232119,0],[108.73309886,24.52137662,0],[108.7331136,24.52043141,0],[108.73318262,24.51948816,0],[108.73330574,24.51854944,0],[108.73348261,24.51761784,0],[108.73371276,24.5166959,0],[108.73399555,24.51578616,0],[108.73433022,24.51489112,0],[108.73471584,24.51401322,0],[108.73515136,24.51315487,0],[108.73563559,24.51231844,0],[108.73563974,24.5123117,0],[108.73563974,24.5123117,0]]}},{"type":"Feature","id":"route_center-27-3","properties":{"name":"zhix_239386","sourceLayer":"道路中间线","sourceFile":"道路中间线.kml","originalPlacemarkIndex":26,"chainIndex":2,"stroke":"#dffbff","stroke-opacity":0.96,"stroke-width":3.2},"geometry":{"type":"LineString","coordinates":[[108.73907938,24.53408185,0],[108.73907231,24.53407555,0]]}},{"type":"Feature","id":"route_center-27-4","properties":{"name":"zhix_239386","sourceLayer":"道路中间线","sourceFile":"道路中间线.kml","originalPlacemarkIndex":26,"chainIndex":3,"stroke":"#dffbff","stroke-opacity":0.96,"stroke-width":3.2},"geometry":{"type":"LineString","coordinates":[[108.73563974,24.5123117,0],[108.73564457,24.51230383,0],[108.73564941,24.51229596,0],[108.73565425,24.51228809,0],[108.73565909,24.51228023,0],[108.73566394,24.51227236,0],[108.73566879,24.5122645,0],[108.73567365,24.51225664,0],[108.73567851,24.51224879,0],[108.73568338,24.51224093,0],[108.73568824,24.51223308,0],[108.73569312,24.51222523,0],[108.735698,24.51221738,0],[108.73570288,24.51220954,0],[108.73570776,24.5122017,0],[108.73571265,24.51219385,0],[108.73571754,24.51218601,0],[108.73572244,24.51217818,0],[108.73572734,24.51217034,0],[108.73573225,24.51216251,0],[108.73573716,24.51215468,0],[108.73574207,24.51214685,0],[108.73574699,24.51213902,0],[108.73575191,24.5121312,0],[108.73575683,24.51212337,0],[108.73576176,24.51211555,0],[108.73576669,24.51210773,0],[108.73577163,24.51209992,0],[108.73577657,24.5120921,0],[108.73578151,24.51208429,0],[108.73578646,24.51207648,0],[108.73579141,24.51206867,0],[108.73579637,24.51206086,0],[108.73580133,24.51205305,0],[108.73580629,24.51204525,0],[108.73581125,24.51203745,0],[108.73581622,24.51202965,0],[108.7358212,24.51202186,0],[108.73582617,24.51201406,0],[108.73583115,24.51200627,0],[108.73583614,24.51199848,0],[108.73584112,24.51199069,0],[108.73584611,24.5119829,0],[108.73585111,24.51197511,0],[108.73585611,24.51196733,0],[108.73586111,24.51195955,0],[108.73586611,24.51195176,0],[108.73587112,24.51194399,0],[108.73587613,24.51193621,0],[108.73588115,24.51192843,0],[108.73588616,24.51192066,0],[108.73589118,24.51191289,0],[108.73589621,24.51190512,0],[108.73590124,24.51189735,0],[108.73590627,24.51188959,0],[108.7359113,24.51188182,0],[108.73591634,24.51187406,0],[108.73592138,24.5118663,0],[108.73592643,24.51185854,0],[108.73593147,24.51185078,0],[108.73593652,24.51184303,0],[108.73594158,24.51183527,0],[108.73594663,24.51182752,0],[108.73595169,24.51181977,0],[108.73595676,24.51181202,0],[108.73596182,24.51180427,0],[108.73596689,24.51179653,0],[108.73597196,24.51178878,0],[108.73597704,24.51178104,0],[108.73598211,24.5117733,0],[108.73598719,24.51176556,0],[108.73599228,24.51175783,0],[108.73599737,24.51175009,0],[108.73600245,24.51174236,0],[108.73600755,24.51173462,0],[108.73601264,24.51172689,0],[108.73601774,24.51171916,0],[108.73602284,24.51171143,0],[108.73602795,24.51170371,0],[108.73603305,24.51169598,0],[108.73603816,24.51168826,0],[108.73604327,24.51168054,0],[108.73604839,24.51167282,0],[108.73605351,24.5116651,0],[108.73605863,24.51165738,0],[108.73606375,24.51164967,0],[108.73606887,24.51164195,0],[108.736074,24.51163424,0],[108.73607913,24.51162653,0],[108.73608427,24.51161882,0],[108.7360894,24.51161111,0],[108.73609454,24.5116034,0],[108.73609968,24.5115957,0],[108.73610483,24.51158799,0],[108.73610997,24.51158029,0],[108.73611512,24.51157259,0],[108.73612027,24.51156489,0],[108.73612543,24.51155719,0],[108.73613058,24.51154949,0],[108.73613574,24.5115418,0],[108.7361409,24.5115341,0],[108.73614606,24.51152641,0],[108.73615123,24.51151872,0],[108.7361564,24.51151103,0],[108.73616157,24.51150334,0],[108.73616674,24.51149565,0],[108.73617191,24.51148796,0],[108.73617709,24.51148028,0],[108.73618227,24.5114726,0],[108.73618745,24.51146491,0],[108.73619264,24.51145723,0],[108.73619782,24.51144955,0],[108.73620301,24.51144187,0],[108.7362082,24.51143419,0],[108.73621339,24.51142652,0],[108.73621859,24.51141884,0],[108.73622378,24.51141117,0],[108.73622898,24.51140349,0],[108.73623418,24.51139582,0],[108.73623939,24.51138815,0],[108.73624459,24.51138048,0],[108.7362498,24.51137281,0],[108.73625501,24.51136515,0],[108.73626022,24.51135748,0],[108.73626543,24.51134981,0],[108.73627064,24.51134215,0],[108.73627586,24.51133449,0],[108.73628108,24.51132682,0],[108.7362863,24.51131916,0],[108.73629152,24.5113115,0],[108.73629674,24.51130385,0],[108.73630197,24.51129619,0],[108.7363072,24.51128853,0],[108.73631243,24.51128088,0],[108.73631766,24.51127322,0],[108.73632289,24.51126557,0],[108.73632813,24.51125791,0],[108.73633336,24.51125026,0],[108.7363386,24.51124261,0],[108.73634384,24.51123496,0],[108.73634908,24.51122731,0],[108.73635432,24.51121967,0],[108.73635957,24.51121202,0],[108.73636482,24.51120437,0],[108.73637006,24.51119673,0],[108.73637531,24.51118908,0],[108.73638056,24.51118144,0],[108.73638582,24.5111738,0],[108.73639107,24.51116616,0],[108.73639632,24.51115852,0],[108.73640158,24.51115088,0],[108.73640684,24.51114324,0],[108.7364121,24.5111356,0],[108.73641736,24.51112796,0],[108.73642262,24.51112032,0],[108.73642789,24.51111269,0],[108.73643315,24.51110505,0],[108.73643842,24.51109742,0],[108.73644369,24.51108979,0],[108.73644896,24.51108215,0],[108.73645423,24.51107452,0],[108.7364595,24.51106689,0],[108.73646477,24.51105926,0],[108.73647005,24.51105163,0],[108.73647532,24.511044,0],[108.7364806,24.51103637,0],[108.73648588,24.51102874,0],[108.73649115,24.51102112,0],[108.73649644,24.51101349,0],[108.73650172,24.51100587,0],[108.736507,24.51099824,0],[108.73651228,24.51099062,0],[108.73651757,24.51098299,0],[108.73652285,24.51097537,0],[108.73652814,24.51096775,0],[108.73653343,24.51096012,0],[108.73653872,24.5109525,0],[108.73654401,24.51094488,0],[108.7365493,24.51093726,0],[108.73655459,24.51092964,0],[108.73655988,24.51092202,0],[108.73656517,24.5109144,0],[108.73657047,24.51090679,0],[108.73657576,24.51089917,0],[108.73658106,24.51089155,0],[108.73658636,24.51088393,0],[108.73659165,24.51087632,0],[108.73659695,24.5108687,0],[108.73660225,24.51086109,0],[108.73660755,24.51085347,0],[108.73661285,24.51084586,0],[108.73661815,24.51083824,0],[108.73662345,24.51083063,0],[108.73662876,24.51082302,0],[108.73663406,24.5108154,0],[108.73663936,24.51080779,0],[108.73664467,24.51080018,0],[108.73664997,24.51079257,0],[108.73665528,24.51078496,0],[108.73666059,24.51077734,0],[108.73666589,24.51076973,0],[108.7366712,24.51076212,0],[108.73667651,24.51075451,0],[108.73668182,24.5107469,0],[108.73668713,24.51073929,0],[108.73669244,24.51073169,0],[108.73669775,24.51072408,0],[108.73670306,24.51071647,0],[108.73670837,24.51070886,0],[108.73671368,24.51070125,0],[108.73671899,24.51069364,0],[108.7367243,24.51068603,0],[108.73672962,24.51067843,0],[108.73673493,24.51067082,0],[108.73674024,24.51066321,0],[108.73674556,24.51065561,0],[108.73675087,24.510648,0],[108.73675618,24.51064039,0],[108.7367615,24.51063279,0],[108.73676681,24.51062518,0],[108.73677213,24.51061757,0],[108.73677744,24.51060997,0],[108.73678276,24.51060236,0],[108.73678807,24.51059475,0],[108.73679339,24.51058715,0],[108.7367987,24.51057954,0],[108.73680402,24.51057194,0],[108.73680933,24.51056433,0],[108.73681465,24.51055672,0],[108.73681996,24.51054912,0],[108.73682528,24.51054151,0],[108.73683059,24.51053391,0],[108.73683591,24.5105263,0],[108.73684122,24.5105187,0],[108.73684654,24.51051109,0],[108.73685185,24.51050348,0],[108.73685717,24.51049588,0],[108.73686249,24.51048827,0],[108.7368678,24.51048067,0],[108.73687312,24.51047306,0],[108.73687843,24.51046545,0],[108.73688375,24.51045785,0],[108.73688906,24.51045024,0],[108.73689438,24.51044264,0],[108.73689969,24.51043503,0],[108.73690501,24.51042742,0],[108.73691032,24.51041982,0],[108.73691563,24.51041221,0],[108.73692095,24.5104046,0],[108.73692626,24.510397,0],[108.73693158,24.51038939,0],[108.73693689,24.51038178,0],[108.7369422,24.51037418,0],[108.73694752,24.51036657,0],[108.73695283,24.51035896,0],[108.73695814,24.51035136,0],[108.73696346,24.51034375,0],[108.73696877,24.51033614,0],[108.73697408,24.51032853,0],[108.73697939,24.51032093,0],[108.73698471,24.51031332,0],[108.73699002,24.51030571,0],[108.73699533,24.5102981,0],[108.73700064,24.51029049,0],[108.73700595,24.51028289,0],[108.73701126,24.51027528,0],[108.73701657,24.51026767,0],[108.73702188,24.51026006,0],[108.73702719,24.51025245,0],[108.7370325,24.51024484,0],[108.73703781,24.51023723,0],[108.73704312,24.51022962,0],[108.73704843,24.51022201,0],[108.73705374,24.5102144,0],[108.73705905,24.51020679,0],[108.73706436,24.51019918,0],[108.73706966,24.51019157,0],[108.73707497,24.51018396,0],[108.73708028,24.51017635,0],[108.73708558,24.51016874,0],[108.73709089,24.51016113,0],[108.7370962,24.51015352,0],[108.7371015,24.5101459,0],[108.73710681,24.51013829,0],[108.73711211,24.51013068,0],[108.73711741,24.51012307,0],[108.73712272,24.51011546,0],[108.73712802,24.51010784,0],[108.73713332,24.51010023,0],[108.73713863,24.51009262,0],[108.73714393,24.510085,0],[108.73714923,24.51007739,0],[108.73715453,24.51006977,0],[108.73715983,24.51006216,0],[108.73716513,24.51005454,0],[108.73717043,24.51004693,0],[108.73717573,24.51003931,0],[108.73718103,24.5100317,0],[108.73718632,24.51002408,0],[108.73719162,24.51001646,0],[108.73719692,24.51000885,0],[108.73720222,24.51000123,0],[108.73720751,24.50999361,0],[108.73721281,24.509986,0],[108.7372181,24.50997838,0],[108.73722339,24.50997076,0],[108.73722869,24.50996314,0],[108.73723398,24.50995552,0],[108.73723927,24.5099479,0],[108.73724457,24.50994028,0],[108.73724986,24.50993266,0],[108.73725515,24.50992504,0],[108.73726044,24.50991742,0],[108.73726573,24.5099098,0],[108.73727101,24.50990218,0],[108.7372763,24.50989456,0],[108.73728159,24.50988694,0],[108.73728688,24.50987931,0],[108.73729216,24.50987169,0],[108.73729745,24.50986407,0],[108.73730273,24.50985644,0],[108.73730802,24.50984882,0],[108.7373133,24.50984119,0],[108.73731858,24.50983357,0],[108.73732386,24.50982594,0],[108.73732914,24.50981832,0],[108.73733442,24.50981069,0],[108.7373397,24.50980306,0],[108.73734498,24.50979544,0],[108.73735026,24.50978781,0],[108.73735554,24.50978018,0],[108.73736081,24.50977255,0],[108.73736609,24.50976492,0],[108.73737136,24.50975729,0],[108.73737664,24.50974966,0],[108.73738191,24.50974203,0],[108.73738718,24.5097344,0],[108.73739246,24.50972677,0],[108.73739773,24.50971914,0],[108.737403,24.50971151,0],[108.73740827,24.50970388,0],[108.73741353,24.50969624,0],[108.7374188,24.50968861,0],[108.73742407,24.50968097,0],[108.73742933,24.50967334,0],[108.7374346,24.5096657,0],[108.73743986,24.50965807,0],[108.73744513,24.50965043,0],[108.73745039,24.5096428,0],[108.73745565,24.50963516,0],[108.73746091,24.50962752,0],[108.73746617,24.50961988,0],[108.73747143,24.50961224,0],[108.73747668,24.5096046,0],[108.73748194,24.50959696,0],[108.7374872,24.50958932,0],[108.73749245,24.50958168,0],[108.7374977,24.50957404,0],[108.73750296,24.5095664,0],[108.73750821,24.50955876,0],[108.73751346,24.50955111,0],[108.73751871,24.50954347,0],[108.73752396,24.50953582,0],[108.73752921,24.50952818,0],[108.73753445,24.50952053,0],[108.7375397,24.50951289,0],[108.73754494,24.50950524,0],[108.73755019,24.50949759,0],[108.73755543,24.50948994,0],[108.73756067,24.50948229,0],[108.73756591,24.50947465,0],[108.73757115,24.509467,0],[108.73757639,24.50945934,0],[108.73758162,24.50945169,0],[108.73758686,24.50944404,0],[108.73759209,24.50943639,0],[108.73759733,24.50942874,0],[108.73760256,24.50942108,0],[108.73760779,24.50941343,0],[108.73761302,24.50940577,0],[108.73761825,24.50939812,0],[108.73762348,24.50939046,0],[108.7376287,24.5093828,0],[108.73763393,24.50937515,0],[108.73763915,24.50936749,0],[108.73764438,24.50935983,0],[108.7376496,24.50935217,0],[108.73765482,24.50934451,0],[108.73766004,24.50933685,0],[108.73766526,24.50932918,0],[108.73767048,24.50932152,0],[108.73767569,24.50931386,0],[108.73768091,24.50930619,0],[108.73768612,24.50929853,0],[108.73769133,24.50929086,0],[108.73769654,24.5092832,0],[108.73770175,24.50927553,0],[108.73770696,24.50926786,0],[108.73771217,24.50926019,0],[108.73771737,24.50925253,0],[108.73772258,24.50924486,0],[108.73772778,24.50923718,0],[108.73773298,24.50922951,0],[108.73773818,24.50922184,0],[108.73774338,24.50921417,0],[108.73774858,24.50920649,0],[108.73775377,24.50919882,0],[108.73775897,24.50919114,0],[108.73776416,24.50918347,0],[108.73776935,24.50917579,0],[108.73777454,24.50916811,0],[108.73777973,24.50916044,0],[108.73778492,24.50915276,0],[108.73779011,24.50914508,0],[108.73779529,24.5091374,0],[108.73780048,24.50912971,0],[108.73780566,24.50912203,0],[108.73781084,24.50911435,0],[108.73781602,24.50910666,0],[108.7378212,24.50909898,0],[108.73782637,24.50909129,0],[108.73783155,24.50908361,0],[108.73783672,24.50907592,0],[108.73784189,24.50906823,0],[108.73784706,24.50906054,0],[108.73785223,24.50905285,0],[108.7378574,24.50904516,0],[108.73786257,24.50903747,0],[108.73786773,24.50902978,0],[108.73787289,24.50902208,0],[108.73787805,24.50901439,0],[108.73788321,24.5090067,0],[108.73788837,24.508999,0],[108.73789353,24.5089913,0],[108.73789868,24.5089836,0],[108.73790384,24.50897591,0],[108.73790899,24.50896821,0],[108.73791414,24.50896051,0],[108.73791929,24.5089528,0],[108.73792443,24.5089451,0],[108.73792958,24.5089374,0],[108.73793472,24.5089297,0],[108.73793986,24.50892199,0],[108.737945,24.50891428,0],[108.73795014,24.50890658,0],[108.73795528,24.50889887,0],[108.73796041,24.50889116,0],[108.73796555,24.50888345,0],[108.73797068,24.50887574,0],[108.73797581,24.50886803,0],[108.73798094,24.50886032,0],[108.73798607,24.5088526,0],[108.73799119,24.50884489,0],[108.73799631,24.50883717,0],[108.73800143,24.50882946,0],[108.73800655,24.50882174,0],[108.73801167,24.50881402,0],[108.73801679,24.5088063,0],[108.7380219,24.50879858,0],[108.73802702,24.50879086,0],[108.73803213,24.50878314,0],[108.73803724,24.50877542,0],[108.73804234,24.50876769,0],[108.73804745,24.50875997,0],[108.73805255,24.50875224,0],[108.73805765,24.50874451,0],[108.73806275,24.50873678,0],[108.73806785,24.50872905,0],[108.73807295,24.50872132,0],[108.73807804,24.50871359,0],[108.73808314,24.50870586,0],[108.73808823,24.50869813,0],[108.73809332,24.50869039,0],[108.7380984,24.50868266,0],[108.73810349,24.50867492,0],[108.73810857,24.50866718,0],[108.73811365,24.50865944,0],[108.73811873,24.5086517,0],[108.73812381,24.50864396,0],[108.73812888,24.50863622,0],[108.73813396,24.50862848,0],[108.73813903,24.50862073,0],[108.7381441,24.50861299,0],[108.73814916,24.50860524,0],[108.73815423,24.5085975,0],[108.73815929,24.50858975,0],[108.73816436,24.508582,0],[108.73816941,24.50857425,0],[108.73817447,24.5085665,0],[108.73817953,24.50855874,0],[108.73818458,24.50855099,0],[108.73818963,24.50854323,0],[108.73819468,24.50853548,0],[108.73819973,24.50852772,0],[108.73820477,24.50851996,0],[108.73820982,24.5085122,0],[108.73821486,24.50850444,0],[108.7382199,24.50849668,0],[108.73822493,24.50848892,0],[108.73822997,24.50848115,0],[108.738235,24.50847339,0],[108.73824003,24.50846562,0],[108.73824506,24.50845785,0],[108.73825009,24.50845009,0],[108.73825511,24.50844232,0],[108.73826013,24.50843455,0],[108.73826515,24.50842677,0],[108.73827017,24.508419,0],[108.73827518,24.50841123,0],[108.7382802,24.50840345,0],[108.73828521,24.50839567,0],[108.73829022,24.50838789,0],[108.73829522,24.50838012,0],[108.73830023,24.50837234,0],[108.73830523,24.50836455,0],[108.73831023,24.50835677,0],[108.73831523,24.50834899,0],[108.73832022,24.5083412,0],[108.73832522,24.50833341,0],[108.73833021,24.50832563,0],[108.7383352,24.50831784,0],[108.73834018,24.50831005,0],[108.73834517,24.50830226,0],[108.73835015,24.50829446,0],[108.73835513,24.50828667,0],[108.7383601,24.50827887,0],[108.73836508,24.50827108,0],[108.73837005,24.50826328,0],[108.73837502,24.50825548,0],[108.73837999,24.50824768,0],[108.73838495,24.50823988,0],[108.73838992,24.50823208,0],[108.73839488,24.50822427,0],[108.73839984,24.50821647,0],[108.73840479,24.50820866,0],[108.73840975,24.50820085,0],[108.7384147,24.50819305,0],[108.73841965,24.50818524,0],[108.73842459,24.50817742,0],[108.73842953,24.50816961,0],[108.73843448,24.5081618,0],[108.73843941,24.50815398,0],[108.73844435,24.50814616,0],[108.73844928,24.50813835,0],[108.73845422,24.50813053,0],[108.73845915,24.50812271,0],[108.73846407,24.50811488,0],[108.738469,24.50810706,0],[108.73847392,24.50809924,0],[108.73847884,24.50809141,0],[108.73848375,24.50808358,0],[108.73848867,24.50807575,0],[108.73849358,24.50806792,0],[108.73849849,24.50806009,0],[108.73850339,24.50805226,0],[108.7385083,24.50804443,0],[108.7385132,24.50803659,0],[108.73851809,24.50802875,0],[108.73852299,24.50802092,0],[108.73852788,24.50801308,0]]}},{"type":"Feature","id":"route_center-27-5","properties":{"name":"zhix_239386","sourceLayer":"道路中间线","sourceFile":"道路中间线.kml","originalPlacemarkIndex":26,"chainIndex":4,"stroke":"#dffbff","stroke-opacity":0.96,"stroke-width":3.2},"geometry":{"type":"LineString","coordinates":[[108.74275079,24.4923045,0],[108.74276978,24.49384947,0],[108.74269997,24.49539324,0],[108.74254155,24.49693157,0],[108.74229496,24.49846026,0],[108.74196087,24.4999751,0],[108.74154022,24.50147197,0],[108.74103415,24.50294675,0],[108.74044405,24.50439541,0],[108.73977156,24.50581399,0],[108.73901851,24.5071986,0],[108.73853277,24.50800524,0],[108.73853277,24.50800524,0],[108.73852788,24.50801308,0]]}},{"type":"Feature","id":"route_center-27-6","properties":{"name":"zhix_239386","sourceLayer":"道路中间线","sourceFile":"道路中间线.kml","originalPlacemarkIndex":26,"chainIndex":5,"stroke":"#dffbff","stroke-opacity":0.96,"stroke-width":3.2},"geometry":{"type":"LineString","coordinates":[[108.74275079,24.4923045,0],[108.74275043,24.49229548,0],[108.74275007,24.49228646,0],[108.7427497,24.49227744,0],[108.74274933,24.49226841,0],[108.74274896,24.49225939,0],[108.74274859,24.49225037,0],[108.74274821,24.49224135,0],[108.74274783,24.49223233,0],[108.74274744,24.49222331,0],[108.74274706,24.49221429,0],[108.74274667,24.49220527,0],[108.74274627,24.49219625,0],[108.74274588,24.49218722,0],[108.74274548,24.4921782,0],[108.74274508,24.49216918,0],[108.74274467,24.49216016,0],[108.74274427,24.49215114,0],[108.74274386,24.49214212,0],[108.74274344,24.4921331,0],[108.74274303,24.49212408,0],[108.74274261,24.49211506,0],[108.74274219,24.49210604,0],[108.74274177,24.49209703,0],[108.74274134,24.49208801,0],[108.74274091,24.49207899,0],[108.74274048,24.49206997,0],[108.74274004,24.49206095,0],[108.7427396,24.49205193,0],[108.74273916,24.49204291,0],[108.74273872,24.49203389,0],[108.74273827,24.49202487,0],[108.74273782,24.49201585,0],[108.74273737,24.49200684,0],[108.74273692,24.49199782,0],[108.74273646,24.4919888,0],[108.742736,24.49197978,0],[108.74273554,24.49197076,0],[108.74273507,24.49196175,0],[108.7427346,24.49195273,0],[108.74273413,24.49194371,0],[108.74273366,24.49193469,0],[108.74273319,24.49192568,0],[108.74273271,24.49191666,0],[108.74273223,24.49190764,0],[108.74273174,24.49189862,0],[108.74273126,24.49188961,0],[108.74273077,24.49188059,0],[108.74273028,24.49187157,0],[108.74272978,24.49186256,0],[108.74272929,24.49185354,0],[108.74272879,24.49184453,0],[108.74272828,24.49183551,0],[108.74272778,24.49182649,0],[108.74272727,24.49181748,0],[108.74272676,24.49180846,0],[108.74272625,24.49179945,0],[108.74272574,24.49179043,0],[108.74272522,24.49178142,0],[108.7427247,24.4917724,0],[108.74272418,24.49176338,0],[108.74272366,24.49175437,0],[108.74272313,24.49174535,0],[108.7427226,24.49173634,0],[108.74272207,24.49172732,0],[108.74272154,24.49171831,0],[108.742721,24.4917093,0],[108.74272046,24.49170028,0],[108.74271992,24.49169127,0],[108.74271938,24.49168225,0],[108.74271883,24.49167324,0],[108.74271828,24.49166423,0],[108.74271773,24.49165521,0],[108.74271718,24.4916462,0],[108.74271662,24.49163718,0],[108.74271606,24.49162817,0],[108.7427155,24.49161916,0],[108.74271494,24.49161014,0],[108.74271438,24.49160113,0],[108.74271381,24.49159212,0],[108.74271324,24.49158311,0],[108.74271267,24.49157409,0],[108.7427121,24.49156508,0],[108.74271152,24.49155607,0],[108.74271094,24.49154706,0],[108.74271036,24.49153804,0],[108.74270978,24.49152903,0],[108.74270919,24.49152002,0],[108.74270861,24.49151101,0],[108.74270802,24.491502,0],[108.74270742,24.49149298,0],[108.74270683,24.49148397,0],[108.74270623,24.49147496,0],[108.74270564,24.49146595,0],[108.74270504,24.49145694,0],[108.74270443,24.49144793,0],[108.74270383,24.49143892,0],[108.74270322,24.49142991,0],[108.74270261,24.4914209,0],[108.742702,24.49141189,0],[108.74270139,24.49140288,0],[108.74270077,24.49139387,0],[108.74270016,24.49138485,0],[108.74269954,24.49137584,0],[108.74269891,24.49136683,0],[108.74269829,24.49135783,0],[108.74269767,24.49134882,0],[108.74269704,24.49133981,0],[108.74269641,24.4913308,0],[108.74269578,24.49132179,0],[108.74269514,24.49131278,0],[108.74269451,24.49130377,0],[108.74269387,24.49129476,0],[108.74269323,24.49128575,0],[108.74269259,24.49127674,0],[108.74269194,24.49126773,0],[108.7426913,24.49125873,0],[108.74269065,24.49124972,0],[108.74269,24.49124071,0],[108.74268935,24.4912317,0],[108.7426887,24.49122269,0],[108.74268804,24.49121368,0],[108.74268738,24.49120468,0],[108.74268673,24.49119567,0],[108.74268606,24.49118666,0],[108.7426854,24.49117765,0],[108.74268474,24.49116865,0],[108.74268407,24.49115964,0],[108.7426834,24.49115063,0],[108.74268273,24.49114163,0],[108.74268206,24.49113262,0],[108.74268138,24.49112361,0],[108.74268071,24.49111461,0],[108.74268003,24.4911056,0],[108.74267935,24.49109659,0],[108.74267867,24.49108759,0],[108.74267799,24.49107858,0],[108.7426773,24.49106957,0],[108.74267662,24.49106057,0],[108.74267593,24.49105156,0],[108.74267524,24.49104256,0],[108.74267455,24.49103355,0],[108.74267385,24.49102455,0],[108.74267316,24.49101554,0],[108.74267246,24.49100653,0],[108.74267176,24.49099753,0],[108.74267106,24.49098852,0],[108.74267036,24.49097952,0],[108.74266966,24.49097051,0],[108.74266895,24.49096151,0],[108.74266825,24.49095251,0],[108.74266754,24.4909435,0],[108.74266683,24.4909345,0],[108.74266611,24.49092549,0],[108.7426654,24.49091649,0],[108.74266469,24.49090748,0],[108.74266397,24.49089848,0],[108.74266325,24.49088948,0],[108.74266253,24.49088047,0],[108.74266181,24.49087147,0],[108.74266109,24.49086247,0],[108.74266036,24.49085346,0],[108.74265964,24.49084446,0],[108.74265891,24.49083545,0],[108.74265818,24.49082645,0],[108.74265745,24.49081745,0],[108.74265672,24.49080845,0],[108.74265598,24.49079944,0],[108.74265525,24.49079044,0],[108.74265451,24.49078144,0],[108.74265377,24.49077244,0],[108.74265304,24.49076343,0],[108.74265229,24.49075443,0],[108.74265155,24.49074543,0],[108.74265081,24.49073643,0],[108.74265006,24.49072742,0],[108.74264932,24.49071842,0],[108.74264857,24.49070942,0],[108.74264782,24.49070042,0],[108.74264707,24.49069142,0],[108.74264632,24.49068242,0],[108.74264556,24.49067341,0],[108.74264481,24.49066441,0],[108.74264405,24.49065541,0],[108.74264329,24.49064641,0],[108.74264254,24.49063741,0],[108.74264178,24.49062841,0],[108.74264101,24.49061941,0],[108.74264025,24.49061041,0],[108.74263949,24.49060141,0],[108.74263872,24.4905924,0],[108.74263795,24.4905834,0],[108.74263719,24.4905744,0],[108.74263642,24.4905654,0],[108.74263565,24.4905564,0],[108.74263488,24.4905474,0],[108.7426341,24.4905384,0],[108.74263333,24.4905294,0],[108.74263255,24.4905204,0],[108.74263178,24.4905114,0],[108.742631,24.4905024,0],[108.74263022,24.4904934,0],[108.74262944,24.4904844,0],[108.74262866,24.4904754,0],[108.74262788,24.49046641,0],[108.74262709,24.49045741,0],[108.74262631,24.49044841,0],[108.74262552,24.49043941,0],[108.74262473,24.49043041,0],[108.74262395,24.49042141,0],[108.74262316,24.49041241,0],[108.74262237,24.49040341,0],[108.74262158,24.49039441,0],[108.74262078,24.49038541,0],[108.74261999,24.49037642,0],[108.7426192,24.49036742,0],[108.7426184,24.49035842,0],[108.7426176,24.49034942,0],[108.74261681,24.49034042,0],[108.74261601,24.49033142,0],[108.74261521,24.49032243,0],[108.74261441,24.49031343,0],[108.7426136,24.49030443,0],[108.7426128,24.49029543,0],[108.742612,24.49028643,0],[108.74261119,24.49027744,0],[108.74261039,24.49026844,0],[108.74260958,24.49025944,0],[108.74260877,24.49025044,0],[108.74260797,24.49024145,0],[108.74260716,24.49023245,0],[108.74260635,24.49022345,0],[108.74260553,24.49021445,0],[108.74260472,24.49020546,0],[108.74260391,24.49019646,0],[108.7426031,24.49018746,0],[108.74260228,24.49017847,0],[108.74260147,24.49016947,0],[108.74260065,24.49016047,0],[108.74259983,24.49015148,0],[108.74259901,24.49014248,0],[108.7425982,24.49013348,0],[108.74259738,24.49012449,0],[108.74259656,24.49011549,0],[108.74259573,24.49010649,0],[108.74259491,24.4900975,0],[108.74259409,24.4900885,0],[108.74259327,24.4900795,0],[108.74259244,24.49007051,0],[108.74259162,24.49006151,0],[108.74259079,24.49005251,0],[108.74258996,24.49004352,0],[108.74258914,24.49003452,0],[108.74258831,24.49002553,0],[108.74258748,24.49001653,0],[108.74258665,24.49000753,0],[108.74258582,24.48999854,0],[108.74258499,24.48998954,0],[108.74258416,24.48998055,0],[108.74258333,24.48997155,0],[108.74258249,24.48996256,0],[108.74258166,24.48995356,0],[108.74258083,24.48994456,0],[108.74257999,24.48993557,0],[108.74257916,24.48992657,0],[108.74257832,24.48991758,0],[108.74257748,24.48990858,0],[108.74257665,24.48989959,0],[108.74257581,24.48989059,0],[108.74257497,24.4898816,0],[108.74257413,24.4898726,0],[108.74257329,24.48986361,0],[108.74257245,24.48985461,0],[108.74257161,24.48984562,0],[108.74257077,24.48983662,0],[108.74256993,24.48982763,0],[108.74256909,24.48981863,0],[108.74256825,24.48980964,0],[108.7425674,24.48980064,0],[108.74256656,24.48979165,0],[108.74256572,24.48978265,0],[108.74256487,24.48977366,0],[108.74256403,24.48976466,0],[108.74256318,24.48975567,0],[108.74256234,24.48974667,0],[108.74256149,24.48973768,0],[108.74256065,24.48972869,0],[108.7425598,24.48971969,0],[108.74255895,24.4897107,0],[108.74255811,24.4897017,0],[108.74255726,24.48969271,0],[108.74255641,24.48968371,0],[108.74255556,24.48967472,0],[108.74255471,24.48966572,0],[108.74255386,24.48965673,0],[108.74255301,24.48964774,0],[108.74255216,24.48963874,0],[108.74255131,24.48962975,0],[108.74255046,24.48962075,0],[108.74254961,24.48961176,0],[108.74254876,24.48960276,0],[108.74254791,24.48959377,0],[108.74254706,24.48958478,0],[108.74254621,24.48957578,0],[108.74254535,24.48956679,0],[108.7425445,24.48955779,0],[108.74254365,24.4895488,0],[108.7425428,24.48953981,0],[108.74254194,24.48953081,0],[108.74254109,24.48952182,0],[108.74254024,24.48951282,0],[108.74253938,24.48950383,0],[108.74253853,24.48949484,0],[108.74253767,24.48948584,0],[108.74253682,24.48947685,0],[108.74253597,24.48946785,0],[108.74253511,24.48945886,0],[108.74253426,24.48944987,0],[108.7425334,24.48944087,0],[108.74253255,24.48943188,0],[108.74253169,24.48942288,0],[108.74253084,24.48941389,0],[108.74252998,24.4894049,0],[108.74252913,24.4893959,0],[108.74252827,24.48938691,0],[108.74252742,24.48937792,0],[108.74252656,24.48936892,0],[108.74252571,24.48935993,0],[108.74252485,24.48935093,0],[108.742524,24.48934194,0],[108.74252314,24.48933295,0],[108.74201144,24.48395204,0]]}},{"type":"Feature","id":"route_center-28-1","properties":{"name":"zhix_240509","sourceLayer":"道路中间线","sourceFile":"道路中间线.kml","originalPlacemarkIndex":27,"chainIndex":0,"stroke":"#dffbff","stroke-opacity":0.96,"stroke-width":3.2},"geometry":{"type":"LineString","coordinates":[[108.82113691,24.64912781,0],[108.82113887,24.64911614,0],[108.8211415,24.64910458,0],[108.82114479,24.64909317,0],[108.82114874,24.64908192,0],[108.82115333,24.64907089,0],[108.82115855,24.64906008,0],[108.82116439,24.64904954,0],[108.82117082,24.64903929,0],[108.82117784,24.64902936,0],[108.82118543,24.64901978,0],[108.82119356,24.64901058,0],[108.8212022,24.64900177,0],[108.82121135,24.64899339,0],[108.82122066,24.6489857,0],[108.82122066,24.6489857,0],[108.82122066,24.6489857,0],[108.8212258,24.64898157,0],[108.82123708,24.64897179,0],[108.82124777,24.64896149,0],[108.82125786,24.64895069,0],[108.82126731,24.64893943,0],[108.8212761,24.64892773,0],[108.8212842,24.64891563,0],[108.82129159,24.64890316,0],[108.82129826,24.64889036,0],[108.82130416,24.64887726,0],[108.8213093,24.64886389,0],[108.82131367,24.64885029,0],[108.82131725,24.64883651,0],[108.82132003,24.64882257,0],[108.821322,24.64880852,0],[108.82132363,24.64879681,0],[108.82132594,24.6487852,0],[108.82132891,24.64877372,0],[108.82133255,24.64876239,0],[108.82133683,24.64875125,0],[108.82134175,24.64874034,0],[108.82134729,24.64872967,0],[108.82135344,24.64871928,0],[108.82136018,24.6487092,0],[108.8213675,24.64869945,0],[108.82137536,24.64869007,0],[108.82138376,24.64868107,0],[108.82139267,24.64867249,0],[108.82140206,24.64866434,0],[108.82141191,24.64865665,0],[108.82142219,24.64864944,0],[108.82143287,24.64864272,0],[108.82143869,24.64863937,0],[108.82143869,24.64863937,0]]}},{"type":"Feature","id":"route_center-28-2","properties":{"name":"zhix_240509","sourceLayer":"道路中间线","sourceFile":"道路中间线.kml","originalPlacemarkIndex":27,"chainIndex":1,"stroke":"#dffbff","stroke-opacity":0.96,"stroke-width":3.2},"geometry":{"type":"LineString","coordinates":[[108.82113205,24.64916225,0],[108.82113691,24.64912781,0]]}},{"type":"Feature","id":"route_center-28-3","properties":{"name":"zhix_240509","sourceLayer":"道路中间线","sourceFile":"道路中间线.kml","originalPlacemarkIndex":27,"chainIndex":2,"stroke":"#dffbff","stroke-opacity":0.96,"stroke-width":3.2},"geometry":{"type":"LineString","coordinates":[[108.82267299,24.64761667,0],[108.82267931,24.64763469,0],[108.82268459,24.64765299,0],[108.8226888,24.64767151,0],[108.82269194,24.6476902,0],[108.822694,24.64770901,0],[108.82269497,24.6477279,0],[108.82269486,24.6477468,0],[108.82269365,24.64776566,0],[108.82269135,24.64778445,0],[108.82268798,24.64780309,0],[108.82268353,24.64782155,0],[108.82267803,24.64783977,0],[108.82267148,24.6478577,0],[108.82266391,24.6478753,0],[108.82265533,24.6478925,0],[108.82264577,24.64790928,0],[108.82263525,24.64792558,0],[108.82262381,24.64794135,0],[108.82261147,24.64795655,0],[108.82259827,24.64797115,0],[108.82258424,24.6479851,0],[108.82256943,24.64799836,0],[108.82255388,24.6480109,0],[108.82253762,24.64802269,0],[108.8225207,24.64803368,0],[108.82250576,24.64804242,0],[108.82250576,24.64804242,0],[108.82143869,24.64863937,0]]}},{"type":"Feature","id":"route_center-28-4","properties":{"name":"zhix_240509","sourceLayer":"道路中间线","sourceFile":"道路中间线.kml","originalPlacemarkIndex":27,"chainIndex":3,"stroke":"#dffbff","stroke-opacity":0.96,"stroke-width":3.2},"geometry":{"type":"LineString","coordinates":[[108.82250054,24.64715983,0],[108.82249268,24.64713728,0],[108.82248613,24.6471144,0],[108.82248091,24.64709123,0],[108.82247703,24.64706785,0],[108.8224745,24.64704433,0],[108.82247333,24.64702072,0],[108.82247353,24.64699708,0],[108.82247509,24.64697349,0],[108.822478,24.64695001,0],[108.82248227,24.64692671,0],[108.82248788,24.64690364,0],[108.82249481,24.64688087,0],[108.82250304,24.64685846,0],[108.82251255,24.64683648,0],[108.82252332,24.64681498,0],[108.82253532,24.64679402,0],[108.8225356,24.64679358,0],[108.8225356,24.64679358,0]]}},{"type":"Feature","id":"route_center-28-5","properties":{"name":"zhix_240509","sourceLayer":"道路中间线","sourceFile":"道路中间线.kml","originalPlacemarkIndex":27,"chainIndex":4,"stroke":"#dffbff","stroke-opacity":0.96,"stroke-width":3.2},"geometry":{"type":"LineString","coordinates":[[108.82267299,24.64761667,0],[108.82250054,24.64715983,0]]}},{"type":"Feature","id":"route_center-28-6","properties":{"name":"zhix_240509","sourceLayer":"道路中间线","sourceFile":"道路中间线.kml","originalPlacemarkIndex":27,"chainIndex":5,"stroke":"#dffbff","stroke-opacity":0.96,"stroke-width":3.2},"geometry":{"type":"LineString","coordinates":[[108.8225356,24.64679358,0],[108.82253696,24.64679133,0]]}},{"type":"Feature","id":"route_center-29-1","properties":{"name":"zhix_240681","sourceLayer":"道路中间线","sourceFile":"道路中间线.kml","originalPlacemarkIndex":28,"chainIndex":0,"stroke":"#dffbff","stroke-opacity":0.96,"stroke-width":3.2},"geometry":{"type":"LineString","coordinates":[[108.83365749,24.6901582,0],[108.83365388,24.69016445,0],[108.83364991,24.69017052,0],[108.8336456,24.69017639,0],[108.83364095,24.69018205,0],[108.83363598,24.69018748,0],[108.83363071,24.69019266,0],[108.83362514,24.69019759,0],[108.8336193,24.69020224,0],[108.83361319,24.69020661,0],[108.83360684,24.69021069,0],[108.83360027,24.69021446,0],[108.83359348,24.6902179,0],[108.8335865,24.69022103,0],[108.83357936,24.69022381,0],[108.83357206,24.69022625,0],[108.83356463,24.69022835,0],[108.83355708,24.69023008,0],[108.83354945,24.69023146,0],[108.83354175,24.69023247,0],[108.83354064,24.69023259,0],[108.83354064,24.69023259,0],[108.83324484,24.6902617,0]]}},{"type":"Feature","id":"route_center-29-2","properties":{"name":"zhix_240681","sourceLayer":"道路中间线","sourceFile":"道路中间线.kml","originalPlacemarkIndex":28,"chainIndex":1,"stroke":"#dffbff","stroke-opacity":0.96,"stroke-width":3.2},"geometry":{"type":"LineString","coordinates":[[108.83365749,24.6901582,0],[108.83368597,24.69010584,0]]}},{"type":"Feature","id":"route_center-30-1","properties":{"name":"zhix_242604","sourceLayer":"道路中间线","sourceFile":"道路中间线.kml","originalPlacemarkIndex":29,"chainIndex":0,"stroke":"#dffbff","stroke-opacity":0.96,"stroke-width":3.2},"geometry":{"type":"LineString","coordinates":[[108.82248058,24.63752348,0],[108.82248342,24.63753258,0],[108.82248575,24.6375418,0],[108.82248753,24.63755112,0],[108.82248878,24.6375605,0],[108.82248948,24.63756994,0],[108.82248964,24.63757939,0],[108.82248926,24.63758884,0],[108.82248833,24.63759825,0],[108.82248686,24.63760761,0],[108.82248485,24.63761688,0],[108.82248231,24.63762604,0],[108.82247924,24.63763507,0],[108.82247566,24.63764394,0],[108.82247156,24.63765263,0],[108.82246698,24.63766111,0],[108.82246191,24.63766936,0],[108.82245637,24.63767735,0],[108.82245038,24.63768507,0],[108.82244395,24.6376925,0],[108.82244002,24.63769667,0],[108.82244002,24.63769667,0],[108.82234298,24.63779708,0]]}},{"type":"Feature","id":"route_center-30-2","properties":{"name":"zhix_242604","sourceLayer":"道路中间线","sourceFile":"道路中间线.kml","originalPlacemarkIndex":29,"chainIndex":1,"stroke":"#dffbff","stroke-opacity":0.96,"stroke-width":3.2},"geometry":{"type":"LineString","coordinates":[[108.82248058,24.63752348,0],[108.82187913,24.63575732,0]]}},{"type":"Feature","id":"route_center-31-1","properties":{"name":"zhix_243725","sourceLayer":"道路中间线","sourceFile":"道路中间线.kml","originalPlacemarkIndex":30,"chainIndex":0,"stroke":"#dffbff","stroke-opacity":0.96,"stroke-width":3.2},"geometry":{"type":"LineString","coordinates":[[108.82054216,24.63403812,0],[108.82053928,24.63404959,0],[108.82053575,24.6340609,0],[108.82053156,24.63407204,0],[108.82052674,24.63408295,0],[108.82052129,24.63409362,0],[108.82051524,24.63410402,0],[108.8205086,24.63411411,0],[108.82050138,24.63412387,0],[108.8204936,24.63413328,0],[108.8204853,24.6341423,0],[108.82047648,24.63415091,0],[108.82046718,24.6341591,0],[108.82045742,24.63416683,0],[108.82044723,24.63417408,0],[108.82043663,24.63418084,0],[108.82042565,24.63418708,0],[108.82041433,24.6341928,0],[108.82040269,24.63419797,0],[108.82039077,24.63420258,0],[108.8203786,24.63420661,0],[108.82036621,24.63421006,0],[108.82035364,24.63421292,0],[108.82034092,24.63421518,0],[108.82032809,24.63421683,0],[108.82031517,24.63421786,0],[108.82030222,24.63421828,0],[108.82028925,24.63421809,0],[108.82027631,24.63421728,0],[108.82026344,24.63421586,0],[108.82025067,24.63421382,0],[108.82024858,24.63421343,0],[108.82024858,24.63421343,0]]}},{"type":"Feature","id":"route_center-31-2","properties":{"name":"zhix_243725","sourceLayer":"道路中间线","sourceFile":"道路中间线.kml","originalPlacemarkIndex":30,"chainIndex":1,"stroke":"#dffbff","stroke-opacity":0.96,"stroke-width":3.2},"geometry":{"type":"LineString","coordinates":[[108.82054216,24.63403812,0],[108.82054679,24.63401973,0],[108.82055248,24.63400158,0],[108.8205592,24.63398373,0],[108.82056695,24.63396622,0],[108.8205757,24.63394911,0],[108.82058542,24.63393244,0],[108.82059609,24.63391626,0],[108.82060767,24.63390061,0],[108.82062015,24.63388553,0],[108.82063348,24.63387106,0],[108.82064763,24.63385725,0],[108.82066256,24.63384413,0],[108.82067822,24.63383174,0],[108.82069458,24.63382012,0],[108.82071159,24.63380929,0],[108.8207292,24.63379928,0],[108.82073767,24.63379487,0],[108.82073767,24.63379487,0]]}},{"type":"Feature","id":"route_center-31-3","properties":{"name":"zhix_243725","sourceLayer":"道路中间线","sourceFile":"道路中间线.kml","originalPlacemarkIndex":30,"chainIndex":2,"stroke":"#dffbff","stroke-opacity":0.96,"stroke-width":3.2},"geometry":{"type":"LineString","coordinates":[[108.81975678,24.63411714,0],[108.82024858,24.63421343,0]]}},{"type":"Feature","id":"route_center-31-4","properties":{"name":"zhix_243725","sourceLayer":"道路中间线","sourceFile":"道路中间线.kml","originalPlacemarkIndex":30,"chainIndex":3,"stroke":"#dffbff","stroke-opacity":0.96,"stroke-width":3.2},"geometry":{"type":"LineString","coordinates":[[108.82146721,24.63330989,0],[108.82146067,24.63332779,0],[108.8214531,24.63334536,0],[108.82144452,24.63336253,0],[108.82143497,24.63337928,0],[108.82142447,24.63339554,0],[108.82141304,24.63341129,0],[108.82140071,24.63342646,0],[108.82138753,24.63344103,0],[108.82137352,24.63345495,0],[108.82135873,24.63346819,0],[108.8213432,24.6334807,0],[108.82132696,24.63349246,0],[108.82131006,24.63350342,0],[108.82129256,24.63351357,0],[108.82128109,24.6335196,0],[108.82128109,24.6335196,0],[108.82073767,24.63379487,0]]}},{"type":"Feature","id":"route_center-31-5","properties":{"name":"zhix_243725","sourceLayer":"道路中间线","sourceFile":"道路中间线.kml","originalPlacemarkIndex":30,"chainIndex":4,"stroke":"#dffbff","stroke-opacity":0.96,"stroke-width":3.2},"geometry":{"type":"LineString","coordinates":[[108.82154717,24.63307223,0],[108.82155371,24.63305433,0],[108.82156128,24.63303677,0],[108.82156985,24.63301959,0],[108.82157941,24.63300285,0],[108.82158991,24.63298658,0],[108.82160134,24.63297084,0],[108.82161367,24.63295566,0],[108.82162685,24.6329411,0],[108.82164086,24.63292717,0],[108.82165565,24.63291394,0],[108.82167118,24.63290143,0],[108.82168742,24.63288967,0],[108.82170432,24.6328787,0],[108.82172182,24.63286855,0],[108.82173151,24.63286343,0],[108.82173151,24.63286343,0]]}},{"type":"Feature","id":"route_center-31-6","properties":{"name":"zhix_243725","sourceLayer":"道路中间线","sourceFile":"道路中间线.kml","originalPlacemarkIndex":30,"chainIndex":5,"stroke":"#dffbff","stroke-opacity":0.96,"stroke-width":3.2},"geometry":{"type":"LineString","coordinates":[[108.82146721,24.63330989,0],[108.82154717,24.63307223,0]]}},{"type":"Feature","id":"route_center-31-7","properties":{"name":"zhix_243725","sourceLayer":"道路中间线","sourceFile":"道路中间线.kml","originalPlacemarkIndex":30,"chainIndex":6,"stroke":"#dffbff","stroke-opacity":0.96,"stroke-width":3.2},"geometry":{"type":"LineString","coordinates":[[108.82173151,24.63286343,0],[108.82182703,24.63281445,0]]}},{"type":"Feature","id":"route_center-32-1","properties":{"name":"zhix_244527","sourceLayer":"道路中间线","sourceFile":"道路中间线.kml","originalPlacemarkIndex":31,"chainIndex":0,"stroke":"#dffbff","stroke-opacity":0.96,"stroke-width":3.2},"geometry":{"type":"LineString","coordinates":[[108.78173237,24.58361518,0],[108.78167561,24.58367013,0],[108.78161576,24.58372229,0],[108.78155298,24.58377154,0],[108.78148746,24.58381773,0],[108.78147908,24.58382328,0],[108.78147908,24.58382328,0],[108.78118879,24.58401438,0]]}},{"type":"Feature","id":"route_center-32-2","properties":{"name":"zhix_244527","sourceLayer":"道路中间线","sourceFile":"道路中间线.kml","originalPlacemarkIndex":31,"chainIndex":1,"stroke":"#dffbff","stroke-opacity":0.96,"stroke-width":3.2},"geometry":{"type":"LineString","coordinates":[[108.78173237,24.58361518,0],[108.78245787,24.58287511,0]]}},{"type":"Feature","id":"route_center-33-1","properties":{"name":"zhix_244539","sourceLayer":"道路中间线","sourceFile":"道路中间线.kml","originalPlacemarkIndex":32,"chainIndex":0,"stroke":"#dffbff","stroke-opacity":0.96,"stroke-width":3.2},"geometry":{"type":"LineString","coordinates":[[108.77975092,24.58299241,0],[108.7797602,24.58297827,0],[108.77977028,24.58296459,0],[108.77978114,24.58295141,0],[108.77979274,24.58293877,0],[108.77980506,24.58292669,0],[108.77981805,24.58291522,0],[108.77983169,24.58290438,0],[108.77984593,24.5828942,0],[108.77986074,24.58288472,0],[108.77987608,24.58287595,0],[108.7798919,24.58286793,0],[108.77990816,24.58286067,0],[108.77992482,24.5828542,0],[108.77994183,24.58284852,0],[108.77995915,24.58284367,0],[108.77997672,24.58283964,0],[108.7799945,24.58283646,0],[108.78001244,24.58283413,0],[108.78003049,24.58283265,0],[108.78004861,24.58283203,0],[108.78005784,24.58283205,0],[108.78005784,24.58283205,0]]}},{"type":"Feature","id":"route_center-33-2","properties":{"name":"zhix_244539","sourceLayer":"道路中间线","sourceFile":"道路中间线.kml","originalPlacemarkIndex":32,"chainIndex":1,"stroke":"#dffbff","stroke-opacity":0.96,"stroke-width":3.2},"geometry":{"type":"LineString","coordinates":[[108.77961403,24.58321375,0],[108.77975092,24.58299241,0]]}},{"type":"Feature","id":"route_center-33-3","properties":{"name":"zhix_244539","sourceLayer":"道路中间线","sourceFile":"道路中间线.kml","originalPlacemarkIndex":32,"chainIndex":2,"stroke":"#dffbff","stroke-opacity":0.96,"stroke-width":3.2},"geometry":{"type":"LineString","coordinates":[[108.78060561,24.5827098,0],[108.78059179,24.58272379,0],[108.78057717,24.58273711,0],[108.78056181,24.58274971,0],[108.78054575,24.58276156,0],[108.78052902,24.58277264,0],[108.78051168,24.5827829,0],[108.78049377,24.58279232,0],[108.78047534,24.58280088,0],[108.78045644,24.58280854,0],[108.78043713,24.5828153,0],[108.78041745,24.58282113,0],[108.78039746,24.58282601,0],[108.78037721,24.58282994,0],[108.78035677,24.5828329,0],[108.78033618,24.58283488,0],[108.78031551,24.58283588,0],[108.78029863,24.58283597,0],[108.78029863,24.58283597,0],[108.78005784,24.58283205,0]]}},{"type":"Feature","id":"route_center-33-4","properties":{"name":"zhix_244539","sourceLayer":"道路中间线","sourceFile":"道路中间线.kml","originalPlacemarkIndex":32,"chainIndex":3,"stroke":"#dffbff","stroke-opacity":0.96,"stroke-width":3.2},"geometry":{"type":"LineString","coordinates":[[108.78107345,24.58196383,0],[108.78107976,24.58197681,0],[108.78108532,24.58199006,0],[108.78109011,24.58200356,0],[108.78109412,24.58201727,0],[108.78109733,24.58203115,0],[108.78109974,24.58204516,0],[108.78110134,24.58205927,0],[108.78110212,24.58207343,0],[108.78110209,24.58208761,0],[108.78110124,24.58210177,0],[108.78109957,24.58211586,0],[108.7810971,24.58212986,0],[108.78109382,24.58214372,0],[108.78108975,24.58215741,0],[108.7810849,24.58217088,0],[108.78107928,24.5821841,0],[108.7810729,24.58219703,0],[108.78106579,24.58220965,0],[108.78105796,24.5822219,0],[108.78104943,24.58223377,0],[108.78104023,24.58224521,0],[108.78103071,24.58225586,0],[108.78103071,24.58225586,0],[108.78060561,24.5827098,0]]}},{"type":"Feature","id":"route_center-33-5","properties":{"name":"zhix_244539","sourceLayer":"道路中间线","sourceFile":"道路中间线.kml","originalPlacemarkIndex":32,"chainIndex":4,"stroke":"#dffbff","stroke-opacity":0.96,"stroke-width":3.2},"geometry":{"type":"LineString","coordinates":[[108.78097315,24.58177009,0],[108.7809564,24.58173548,0],[108.78094167,24.58170013,0],[108.78092899,24.58166413,0],[108.7809184,24.58162757,0],[108.78090992,24.58159057,0],[108.78090359,24.58155321,0],[108.78089942,24.58151561,0],[108.78089743,24.58147786,0],[108.78089731,24.58147214,0],[108.78089731,24.58147214,0]]}},{"type":"Feature","id":"route_center-33-6","properties":{"name":"zhix_244539","sourceLayer":"道路中间线","sourceFile":"道路中间线.kml","originalPlacemarkIndex":32,"chainIndex":5,"stroke":"#dffbff","stroke-opacity":0.96,"stroke-width":3.2},"geometry":{"type":"LineString","coordinates":[[108.78107345,24.58196383,0],[108.78097315,24.58177009,0]]}},{"type":"Feature","id":"route_center-33-7","properties":{"name":"zhix_244539","sourceLayer":"道路中间线","sourceFile":"道路中间线.kml","originalPlacemarkIndex":32,"chainIndex":6,"stroke":"#dffbff","stroke-opacity":0.96,"stroke-width":3.2},"geometry":{"type":"LineString","coordinates":[[108.78089731,24.58147214,0],[108.78089604,24.58139624,0]]}},{"type":"Feature","id":"route_center-34-1","properties":{"name":"zhix_245941","sourceLayer":"道路中间线","sourceFile":"道路中间线.kml","originalPlacemarkIndex":33,"chainIndex":0,"stroke":"#dffbff","stroke-opacity":0.96,"stroke-width":3.2},"geometry":{"type":"LineString","coordinates":[[108.7742974,24.57809334,0],[108.77425798,24.57808189,0],[108.77421926,24.57806858,0],[108.77418137,24.57805345,0],[108.77414439,24.57803654,0],[108.77410844,24.57801789,0],[108.7740736,24.57799756,0],[108.7740699,24.57799525,0],[108.7740699,24.57799525,0],[108.77358509,24.57769164,0]]}},{"type":"Feature","id":"route_center-34-2","properties":{"name":"zhix_245941","sourceLayer":"道路中间线","sourceFile":"道路中间线.kml","originalPlacemarkIndex":33,"chainIndex":1,"stroke":"#dffbff","stroke-opacity":0.96,"stroke-width":3.2},"geometry":{"type":"LineString","coordinates":[[108.77477029,24.5781175,0],[108.77476296,24.57812412,0],[108.77475525,24.57813038,0],[108.77474719,24.57813627,0],[108.77473881,24.57814177,0],[108.77473011,24.57814686,0],[108.77472114,24.57815153,0],[108.77471191,24.57815577,0],[108.77470245,24.57815956,0],[108.77469278,24.57816289,0],[108.77468294,24.57816576,0],[108.77467294,24.57816816,0],[108.77466281,24.57817008,0],[108.77465259,24.57817152,0],[108.7746423,24.57817246,0],[108.77463197,24.57817292,0],[108.77462163,24.57817288,0],[108.7746113,24.57817235,0],[108.77460102,24.57817134,0],[108.77459081,24.57816983,0],[108.77458069,24.57816784,0],[108.77457311,24.57816601,0],[108.77457311,24.57816601,0],[108.7742974,24.57809334,0]]}},{"type":"Feature","id":"route_center-34-3","properties":{"name":"zhix_245941","sourceLayer":"道路中间线","sourceFile":"道路中间线.kml","originalPlacemarkIndex":33,"chainIndex":2,"stroke":"#dffbff","stroke-opacity":0.96,"stroke-width":3.2},"geometry":{"type":"LineString","coordinates":[[108.77518677,24.57727189,0],[108.77519715,24.5772718,0],[108.77520753,24.57727221,0],[108.77521786,24.57727311,0],[108.77522814,24.5772745,0],[108.77523832,24.57727638,0],[108.77524838,24.57727873,0],[108.77525828,24.57728157,0],[108.77526802,24.57728487,0],[108.77527755,24.57728863,0],[108.77528685,24.57729284,0],[108.77529589,24.57729748,0],[108.77530466,24.57730255,0],[108.77531312,24.57730802,0],[108.77532126,24.5773139,0],[108.77532905,24.57732015,0],[108.77533647,24.57732676,0],[108.7753435,24.57733372,0],[108.77535011,24.577341,0],[108.7753563,24.57734858,0],[108.77536205,24.57735645,0],[108.77536733,24.57736458,0],[108.77537214,24.57737295,0],[108.77537646,24.57738154,0],[108.77538028,24.57739032,0],[108.77538359,24.57739927,0],[108.77538638,24.57740837,0],[108.77538865,24.57741758,0],[108.77539038,24.57742689,0],[108.77539157,24.57743627,0],[108.77539222,24.57744569,0],[108.77539232,24.57745513,0],[108.77539189,24.57746456,0],[108.77539091,24.57747396,0],[108.77538939,24.5774833,0],[108.77538733,24.57749255,0],[108.77538475,24.57750169,0],[108.77538164,24.57751069,0],[108.77537802,24.57751954,0],[108.77537389,24.5775282,0],[108.77536927,24.57753665,0],[108.77536417,24.57754487,0],[108.7753586,24.57755283,0],[108.77535259,24.57756052,0],[108.77534613,24.57756791,0],[108.77533926,24.57757498,0],[108.77533686,24.57757729,0],[108.77533686,24.57757729,0],[108.77477029,24.5781175,0]]}},{"type":"Feature","id":"route_center-34-4","properties":{"name":"zhix_245941","sourceLayer":"道路中间线","sourceFile":"道路中间线.kml","originalPlacemarkIndex":33,"chainIndex":3,"stroke":"#dffbff","stroke-opacity":0.96,"stroke-width":3.2},"geometry":{"type":"LineString","coordinates":[[108.77496174,24.57727982,0],[108.77494364,24.57727998,0],[108.77492555,24.57727928,0],[108.77490753,24.57727772,0],[108.77488962,24.57727531,0],[108.77487187,24.57727204,0],[108.77485434,24.57726794,0],[108.77483706,24.57726301,0],[108.77482009,24.57725727,0],[108.77480348,24.57725072,0],[108.77478726,24.5772434,0],[108.77477149,24.57723531,0],[108.7747562,24.57722649,0],[108.77474144,24.57721695,0],[108.77472725,24.57720672,0],[108.77471367,24.57719583,0],[108.77470073,24.57718431,0],[108.77468847,24.57717219,0],[108.77467705,24.57715964,0],[108.77467705,24.57715964,0]]}},{"type":"Feature","id":"route_center-34-5","properties":{"name":"zhix_245941","sourceLayer":"道路中间线","sourceFile":"道路中间线.kml","originalPlacemarkIndex":33,"chainIndex":4,"stroke":"#dffbff","stroke-opacity":0.96,"stroke-width":3.2},"geometry":{"type":"LineString","coordinates":[[108.77518677,24.57727189,0],[108.77496174,24.57727982,0]]}},{"type":"Feature","id":"route_center-34-6","properties":{"name":"zhix_245941","sourceLayer":"道路中间线","sourceFile":"道路中间线.kml","originalPlacemarkIndex":33,"chainIndex":5,"stroke":"#dffbff","stroke-opacity":0.96,"stroke-width":3.2},"geometry":{"type":"LineString","coordinates":[[108.77428864,24.57674337,0],[108.77436246,24.57680958,0],[108.77443236,24.57687921,0],[108.77449429,24.57694755,0],[108.77449429,24.57694755,0],[108.77467705,24.57715964,0]]}},{"type":"Feature","id":"route_center-34-7","properties":{"name":"zhix_245941","sourceLayer":"道路中间线","sourceFile":"道路中间线.kml","originalPlacemarkIndex":33,"chainIndex":6,"stroke":"#dffbff","stroke-opacity":0.96,"stroke-width":3.2},"geometry":{"type":"LineString","coordinates":[[108.77408167,24.57656722,0],[108.77406321,24.57655066,0],[108.77404571,24.57653324,0],[108.77402925,24.57651501,0],[108.77401386,24.57649602,0],[108.77399958,24.57647633,0],[108.77398645,24.57645599,0],[108.77397451,24.57643506,0],[108.77396776,24.57642188,0],[108.77396776,24.57642188,0]]}},{"type":"Feature","id":"route_center-34-8","properties":{"name":"zhix_245941","sourceLayer":"道路中间线","sourceFile":"道路中间线.kml","originalPlacemarkIndex":33,"chainIndex":7,"stroke":"#dffbff","stroke-opacity":0.96,"stroke-width":3.2},"geometry":{"type":"LineString","coordinates":[[108.77428864,24.57674337,0],[108.77408167,24.57656722,0]]}},{"type":"Feature","id":"route_center-34-9","properties":{"name":"zhix_245941","sourceLayer":"道路中间线","sourceFile":"道路中间线.kml","originalPlacemarkIndex":33,"chainIndex":8,"stroke":"#dffbff","stroke-opacity":0.96,"stroke-width":3.2},"geometry":{"type":"LineString","coordinates":[[108.77396776,24.57642188,0],[108.77395252,24.57639088,0]]}},{"type":"Feature","id":"route_center-35-1","properties":{"name":"zhix_248151","sourceLayer":"道路中间线","sourceFile":"道路中间线.kml","originalPlacemarkIndex":34,"chainIndex":0,"stroke":"#dffbff","stroke-opacity":0.96,"stroke-width":3.2},"geometry":{"type":"LineString","coordinates":[[108.83926624,24.7469852,0],[108.83927031,24.74699127,0],[108.83927402,24.74699751,0],[108.83927737,24.74700393,0],[108.83928034,24.74701049,0],[108.83928293,24.74701719,0],[108.83928512,24.74702399,0],[108.83928693,24.7470309,0],[108.83928833,24.74703787,0],[108.83928933,24.74704491,0],[108.83928992,24.74705198,0],[108.8392901,24.74705907,0],[108.83928987,24.74706615,0],[108.83928923,24.74707322,0],[108.83928819,24.74708024,0],[108.83928674,24.74708721,0],[108.8392849,24.74709409,0],[108.83928265,24.74710088,0],[108.83928002,24.74710755,0],[108.83927701,24.74711409,0],[108.83927362,24.74712048,0],[108.83926987,24.74712669,0],[108.83926577,24.74713272,0],[108.83926132,24.74713854,0],[108.83925654,24.74714414,0],[108.83925144,24.74714951,0],[108.83924604,24.74715463,0],[108.83924036,24.74715949,0],[108.8392344,24.74716406,0],[108.83922818,24.74716835,0],[108.83922321,24.74717146,0],[108.83922321,24.74717146,0],[108.83899047,24.74731175,0]]}},{"type":"Feature","id":"route_center-35-2","properties":{"name":"zhix_248151","sourceLayer":"道路中间线","sourceFile":"道路中间线.kml","originalPlacemarkIndex":34,"chainIndex":1,"stroke":"#dffbff","stroke-opacity":0.96,"stroke-width":3.2},"geometry":{"type":"LineString","coordinates":[[108.83926624,24.7469852,0],[108.83883566,24.74637376,0]]}},{"type":"Feature","id":"route_center-36-1","properties":{"name":"zhix_248163","sourceLayer":"道路中间线","sourceFile":"道路中间线.kml","originalPlacemarkIndex":35,"chainIndex":0,"stroke":"#dffbff","stroke-opacity":0.96,"stroke-width":3.2},"geometry":{"type":"LineString","coordinates":[[108.74605824,24.54127983,0],[108.74607527,24.5412403,0],[108.74609455,24.54120163,0],[108.74611603,24.54116393,0],[108.74613965,24.5411273,0],[108.74616534,24.54109185,0],[108.74619303,24.54105768,0],[108.74622265,24.54102487,0],[108.74625411,24.54099351,0],[108.74628733,24.5409637,0],[108.74632223,24.54093551,0],[108.74633635,24.5409249,0],[108.74633635,24.5409249,0]]}},{"type":"Feature","id":"route_center-36-2","properties":{"name":"zhix_248163","sourceLayer":"道路中间线","sourceFile":"道路中间线.kml","originalPlacemarkIndex":35,"chainIndex":1,"stroke":"#dffbff","stroke-opacity":0.96,"stroke-width":3.2},"geometry":{"type":"LineString","coordinates":[[108.74590648,24.54166035,0],[108.74605824,24.54127983,0]]}},{"type":"Feature","id":"route_center-36-3","properties":{"name":"zhix_248163","sourceLayer":"道路中间线","sourceFile":"道路中间线.kml","originalPlacemarkIndex":35,"chainIndex":2,"stroke":"#dffbff","stroke-opacity":0.96,"stroke-width":3.2},"geometry":{"type":"LineString","coordinates":[[108.74673078,24.54044316,0],[108.74672302,24.54047544,0],[108.7467134,24.5405073,0],[108.74670197,24.54053866,0],[108.74668875,24.54056943,0],[108.74667378,24.54059953,0],[108.7466571,24.54062888,0],[108.74663876,24.54065739,0],[108.7466188,24.54068499,0],[108.74659729,24.5407116,0],[108.74657427,24.54073715,0],[108.74654982,24.54076157,0],[108.74652399,24.54078479,0],[108.74649687,24.54080675,0],[108.74648528,24.54081545,0],[108.74648528,24.54081545,0],[108.74633635,24.5409249,0]]}},{"type":"Feature","id":"route_center-36-4","properties":{"name":"zhix_248163","sourceLayer":"道路中间线","sourceFile":"道路中间线.kml","originalPlacemarkIndex":35,"chainIndex":3,"stroke":"#dffbff","stroke-opacity":0.96,"stroke-width":3.2},"geometry":{"type":"LineString","coordinates":[[108.74681887,24.54002781,0],[108.74682164,24.54001629,0],[108.74682507,24.54000492,0],[108.74682915,24.53999372,0],[108.74683386,24.53998273,0],[108.74683921,24.53997199,0],[108.74684516,24.53996151,0],[108.7468517,24.53995133,0],[108.74685883,24.53994148,0],[108.74686651,24.53993198,0],[108.74687472,24.53992286,0],[108.74688345,24.53991414,0],[108.74689267,24.53990585,0],[108.74690235,24.53989801,0],[108.74691246,24.53989064,0],[108.74692299,24.53988376,0],[108.7469339,24.5398774,0],[108.74694516,24.53987156,0],[108.74694938,24.53986955,0],[108.74694938,24.53986955,0],[108.74694938,24.53986955,0],[108.74695621,24.53986626,0],[108.74696739,24.5398603,0],[108.74697822,24.53985381,0],[108.74698867,24.53984682,0],[108.74699869,24.53983934,0],[108.74700827,24.53983139,0],[108.74701738,24.539823,0],[108.747026,24.53981418,0],[108.7470341,24.53980497,0],[108.74704166,24.53979538,0],[108.74704865,24.53978545,0],[108.74705507,24.5397752,0],[108.74706089,24.53976465,0],[108.74706609,24.53975385,0],[108.74707066,24.53974281,0],[108.7470746,24.53973156,0],[108.74707788,24.53972015,0],[108.7470805,24.53970859,0],[108.74708245,24.53969693,0],[108.74708373,24.53968519,0],[108.74708434,24.5396734,0]]}},{"type":"Feature","id":"route_center-36-5","properties":{"name":"zhix_248163","sourceLayer":"道路中间线","sourceFile":"道路中间线.kml","originalPlacemarkIndex":35,"chainIndex":4,"stroke":"#dffbff","stroke-opacity":0.96,"stroke-width":3.2},"geometry":{"type":"LineString","coordinates":[[108.74673078,24.54044316,0],[108.74681887,24.54002781,0]]}},{"type":"Feature","id":"route_center-36-6","properties":{"name":"zhix_248163","sourceLayer":"道路中间线","sourceFile":"道路中间线.kml","originalPlacemarkIndex":35,"chainIndex":5,"stroke":"#dffbff","stroke-opacity":0.96,"stroke-width":3.2},"geometry":{"type":"LineString","coordinates":[[108.74708434,24.5396734,0],[108.74708868,24.53949718,0]]}},{"type":"Feature","id":"route_center-37-1","properties":{"name":"zhix_249697","sourceLayer":"道路中间线","sourceFile":"道路中间线.kml","originalPlacemarkIndex":36,"chainIndex":0,"stroke":"#dffbff","stroke-opacity":0.96,"stroke-width":3.2},"geometry":{"type":"LineString","coordinates":[[108.74592928,24.54030998,0],[108.74593829,24.54030538,0],[108.74594755,24.54030121,0],[108.74595705,24.54029748,0],[108.74596674,24.54029422,0],[108.7459766,24.54029142,0],[108.74598662,24.54028909,0],[108.74599675,24.54028725,0],[108.74600698,24.54028589,0],[108.74601727,24.54028501,0],[108.74602759,24.54028463,0],[108.74603793,24.54028475,0],[108.74604824,24.54028535,0],[108.7460585,24.54028645,0],[108.74606869,24.54028803,0],[108.74607877,24.5402901,0],[108.74608872,24.54029264,0],[108.74609851,24.54029565,0],[108.74610811,24.54029913,0],[108.7461175,24.54030306,0],[108.74612665,24.54030743,0],[108.74613553,24.54031223,0],[108.74614413,24.54031745,0],[108.74614633,24.54031888,0],[108.74614633,24.54031888,0]]}},{"type":"Feature","id":"route_center-37-2","properties":{"name":"zhix_249697","sourceLayer":"道路中间线","sourceFile":"道路中间线.kml","originalPlacemarkIndex":36,"chainIndex":1,"stroke":"#dffbff","stroke-opacity":0.96,"stroke-width":3.2},"geometry":{"type":"LineString","coordinates":[[108.74592928,24.54030998,0],[108.74592026,24.54031458,0],[108.745911,24.54031875,0],[108.7459015,24.54032247,0],[108.74589181,24.54032574,0],[108.74588194,24.54032853,0],[108.74587193,24.54033086,0],[108.74586179,24.5403327,0],[108.74585156,24.54033406,0],[108.74584127,24.54033492,0],[108.74583095,24.5403353,0],[108.74582061,24.54033518,0],[108.7458103,24.54033458,0],[108.74580004,24.54033348,0],[108.74578985,24.54033189,0],[108.74577977,24.54032982,0],[108.74576982,24.54032728,0],[108.74576003,24.54032426,0],[108.74575043,24.54032078,0],[108.74574104,24.54031685,0],[108.74573189,24.54031247,0],[108.74572301,24.54030767,0],[108.74571441,24.54030245,0],[108.74570613,24.54029682,0],[108.74569818,24.54029081,0],[108.74569059,24.54028443,0],[108.74569037,24.54028424,0],[108.74569037,24.54028424,0]]}},{"type":"Feature","id":"route_center-37-3","properties":{"name":"zhix_249697","sourceLayer":"道路中间线","sourceFile":"道路中间线.kml","originalPlacemarkIndex":36,"chainIndex":2,"stroke":"#dffbff","stroke-opacity":0.96,"stroke-width":3.2},"geometry":{"type":"LineString","coordinates":[[108.74664414,24.54064923,0],[108.74614633,24.54031888,0]]}},{"type":"Feature","id":"route_center-37-4","properties":{"name":"zhix_249697","sourceLayer":"道路中间线","sourceFile":"道路中间线.kml","originalPlacemarkIndex":36,"chainIndex":3,"stroke":"#dffbff","stroke-opacity":0.96,"stroke-width":3.2},"geometry":{"type":"LineString","coordinates":[[108.74532355,24.54016343,0],[108.74533214,24.54015821,0],[108.74534103,24.5401534,0],[108.74535018,24.54014903,0],[108.74535957,24.54014509,0],[108.74536917,24.54014161,0],[108.74537896,24.54013859,0],[108.7453889,24.54013604,0],[108.74539899,24.54013397,0],[108.74540917,24.54013238,0],[108.74541944,24.54013128,0],[108.74542975,24.54013067,0],[108.74544008,24.54013055,0],[108.74545041,24.54013092,0],[108.7454607,24.54013179,0],[108.74547092,24.54013314,0],[108.74548106,24.54013498,0],[108.74549107,24.5401373,0],[108.74550094,24.54014009,0],[108.74551063,24.54014335,0],[108.74552013,24.54014707,0],[108.74552939,24.54015124,0],[108.7455384,24.54015584,0],[108.74554714,24.54016086,0],[108.74555558,24.5401663,0],[108.74556369,24.54017212,0],[108.74557145,24.54017833,0],[108.74557521,24.54018158,0],[108.74557521,24.54018158,0],[108.74569037,24.54028424,0]]}},{"type":"Feature","id":"route_center-37-5","properties":{"name":"zhix_249697","sourceLayer":"道路中间线","sourceFile":"道路中间线.kml","originalPlacemarkIndex":36,"chainIndex":4,"stroke":"#dffbff","stroke-opacity":0.96,"stroke-width":3.2},"geometry":{"type":"LineString","coordinates":[[108.74509787,24.5403093,0],[108.74508927,24.54031452,0],[108.74508038,24.54031932,0],[108.74507122,24.54032369,0],[108.74506182,24.54032762,0],[108.74505222,24.5403311,0],[108.74504242,24.54033411,0],[108.74503247,24.54033665,0],[108.74502238,24.54033872,0],[108.74501219,24.5403403,0],[108.74500192,24.54034139,0],[108.74499161,24.540342,0],[108.74498127,24.54034211,0],[108.74497094,24.54034173,0],[108.74496065,24.54034085,0],[108.74495042,24.54033949,0],[108.74494028,24.54033764,0],[108.74493027,24.54033531,0],[108.7449204,24.54033251,0],[108.7449107,24.54032924,0],[108.74490121,24.54032552,0],[108.74489195,24.54032134,0],[108.74488294,24.54031674,0],[108.7448742,24.5403117,0],[108.74486577,24.54030626,0],[108.74485766,24.54030043,0],[108.7448499,24.54029421,0],[108.7448425,24.54028764,0],[108.7448355,24.54028072,0],[108.7448289,24.54027347,0],[108.74482273,24.54026592,0],[108.744817,24.54025809,0],[108.74481173,24.54025,0],[108.74480693,24.54024166,0],[108.74480432,24.54023664,0],[108.74480432,24.54023664,0]]}},{"type":"Feature","id":"route_center-37-6","properties":{"name":"zhix_249697","sourceLayer":"道路中间线","sourceFile":"道路中间线.kml","originalPlacemarkIndex":36,"chainIndex":5,"stroke":"#dffbff","stroke-opacity":0.96,"stroke-width":3.2},"geometry":{"type":"LineString","coordinates":[[108.74532355,24.54016343,0],[108.74509787,24.5403093,0]]}},{"type":"Feature","id":"route_center-37-7","properties":{"name":"zhix_249697","sourceLayer":"道路中间线","sourceFile":"道路中间线.kml","originalPlacemarkIndex":36,"chainIndex":6,"stroke":"#dffbff","stroke-opacity":0.96,"stroke-width":3.2},"geometry":{"type":"LineString","coordinates":[[108.7445377,24.53991815,0],[108.74455239,24.53992276,0],[108.74456679,24.53992807,0],[108.74458086,24.53993405,0],[108.74459457,24.5399407,0],[108.74460788,24.53994799,0],[108.74462075,24.53995591,0],[108.74463315,24.53996443,0],[108.74464504,24.53997352,0],[108.7446564,24.53998318,0],[108.74466718,24.53999336,0],[108.74467736,24.54000404,0],[108.74468691,24.54001519,0],[108.74469581,24.54002678,0],[108.74470403,24.54003878,0],[108.74471155,24.54005115,0],[108.74471835,24.54006387,0],[108.74471861,24.54006438,0],[108.74471861,24.54006438,0],[108.74480432,24.54023664,0]]}},{"type":"Feature","id":"route_center-38-1","properties":{"name":"zhix_251874","sourceLayer":"道路中间线","sourceFile":"道路中间线.kml","originalPlacemarkIndex":37,"chainIndex":0,"stroke":"#dffbff","stroke-opacity":0.96,"stroke-width":3.2},"geometry":{"type":"LineString","coordinates":[[108.74474848,24.53811622,0],[108.74473987,24.53812141,0],[108.74473096,24.53812619,0],[108.74472179,24.53813053,0],[108.74471239,24.53813443,0],[108.74470277,24.53813788,0],[108.74469297,24.53814087,0],[108.74468301,24.53814338,0],[108.74467293,24.53814542,0],[108.74466273,24.53814698,0],[108.74465247,24.53814804,0],[108.74464215,24.53814862,0],[108.74463182,24.5381487,0],[108.74462149,24.53814829,0],[108.74461121,24.53814739,0],[108.74460099,24.538146,0],[108.74459086,24.53814413,0],[108.74458086,24.53814177,0],[108.744571,24.53813894,0],[108.74456132,24.53813565,0],[108.74455185,24.5381319,0],[108.7445426,24.5381277,0],[108.74453361,24.53812307,0],[108.74452489,24.53811802,0],[108.74451648,24.53811255,0],[108.74450839,24.5381067,0],[108.7445059,24.53810476,0],[108.7445059,24.53810476,0]]}},{"type":"Feature","id":"route_center-38-2","properties":{"name":"zhix_251874","sourceLayer":"道路中间线","sourceFile":"道路中间线.kml","originalPlacemarkIndex":37,"chainIndex":1,"stroke":"#dffbff","stroke-opacity":0.96,"stroke-width":3.2},"geometry":{"type":"LineString","coordinates":[[108.74383032,24.53756887,0],[108.74379597,24.53754016,0],[108.74376332,24.53750984,0],[108.74373245,24.53747801,0],[108.74370346,24.53744475,0],[108.74367642,24.53741016,0],[108.7436514,24.53737432,0],[108.74362848,24.53733734,0],[108.74362238,24.53732667,0],[108.74362238,24.53732667,0],[108.74362238,24.53732667,0],[108.74360835,24.53730316,0],[108.74359215,24.537279,0],[108.74357458,24.53725566,0],[108.74355569,24.53723318,0],[108.74353553,24.53721164,0],[108.74351416,24.53719108,0],[108.74349164,24.53717157,0],[108.74346803,24.53715316,0],[108.74344339,24.53713591,0]]}},{"type":"Feature","id":"route_center-38-3","properties":{"name":"zhix_251874","sourceLayer":"道路中间线","sourceFile":"道路中间线.kml","originalPlacemarkIndex":37,"chainIndex":2,"stroke":"#dffbff","stroke-opacity":0.96,"stroke-width":3.2},"geometry":{"type":"LineString","coordinates":[[108.7445059,24.53810476,0],[108.74383032,24.53756887,0]]}},{"type":"Feature","id":"route_center-39-1","properties":{"name":"zhix_252654","sourceLayer":"道路中间线","sourceFile":"道路中间线.kml","originalPlacemarkIndex":38,"chainIndex":0,"stroke":"#dffbff","stroke-opacity":0.96,"stroke-width":3.2},"geometry":{"type":"LineString","coordinates":[[108.73558137,24.5132506,0],[108.73558262,24.51324124,0],[108.73558441,24.51323195,0],[108.73558673,24.51322275,0],[108.73558958,24.51321368,0],[108.73559294,24.51320476,0],[108.73559681,24.51319601,0],[108.73560118,24.51318746,0],[108.73560603,24.51317912,0],[108.73561136,24.51317103,0],[108.73561714,24.5131632,0],[108.73562337,24.51315566,0],[108.73563001,24.51314843,0],[108.73563707,24.51314152,0],[108.73564451,24.51313496,0],[108.73565232,24.51312876,0],[108.73566047,24.51312295,0],[108.73566895,24.51311752,0],[108.73567773,24.51311252,0],[108.73568678,24.51310793,0],[108.73569608,24.51310378,0],[108.73570561,24.51310009,0],[108.73571533,24.51309685,0],[108.73572523,24.51309408,0],[108.73573528,24.51309178,0],[108.73573622,24.51309159,0],[108.73573622,24.51309159,0]]}},{"type":"Feature","id":"route_center-39-2","properties":{"name":"zhix_252654","sourceLayer":"道路中间线","sourceFile":"道路中间线.kml","originalPlacemarkIndex":38,"chainIndex":1,"stroke":"#dffbff","stroke-opacity":0.96,"stroke-width":3.2},"geometry":{"type":"LineString","coordinates":[[108.7355663,24.51339214,0],[108.73558137,24.5132506,0]]}},{"type":"Feature","id":"route_center-39-3","properties":{"name":"zhix_252654","sourceLayer":"道路中间线","sourceFile":"道路中间线.kml","originalPlacemarkIndex":38,"chainIndex":2,"stroke":"#dffbff","stroke-opacity":0.96,"stroke-width":3.2},"geometry":{"type":"LineString","coordinates":[[108.73618123,24.5128494,0],[108.73618147,24.51285883,0],[108.73618117,24.51286826,0],[108.73618033,24.51287766,0],[108.73617895,24.51288702,0],[108.73617704,24.51289629,0],[108.73617459,24.51290546,0],[108.73617163,24.5129145,0],[108.73616814,24.51292339,0],[108.73616415,24.51293209,0],[108.73615967,24.5129406,0],[108.73615471,24.51294888,0],[108.73614927,24.51295692,0],[108.73614338,24.51296468,0],[108.73613706,24.51297216,0],[108.73613031,24.51297932,0],[108.73612316,24.51298615,0],[108.73611563,24.51299263,0],[108.73610773,24.51299874,0],[108.7360995,24.51300447,0],[108.73609095,24.5130098,0],[108.7360821,24.51301471,0],[108.73607299,24.5130192,0],[108.73606363,24.51302324,0],[108.73605405,24.51302684,0],[108.73604428,24.51302997,0],[108.73603434,24.51303263,0],[108.73602567,24.51303454,0],[108.73602567,24.51303454,0],[108.73573622,24.51309159,0]]}},{"type":"Feature","id":"route_center-39-4","properties":{"name":"zhix_252654","sourceLayer":"道路中间线","sourceFile":"道路中间线.kml","originalPlacemarkIndex":38,"chainIndex":3,"stroke":"#dffbff","stroke-opacity":0.96,"stroke-width":3.2},"geometry":{"type":"LineString","coordinates":[[108.73618123,24.5128494,0],[108.73617804,24.51278851,0]]}},{"type":"Feature","id":"route_center-40-1","properties":{"name":"zhix_253198","sourceLayer":"道路中间线","sourceFile":"道路中间线.kml","originalPlacemarkIndex":39,"chainIndex":0,"stroke":"#dffbff","stroke-opacity":0.96,"stroke-width":3.2},"geometry":{"type":"LineString","coordinates":[[108.74041126,24.50223886,0],[108.74038387,24.50226712,0],[108.74035489,24.50229405,0],[108.7403244,24.50231955,0],[108.74029249,24.50234357,0],[108.74025924,24.50236604,0],[108.74022475,24.50238689,0],[108.74018911,24.50240606,0],[108.74016414,24.50241818,0],[108.74016414,24.50241818,0]]}},{"type":"Feature","id":"route_center-40-2","properties":{"name":"zhix_253198","sourceLayer":"道路中间线","sourceFile":"道路中间线.kml","originalPlacemarkIndex":39,"chainIndex":1,"stroke":"#dffbff","stroke-opacity":0.96,"stroke-width":3.2},"geometry":{"type":"LineString","coordinates":[[108.74087621,24.50173291,0],[108.74088648,24.50172233,0],[108.74089734,24.50171225,0],[108.74090877,24.50170271,0],[108.74092073,24.50169372,0],[108.74093319,24.50168531,0],[108.74094612,24.50167751,0],[108.74095947,24.50167034,0],[108.74097322,24.50166381,0],[108.74098733,24.50165795,0],[108.74100175,24.50165276,0],[108.74101646,24.50164828,0],[108.74103139,24.50164449,0],[108.74104653,24.50164143,0],[108.74106182,24.50163909,0],[108.74107722,24.50163749,0],[108.7410927,24.50163662,0],[108.7411082,24.50163648,0],[108.74112369,24.50163709,0],[108.74113912,24.50163844,0],[108.74114303,24.5016389,0],[108.74114303,24.5016389,0]]}},{"type":"Feature","id":"route_center-40-3","properties":{"name":"zhix_253198","sourceLayer":"道路中间线","sourceFile":"道路中间线.kml","originalPlacemarkIndex":39,"chainIndex":2,"stroke":"#dffbff","stroke-opacity":0.96,"stroke-width":3.2},"geometry":{"type":"LineString","coordinates":[[108.74041126,24.50223886,0],[108.74087621,24.50173291,0]]}},{"type":"Feature","id":"route_center-40-4","properties":{"name":"zhix_253198","sourceLayer":"道路中间线","sourceFile":"道路中间线.kml","originalPlacemarkIndex":39,"chainIndex":3,"stroke":"#dffbff","stroke-opacity":0.96,"stroke-width":3.2},"geometry":{"type":"LineString","coordinates":[[108.74170592,24.50163441,0],[108.74168234,24.50164402,0],[108.74165824,24.5016525,0],[108.74163369,24.50165981,0],[108.74160875,24.50166595,0],[108.7415835,24.50167088,0],[108.741558,24.50167461,0],[108.74153231,24.50167712,0],[108.74150652,24.5016784,0],[108.7414807,24.50167845,0],[108.7414549,24.50167726,0],[108.74142921,24.50167485,0],[108.74142582,24.50167444,0],[108.74142582,24.50167444,0],[108.74114303,24.5016389,0]]}},{"type":"Feature","id":"route_center-40-5","properties":{"name":"zhix_253198","sourceLayer":"道路中间线","sourceFile":"道路中间线.kml","originalPlacemarkIndex":39,"chainIndex":4,"stroke":"#dffbff","stroke-opacity":0.96,"stroke-width":3.2},"geometry":{"type":"LineString","coordinates":[[108.74170592,24.50163441,0],[108.74174627,24.50161674,0]]}},{"type":"Feature","id":"route_center-41-1","properties":{"name":"zhix_254091","sourceLayer":"道路中间线","sourceFile":"道路中间线.kml","originalPlacemarkIndex":40,"chainIndex":0,"stroke":"#dffbff","stroke-opacity":0.96,"stroke-width":3.2},"geometry":{"type":"LineString","coordinates":[[108.74189649,24.47578254,0],[108.74190228,24.4757846,0],[108.74190795,24.47578693,0],[108.74191348,24.47578953,0],[108.74191885,24.4757924,0],[108.74192405,24.47579551,0],[108.74192907,24.47579887,0],[108.74193388,24.47580246,0],[108.74193848,24.47580627,0],[108.74194286,24.4758103,0],[108.741947,24.47581454,0],[108.74195089,24.47581896,0],[108.74195451,24.47582357,0],[108.74195787,24.47582834,0],[108.74196095,24.47583326,0],[108.74196375,24.47583833,0],[108.74196625,24.47584352,0],[108.74196844,24.47584882,0],[108.74197033,24.47585422,0],[108.74197191,24.47585971,0],[108.74197317,24.47586526,0],[108.74197411,24.47587086,0],[108.74197472,24.47587651,0],[108.74197501,24.47588217,0],[108.74197498,24.47588784,0],[108.74197462,24.4758935,0],[108.74197393,24.47589913,0],[108.74197292,24.47590473,0],[108.74197159,24.47591027,0],[108.74196995,24.47591574,0],[108.74196799,24.47592112,0],[108.74196573,24.4759264,0],[108.74196316,24.47593157,0],[108.74196031,24.47593661,0],[108.74195756,24.47594092,0],[108.74195756,24.47594092,0]]}},{"type":"Feature","id":"route_center-41-2","properties":{"name":"zhix_254091","sourceLayer":"道路中间线","sourceFile":"道路中间线.kml","originalPlacemarkIndex":40,"chainIndex":1,"stroke":"#dffbff","stroke-opacity":0.96,"stroke-width":3.2},"geometry":{"type":"LineString","coordinates":[[108.74160955,24.47568829,0],[108.74189649,24.47578254,0]]}},{"type":"Feature","id":"route_center-41-3","properties":{"name":"zhix_254091","sourceLayer":"道路中间线","sourceFile":"道路中间线.kml","originalPlacemarkIndex":40,"chainIndex":2,"stroke":"#dffbff","stroke-opacity":0.96,"stroke-width":3.2},"geometry":{"type":"LineString","coordinates":[[108.74189349,24.47626342,0],[108.74188728,24.47625585,0],[108.74188151,24.476248,0],[108.7418762,24.47623988,0],[108.74187136,24.47623152,0],[108.74186701,24.47622294,0],[108.74186316,24.47621416,0],[108.74185981,24.47620522,0],[108.74185699,24.47619612,0],[108.74185469,24.4761869,0],[108.74185293,24.47617759,0],[108.7418517,24.4761682,0],[108.74185101,24.47615877,0],[108.74185087,24.47614932,0],[108.74185127,24.47613987,0],[108.74185221,24.47613046,0],[108.74185369,24.4761211,0],[108.74185571,24.47611183,0],[108.74185826,24.47610266,0],[108.74186133,24.47609363,0],[108.74186491,24.47608476,0],[108.741869,24.47607607,0],[108.74187359,24.47606759,0],[108.74187865,24.47605933,0],[108.74187988,24.47605748,0],[108.74187988,24.47605748,0],[108.74195756,24.47594092,0]]}},{"type":"Feature","id":"route_center-41-4","properties":{"name":"zhix_254091","sourceLayer":"道路中间线","sourceFile":"道路中间线.kml","originalPlacemarkIndex":40,"chainIndex":3,"stroke":"#dffbff","stroke-opacity":0.96,"stroke-width":3.2},"geometry":{"type":"LineString","coordinates":[[108.7422207,24.47635818,0],[108.7422224,24.47636263,0],[108.74222383,24.47636715,0],[108.74222501,24.47637174,0],[108.74222592,24.47637637,0],[108.74222656,24.47638105,0],[108.74222693,24.47638574,0],[108.74222703,24.47639045,0],[108.74222687,24.47639516,0],[108.74222643,24.47639985,0],[108.74222572,24.47640452,0],[108.74222475,24.47640914,0],[108.74222351,24.47641371,0],[108.74222201,24.47641822,0],[108.74222025,24.47642265,0],[108.74221824,24.47642699,0],[108.74221599,24.47643123,0],[108.74221349,24.47643535,0],[108.74221076,24.47643935,0],[108.74220781,24.47644322,0],[108.74220464,24.47644694,0],[108.74220125,24.4764505,0],[108.74219767,24.4764539,0],[108.7421939,24.47645712,0],[108.74218995,24.47646015,0],[108.74218583,24.476463,0],[108.74218155,24.47646564,0],[108.74217712,24.47646808,0],[108.74217257,24.4764703,0],[108.74216789,24.4764723,0],[108.7421631,24.47647408,0],[108.74215821,24.47647563,0],[108.74215325,24.47647694,0],[108.74214822,24.47647801,0],[108.74214313,24.47647884,0],[108.742138,24.47647943,0],[108.74213284,24.47647977,0],[108.74212767,24.47647986,0],[108.74212251,24.47647971,0],[108.74211736,24.47647931,0],[108.74211224,24.47647867,0],[108.74210716,24.47647778,0],[108.74210214,24.47647666,0],[108.74209719,24.47647529,0],[108.74209233,24.4764737,0],[108.74208757,24.47647187,0],[108.74208292,24.47646981,0],[108.74207839,24.47646754,0],[108.742074,24.47646506,0],[108.74206976,24.47646237,0],[108.74206568,24.47645948,0],[108.74206177,24.4764564,0],[108.74205804,24.47645314,0],[108.74205451,24.4764497,0],[108.74205118,24.4764461,0],[108.74205093,24.47644582,0],[108.74205093,24.47644582,0],[108.74189349,24.47626342,0]]}},{"type":"Feature","id":"route_center-41-5","properties":{"name":"zhix_254091","sourceLayer":"道路中间线","sourceFile":"道路中间线.kml","originalPlacemarkIndex":40,"chainIndex":4,"stroke":"#dffbff","stroke-opacity":0.96,"stroke-width":3.2},"geometry":{"type":"LineString","coordinates":[[108.74212694,24.47612914,0],[108.74212354,24.47612022,0],[108.74212066,24.47611114,0],[108.74211831,24.47610194,0],[108.74211648,24.47609264,0],[108.7421152,24.47608327,0],[108.74211445,24.47607385,0],[108.74211425,24.4760644,0],[108.74211459,24.47605496,0],[108.74211547,24.47604555,0],[108.74211689,24.47603619,0],[108.74211885,24.47602691,0],[108.74212134,24.47601774,0],[108.74212435,24.4760087,0],[108.74212788,24.47599981,0],[108.74213191,24.47599111,0],[108.74213643,24.47598261,0],[108.74214144,24.47597433,0],[108.74214692,24.47596631,0],[108.74215285,24.47595856,0],[108.74215922,24.4759511,0],[108.742166,24.47594395,0],[108.74217319,24.47593714,0],[108.74218076,24.47593068,0],[108.74218869,24.47592459,0],[108.74219696,24.47591889,0],[108.74220554,24.47591359,0],[108.74221178,24.47591009,0],[108.74221178,24.47591009,0]]}},{"type":"Feature","id":"route_center-41-6","properties":{"name":"zhix_254091","sourceLayer":"道路中间线","sourceFile":"道路中间线.kml","originalPlacemarkIndex":40,"chainIndex":5,"stroke":"#dffbff","stroke-opacity":0.96,"stroke-width":3.2},"geometry":{"type":"LineString","coordinates":[[108.7422207,24.47635818,0],[108.74212694,24.47612914,0]]}},{"type":"Feature","id":"route_center-41-7","properties":{"name":"zhix_254091","sourceLayer":"道路中间线","sourceFile":"道路中间线.kml","originalPlacemarkIndex":40,"chainIndex":6,"stroke":"#dffbff","stroke-opacity":0.96,"stroke-width":3.2},"geometry":{"type":"LineString","coordinates":[[108.74234604,24.47583794,0],[108.74235282,24.47583453,0],[108.74235979,24.47583145,0],[108.74236692,24.4758287,0],[108.74237421,24.47582629,0],[108.74238162,24.47582424,0],[108.74238914,24.47582254,0],[108.74239674,24.4758212,0],[108.74240442,24.47582023,0],[108.74241213,24.47581963,0],[108.74241988,24.47581939,0],[108.74242762,24.47581952,0],[108.74243535,24.47582003,0],[108.74244303,24.4758209,0],[108.74245066,24.47582213,0],[108.74245821,24.47582373,0],[108.74246565,24.47582568,0],[108.74247297,24.47582799,0],[108.74248015,24.47583064,0],[108.74248716,24.47583363,0],[108.74249399,24.47583695,0],[108.7424962,24.47583812,0],[108.7424962,24.47583812,0]]}},{"type":"Feature","id":"route_center-41-8","properties":{"name":"zhix_254091","sourceLayer":"道路中间线","sourceFile":"道路中间线.kml","originalPlacemarkIndex":40,"chainIndex":7,"stroke":"#dffbff","stroke-opacity":0.96,"stroke-width":3.2},"geometry":{"type":"LineString","coordinates":[[108.74221178,24.47591009,0],[108.74234604,24.47583794,0]]}},{"type":"Feature","id":"route_center-41-9","properties":{"name":"zhix_254091","sourceLayer":"道路中间线","sourceFile":"道路中间线.kml","originalPlacemarkIndex":40,"chainIndex":8,"stroke":"#dffbff","stroke-opacity":0.96,"stroke-width":3.2},"geometry":{"type":"LineString","coordinates":[[108.7424962,24.47583812,0],[108.74250827,24.47584464,0]]}},{"type":"Feature","id":"route_center-42-1","properties":{"name":"zhix_255373","sourceLayer":"道路中间线","sourceFile":"道路中间线.kml","originalPlacemarkIndex":41,"chainIndex":0,"stroke":"#dffbff","stroke-opacity":0.96,"stroke-width":3.2},"geometry":{"type":"LineString","coordinates":[[108.74115073,24.47775885,0],[108.74114081,24.47775615,0],[108.74113106,24.47775297,0],[108.7411215,24.47774934,0],[108.74111216,24.47774526,0],[108.74110308,24.47774073,0],[108.74109426,24.47773578,0],[108.74108574,24.47773042,0],[108.74107755,24.47772466,0],[108.74106969,24.47771851,0],[108.7410622,24.477712,0],[108.74105509,24.47770514,0],[108.74104839,24.47769795,0],[108.74104211,24.47769045,0],[108.74103626,24.47768266,0],[108.74103088,24.4776746,0],[108.74102596,24.4776663,0],[108.74102153,24.47765777,0],[108.7410176,24.47764904,0],[108.74101417,24.47764014,0],[108.74101126,24.47763109,0],[108.74100887,24.47762191,0],[108.74100701,24.47761263,0],[108.74100689,24.47761194,0],[108.74100689,24.47761194,0],[108.74064314,24.47544967,0]]}},{"type":"Feature","id":"route_center-42-2","properties":{"name":"zhix_255373","sourceLayer":"道路中间线","sourceFile":"道路中间线.kml","originalPlacemarkIndex":41,"chainIndex":1,"stroke":"#dffbff","stroke-opacity":0.96,"stroke-width":3.2},"geometry":{"type":"LineString","coordinates":[[108.74181243,24.47792142,0],[108.74182236,24.47792412,0],[108.74183211,24.47792729,0],[108.74184167,24.47793093,0],[108.741851,24.47793501,0],[108.74186009,24.47793953,0],[108.7418689,24.47794448,0],[108.74187742,24.47794985,0],[108.74188562,24.47795561,0],[108.74189347,24.47796176,0],[108.74190097,24.47796827,0],[108.74190807,24.47797513,0],[108.74191478,24.47798232,0],[108.74192106,24.47798982,0],[108.7419269,24.47799761,0],[108.74193228,24.47800567,0],[108.7419372,24.47801397,0],[108.74194163,24.4780225,0],[108.74194557,24.47803122,0],[108.741949,24.47804012,0],[108.74195191,24.47804918,0],[108.7419543,24.47805836,0],[108.74195602,24.47806688,0],[108.74195602,24.47806688,0]]}},{"type":"Feature","id":"route_center-42-3","properties":{"name":"zhix_255373","sourceLayer":"道路中间线","sourceFile":"道路中间线.kml","originalPlacemarkIndex":41,"chainIndex":2,"stroke":"#dffbff","stroke-opacity":0.96,"stroke-width":3.2},"geometry":{"type":"LineString","coordinates":[[108.74115073,24.47775885,0],[108.74181243,24.47792142,0]]}},{"type":"Feature","id":"route_center-42-4","properties":{"name":"zhix_255373","sourceLayer":"道路中间线","sourceFile":"道路中间线.kml","originalPlacemarkIndex":41,"chainIndex":3,"stroke":"#dffbff","stroke-opacity":0.96,"stroke-width":3.2},"geometry":{"type":"LineString","coordinates":[[108.74195602,24.47806688,0],[108.74198311,24.47821964,0]]}},{"type":"Feature","id":"route_center-43-1","properties":{"name":"zhix_257055","sourceLayer":"道路中间线","sourceFile":"道路中间线.kml","originalPlacemarkIndex":42,"chainIndex":0,"stroke":"#dffbff","stroke-opacity":0.96,"stroke-width":3.2},"geometry":{"type":"LineString","coordinates":[[108.74212491,24.48278791,0],[108.74210801,24.48259111,0]]}},{"type":"Feature","id":"route_center-44-1","properties":{"name":"zhix_257155","sourceLayer":"道路中间线","sourceFile":"道路中间线.kml","originalPlacemarkIndex":43,"chainIndex":0,"stroke":"#dffbff","stroke-opacity":0.96,"stroke-width":3.2},"geometry":{"type":"LineString","coordinates":[[108.83779381,24.74778372,0],[108.83779685,24.74784038,0],[108.83779662,24.7478971,0],[108.83779312,24.74795372,0],[108.83778635,24.74801009,0],[108.8377766,24.7480648,0],[108.8377766,24.7480648,0]]}},{"type":"Feature","id":"route_center-44-2","properties":{"name":"zhix_257155","sourceLayer":"道路中间线","sourceFile":"道路中间线.kml","originalPlacemarkIndex":43,"chainIndex":1,"stroke":"#dffbff","stroke-opacity":0.96,"stroke-width":3.2},"geometry":{"type":"LineString","coordinates":[[108.83777729,24.74758139,0],[108.83779381,24.74778372,0]]}},{"type":"Feature","id":"route_center-44-3","properties":{"name":"zhix_257155","sourceLayer":"道路中间线","sourceFile":"道路中间线.kml","originalPlacemarkIndex":43,"chainIndex":2,"stroke":"#dffbff","stroke-opacity":0.96,"stroke-width":3.2},"geometry":{"type":"LineString","coordinates":[[108.83797543,24.74898217,0],[108.8379599,24.7489832,0],[108.83794434,24.74898349,0],[108.83792877,24.74898305,0],[108.83791325,24.74898186,0],[108.83789782,24.74897994,0],[108.83788252,24.74897729,0],[108.8378674,24.74897392,0],[108.83785248,24.74896983,0],[108.83783782,24.74896504,0],[108.83782346,24.74895957,0],[108.83780943,24.74895342,0],[108.83779577,24.74894661,0],[108.83778253,24.74893917,0],[108.83776973,24.74893111,0],[108.83775741,24.74892245,0],[108.8377456,24.74891322,0],[108.83773435,24.74890345,0],[108.83772367,24.74889315,0],[108.8377136,24.74888236,0],[108.83770416,24.74887112,0],[108.83769539,24.74885944,0],[108.8376873,24.74884736,0],[108.83767992,24.74883491,0],[108.83767327,24.74882213,0],[108.83766736,24.74880906,0],[108.83766222,24.74879573,0],[108.83765785,24.74878217,0],[108.83765427,24.74876842,0],[108.83765148,24.74875452,0],[108.83764951,24.74874052,0],[108.83764834,24.74872643,0],[108.83764799,24.74871232,0],[108.83764845,24.74869821,0],[108.83764973,24.74868414,0],[108.83765182,24.74867015,0],[108.83765327,24.74866268,0],[108.83765327,24.74866268,0],[108.8377766,24.7480648,0]]}},{"type":"Feature","id":"route_center-44-4","properties":{"name":"zhix_257155","sourceLayer":"道路中间线","sourceFile":"道路中间线.kml","originalPlacemarkIndex":43,"chainIndex":3,"stroke":"#dffbff","stroke-opacity":0.96,"stroke-width":3.2},"geometry":{"type":"LineString","coordinates":[[108.83943789,24.74884308,0],[108.83945338,24.74884203,0],[108.83946891,24.74884172,0],[108.83948444,24.74884214,0],[108.83949992,24.7488433,0],[108.83951532,24.7488452,0],[108.83953059,24.74884782,0],[108.83954568,24.74885116,0],[108.83956057,24.74885522,0],[108.8395752,24.74885997,0],[108.83958954,24.74886541,0],[108.83960355,24.74887153,0],[108.83961718,24.7488783,0],[108.83963041,24.74888571,0],[108.8396432,24.74889373,0],[108.8396555,24.74890235,0],[108.83966729,24.74891154,0],[108.83967854,24.74892128,0],[108.83968921,24.74893153,0],[108.83969927,24.74894228,0],[108.83970871,24.74895349,0],[108.83971319,24.74895928,0],[108.83971319,24.74895928,0]]}},{"type":"Feature","id":"route_center-44-5","properties":{"name":"zhix_257155","sourceLayer":"道路中间线","sourceFile":"道路中间线.kml","originalPlacemarkIndex":43,"chainIndex":4,"stroke":"#dffbff","stroke-opacity":0.96,"stroke-width":3.2},"geometry":{"type":"LineString","coordinates":[[108.83797543,24.74898217,0],[108.83943789,24.74884308,0]]}},{"type":"Feature","id":"route_center-44-6","properties":{"name":"zhix_257155","sourceLayer":"道路中间线","sourceFile":"道路中间线.kml","originalPlacemarkIndex":43,"chainIndex":5,"stroke":"#dffbff","stroke-opacity":0.96,"stroke-width":3.2},"geometry":{"type":"LineString","coordinates":[[108.84097251,24.75045348,0],[108.84095229,24.75044931,0],[108.84093234,24.75044419,0],[108.84091271,24.75043812,0],[108.84089345,24.75043114,0],[108.84087462,24.75042325,0],[108.84085627,24.75041448,0],[108.84083845,24.75040485,0],[108.84082121,24.75039438,0],[108.84080459,24.75038312,0],[108.84078864,24.75037108,0],[108.84077341,24.75035831,0],[108.84075894,24.75034483,0],[108.84074526,24.75033068,0],[108.84073242,24.75031591,0],[108.84072254,24.75030337,0],[108.84072254,24.75030337,0],[108.83971319,24.74895928,0]]}},{"type":"Feature","id":"route_center-44-7","properties":{"name":"zhix_257155","sourceLayer":"道路中间线","sourceFile":"道路中间线.kml","originalPlacemarkIndex":43,"chainIndex":6,"stroke":"#dffbff","stroke-opacity":0.96,"stroke-width":3.2},"geometry":{"type":"LineString","coordinates":[[108.84152151,24.75042031,0],[108.84151073,24.75043044,0],[108.84149937,24.75044005,0],[108.84148747,24.7504491,0],[108.84147506,24.75045757,0],[108.84146218,24.75046544,0],[108.84144887,24.75047269,0],[108.84143515,24.7504793,0],[108.84142107,24.75048524,0],[108.84140666,24.75049051,0],[108.84139196,24.75049509,0],[108.84137702,24.75049896,0],[108.84136188,24.75050212,0],[108.84134657,24.75050456,0],[108.84133115,24.75050626,0],[108.84131564,24.75050724,0],[108.84130009,24.75050747,0],[108.84128456,24.75050696,0],[108.84126907,24.75050572,0],[108.84125367,24.75050375,0],[108.84124632,24.75050254,0],[108.84124632,24.75050254,0],[108.84097251,24.75045348,0]]}},{"type":"Feature","id":"route_center-44-8","properties":{"name":"zhix_257155","sourceLayer":"道路中间线","sourceFile":"道路中间线.kml","originalPlacemarkIndex":43,"chainIndex":7,"stroke":"#dffbff","stroke-opacity":0.96,"stroke-width":3.2},"geometry":{"type":"LineString","coordinates":[[108.84152151,24.75042031,0],[108.84157302,24.75036927,0]]}},{"type":"Feature","id":"route_center-45-1","properties":{"name":"zhix_260135","sourceLayer":"道路中间线","sourceFile":"道路中间线.kml","originalPlacemarkIndex":44,"chainIndex":0,"stroke":"#dffbff","stroke-opacity":0.96,"stroke-width":3.2},"geometry":{"type":"LineString","coordinates":[[108.835203,24.75054753,0],[108.83519552,24.75054939,0],[108.83518794,24.75055088,0],[108.83518028,24.75055202,0],[108.83517257,24.75055279,0],[108.83516482,24.75055319,0],[108.83515706,24.75055323,0],[108.8351493,24.7505529,0],[108.83514158,24.75055219,0],[108.8351339,24.75055113,0],[108.8351263,24.7505497,0],[108.83511879,24.75054791,0],[108.83511139,24.75054577,0],[108.83510412,24.75054328,0],[108.83509701,24.75054045,0],[108.83509007,24.75053728,0],[108.83508332,24.7505338,0],[108.83507678,24.75052999,0],[108.83507047,24.75052588,0],[108.8350699,24.75052549,0],[108.8350699,24.75052549,0]]}},{"type":"Feature","id":"route_center-45-2","properties":{"name":"zhix_260135","sourceLayer":"道路中间线","sourceFile":"道路中间线.kml","originalPlacemarkIndex":44,"chainIndex":1,"stroke":"#dffbff","stroke-opacity":0.96,"stroke-width":3.2},"geometry":{"type":"LineString","coordinates":[[108.83551727,24.75046056,0],[108.83552725,24.75045808,0],[108.83553735,24.75045608,0],[108.83554756,24.75045455,0],[108.83555785,24.75045352,0],[108.83556818,24.75045297,0],[108.83557853,24.75045292,0],[108.83558887,24.75045335,0],[108.83559917,24.75045428,0],[108.83560941,24.75045569,0],[108.83561955,24.75045759,0],[108.83562956,24.75045997,0],[108.83563943,24.75046281,0],[108.83564912,24.75046613,0],[108.83565414,24.75046805,0],[108.83565414,24.75046805,0]]}},{"type":"Feature","id":"route_center-45-3","properties":{"name":"zhix_260135","sourceLayer":"道路中间线","sourceFile":"道路中间线.kml","originalPlacemarkIndex":44,"chainIndex":2,"stroke":"#dffbff","stroke-opacity":0.96,"stroke-width":3.2},"geometry":{"type":"LineString","coordinates":[[108.835203,24.75054753,0],[108.83551727,24.75046056,0]]}},{"type":"Feature","id":"route_center-45-4","properties":{"name":"zhix_260135","sourceLayer":"道路中间线","sourceFile":"道路中间线.kml","originalPlacemarkIndex":44,"chainIndex":3,"stroke":"#dffbff","stroke-opacity":0.96,"stroke-width":3.2},"geometry":{"type":"LineString","coordinates":[[108.83612492,24.75058534,0],[108.83611848,24.75058925,0],[108.83611181,24.75059285,0],[108.83610495,24.75059613,0],[108.8360979,24.75059908,0],[108.8360907,24.75060169,0],[108.83608335,24.75060396,0],[108.83607588,24.75060587,0],[108.83606831,24.75060742,0],[108.83606066,24.75060862,0],[108.83605295,24.75060945,0],[108.8360452,24.75060991,0],[108.83603744,24.75061,0],[108.83602968,24.75060973,0],[108.83602194,24.75060909,0],[108.83601426,24.75060808,0],[108.83600664,24.75060671,0],[108.83599911,24.75060498,0],[108.83599168,24.75060289,0],[108.83598439,24.75060046,0],[108.83597974,24.75059869,0],[108.83597974,24.75059869,0],[108.83565414,24.75046805,0]]}},{"type":"Feature","id":"route_center-45-5","properties":{"name":"zhix_260135","sourceLayer":"道路中间线","sourceFile":"道路中间线.kml","originalPlacemarkIndex":44,"chainIndex":4,"stroke":"#dffbff","stroke-opacity":0.96,"stroke-width":3.2},"geometry":{"type":"LineString","coordinates":[[108.83641679,24.75039714,0],[108.83643829,24.75038403,0],[108.83646052,24.75037197,0],[108.83648342,24.75036098,0],[108.83650693,24.7503511,0],[108.83653098,24.75034234,0],[108.8365555,24.75033474,0],[108.83657056,24.7503307,0],[108.83657056,24.7503307,0]]}},{"type":"Feature","id":"route_center-45-6","properties":{"name":"zhix_260135","sourceLayer":"道路中间线","sourceFile":"道路中间线.kml","originalPlacemarkIndex":44,"chainIndex":5,"stroke":"#dffbff","stroke-opacity":0.96,"stroke-width":3.2},"geometry":{"type":"LineString","coordinates":[[108.83612492,24.75058534,0],[108.83641679,24.75039714,0]]}},{"type":"Feature","id":"route_center-46-1","properties":{"name":"zhix_262296","sourceLayer":"道路中间线","sourceFile":"道路中间线.kml","originalPlacemarkIndex":45,"chainIndex":0,"stroke":"#dffbff","stroke-opacity":0.96,"stroke-width":3.2},"geometry":{"type":"LineString","coordinates":[[108.83827299,24.74471335,0],[108.83829195,24.74447767,0],[108.83831033,24.74433354,0],[108.83831033,24.74433354,0]]}},{"type":"Feature","id":"route_center-46-2","properties":{"name":"zhix_262296","sourceLayer":"道路中间线","sourceFile":"道路中间线.kml","originalPlacemarkIndex":45,"chainIndex":1,"stroke":"#dffbff","stroke-opacity":0.96,"stroke-width":3.2},"geometry":{"type":"LineString","coordinates":[[108.83825005,24.74515603,0],[108.83827299,24.74471335,0]]}},{"type":"Feature","id":"route_center-46-3","properties":{"name":"zhix_262296","sourceLayer":"道路中间线","sourceFile":"道路中间线.kml","originalPlacemarkIndex":45,"chainIndex":2,"stroke":"#dffbff","stroke-opacity":0.96,"stroke-width":3.2},"geometry":{"type":"LineString","coordinates":[[108.83831033,24.74433354,0],[108.83836313,24.74396974,0]]}},{"type":"Feature","id":"route_center-47-1","properties":{"name":"zhix_262302","sourceLayer":"道路中间线","sourceFile":"道路中间线.kml","originalPlacemarkIndex":46,"chainIndex":0,"stroke":"#dffbff","stroke-opacity":0.96,"stroke-width":3.2},"geometry":{"type":"LineString","coordinates":[[108.84054541,24.7115751,0],[108.84066248,24.71227592,0],[108.84066812,24.7123174,0],[108.84066812,24.7123174,0],[108.84072857,24.71276721,0]]}},{"type":"Feature","id":"route_center-47-2","properties":{"name":"zhix_262302","sourceLayer":"道路中间线","sourceFile":"道路中间线.kml","originalPlacemarkIndex":46,"chainIndex":1,"stroke":"#dffbff","stroke-opacity":0.96,"stroke-width":3.2},"geometry":{"type":"LineString","coordinates":[[108.84002829,24.71008215,0],[108.84004805,24.71008792,0],[108.84006746,24.71009463,0],[108.84008646,24.71010225,0],[108.84010499,24.71011076,0],[108.84012301,24.71012014,0],[108.84014047,24.71013035,0],[108.84015731,24.71014139,0],[108.8401735,24.7101532,0],[108.84018898,24.71016577,0],[108.84020372,24.71017905,0],[108.84021767,24.71019301,0],[108.8402308,24.71020762,0],[108.84024307,24.71022282,0],[108.84025445,24.71023859,0],[108.8402649,24.71025487,0],[108.84027441,24.71027163,0],[108.84028293,24.71028881,0],[108.84029045,24.71030637,0],[108.84029695,24.71032426,0],[108.8403024,24.71034244,0],[108.8403068,24.71036084,0],[108.8403077,24.71036528,0],[108.8403077,24.71036528,0],[108.84054541,24.7115751,0]]}},{"type":"Feature","id":"route_center-47-3","properties":{"name":"zhix_262302","sourceLayer":"道路中间线","sourceFile":"道路中间线.kml","originalPlacemarkIndex":46,"chainIndex":2,"stroke":"#dffbff","stroke-opacity":0.96,"stroke-width":3.2},"geometry":{"type":"LineString","coordinates":[[108.83969374,24.7099939,0],[108.83967892,24.70998957,0],[108.83966437,24.70998454,0],[108.83965013,24.70997883,0],[108.83963623,24.70997245,0],[108.83962272,24.70996542,0],[108.83960964,24.70995776,0],[108.83959701,24.70994949,0],[108.83958487,24.70994064,0],[108.83957326,24.70993121,0],[108.83956221,24.70992126,0],[108.83955175,24.70991079,0],[108.83954191,24.70989984,0],[108.83953271,24.70988844,0],[108.83952417,24.70987662,0],[108.83951634,24.70986441,0],[108.83950921,24.70985185,0],[108.83950282,24.70983897,0],[108.83949718,24.70982581,0],[108.83949231,24.70981239,0],[108.8394911,24.70980864,0],[108.8394911,24.70980864,0]]}},{"type":"Feature","id":"route_center-47-4","properties":{"name":"zhix_262302","sourceLayer":"道路中间线","sourceFile":"道路中间线.kml","originalPlacemarkIndex":46,"chainIndex":3,"stroke":"#dffbff","stroke-opacity":0.96,"stroke-width":3.2},"geometry":{"type":"LineString","coordinates":[[108.84002829,24.71008215,0],[108.83969374,24.7099939,0]]}},{"type":"Feature","id":"route_center-47-5","properties":{"name":"zhix_262302","sourceLayer":"道路中间线","sourceFile":"道路中间线.kml","originalPlacemarkIndex":46,"chainIndex":4,"stroke":"#dffbff","stroke-opacity":0.96,"stroke-width":3.2},"geometry":{"type":"LineString","coordinates":[[108.83908382,24.7085165,0],[108.83908052,24.70850507,0],[108.83907789,24.70849349,0],[108.83907593,24.7084818,0],[108.83907465,24.70847004,0],[108.83907404,24.70845824,0],[108.83907412,24.70844642,0],[108.83907488,24.70843463,0],[108.83907632,24.70842288,0],[108.83907844,24.70841123,0],[108.83908122,24.70839969,0],[108.83908467,24.7083883,0],[108.83908877,24.70837709,0],[108.83909351,24.70836609,0],[108.83909888,24.70835534,0],[108.83910486,24.70834485,0],[108.83911145,24.70833467,0],[108.83911861,24.70832481,0],[108.83912633,24.70831531,0],[108.83913459,24.70830618,0],[108.83913659,24.7083041,0],[108.83913659,24.7083041,0]]}},{"type":"Feature","id":"route_center-47-6","properties":{"name":"zhix_262302","sourceLayer":"道路中间线","sourceFile":"道路中间线.kml","originalPlacemarkIndex":46,"chainIndex":5,"stroke":"#dffbff","stroke-opacity":0.96,"stroke-width":3.2},"geometry":{"type":"LineString","coordinates":[[108.8394911,24.70980864,0],[108.83908382,24.7085165,0]]}},{"type":"Feature","id":"route_center-47-7","properties":{"name":"zhix_262302","sourceLayer":"道路中间线","sourceFile":"道路中间线.kml","originalPlacemarkIndex":46,"chainIndex":6,"stroke":"#dffbff","stroke-opacity":0.96,"stroke-width":3.2},"geometry":{"type":"LineString","coordinates":[[108.83938899,24.70786647,0],[108.83939314,24.70787768,0],[108.83939663,24.70788907,0],[108.83939947,24.70790061,0],[108.83940164,24.70791227,0],[108.83940313,24.70792401,0],[108.83940394,24.7079358,0],[108.83940407,24.70794762,0],[108.83940352,24.70795943,0],[108.83940229,24.70797119,0],[108.83940038,24.70798287,0],[108.8393978,24.70799445,0],[108.83939456,24.70800589,0],[108.83939065,24.70801716,0],[108.83938611,24.70802822,0],[108.83938093,24.70803906,0],[108.83937513,24.70804963,0],[108.83936873,24.70805991,0],[108.83936175,24.70806987,0],[108.8393542,24.70807949,0],[108.8393461,24.70808873,0],[108.83934146,24.70809361,0],[108.83934146,24.70809361,0],[108.83913659,24.7083041,0]]}},{"type":"Feature","id":"route_center-47-8","properties":{"name":"zhix_262302","sourceLayer":"道路中间线","sourceFile":"道路中间线.kml","originalPlacemarkIndex":46,"chainIndex":7,"stroke":"#dffbff","stroke-opacity":0.96,"stroke-width":3.2},"geometry":{"type":"LineString","coordinates":[[108.83805454,24.70497094,0],[108.83806749,24.70497092,0],[108.83808043,24.70497151,0],[108.83809331,24.70497271,0],[108.83810611,24.70497452,0],[108.83811879,24.70497694,0],[108.83813131,24.70497996,0],[108.83814365,24.70498357,0],[108.83815576,24.70498775,0],[108.83816761,24.70499251,0],[108.83817917,24.70499782,0],[108.83819041,24.70500368,0],[108.8382013,24.70501005,0],[108.83821181,24.70501694,0],[108.83822191,24.70502431,0],[108.83823157,24.70503216,0],[108.83824076,24.70504045,0],[108.83824947,24.70504916,0],[108.83825766,24.70505827,0],[108.83826531,24.70506776,0],[108.83827241,24.7050776,0],[108.83827893,24.70508776,0],[108.83828486,24.70509822,0],[108.83829017,24.70510894,0],[108.83829464,24.70511933,0],[108.83829464,24.70511933,0],[108.83938899,24.70786647,0]]}},{"type":"Feature","id":"route_center-47-9","properties":{"name":"zhix_262302","sourceLayer":"道路中间线","sourceFile":"道路中间线.kml","originalPlacemarkIndex":46,"chainIndex":8,"stroke":"#dffbff","stroke-opacity":0.96,"stroke-width":3.2},"geometry":{"type":"LineString","coordinates":[[108.83805454,24.70497094,0],[108.83784649,24.70497705,0]]}},{"type":"Feature","id":"route_center-48-1","properties":{"name":"zhix_267558","sourceLayer":"道路中间线","sourceFile":"道路中间线.kml","originalPlacemarkIndex":47,"chainIndex":0,"stroke":"#dffbff","stroke-opacity":0.96,"stroke-width":3.2},"geometry":{"type":"LineString","coordinates":[[108.83771392,24.70445874,0],[108.83744084,24.70375922,0],[108.83771392,24.70445874,0]]}},{"type":"Feature","id":"route_center-49-1","properties":{"name":"zhix_267563","sourceLayer":"道路中间线","sourceFile":"道路中间线.kml","originalPlacemarkIndex":48,"chainIndex":0,"stroke":"#dffbff","stroke-opacity":0.96,"stroke-width":3.2},"geometry":{"type":"LineString","coordinates":[[108.83772153,24.70328021,0],[108.83770963,24.7032755,0],[108.83769802,24.70327024,0],[108.83768673,24.70326443,0],[108.83767579,24.7032581,0],[108.83766523,24.70325126,0],[108.83765507,24.70324392,0],[108.83764536,24.70323611,0],[108.8376361,24.70322786,0],[108.83762733,24.70321917,0],[108.83761908,24.70321009,0],[108.83761136,24.70320062,0],[108.83760419,24.7031908,0],[108.8375976,24.70318066,0],[108.83759161,24.70317022,0],[108.83758622,24.70315951,0],[108.83758146,24.70314855,0],[108.83758119,24.70314788,0],[108.83758119,24.70314788,0]]}},{"type":"Feature","id":"route_center-49-2","properties":{"name":"zhix_267563","sourceLayer":"道路中间线","sourceFile":"道路中间线.kml","originalPlacemarkIndex":48,"chainIndex":1,"stroke":"#dffbff","stroke-opacity":0.96,"stroke-width":3.2},"geometry":{"type":"LineString","coordinates":[[108.83783346,24.70332114,0],[108.83772153,24.70328021,0]]}},{"type":"Feature","id":"route_center-49-3","properties":{"name":"zhix_267563","sourceLayer":"道路中间线","sourceFile":"道路中间线.kml","originalPlacemarkIndex":48,"chainIndex":2,"stroke":"#dffbff","stroke-opacity":0.96,"stroke-width":3.2},"geometry":{"type":"LineString","coordinates":[[108.83758119,24.70314788,0],[108.83727099,24.70236936,0]]}},{"type":"Feature","id":"route_center-50-1","properties":{"name":"zhix_268764","sourceLayer":"道路中间线","sourceFile":"道路中间线.kml","originalPlacemarkIndex":49,"chainIndex":0,"stroke":"#dffbff","stroke-opacity":0.96,"stroke-width":3.2},"geometry":{"type":"LineString","coordinates":[[108.83977919,24.73907856,0],[108.83978487,24.73900786,0],[108.83979463,24.73893753,0],[108.83980092,24.7389031,0],[108.83980092,24.7389031,0],[108.83980092,24.7389031,0],[108.83980861,24.73886231,0],[108.83982971,24.73872184,0]]}},{"type":"Feature","id":"route_center-50-2","properties":{"name":"zhix_268764","sourceLayer":"道路中间线","sourceFile":"道路中间线.kml","originalPlacemarkIndex":49,"chainIndex":1,"stroke":"#dffbff","stroke-opacity":0.96,"stroke-width":3.2},"geometry":{"type":"LineString","coordinates":[[108.83976284,24.73939337,0],[108.83977919,24.73907856,0]]}},{"type":"Feature","id":"route_center-50-3","properties":{"name":"zhix_268764","sourceLayer":"道路中间线","sourceFile":"道路中间线.kml","originalPlacemarkIndex":49,"chainIndex":2,"stroke":"#dffbff","stroke-opacity":0.96,"stroke-width":3.2},"geometry":{"type":"LineString","coordinates":[[108.83982971,24.73872184,0],[108.83991151,24.73804692,0]]}},{"type":"Feature","id":"route_center-51-1","properties":{"name":"zhix_269106","sourceLayer":"道路中间线","sourceFile":"道路中间线.kml","originalPlacemarkIndex":50,"chainIndex":0,"stroke":"#dffbff","stroke-opacity":0.96,"stroke-width":3.2},"geometry":{"type":"LineString","coordinates":[[108.83350555,24.69198349,0],[108.83401735,24.69160345,0]]}},{"type":"Feature","id":"route_center-52-1","properties":{"name":"zhix_269111","sourceLayer":"道路中间线","sourceFile":"道路中间线.kml","originalPlacemarkIndex":51,"chainIndex":0,"stroke":"#dffbff","stroke-opacity":0.96,"stroke-width":3.2},"geometry":{"type":"LineString","coordinates":[[108.78812719,24.58963182,0],[108.78812653,24.58965543,0],[108.78812452,24.58967898,0],[108.78812115,24.5897024,0],[108.78811644,24.58972563,0],[108.78811039,24.5897486,0],[108.78810303,24.58977125,0],[108.78809438,24.58979351,0],[108.78808445,24.58981533,0],[108.78807328,24.58983665,0],[108.78806089,24.58985741,0],[108.78804733,24.58987754,0],[108.78803262,24.58989701,0],[108.78801682,24.58991574,0],[108.78800071,24.58993293,0],[108.78800071,24.58993293,0],[108.78792947,24.59000541,0]]}},{"type":"Feature","id":"route_center-52-2","properties":{"name":"zhix_269111","sourceLayer":"道路中间线","sourceFile":"道路中间线.kml","originalPlacemarkIndex":51,"chainIndex":1,"stroke":"#dffbff","stroke-opacity":0.96,"stroke-width":3.2},"geometry":{"type":"LineString","coordinates":[[108.78812806,24.58903107,0],[108.78812872,24.58900746,0],[108.78813074,24.58898391,0],[108.78813411,24.58896049,0],[108.78813882,24.58893726,0],[108.78814487,24.58891429,0],[108.78815223,24.58889164,0],[108.78816089,24.58886938,0],[108.78817082,24.58884756,0],[108.78818199,24.58882624,0],[108.78819438,24.58880548,0],[108.78820794,24.58878534,0],[108.78822265,24.58876588,0],[108.78823846,24.58874715,0],[108.78824642,24.58873844,0],[108.78824642,24.58873844,0]]}},{"type":"Feature","id":"route_center-52-3","properties":{"name":"zhix_269111","sourceLayer":"道路中间线","sourceFile":"道路中间线.kml","originalPlacemarkIndex":51,"chainIndex":2,"stroke":"#dffbff","stroke-opacity":0.96,"stroke-width":3.2},"geometry":{"type":"LineString","coordinates":[[108.78812719,24.58963182,0],[108.78812806,24.58903107,0]]}},{"type":"Feature","id":"route_center-52-4","properties":{"name":"zhix_269111","sourceLayer":"道路中间线","sourceFile":"道路中间线.kml","originalPlacemarkIndex":51,"chainIndex":3,"stroke":"#dffbff","stroke-opacity":0.96,"stroke-width":3.2},"geometry":{"type":"LineString","coordinates":[[108.78860251,24.58835739,0],[108.78860769,24.58835215,0],[108.78861316,24.58834716,0],[108.78861891,24.58834244,0],[108.78862493,24.588338,0],[108.78863119,24.58833386,0],[108.78863769,24.58833002,0],[108.7886444,24.58832649,0],[108.7886513,24.58832328,0],[108.78865838,24.58832041,0],[108.78866562,24.58831788,0],[108.78867299,24.5883157,0],[108.78868047,24.58831387,0],[108.78868806,24.5883124,0],[108.78869572,24.58831129,0],[108.78870343,24.58831055,0],[108.78871117,24.58831017,0],[108.78871893,24.58831017,0],[108.78872668,24.58831053,0],[108.78873439,24.58831126,0],[108.78874206,24.58831236,0],[108.78874965,24.58831382,0],[108.78875714,24.58831564,0],[108.78876452,24.58831781,0],[108.78877177,24.58832033,0],[108.78877886,24.58832319,0],[108.78878578,24.58832639,0],[108.78878996,24.58832852,0],[108.78878996,24.58832852,0],[108.78878996,24.58832852,0],[108.78879405,24.58833061,0],[108.788801,24.58833381,0],[108.78880812,24.58833668,0],[108.7888154,24.5883392,0],[108.78882281,24.58834138,0],[108.78883033,24.5883432,0],[108.78883796,24.58834466,0],[108.78884565,24.58834576,0],[108.7888534,24.58834649,0],[108.78886117,24.58834685,0],[108.78886896,24.58834684,0],[108.78887674,24.58834646,0],[108.78888448,24.58834572,0],[108.78889217,24.5883446,0],[108.78889978,24.58834312,0],[108.78890729,24.58834128,0],[108.78891469,24.58833908,0],[108.78892195,24.58833654,0],[108.78892906,24.58833365,0],[108.78893599,24.58833043,0],[108.78894272,24.58832689,0],[108.78894924,24.58832303,0],[108.78895553,24.58831886,0],[108.78896157,24.5883144,0],[108.78896734,24.58830966,0],[108.78897283,24.58830465,0],[108.78897802,24.58829939,0],[108.78898291,24.58829389,0],[108.78898747,24.58828816,0],[108.78899169,24.58828222,0],[108.78899557,24.58827609,0],[108.78899908,24.58826978,0],[108.78900223,24.58826331,0],[108.789005,24.5882567,0],[108.78900739,24.58824997,0],[108.78900938,24.58824314,0],[108.78901098,24.58823622,0],[108.78901218,24.58822923,0],[108.78901297,24.58822219,0],[108.78901335,24.58821512,0],[108.78901333,24.58820805,0],[108.7890129,24.58820099,0],[108.78901207,24.58819395,0],[108.78901083,24.58818697,0],[108.78900919,24.58818005,0],[108.78900715,24.58817322,0],[108.78900473,24.58816649,0],[108.78900192,24.58815989,0],[108.78899873,24.58815343,0],[108.78899518,24.58814713,0],[108.78899126,24.58814101,0],[108.78898701,24.58813508,0],[108.78898241,24.58812936,0]]}},{"type":"Feature","id":"route_center-52-5","properties":{"name":"zhix_269111","sourceLayer":"道路中间线","sourceFile":"道路中间线.kml","originalPlacemarkIndex":51,"chainIndex":4,"stroke":"#dffbff","stroke-opacity":0.96,"stroke-width":3.2},"geometry":{"type":"LineString","coordinates":[[108.78824642,24.58873844,0],[108.78860251,24.58835739,0]]}},{"type":"Feature","id":"route_center-52-6","properties":{"name":"zhix_269111","sourceLayer":"道路中间线","sourceFile":"道路中间线.kml","originalPlacemarkIndex":51,"chainIndex":5,"stroke":"#dffbff","stroke-opacity":0.96,"stroke-width":3.2},"geometry":{"type":"LineString","coordinates":[[108.78864908,24.58773127,0],[108.78864449,24.58772555,0],[108.78864023,24.58771962,0],[108.78863632,24.5877135,0],[108.78863276,24.5877072,0],[108.78862958,24.58770074,0],[108.78862677,24.58769414,0],[108.78862434,24.58768742,0],[108.78862231,24.58768059,0],[108.78862067,24.58767367,0],[108.78861943,24.58766669,0],[108.78861859,24.58765965,0],[108.78861816,24.58765259,0],[108.78861814,24.58764552,0],[108.78861853,24.58763845,0],[108.78861932,24.58763142,0],[108.78862051,24.58762443,0],[108.78862211,24.58761751,0],[108.78862411,24.58761067,0],[108.78862649,24.58760394,0],[108.78862926,24.58759733,0],[108.78863241,24.58759087,0],[108.78863592,24.58758456,0],[108.7886398,24.58757843,0],[108.78864402,24.58757249,0],[108.78864858,24.58756676,0],[108.78865346,24.58756126,0],[108.78865866,24.587556,0],[108.78866415,24.58755099,0],[108.78866992,24.58754625,0],[108.78867596,24.58754179,0],[108.78868224,24.58753762,0],[108.78868876,24.58753376,0],[108.78869549,24.58753022,0],[108.78870242,24.587527,0],[108.78870952,24.58752411,0],[108.78871678,24.58752157,0],[108.78872418,24.58751937,0],[108.7887317,24.58751753,0],[108.78873931,24.58751605,0],[108.788747,24.58751494,0],[108.78875474,24.58751419,0],[108.78876251,24.58751381,0],[108.7887703,24.5875138,0],[108.78877807,24.58751416,0],[108.78878582,24.58751489,0],[108.78879351,24.58751598,0],[108.78880113,24.58751745,0],[108.78880866,24.58751927,0],[108.78881607,24.58752144,0],[108.78882335,24.58752397,0],[108.78883047,24.58752684,0],[108.78883741,24.58753004,0],[108.78884417,24.58753357,0],[108.78884634,24.5875348,0],[108.78884634,24.5875348,0]]}},{"type":"Feature","id":"route_center-52-7","properties":{"name":"zhix_269111","sourceLayer":"道路中间线","sourceFile":"道路中间线.kml","originalPlacemarkIndex":51,"chainIndex":6,"stroke":"#dffbff","stroke-opacity":0.96,"stroke-width":3.2},"geometry":{"type":"LineString","coordinates":[[108.78898241,24.58812936,0],[108.78864908,24.58773127,0]]}},{"type":"Feature","id":"route_center-52-8","properties":{"name":"zhix_269111","sourceLayer":"道路中间线","sourceFile":"道路中间线.kml","originalPlacemarkIndex":51,"chainIndex":7,"stroke":"#dffbff","stroke-opacity":0.96,"stroke-width":3.2},"geometry":{"type":"LineString","coordinates":[[108.78884634,24.5875348,0],[108.78907186,24.5876664,0]]}},{"type":"Feature","id":"route_center-53-1","properties":{"name":"zhix_271295","sourceLayer":"道路中间线","sourceFile":"道路中间线.kml","originalPlacemarkIndex":52,"chainIndex":0,"stroke":"#dffbff","stroke-opacity":0.96,"stroke-width":3.2},"geometry":{"type":"LineString","coordinates":[[108.78194867,24.58421643,0],[108.78196649,24.58420692,0],[108.78198484,24.58419827,0],[108.78200365,24.5841905,0],[108.78202289,24.58418364,0],[108.7820425,24.58417771,0],[108.78206243,24.58417271,0],[108.78208262,24.58416867,0],[108.78210301,24.5841656,0],[108.78212356,24.5841635,0],[108.78214419,24.58416238,0],[108.78216487,24.58416225,0],[108.78218553,24.5841631,0],[108.78220611,24.58416492,0],[108.78222655,24.58416773,0],[108.78224681,24.5841715,0],[108.78226683,24.58417623,0],[108.78228655,24.58418191,0],[108.78230591,24.58418852,0],[108.78232487,24.58419604,0],[108.7823288,24.58419773,0],[108.7823288,24.58419773,0],[108.78257922,24.58430811,0]]}},{"type":"Feature","id":"route_center-53-2","properties":{"name":"zhix_271295","sourceLayer":"道路中间线","sourceFile":"道路中间线.kml","originalPlacemarkIndex":52,"chainIndex":1,"stroke":"#dffbff","stroke-opacity":0.96,"stroke-width":3.2},"geometry":{"type":"LineString","coordinates":[[108.78160488,24.58441207,0],[108.78157815,24.58442638,0],[108.78155064,24.58443939,0],[108.78152241,24.58445108,0],[108.78149354,24.5844614,0],[108.78146412,24.58447034,0],[108.78143422,24.58447787,0],[108.78140393,24.58448396,0],[108.78137332,24.58448861,0],[108.78134249,24.58449179,0],[108.78131152,24.5844935,0],[108.78128049,24.58449374,0],[108.78126972,24.58449347,0],[108.78126972,24.58449347,0]]}},{"type":"Feature","id":"route_center-53-3","properties":{"name":"zhix_271295","sourceLayer":"道路中间线","sourceFile":"道路中间线.kml","originalPlacemarkIndex":52,"chainIndex":2,"stroke":"#dffbff","stroke-opacity":0.96,"stroke-width":3.2},"geometry":{"type":"LineString","coordinates":[[108.78194867,24.58421643,0],[108.78160488,24.58441207,0]]}},{"type":"Feature","id":"route_center-53-4","properties":{"name":"zhix_271295","sourceLayer":"道路中间线","sourceFile":"道路中间线.kml","originalPlacemarkIndex":52,"chainIndex":3,"stroke":"#dffbff","stroke-opacity":0.96,"stroke-width":3.2},"geometry":{"type":"LineString","coordinates":[[108.78060073,24.58466356,0],[108.78062213,24.58464313,0],[108.78064467,24.58462374,0],[108.7806683,24.58460546,0],[108.78069295,24.58458832,0],[108.78071856,24.58457238,0],[108.78074505,24.58455769,0],[108.78077235,24.58454427,0],[108.78080039,24.58453217,0],[108.78082909,24.58452142,0],[108.78085837,24.58451205,0],[108.78088816,24.58450409,0],[108.78091836,24.58449756,0],[108.7809489,24.58449247,0],[108.78097969,24.58448884,0],[108.78101065,24.58448668,0],[108.78104169,24.584486,0],[108.78106153,24.58448634,0],[108.78106153,24.58448634,0]]}},{"type":"Feature","id":"route_center-53-5","properties":{"name":"zhix_271295","sourceLayer":"道路中间线","sourceFile":"道路中间线.kml","originalPlacemarkIndex":52,"chainIndex":4,"stroke":"#dffbff","stroke-opacity":0.96,"stroke-width":3.2},"geometry":{"type":"LineString","coordinates":[[108.78060073,24.58466356,0],[108.78059004,24.58467377,0],[108.78057877,24.58468346,0],[108.78056695,24.5846926,0],[108.78055463,24.58470116,0],[108.78054183,24.58470912,0],[108.78052858,24.58471647,0],[108.78051493,24.58472317,0],[108.78050092,24.58472921,0],[108.78048657,24.58473458,0],[108.78047193,24.58473926,0],[108.78045705,24.58474324,0],[108.78044195,24.5847465,0],[108.78042668,24.58474904,0],[108.78041129,24.58475085,0],[108.78039582,24.58475192,0],[108.7803803,24.58475226,0],[108.78036478,24.58475186,0],[108.78034931,24.58475072,0],[108.78033393,24.58474885,0],[108.78033134,24.58474846,0],[108.78033134,24.58474846,0]]}},{"type":"Feature","id":"route_center-53-6","properties":{"name":"zhix_271295","sourceLayer":"道路中间线","sourceFile":"道路中间线.kml","originalPlacemarkIndex":52,"chainIndex":5,"stroke":"#dffbff","stroke-opacity":0.96,"stroke-width":3.2},"geometry":{"type":"LineString","coordinates":[[108.78126972,24.58449347,0],[108.78106153,24.58448634,0]]}},{"type":"Feature","id":"route_center-53-7","properties":{"name":"zhix_271295","sourceLayer":"道路中间线","sourceFile":"道路中间线.kml","originalPlacemarkIndex":52,"chainIndex":6,"stroke":"#dffbff","stroke-opacity":0.96,"stroke-width":3.2},"geometry":{"type":"LineString","coordinates":[[108.78033134,24.58474846,0],[108.78021983,24.58473097,0]]}},{"type":"Feature","id":"route_center-54-1","properties":{"name":"zhix_272576","sourceLayer":"道路中间线","sourceFile":"道路中间线.kml","originalPlacemarkIndex":53,"chainIndex":0,"stroke":"#dffbff","stroke-opacity":0.96,"stroke-width":3.2},"geometry":{"type":"LineString","coordinates":[[108.73451183,24.52953886,0],[108.73461671,24.52950612,0],[108.73462658,24.52950333,0],[108.7346366,24.52950101,0],[108.73464675,24.52949917,0],[108.73465698,24.52949781,0],[108.73466728,24.52949695,0],[108.73467761,24.52949657,0],[108.73468795,24.52949669,0],[108.73469826,24.52949731,0],[108.73470853,24.52949841,0],[108.73471872,24.5295,0],[108.7347288,24.52950208,0],[108.73473875,24.52950463,0],[108.73474854,24.52950766,0],[108.73475815,24.52951114,0],[108.73476753,24.52951508,0],[108.73477668,24.52951946,0],[108.73478557,24.52952428,0],[108.73479416,24.52952951,0],[108.73480244,24.52953514,0],[108.73481039,24.52954116,0],[108.73481798,24.52954755,0],[108.73482519,24.52955429,0],[108.73483201,24.52956137,0],[108.73483841,24.52956876,0],[108.73484264,24.52957413,0],[108.73484264,24.52957413,0],[108.73556708,24.53053001,0],[108.73556708,24.53053001,0],[108.73557197,24.53053617,0],[108.73557842,24.53054353,0],[108.73558527,24.53055057,0],[108.73559253,24.53055727,0],[108.73560016,24.53056362,0],[108.73560814,24.53056959,0],[108.73561646,24.53057518,0],[108.73562508,24.53058036,0],[108.735634,24.53058512,0],[108.73564317,24.53058945,0],[108.73565258,24.53059334,0],[108.7356622,24.53059678,0],[108.73567201,24.53059975,0],[108.73568197,24.53060224,0],[108.73569207,24.53060426,0],[108.73570226,24.5306058,0],[108.73571254,24.53060685,0],[108.73572285,24.53060741,0],[108.73573319,24.53060747,0],[108.73574352,24.53060704,0],[108.7357538,24.53060612,0],[108.73576402,24.53060471,0],[108.73577415,24.53060282,0],[108.73578415,24.53060045,0],[108.73579401,24.5305976,0],[108.73580369,24.53059428,0],[108.73581316,24.53059051,0],[108.73582241,24.5305863,0],[108.7358314,24.53058165,0],[108.73615073,24.53040502,0],[108.73615073,24.53040502,0],[108.73615621,24.53040191,0],[108.73616909,24.53039399,0],[108.7361815,24.53038546,0],[108.73619341,24.53037635,0],[108.73620477,24.53036669,0],[108.73621556,24.5303565,0],[108.73622576,24.53034581,0],[108.73623532,24.53033465,0],[108.73624423,24.53032305,0],[108.73625246,24.53031104,0],[108.73626,24.53029866,0],[108.73626681,24.53028593,0],[108.73627288,24.5302729,0],[108.73627819,24.5302596,0],[108.73628273,24.53024606,0],[108.73628648,24.53023232,0],[108.73642463,24.52966679,0],[108.7364397,24.5296118,0],[108.7364579,24.5295576,0],[108.73647919,24.52950434,0],[108.73650351,24.52945217,0],[108.7365308,24.52940123,0],[108.73656097,24.52935166,0],[108.7365904,24.5293085,0],[108.7365904,24.5293085,0],[108.73666698,24.52920179,0]]}},{"type":"Feature","id":"route_center-55-1","properties":{"name":"zhix_275436","sourceLayer":"道路中间线","sourceFile":"道路中间线.kml","originalPlacemarkIndex":54,"chainIndex":0,"stroke":"#dffbff","stroke-opacity":0.96,"stroke-width":3.2},"geometry":{"type":"LineString","coordinates":[[108.73779012,24.50991219,0],[108.73777231,24.50995146,0],[108.73775228,24.50998983,0],[108.73773006,24.5100272,0],[108.73770574,24.51006345,0],[108.73767936,24.5100985,0],[108.73765907,24.51012301,0],[108.73765907,24.51012301,0],[108.73728893,24.5105532,0]]}},{"type":"Feature","id":"route_center-55-2","properties":{"name":"zhix_275436","sourceLayer":"道路中间线","sourceFile":"道路中间线.kml","originalPlacemarkIndex":54,"chainIndex":1,"stroke":"#dffbff","stroke-opacity":0.96,"stroke-width":3.2},"geometry":{"type":"LineString","coordinates":[[108.73794517,24.50950157,0],[108.73792318,24.50957935,0],[108.73789674,24.50965597,0],[108.73787639,24.50970702,0],[108.73787639,24.50970702,0],[108.73779012,24.50991219,0]]}},{"type":"Feature","id":"route_center-55-3","properties":{"name":"zhix_275436","sourceLayer":"道路中间线","sourceFile":"道路中间线.kml","originalPlacemarkIndex":54,"chainIndex":2,"stroke":"#dffbff","stroke-opacity":0.96,"stroke-width":3.2},"geometry":{"type":"LineString","coordinates":[[108.73798776,24.50933302,0],[108.73799939,24.50929185,0],[108.73801337,24.50925129,0],[108.73802966,24.50921145,0],[108.73804822,24.50917244,0],[108.73806899,24.50913437,0],[108.7380772,24.5091206,0],[108.7380772,24.5091206,0]]}},{"type":"Feature","id":"route_center-55-4","properties":{"name":"zhix_275436","sourceLayer":"道路中间线","sourceFile":"道路中间线.kml","originalPlacemarkIndex":54,"chainIndex":3,"stroke":"#dffbff","stroke-opacity":0.96,"stroke-width":3.2},"geometry":{"type":"LineString","coordinates":[[108.73794517,24.50950157,0],[108.73798776,24.50933302,0]]}},{"type":"Feature","id":"route_center-55-5","properties":{"name":"zhix_275436","sourceLayer":"道路中间线","sourceFile":"道路中间线.kml","originalPlacemarkIndex":54,"chainIndex":4,"stroke":"#dffbff","stroke-opacity":0.96,"stroke-width":3.2},"geometry":{"type":"LineString","coordinates":[[108.7380772,24.5091206,0],[108.73838814,24.50860989,0]]}},{"type":"Feature","id":"route_center-56-1","properties":{"name":"zhix_275809","sourceLayer":"道路中间线","sourceFile":"道路中间线.kml","originalPlacemarkIndex":55,"chainIndex":0,"stroke":"#dffbff","stroke-opacity":0.96,"stroke-width":3.2},"geometry":{"type":"LineString","coordinates":[[108.74160084,24.50113081,0],[108.74158769,24.50107055,0],[108.74157802,24.50100975,0],[108.74157431,24.5009773,0],[108.74157431,24.5009773,0]]}},{"type":"Feature","id":"route_center-56-2","properties":{"name":"zhix_275809","sourceLayer":"道路中间线","sourceFile":"道路中间线.kml","originalPlacemarkIndex":55,"chainIndex":1,"stroke":"#dffbff","stroke-opacity":0.96,"stroke-width":3.2},"geometry":{"type":"LineString","coordinates":[[108.74162158,24.50121442,0],[108.74160084,24.50113081,0]]}},{"type":"Feature","id":"route_center-56-3","properties":{"name":"zhix_275809","sourceLayer":"道路中间线","sourceFile":"道路中间线.kml","originalPlacemarkIndex":55,"chainIndex":2,"stroke":"#dffbff","stroke-opacity":0.96,"stroke-width":3.2},"geometry":{"type":"LineString","coordinates":[[108.74151682,24.50070583,0],[108.7415273,24.50072744,0],[108.74153654,24.50074952,0],[108.74154449,24.500772,0],[108.74155113,24.50079484,0],[108.74155646,24.50081796,0],[108.74156045,24.5008413,0],[108.74156254,24.50085874,0],[108.74156254,24.50085874,0]]}},{"type":"Feature","id":"route_center-56-4","properties":{"name":"zhix_275809","sourceLayer":"道路中间线","sourceFile":"道路中间线.kml","originalPlacemarkIndex":55,"chainIndex":3,"stroke":"#dffbff","stroke-opacity":0.96,"stroke-width":3.2},"geometry":{"type":"LineString","coordinates":[[108.74151682,24.50070583,0],[108.74149795,24.50066694,0],[108.74148135,24.50062721,0],[108.74146706,24.50058674,0],[108.74145844,24.50055802,0],[108.74145844,24.50055802,0]]}},{"type":"Feature","id":"route_center-56-5","properties":{"name":"zhix_275809","sourceLayer":"道路中间线","sourceFile":"道路中间线.kml","originalPlacemarkIndex":55,"chainIndex":4,"stroke":"#dffbff","stroke-opacity":0.96,"stroke-width":3.2},"geometry":{"type":"LineString","coordinates":[[108.74157431,24.5009773,0],[108.74156254,24.50085874,0]]}},{"type":"Feature","id":"route_center-57-1","properties":{"name":"zhix_275839","sourceLayer":"道路中间线","sourceFile":"道路中间线.kml","originalPlacemarkIndex":56,"chainIndex":0,"stroke":"#dffbff","stroke-opacity":0.96,"stroke-width":3.2},"geometry":{"type":"LineString","coordinates":[[108.74256007,24.49076105,0],[108.7425704,24.49077164,0],[108.74258011,24.4907827,0],[108.74258917,24.49079422,0],[108.74259755,24.49080615,0],[108.74260524,24.49081846,0],[108.74261221,24.49083113,0],[108.74261844,24.49084411,0],[108.74262392,24.49085737,0],[108.74262863,24.49087087,0],[108.74263256,24.49088458,0],[108.74263569,24.49089845,0],[108.74263664,24.49090361,0],[108.74263664,24.49090361,0],[108.74263664,24.49090361,0],[108.74263756,24.49090823,0],[108.74263895,24.49091375,0],[108.74264066,24.49091918,0],[108.74264268,24.49092453,0],[108.74264501,24.49092978,0],[108.74264763,24.49093491,0],[108.74265054,24.4909399,0],[108.74265374,24.49094475,0],[108.74265721,24.49094944,0],[108.74266094,24.49095396,0],[108.74266493,24.49095829,0],[108.74266917,24.49096243,0],[108.74267363,24.49096636,0],[108.74267832,24.49097007,0],[108.74268321,24.49097355,0],[108.74268829,24.4909768,0],[108.74269356,24.4909798,0],[108.74269899,24.49098254,0],[108.74270457,24.49098502,0],[108.74271029,24.49098723,0],[108.74271612,24.49098917,0],[108.74272206,24.49099082,0],[108.74272808,24.49099219,0],[108.74273418,24.49099327,0],[108.74274033,24.49099406,0],[108.74274652,24.49099455,0],[108.74275272,24.49099475,0],[108.74275893,24.49099465,0]]}},{"type":"Feature","id":"route_center-57-2","properties":{"name":"zhix_275839","sourceLayer":"道路中间线","sourceFile":"道路中间线.kml","originalPlacemarkIndex":56,"chainIndex":1,"stroke":"#dffbff","stroke-opacity":0.96,"stroke-width":3.2},"geometry":{"type":"LineString","coordinates":[[108.74250479,24.49070724,0],[108.74256007,24.49076105,0]]}},{"type":"Feature","id":"route_center-57-3","properties":{"name":"zhix_275839","sourceLayer":"道路中间线","sourceFile":"道路中间线.kml","originalPlacemarkIndex":56,"chainIndex":2,"stroke":"#dffbff","stroke-opacity":0.96,"stroke-width":3.2},"geometry":{"type":"LineString","coordinates":[[108.74275893,24.49099465,0],[108.74280245,24.49099283,0]]}},{"type":"Feature","id":"route_center-58-1","properties":{"name":"zhix_276070","sourceLayer":"道路中间线","sourceFile":"道路中间线.kml","originalPlacemarkIndex":57,"chainIndex":0,"stroke":"#dffbff","stroke-opacity":0.96,"stroke-width":3.2},"geometry":{"type":"LineString","coordinates":[[108.73734762,24.53398549,0],[108.7373587,24.53395906,0],[108.73737128,24.53393319,0],[108.73738533,24.53390796,0],[108.73740081,24.53388343,0],[108.73741768,24.53385968,0],[108.7374359,24.53383675,0],[108.7374554,24.53381473,0],[108.73747614,24.53379367,0],[108.73749806,24.53377362,0],[108.73752111,24.53375464,0],[108.73754521,24.53373679,0],[108.7375703,24.53372011,0],[108.73759632,24.53370465,0],[108.73762319,24.53369045,0],[108.73765084,24.53367756,0],[108.73767919,24.53366599,0],[108.73770817,24.53365579,0],[108.73772769,24.5336498,0],[108.73772769,24.5336498,0],[108.73772769,24.5336498,0],[108.73773333,24.53364814,0],[108.73776256,24.5336386,0],[108.7377912,24.53362769,0],[108.73781918,24.53361542,0],[108.73784641,24.53360184,0],[108.73787283,24.53358698,0],[108.73789836,24.53357089,0],[108.73792293,24.5335536,0],[108.73794647,24.53353516,0],[108.73796893,24.53351562,0],[108.73799022,24.53349504,0],[108.73801031,24.53347348,0],[108.73802913,24.53345099,0],[108.73804664,24.53342763,0]]}},{"type":"Feature","id":"route_center-58-2","properties":{"name":"zhix_276070","sourceLayer":"道路中间线","sourceFile":"道路中间线.kml","originalPlacemarkIndex":57,"chainIndex":1,"stroke":"#dffbff","stroke-opacity":0.96,"stroke-width":3.2},"geometry":{"type":"LineString","coordinates":[[108.73716663,24.53445276,0],[108.73734762,24.53398549,0]]}},{"type":"Feature","id":"route_center-58-3","properties":{"name":"zhix_276070","sourceLayer":"道路中间线","sourceFile":"道路中间线.kml","originalPlacemarkIndex":57,"chainIndex":2,"stroke":"#dffbff","stroke-opacity":0.96,"stroke-width":3.2},"geometry":{"type":"LineString","coordinates":[[108.73830898,24.53305704,0],[108.73831336,24.53305122,0],[108.73831807,24.53304561,0],[108.7383231,24.53304024,0],[108.73832843,24.53303511,0],[108.73833405,24.53303025,0],[108.73833993,24.53302565,0],[108.73834608,24.53302135,0],[108.73835246,24.53301734,0],[108.73835906,24.53301364,0],[108.73836587,24.53301027,0],[108.73837286,24.53300722,0],[108.73838002,24.53300451,0],[108.73838732,24.53300214,0],[108.73839475,24.53300012,0],[108.73840228,24.53299846,0],[108.7384099,24.53299717,0],[108.73841758,24.53299623,0],[108.73842531,24.53299567,0],[108.73843305,24.53299547,0],[108.7384408,24.53299565,0],[108.73844853,24.53299619,0],[108.73845621,24.5329971,0],[108.73846383,24.53299837,0],[108.73847137,24.53300001,0],[108.7384788,24.533002,0],[108.73848611,24.53300435,0],[108.73849328,24.53300704,0],[108.73850027,24.53301007,0],[108.73850709,24.53301342,0],[108.7385137,24.5330171,0],[108.73852009,24.53302109,0],[108.73852625,24.53302538,0],[108.73853214,24.53302995,0],[108.73853777,24.5330348,0],[108.73854311,24.53303991,0],[108.73854355,24.53304035,0],[108.73854355,24.53304035,0]]}},{"type":"Feature","id":"route_center-58-4","properties":{"name":"zhix_276070","sourceLayer":"道路中间线","sourceFile":"道路中间线.kml","originalPlacemarkIndex":57,"chainIndex":3,"stroke":"#dffbff","stroke-opacity":0.96,"stroke-width":3.2},"geometry":{"type":"LineString","coordinates":[[108.73804664,24.53342763,0],[108.73830898,24.53305704,0]]}},{"type":"Feature","id":"route_center-58-5","properties":{"name":"zhix_276070","sourceLayer":"道路中间线","sourceFile":"道路中间线.kml","originalPlacemarkIndex":57,"chainIndex":4,"stroke":"#dffbff","stroke-opacity":0.96,"stroke-width":3.2},"geometry":{"type":"LineString","coordinates":[[108.73913285,24.53349618,0],[108.73910749,24.53349155,0],[108.73908244,24.53348571,0],[108.73905775,24.53347868,0],[108.73903351,24.53347049,0],[108.73900976,24.53346116,0],[108.73898659,24.5334507,0],[108.73896405,24.53343915,0],[108.73894221,24.53342655,0],[108.73892112,24.53341292,0],[108.73890084,24.53339831,0],[108.73888143,24.53338274,0],[108.73886295,24.53336628,0],[108.73884868,24.53335231,0],[108.73884868,24.53335231,0],[108.73854355,24.53304035,0]]}},{"type":"Feature","id":"route_center-58-6","properties":{"name":"zhix_276070","sourceLayer":"道路中间线","sourceFile":"道路中间线.kml","originalPlacemarkIndex":57,"chainIndex":5,"stroke":"#dffbff","stroke-opacity":0.96,"stroke-width":3.2},"geometry":{"type":"LineString","coordinates":[[108.73930426,24.53352312,0],[108.73932961,24.53352775,0],[108.73935466,24.53353359,0],[108.73937934,24.53354061,0],[108.73940358,24.53354879,0],[108.73942732,24.53355812,0],[108.73945049,24.53356857,0],[108.73947303,24.53358011,0],[108.73949487,24.53359271,0],[108.73951595,24.53360633,0],[108.73953623,24.53362094,0],[108.73953912,24.53362316,0],[108.73953912,24.53362316,0],[108.73953912,24.53362316,0],[108.73954306,24.53362611,0],[108.73955129,24.5336318,0],[108.73955983,24.53363709,0],[108.73956867,24.53364197,0],[108.73957777,24.53364642,0],[108.73958712,24.53365042,0],[108.73959668,24.53365398,0],[108.73960644,24.53365707,0],[108.73961636,24.5336597,0],[108.73962642,24.53366185,0],[108.73963659,24.53366352,0],[108.73964684,24.5336647,0],[108.73965714,24.53366539,0],[108.73966748,24.53366559,0],[108.7396778,24.53366529,0],[108.7396881,24.53366451,0],[108.73969834,24.53366323,0],[108.73970849,24.53366147,0],[108.73971853,24.53365922,0],[108.73972842,24.53365651,0],[108.73973815,24.53365332,0],[108.73974767,24.53364967,0],[108.73975698,24.53364558,0],[108.73976604,24.53364105,0],[108.73977482,24.53363609,0],[108.73978331,24.53363072,0],[108.73979148,24.53362495,0]]}},{"type":"Feature","id":"route_center-58-7","properties":{"name":"zhix_276070","sourceLayer":"道路中间线","sourceFile":"道路中间线.kml","originalPlacemarkIndex":57,"chainIndex":6,"stroke":"#dffbff","stroke-opacity":0.96,"stroke-width":3.2},"geometry":{"type":"LineString","coordinates":[[108.73913285,24.53349618,0],[108.73930426,24.53352312,0]]}},{"type":"Feature","id":"route_center-58-8","properties":{"name":"zhix_276070","sourceLayer":"道路中间线","sourceFile":"道路中间线.kml","originalPlacemarkIndex":57,"chainIndex":7,"stroke":"#dffbff","stroke-opacity":0.96,"stroke-width":3.2},"geometry":{"type":"LineString","coordinates":[[108.73979148,24.53362495,0],[108.73991727,24.53353078,0]]}},{"type":"Feature","id":"route_center-59-1","properties":{"name":"zhix_279092","sourceLayer":"道路中间线","sourceFile":"道路中间线.kml","originalPlacemarkIndex":58,"chainIndex":0,"stroke":"#dffbff","stroke-opacity":0.96,"stroke-width":3.2},"geometry":{"type":"LineString","coordinates":[[108.76370035,24.5563386,0],[108.76369293,24.55633647,0],[108.76368566,24.55633398,0],[108.76367853,24.55633115,0],[108.76367158,24.55632799,0],[108.76366482,24.5563245,0],[108.76365826,24.55632069,0],[108.76365194,24.55631658,0],[108.76364586,24.55631217,0],[108.76364004,24.55630748,0],[108.76363451,24.55630251,0],[108.76362926,24.55629729,0],[108.76362432,24.55629183,0],[108.7636197,24.55628614,0],[108.76361542,24.55628024,0],[108.76361148,24.55627414,0],[108.7636079,24.55626787,0],[108.76360468,24.55626143,0],[108.76360184,24.55625485,0],[108.76359938,24.55624814,0],[108.76359731,24.55624132,0],[108.76359563,24.55623442,0],[108.76359516,24.55623206,0],[108.76359516,24.55623206,0]]}},{"type":"Feature","id":"route_center-59-2","properties":{"name":"zhix_279092","sourceLayer":"道路中间线","sourceFile":"道路中间线.kml","originalPlacemarkIndex":58,"chainIndex":1,"stroke":"#dffbff","stroke-opacity":0.96,"stroke-width":3.2},"geometry":{"type":"LineString","coordinates":[[108.76392111,24.55639616,0],[108.76370035,24.5563386,0]]}},{"type":"Feature","id":"route_center-59-3","properties":{"name":"zhix_279092","sourceLayer":"道路中间线","sourceFile":"道路中间线.kml","originalPlacemarkIndex":58,"chainIndex":2,"stroke":"#dffbff","stroke-opacity":0.96,"stroke-width":3.2},"geometry":{"type":"LineString","coordinates":[[108.7634103,24.55603523,0],[108.76341609,24.5560332,0],[108.76342199,24.55603145,0],[108.76342799,24.55602998,0],[108.76343406,24.5560288,0],[108.76344019,24.55602791,0],[108.76344636,24.55602732,0],[108.76345256,24.55602701,0],[108.76345877,24.55602701,0],[108.76346497,24.55602729,0],[108.76347114,24.55602788,0],[108.76347727,24.55602875,0],[108.76348335,24.55602992,0],[108.76348935,24.55603138,0],[108.76349525,24.55603311,0],[108.76350105,24.55603513,0],[108.76350673,24.55603742,0],[108.76351226,24.55603998,0],[108.76351765,24.55604279,0],[108.76352286,24.55604586,0],[108.76352789,24.55604918,0],[108.76353272,24.55605272,0],[108.76353734,24.5560565,0],[108.76354173,24.55606048,0],[108.7635459,24.55606468,0],[108.76354981,24.55606906,0],[108.76355347,24.55607362,0],[108.76355686,24.55607836,0],[108.76355997,24.55608324,0],[108.7635628,24.55608827,0],[108.76356533,24.55609342,0],[108.76356757,24.55609869,0],[108.7635695,24.55610406,0],[108.76357112,24.55610951,0],[108.76357242,24.55611503,0],[108.76357265,24.55611622,0],[108.76357265,24.55611622,0],[108.76359516,24.55623206,0]]}},{"type":"Feature","id":"route_center-59-4","properties":{"name":"zhix_279092","sourceLayer":"道路中间线","sourceFile":"道路中间线.kml","originalPlacemarkIndex":58,"chainIndex":3,"stroke":"#dffbff","stroke-opacity":0.96,"stroke-width":3.2},"geometry":{"type":"LineString","coordinates":[[108.76326146,24.55609221,0],[108.76325567,24.55609424,0],[108.76324978,24.556096,0],[108.76324379,24.55609747,0],[108.76323772,24.55609865,0],[108.76323159,24.55609954,0],[108.76322542,24.55610014,0],[108.76321923,24.55610044,0],[108.76321302,24.55610045,0],[108.76320682,24.55610017,0],[108.76320065,24.55609959,0],[108.76319452,24.55609871,0],[108.76318845,24.55609755,0],[108.76318245,24.55609609,0],[108.76317654,24.55609436,0],[108.76317075,24.55609234,0],[108.76316507,24.55609006,0],[108.76315954,24.5560875,0],[108.76315416,24.55608469,0],[108.76314895,24.55608162,0],[108.76314392,24.55607831,0],[108.76313909,24.55607477,0],[108.76313447,24.556071,0],[108.76313007,24.55606701,0],[108.76312591,24.55606282,0],[108.76312199,24.55605844,0],[108.76311834,24.55605388,0],[108.76311494,24.55604915,0],[108.76311183,24.55604427,0],[108.763109,24.55603925,0],[108.76310647,24.55603409,0],[108.76310499,24.55603071,0],[108.76310499,24.55603071,0],[108.76310499,24.55603071,0],[108.76310489,24.55603047,0],[108.76310254,24.55602524,0],[108.76309988,24.55602013,0],[108.76309694,24.55601516,0],[108.76309371,24.55601033,0],[108.76309022,24.55600566,0],[108.76308645,24.55600116,0],[108.76308244,24.55599685,0],[108.76307818,24.55599273,0],[108.76307369,24.55598883,0],[108.76306898,24.55598514,0],[108.76306407,24.55598168,0],[108.76305896,24.55597846,0],[108.76305368,24.55597549,0],[108.76304823,24.55597277,0],[108.76304263,24.55597032,0],[108.7630369,24.55596813,0],[108.76303106,24.55596622,0],[108.76302511,24.55596459,0],[108.76301907,24.55596325,0],[108.76301297,24.5559622,0],[108.76300681,24.55596144,0],[108.76300062,24.55596097,0]]}},{"type":"Feature","id":"route_center-59-5","properties":{"name":"zhix_279092","sourceLayer":"道路中间线","sourceFile":"道路中间线.kml","originalPlacemarkIndex":58,"chainIndex":4,"stroke":"#dffbff","stroke-opacity":0.96,"stroke-width":3.2},"geometry":{"type":"LineString","coordinates":[[108.7634103,24.55603523,0],[108.76326146,24.55609221,0]]}},{"type":"Feature","id":"route_center-60-1","properties":{"name":"zhix_313844","sourceLayer":"道路中间线","sourceFile":"道路中间线.kml","originalPlacemarkIndex":59,"chainIndex":0,"stroke":"#dffbff","stroke-opacity":0.96,"stroke-width":3.2},"geometry":{"type":"LineString","coordinates":[[108.76141329,24.47345782,0],[108.74378142,24.47316032,0]]}},{"type":"Feature","id":"route_center-61-1","properties":{"name":"zhix_315078","sourceLayer":"道路中间线","sourceFile":"道路中间线.kml","originalPlacemarkIndex":60,"chainIndex":0,"stroke":"#dffbff","stroke-opacity":0.96,"stroke-width":3.2},"geometry":{"type":"LineString","coordinates":[[108.73811058,24.47330411,0],[108.73549263,24.47297504,0]]}},{"type":"Feature","id":"route_center-61-2","properties":{"name":"zhix_315078","sourceLayer":"道路中间线","sourceFile":"道路中间线.kml","originalPlacemarkIndex":60,"chainIndex":1,"stroke":"#dffbff","stroke-opacity":0.96,"stroke-width":3.2},"geometry":{"type":"LineString","coordinates":[[108.73883817,24.47342401,0],[108.73882864,24.47342169,0],[108.7388191,24.4734194,0],[108.73880955,24.47341713,0],[108.73879999,24.4734149,0],[108.73879043,24.47341269,0],[108.73878086,24.47341051,0],[108.73877128,24.47340836,0],[108.73876169,24.47340624,0],[108.7387521,24.47340414,0],[108.7387425,24.47340206,0],[108.73873289,24.47340001,0],[108.73872328,24.47339799,0],[108.73871366,24.47339599,0],[108.73870403,24.47339402,0],[108.7386944,24.47339206,0],[108.73868476,24.47339014,0],[108.73867512,24.47338823,0],[108.73866547,24.47338635,0],[108.73865582,24.47338449,0],[108.73864616,24.47338266,0],[108.7386365,24.47338084,0],[108.73862683,24.47337905,0],[108.73861716,24.47337727,0],[108.73860749,24.47337552,0],[108.73859781,24.47337379,0],[108.73858812,24.47337207,0],[108.73857843,24.47337038,0],[108.73856874,24.4733687,0],[108.73855904,24.47336705,0],[108.73854934,24.47336541,0],[108.73853964,24.47336379,0],[108.73852993,24.47336219,0],[108.73852022,24.4733606,0],[108.73851051,24.47335903,0],[108.73850079,24.47335748,0],[108.73849107,24.47335594,0],[108.73848135,24.47335442,0],[108.73847162,24.47335291,0],[108.73846189,24.47335142,0],[108.73845216,24.47334994,0],[108.73844243,24.47334848,0],[108.73843269,24.47334702,0],[108.73842296,24.47334559,0],[108.73841322,24.47334416,0],[108.73840347,24.47334275,0],[108.73839373,24.47334135,0],[108.73838398,24.47333996,0],[108.73837423,24.47333858,0],[108.73836448,24.47333721,0],[108.73835473,24.47333585,0],[108.73834498,24.47333451,0],[108.73833522,24.47333317,0],[108.73832547,24.47333184,0],[108.73831571,24.47333052,0],[108.73830595,24.47332921,0],[108.73829619,24.4733279,0],[108.73828643,24.47332661,0],[108.73827666,24.47332532,0],[108.7382669,24.47332404,0],[108.73825714,24.47332276,0],[108.73824737,24.47332149,0],[108.7382376,24.47332023,0],[108.73822784,24.47331897,0],[108.73821807,24.47331771,0],[108.7382083,24.47331646,0],[108.73819853,24.47331522,0],[108.73818876,24.47331397,0],[108.73817899,24.47331273,0],[108.73816922,24.4733115,0],[108.73815945,24.47331026,0],[108.73814967,24.47330903,0],[108.7381399,24.4733078,0],[108.73813013,24.47330657,0],[108.73812036,24.47330534,0],[108.73811058,24.47330411,0]]}},{"type":"Feature","id":"route_center-62-1","properties":{"name":"zhix_315211","sourceLayer":"道路中间线","sourceFile":"道路中间线.kml","originalPlacemarkIndex":61,"chainIndex":0,"stroke":"#dffbff","stroke-opacity":0.96,"stroke-width":3.2},"geometry":{"type":"LineString","coordinates":[[108.74131932,24.47789675,0],[108.74104815,24.47594958,0]]}},{"type":"Feature","id":"route_center-63-1","properties":{"name":"zhix_319296","sourceLayer":"道路中间线","sourceFile":"道路中间线.kml","originalPlacemarkIndex":62,"chainIndex":0,"stroke":"#dffbff","stroke-opacity":0.96,"stroke-width":3.2},"geometry":{"type":"LineString","coordinates":[[108.74185122,24.48226706,0],[108.7411754,24.47515927,0]]}}]}