{"type":"FeatureCollection","name":"罗宜高速项目红线","coordinateSystem":"WGS84","features":[{"type":"Feature","properties":{"id":"project-redline-罗城段-01","name":"罗城段项目红线1","section":"罗城段","sourceName":"罗城段最新红线1115坐标报盘","sourceFile":"罗城段.kmz","stroke":"#ff0000","stroke-opacity":1,"stroke-width":4,"fill":"#ffffff","fill-opacity":0},"geometry":{"type":"Polygon","coordinates":[[[108.8327972307672,24.75122719786069,0],[108.8328464670994,24.751208683944132,0],[108.8328782172722,24.751197899664032,0],[108.8329104166236,24.7511855421553,0],[108.8329406978459,24.751173279254338,0],[108.83297213151771,24.751161434217561,0],[108.8330036625544,24.75114981160381,0],[108.8330353675444,24.751138630347189,0],[108.83309890742041,24.75111647832739,0],[108.8331306424827,24.751105213833871,0],[108.83316237512889,24.751093884351629,0],[108.8331940821658,24.75108242140325,0],[108.8332258583302,24.7510710970821,0],[108.83325806662739,24.751060980893062,0],[108.8332836256229,24.75105302937358,0],[108.8333226907928,24.751041192378992,0],[108.8333548868399,24.751030872223811,0],[108.833386872692,24.7510198662642,0],[108.8334189862029,24.751009178246491,0],[108.8334328464725,24.75099124273585,0],[108.8334424156772,24.750982819534311,0],[108.83345970195489,24.750965735184149,0],[108.83348452386581,24.750940947570541,0],[108.8335081824146,24.7509148493618,0],[108.8335484237287,24.750884613839251,0],[108.8335902368066,24.750882832186338,0],[108.8336312118067,24.750886563554779,0],[108.833652868646,24.750894859994482,0],[108.8337857971748,24.75097546592875,0],[108.8337864998998,24.75097589171131,0],[108.83379446414339,24.750980721158282,0],[108.8338997211747,24.75101339961568,0],[108.83399535538121,24.750990762593879,0],[108.83424013362639,24.75093282327768,0],[108.83434395368469,24.750908248371751,0],[108.834346433814,24.750886764377132,0],[108.8343465963985,24.75088535343026,0],[108.83434760380931,24.7508766321029,0],[108.8343600555405,24.750798036453091,0],[108.83439414369759,24.75075058768563,0],[108.8345350908864,24.750670345783711,0],[108.8345707176793,24.7506607275343,0],[108.83459475197689,24.75065392892893,0],[108.8345990379006,24.750652690906119,0],[108.83460824071619,24.75065010933907,0],[108.8346354076828,24.750642720055239,0],[108.8346406361253,24.75064125290821,0],[108.8346479639532,24.750638858714261,0],[108.83465936390481,24.750635333304,0],[108.8346676418173,24.750633398715681,0],[108.8346924418138,24.75062846354826,0],[108.83470501723291,24.750625841524251,0],[108.8347158135312,24.75062310754284,0],[108.8347331242588,24.7506177085653,0],[108.8347436985335,24.75061414622315,0],[108.8347476968373,24.750612767169269,0],[108.8347649682147,24.750607249248858,0],[108.83478390349551,24.750601613731469,0],[108.8347970127241,24.750597660831652,0],[108.8348117170957,24.7505935076686,0],[108.8348289389837,24.750588425125478,0],[108.8348913814408,24.75056708278948,0],[108.8348970326622,24.750565125811772,0],[108.83495328204791,24.75054587163255,0],[108.8349589091398,24.750544002350381,0],[108.8349899076667,24.750534253620941,0],[108.8350151367963,24.750526233236268,0],[108.83502075788979,24.7505245021007,0],[108.8350530923945,24.75051926310195,0],[108.8350794021009,24.750514810535471,0],[108.835085268724,24.750513875126991,0],[108.8351106175663,24.75050705467083,0],[108.8351161503375,24.750505272569161,0],[108.8351306108575,24.75050072624753,0],[108.835141074377,24.75049760502009,0],[108.835177232304,24.750487305728861,0],[108.8352031527896,24.750482746081559,0],[108.8352089502759,24.750481820080761,0],[108.83523383927169,24.75047482704019,0],[108.8352633696923,24.75046432454587,0],[108.83526876475671,24.75046249807043,0],[108.8352926673391,24.75045523157938,0],[108.8352932701936,24.750455061216641,0],[108.8352988625381,24.750453762631711,0],[108.83532418494239,24.750448462459978,0],[108.83532987689721,24.75044742510611,0],[108.8353619190359,24.75044355799308,0],[108.83536932934049,24.750442710558751,0],[108.8353857531318,24.750440983281081,0],[108.8353940888525,24.750439862580109,0],[108.83541295076181,24.750436716179578,0],[108.8354524829775,24.750432105880709,0],[108.83545819712261,24.750430987153891,0],[108.835479381227,24.75042638255097,0],[108.8354836921682,24.750425488298241,0],[108.83548932383169,24.75042415698929,0],[108.8355143085589,24.75041744050251,0],[108.835519686457,24.75041556085365,0],[108.8355436424207,24.75040667184582,0],[108.8355488148636,24.75040437267613,0],[108.8355635291135,24.75039771254448,0],[108.8355676543647,24.75039595452342,0],[108.835572092516,24.75039412705388,0],[108.8355773821509,24.750392057422189,0],[108.8355921917873,24.7503866533357,0],[108.8356019294711,24.750384236630929,0],[108.8356079879631,24.75038361247179,0],[108.8356313092149,24.750373383748968,0],[108.8356362823789,24.750370702033528,0],[108.8356522986503,24.750363618480939,0],[108.835660071964,24.750361326468859,0],[108.8356660068233,24.75036039697634,0],[108.835693164568,24.7503569695722,0],[108.8356985317545,24.750354967207461,0],[108.835722188754,24.750345131084931,0],[108.8357512544995,24.750333299582071,0],[108.835756607483,24.75033124313158,0],[108.8357798378625,24.75032058520031,0],[108.8357849888145,24.750318177816631,0],[108.8358133549261,24.750305054807519,0],[108.83582579198389,24.75029889933159,0],[108.8358360592558,24.75029348896199,0],[108.8358410402475,24.750290796363629,0],[108.8358681840688,24.75027568425832,0],[108.8358732259955,24.75027293896154,0],[108.8358907105702,24.750263840457549,0],[108.8358957595198,24.750261258512339,0],[108.835906503137,24.75025583013473,0],[108.8359236135197,24.75024724465117,0],[108.8359463474952,24.750235680429331,0],[108.8359512935226,24.750232933859522,0],[108.83597820064119,24.75021746377443,0],[108.83598684346239,24.750212159047479,0],[108.83599995613579,24.750204448020661,0],[108.83600487121549,24.750201656486009,0],[108.8360280877545,24.75019070972532,0],[108.83603348576889,24.750188588921091,0],[108.836057000121,24.750177978110042,0],[108.836069025186,24.750170825607039,0],[108.83608297772921,24.75016113835698,0],[108.836087494634,24.750157786649581,0],[108.8361074184252,24.750142268843518,0],[108.83611216782791,24.7501392417184,0],[108.83613403776241,24.750126343562791,0],[108.83613887889631,24.750123434180718,0],[108.83614448642579,24.750120124230168,0],[108.8361609361236,24.75011075343334,0],[108.8361658270674,24.750107901546269,0],[108.83618642047961,24.750093330552811,0],[108.8361907900192,24.750089820786759,0],[108.83620965712571,24.750073132625751,0],[108.8362140825933,24.75006970830491,0],[108.8362177119463,24.750066822833919,0],[108.836236693754,24.75005767441062,0],[108.83624172517089,24.750054986031429,0],[108.83626277426281,24.75004100376341,0],[108.8362674279289,24.750037852593021,0],[108.8362862669248,24.750021250337451,0],[108.836292832175,24.750015996906971,0],[108.8363097630403,24.750001570911309,0],[108.83631376821771,24.7499976795212,0],[108.8363168744368,24.749994764469651,0],[108.8363324664551,24.749981021174481,0],[108.8364540526442,24.7498382307932,0],[108.8365874912332,24.74968957059253,0],[108.836712705672,24.74954559073641,0],[108.8368097882807,24.7494483886037,0],[108.8368172647678,24.749440606070522,0],[108.8369312119803,24.749432935774621,0],[108.83693103497831,24.7494437025457,0],[108.83695812710251,24.74944379677552,0],[108.8370036996117,24.74954084772795,0],[108.8370074011989,24.749576056419009,0],[108.8369274869528,24.749659616649261,0],[108.8368097161095,24.749782758359849,0],[108.836923666199,24.74989207813767,0],[108.83699990697841,24.749965221805791,0],[108.8370210620478,24.74999438050396,0],[108.837015398135,24.7499990087659,0],[108.8370007249021,24.75001029793242,0],[108.8370000175866,24.750010811014469,0],[108.836996598878,24.750012968641741,0],[108.8369924752176,24.750015697111529,0],[108.83697371109081,24.750029146754262,0],[108.8369692633038,24.750032334710351,0],[108.8369642315112,24.7500367355665,0],[108.836945601032,24.750055381390851,0],[108.836921385453,24.75007802674148,0],[108.8369169039934,24.750082091420609,0],[108.83689708918379,24.7501007285073,0],[108.8368927014447,24.75010491272343,0],[108.8368724127171,24.750123194075719,0],[108.8368676041722,24.750126981641049,0],[108.83684539427161,24.75014342405521,0],[108.8368404226088,24.750147062679879,0],[108.8368178449398,24.750163205636941,0],[108.8368127678846,24.750166753675028,0],[108.83678505798341,24.750186472957481,0],[108.83675772200419,24.75020667490509,0],[108.836735584887,24.7502235095781,0],[108.83673498907829,24.750224141194732,0],[108.8367312250365,24.750227874176979,0],[108.8367095894517,24.75024535238996,0],[108.83670455270359,24.75024901574697,0],[108.83667725387539,24.750269602932249,0],[108.83665506551949,24.750284989021829,0],[108.83665413978871,24.750285657686039,0],[108.83664959532391,24.750289911376651,0],[108.836628280773,24.750308095514569,0],[108.8366235851488,24.750312214641049,0],[108.83660737480351,24.7503291335595,0],[108.83659955680071,24.750337002844532,0],[108.8365819464626,24.75035492166025,0],[108.8365795095515,24.750356961860479,0],[108.83657465391811,24.750360953693189,0],[108.8365516139701,24.75037745576445,0],[108.8365463538095,24.75038097231819,0],[108.83652282853539,24.75039689123227,0],[108.836517613212,24.750400460794928,0],[108.83648877089669,24.750419818037649,0],[108.8364644380687,24.750434716868831,0],[108.8364590552368,24.750438072518278,0],[108.8364347471442,24.750452975720261,0],[108.83642925459139,24.750456184838509,0],[108.8364114923446,24.750467659998542,0],[108.83640509891571,24.75047126411723,0],[108.83639966815549,24.750474548717619,0],[108.83637671829371,24.750491224483881,0],[108.8363715279343,24.750494832719,0],[108.8363480237913,24.750510813775708,0],[108.8363428374808,24.7505144364307,0],[108.83632607869031,24.750523860427659,0],[108.836317849953,24.750528410901321,0],[108.8362877019338,24.750546026833909,0],[108.8362820526326,24.750549005726569,0],[108.8362515681637,24.75056612793902,0],[108.83623656453889,24.750574449845949,0],[108.8362209418097,24.75058302525834,0],[108.8362173458188,24.75058528496168,0],[108.8361506692235,24.75059562299932,0],[108.8360423465014,24.750577711792939,0],[108.835841602991,24.750596913022012,0],[108.8356401082127,24.750613022761829,0],[108.8354356747317,24.750615569067879,0],[108.8352356543819,24.750644047176181,0],[108.83503385862051,24.7506651425759,0],[108.8348362575712,24.75070613094714,0],[108.8347765078628,24.750794220388009,0],[108.8347357196111,24.75078174459064,0],[108.834709506977,24.75082900603266,0],[108.8347183527012,24.750879960182431,0],[108.83468433900261,24.750930106822778,0],[108.8344898084725,24.750971787177829,0],[108.8343356487554,24.75100681788463,0],[108.83433555301561,24.751006840082859,0],[108.8343617488253,24.75103283415951,0],[108.8343192892917,24.751042475058039,0],[108.83429034086851,24.751049271190709,0],[108.83425174321491,24.751058419351651,0],[108.83422281537349,24.751065338126129,0],[108.8341842750844,24.751074640314879,0],[108.83414576600531,24.751084028078061,0],[108.8341068094722,24.751093617822239,0],[108.8340774300099,24.75106575655094,0],[108.8340719363834,24.751067189046161,0],[108.8339067959193,24.7511102450946,0],[108.83383946854249,24.75107438836282,0],[108.8337449805134,24.751024065950229,0],[108.8336564627858,24.750976923026609,0],[108.8334615196344,24.751022019323511,0],[108.8332713988183,24.75108022035829,0],[108.8330813419779,24.751136924096759,0],[108.83289233659249,24.7511950850552,0],[108.8327972307672,24.75122719786069,0]]]}},{"type":"Feature","properties":{"id":"project-redline-罗城段-02","name":"罗城段项目红线2","section":"罗城段","sourceName":"罗城段最新红线1115坐标报盘","sourceFile":"罗城段.kmz","stroke":"#ff0000","stroke-opacity":1,"stroke-width":4,"fill":"#ffffff","fill-opacity":0},"geometry":{"type":"Polygon","coordinates":[[[108.8377832024222,24.750984612942339,0],[108.837858355417,24.7509736327966,0],[108.8380637720655,24.750967565211042,0],[108.83824715323669,24.75096061408335,0],[108.83844324648921,24.750922065190551,0],[108.8386389428864,24.75092500523392,0],[108.83883505508081,24.750926416203122,0],[108.8390311162843,24.750935103082259,0],[108.83922686204031,24.75095275001221,0],[108.8394209266794,24.750996935082949,0],[108.8396137471485,24.75105822609207,0],[108.8400157250131,24.75112328145735,0],[108.8402021783339,24.7511295201351,0],[108.8403989204629,24.751155323184449,0],[108.8405964794888,24.75117573218537,0],[108.84062968517109,24.7512130157845,0],[108.84068166563959,24.751271378950371,0],[108.8407817331159,24.751383734460848,0],[108.8408494929311,24.751319892521551,0],[108.84088149069341,24.75128974284711,0],[108.8408706763412,24.751331647958789,0],[108.84083642282209,24.751459506561989,0],[108.84075095422379,24.75159578146328,0],[108.84069786827681,24.751678307565371,0],[108.8406464478646,24.751759938742591,0],[108.8406461354587,24.75176037560357,0],[108.8406211318504,24.751792787915129,0],[108.8405895576016,24.751835077572348,0],[108.8405261434806,24.7519032506195,0],[108.84045009805951,24.751958105426571,0],[108.8404264149146,24.75197447628619,0],[108.84052455752629,24.752076025519969,0],[108.84052420935571,24.752076289260149,0],[108.8404962741002,24.752104362398828,0],[108.84041896975729,24.752161660679231,0],[108.84033473396519,24.752212830447821,0],[108.8402509167786,24.7522643715466,0],[108.8402263368725,24.75228029153347,0],[108.84020502170171,24.75229820626366,0],[108.8401896232525,24.752310428698369,0],[108.8401707068696,24.752320050276492,0],[108.84015148314241,24.75232968621351,0],[108.84013811210841,24.752335868045719,0],[108.8401198014962,24.752343989520551,0],[108.84010422668629,24.75235071450167,0],[108.8401026642286,24.7523613653625,0],[108.84006292927231,24.752377050728828,0],[108.8400420219715,24.752384766087111,0],[108.8400275551369,24.7523898473249,0],[108.83999377390261,24.752401373891121,0],[108.8399604305626,24.75241216138015,0],[108.83994187669229,24.75241851036327,0],[108.8399250552865,24.752423909004559,0],[108.83989121841439,24.752433337951381,0],[108.83985483762,24.752442415549719,0],[108.8398196216578,24.75245242453121,0],[108.839785172111,24.752461742243469,0],[108.839784056975,24.752462028334669,0],[108.8397491806507,24.75247035815277,0],[108.8397337575788,24.752473778310542,0],[108.839712726771,24.752477242530329,0],[108.8397115811119,24.75247739970386,0],[108.83967594354129,24.75248292632892,0],[108.8396389315018,24.75248913136425,0],[108.83962528307789,24.752491111666959,0],[108.83960159820739,24.752492545191821,0],[108.8396004310008,24.752492585132359,0],[108.8395629589528,24.752493592188149,0],[108.83952655826729,24.752494124723189,0],[108.839525386767,24.752494114135182,0],[108.8395150178296,24.752493664000621,0],[108.83948790686929,24.752492040251461,0],[108.8394514763402,24.752490484956709,0],[108.83940419943021,24.752489071658051,0],[108.8393756181738,24.75248798782382,0],[108.83937443632141,24.7524879077836,0],[108.8393377488498,24.75248459812061,0],[108.83933656963561,24.75248446931873,0],[108.8393002107907,24.75247901566404,0],[108.8392627658742,24.752472582319161,0],[108.8392251210213,24.752466258410369,0],[108.8392239636822,24.752466001299609,0],[108.8391883945295,24.752456695825131,0],[108.8391872604298,24.752456366366768,0],[108.8391836728249,24.752455164183338,0],[108.8391513187474,24.75244458050453,0],[108.8391389726772,24.75244014961218,0],[108.83914012893609,24.752303497420911,0],[108.8391420453182,24.752175813953961,0],[108.8393636425342,24.7521437234565,0],[108.8393099398431,24.7518620396866,0],[108.83928081686339,24.751754377151439,0],[108.839266860598,24.75156112362512,0],[108.8392732633846,24.751491214036211,0],[108.8392915514829,24.751291067319659,0],[108.83926422519011,24.751253810969381,0],[108.8392665704522,24.751193826883949,0],[108.8392262278381,24.751161680574569,0],[108.8392293944777,24.751139507511919,0],[108.83924294205821,24.75105055756589,0],[108.8392537344252,24.75098322230501,0],[108.83915549472719,24.750967326820142,0],[108.83914633345231,24.751034965280478,0],[108.8391349010449,24.751125058849571,0],[108.8391318033031,24.75115190036551,0],[108.8390945712069,24.751206248270069,0],[108.8390901743622,24.751228356001668,0],[108.839087785143,24.751309188529039,0],[108.8386423000693,24.751327724543529,0],[108.838643819414,24.751357029898259,0],[108.8387780969995,24.751407599476892,0],[108.8387372280776,24.75156684324973,0],[108.8387317081129,24.7515883524389,0],[108.83873205628819,24.751656719397911,0],[108.838833228001,24.75187251574464,0],[108.8388347053731,24.751944302180782,0],[108.83883518957811,24.751971222936291,0],[108.8388372042714,24.752123784884869,0],[108.83883790578081,24.75228350187631,0],[108.8387974510606,24.752253395321109,0],[108.8387936821602,24.752250219003241,0],[108.8387653642809,24.75222739440197,0],[108.8387382958781,24.752205003326011,0],[108.83873743980379,24.752204267891759,0],[108.8387163414715,24.752184268086278,0],[108.8387116496239,24.752179082073,0],[108.838688510644,24.752153146600829,0],[108.8386877961036,24.752152289410329,0],[108.8386643879259,24.752125422033831,0],[108.8386475983757,24.752104934106729,0],[108.8386421532614,24.752097833135469,0],[108.8386224274045,24.75206993049143,0],[108.8386218192483,24.752069016736879,0],[108.83860380421611,24.752040177427268,0],[108.8386032738553,24.752039219004221,0],[108.83859245418429,24.7520175584339,0],[108.83858855844571,24.75200844295739,0],[108.83857802567709,24.751978418933572,0],[108.8385765587236,24.751973859406469,0],[108.8385757174493,24.75196973148638,0],[108.8385465067103,24.751979710172389,0],[108.83845422671619,24.7520089671831,0],[108.8384149173848,24.751990717588189,0],[108.83838442582029,24.751968039578159,0],[108.8383827834532,24.7519669492606,0],[108.83837566267481,24.751960127566111,0],[108.8383750358612,24.751959821441929,0],[108.8383528248722,24.75193987294352,0],[108.8383454948613,24.751932364549461,0],[108.8383362069324,24.75192255615908,0],[108.8383247930999,24.751911194354221,0],[108.8383169920896,24.751903765324471,0],[108.83829646971709,24.751882073255,0],[108.83828985321421,24.751873941604021,0],[108.8382649226639,24.751842630488511,0],[108.8382588061169,24.75183342993299,0],[108.83824908382211,24.751818255521709,0],[108.8382435079796,24.751809492465579,0],[108.8382345631416,24.751795270581809,0],[108.8382329583833,24.75179300742559,0],[108.8382285985962,24.751767614072872,0],[108.8382217030664,24.751720538153741,0],[108.83821565533481,24.751664416802409,0],[108.8382121776212,24.7516321398274,0],[108.8382070590399,24.751543437006731,0],[108.8382063604103,24.751454613772989,0],[108.8382100829523,24.751365853370739,0],[108.83821170553711,24.751343659173749,0],[108.8382182170121,24.751277339104959,0],[108.83823074799361,24.75118925430791,0],[108.8382476484321,24.751101779675309,0],[108.83826888394979,24.75101509684389,0],[108.83827225675491,24.751003738071539,0],[108.838073534535,24.7509955236621,0],[108.8380229518267,24.75099415277694,0],[108.8377832024222,24.750984612942339,0]]]}},{"type":"Feature","properties":{"id":"project-redline-罗城段-03","name":"罗城段项目红线3","section":"罗城段","sourceName":"罗城段最新红线1115坐标报盘","sourceFile":"罗城段.kmz","stroke":"#ff0000","stroke-opacity":1,"stroke-width":4,"fill":"#ffffff","fill-opacity":0},"geometry":{"type":"Polygon","coordinates":[[[108.8384919548071,24.750463921204879,0],[108.8384933503076,24.750460929020829,0],[108.83853717594231,24.75045828617824,0],[108.83856634321791,24.750342152980458,0],[108.8386004946027,24.75019965066247,0],[108.8386138393535,24.750124612727731,0],[108.8386217073337,24.750049234425109,0],[108.83861872022339,24.74982698466026,0],[108.83853293285971,24.749542207676321,0],[108.838478625447,24.74930738316268,0],[108.83846385182839,24.749302204799658,0],[108.83837778387939,24.749279330385139,0],[108.83829839893561,24.749264644978791,0],[108.83828003656031,24.74911321252074,0],[108.838278362055,24.749102756711181,0],[108.8382763281267,24.749084402349322,0],[108.8382698567106,24.749041876433228,0],[108.83826173016141,24.748995171176571,0],[108.8382060809467,24.748998787290709,0],[108.8381076504411,24.74900563154149,0],[108.8380093076867,24.749014802436839,0],[108.83797945648919,24.749017478007431,0],[108.8379019293575,24.74901535050115,0],[108.8377971097332,24.748983668083429,0],[108.8377466734959,24.74895182331095,0],[108.8376523500763,24.748892268553739,0],[108.83760291111381,24.748802575773581,0],[108.8376124389612,24.748548232139751,0],[108.8376577653587,24.74837610992321,0],[108.8376556504044,24.74830214332248,0],[108.8376610047371,24.748227596952841,0],[108.8376713798539,24.74811413444451,0],[108.83769515351329,24.7479346401435,0],[108.837717003672,24.747755028402452,0],[108.8377482929787,24.747575995791291,0],[108.83784680392669,24.747582052054049,0],[108.83799680886681,24.747553103695591,0],[108.837997335466,24.747542005476621,0],[108.837997680479,24.747525202209271,0],[108.8379979653419,24.747519035973241,0],[108.8379978095823,24.74750686282491,0],[108.83799753567349,24.747499330294151,0],[108.8379974774447,24.747496985365249,0],[108.8379974833655,24.74748563188108,0],[108.837997226853,24.747468457350259,0],[108.83799723400629,24.74745699282516,0],[108.83799702373619,24.747439638395338,0],[108.8379974096878,24.747428056204519,0],[108.837997935777,24.7474146705075,0],[108.83799874286041,24.747398817020841,0],[108.8379987070452,24.7473810915021,0],[108.8379978022697,24.747369253838329,0],[108.837997600194,24.747351352316969,0],[108.8379979123973,24.74733938598165,0],[108.83799836049489,24.747327342155639,0],[108.8379984721314,24.74732128792208,0],[108.8379984227502,24.747309205352849,0],[108.8379980945497,24.747290921785279,0],[108.8379967631876,24.74725998504913,0],[108.8379955219858,24.747236745262811,0],[108.83799498206049,24.74722860669177,0],[108.8379940509529,24.74721608491669,0],[108.8379951671873,24.74719724532391,0],[108.8379962733632,24.7471847193788,0],[108.8379978324372,24.747165878212471,0],[108.83799860358221,24.747153363167818,0],[108.8379992015275,24.747144502380849,0],[108.8379997850666,24.747134525015461,0],[108.8380001914544,24.747122010204919,0],[108.838000607876,24.747103178135859,0],[108.838000681059,24.7470906516477,0],[108.8380000762841,24.747071809039841,0],[108.8379993991292,24.747059273206489,0],[108.8379991256642,24.747052248901571,0],[108.83799910962161,24.747040420711251,0],[108.8379991344124,24.747027900812569,0],[108.83799967235529,24.747009059036639,0],[108.8380002725189,24.74699654855867,0],[108.8380013413534,24.74697771645214,0],[108.838002713643,24.74696522151643,0],[108.8380049165273,24.746946424593538,0],[108.8380058953035,24.746933916511981,0],[108.83800410212569,24.746915040829379,0],[108.8380037284311,24.746902503298951,0],[108.8380046530276,24.74687115223842,0],[108.8380050980539,24.746852310981659,0],[108.8380051030572,24.74683978848519,0],[108.8380052396095,24.746820938120649,0],[108.8380049489827,24.74680840554187,0],[108.8380043905285,24.746789541911848,0],[108.83800505095149,24.746777025680309,0],[108.838006577749,24.746765460579962,0],[108.838006876233,24.746761473422271,0],[108.838007018497,24.7467574808191,0],[108.838008411708,24.74674574765789,0],[108.8380092207904,24.7467247378481,0],[108.838010031364,24.746714417986251,0],[108.8380152856581,24.746683223257929,0],[108.8380162715851,24.746651879075308,0],[108.8380189937822,24.74662060372016,0],[108.8380234622054,24.746589407969331,0],[108.8380282748119,24.746558240083331,0],[108.838030607556,24.746526967808119,0],[108.83803414273081,24.746495757415449,0],[108.8380393144829,24.746464638072659,0],[108.83804457333839,24.746433536296848,0],[108.8380482874835,24.746420467678512,0],[108.83804954176431,24.746406296156209,0],[108.8380504044067,24.746397845526442,0],[108.8380512397105,24.746374850497681,0],[108.83805133635479,24.746366413178361,0],[108.8380535001034,24.746343403499331,0],[108.8380541868414,24.746334960172121,0],[108.83805519753859,24.74631954787522,0],[108.83805591781611,24.746314042699339,0],[108.83805676854389,24.74630352040402,0],[108.8380599327876,24.746282594916469,0],[108.8380633759145,24.746260361640012,0],[108.8380648661047,24.746251151927972,0],[108.838069521777,24.746219727643389,0],[108.8380737910679,24.7461883217681,0],[108.83807475952941,24.746177815063071,0],[108.838077516782,24.746156930667588,0],[108.8380821796641,24.746125550575119,0],[108.83808327569049,24.746115051281059,0],[108.83808328308611,24.74609418858158,0],[108.8380843593612,24.74608369210608,0],[108.8380859170512,24.746075704293041,0],[108.8380920353805,24.746052342104768,0],[108.838093811275,24.746031491180752,0],[108.8380941650028,24.746021001453808,0],[108.83809649351829,24.746000158271979,0],[108.8380975589973,24.745989673591971,0],[108.8380995306961,24.74596883511353,0],[108.83810015134981,24.745958350212842,0],[108.83810227037669,24.745937518132148,0],[108.83810399722481,24.745927043294309,0],[108.8381058790448,24.74590621615085,0],[108.8381066923797,24.74589144498194,0],[108.8381093385084,24.7458749231282,0],[108.8381156826797,24.74584367174737,0],[108.8381170033237,24.74583320730531,0],[108.83812147823819,24.745801954642079,0],[108.8381242944434,24.745781166505932,0],[108.838125269126,24.745770703998438,0],[108.8381292951224,24.745718645349211,0],[108.83813019259679,24.745707577551251,0],[108.83813163980869,24.745687390154661,0],[108.83813356831131,24.745656130968381,0],[108.83813413671849,24.745645668024551,0],[108.83813461343711,24.745633619522231,0],[108.8381350618377,24.74562486609004,0],[108.83813694886619,24.745593613454439,0],[108.8381386955211,24.7455623597983,0],[108.8381406695808,24.74553111389746,0],[108.8381415524069,24.745520662735871,0],[108.8381437984465,24.7454999048688,0],[108.8381454020319,24.745489475855191,0],[108.8381487524717,24.745468756044868,0],[108.8381512360238,24.74545835821872,0],[108.83815801336181,24.745437755553731,0],[108.83816234287281,24.745427424134839,0],[108.8381667978545,24.74540676404521,0],[108.8381666327341,24.745396291662491,0],[108.83816922897751,24.7453755760694,0],[108.838171867877,24.7453652017474,0],[108.8381747004687,24.74534450108127,0],[108.8381754627905,24.74533406413396,0],[108.83817741543881,24.745313335891041,0],[108.8381784931801,24.745302912525869,0],[108.8381795698964,24.745294989688588,0],[108.8381813920807,24.745282224126669,0],[108.83818283567039,24.74527181676973,0],[108.8381858423899,24.74525113950272,0],[108.83818691916581,24.745240719753689,0],[108.8381872493172,24.745219934686119,0],[108.838228698669,24.745027719636951,0],[108.8382311369873,24.74497446563824,0],[108.838234475957,24.744884234980731,0],[108.8382377654894,24.744794002793249,0],[108.8382432774106,24.74471206586739,0],[108.8382437421693,24.744703836820349,0],[108.8382569721818,24.7446136456253,0],[108.83825277611579,24.744522266424362,0],[108.8382524787927,24.744520234268851,0],[108.8382642647186,24.744431975737939,0],[108.838283910004,24.74434267664963,0],[108.8382726086968,24.74432897254114,0],[108.8382925106221,24.744252592585369,0],[108.8383058730778,24.744163147187539,0],[108.8383245558863,24.74407434545563,0],[108.8383176819207,24.743982363771369,0],[108.83831916980419,24.743964414876981,0],[108.8383604259048,24.743969409034861,0],[108.838365391484,24.74394088252448,0],[108.8383707785374,24.74391020248477,0],[108.838377110358,24.743874479103681,0],[108.8383872002489,24.743818251178219,0],[108.8383927586865,24.743787628855308,0],[108.8383983577508,24.743757021651032,0],[108.8384081149495,24.743704249375121,0],[108.8384153986661,24.74366528533395,0],[108.83842115131,24.74363473414056,0],[108.8384279002433,24.743599158274179,0],[108.838442165182,24.743524620676009,0],[108.8384048010878,24.743417821757951,0],[108.83841893943691,24.74333811682062,0],[108.8384442746937,24.743157678381412,0],[108.83848794126339,24.742979915043922,0],[108.8384786626002,24.742795281221682,0],[108.8385081586045,24.742616088705891,0],[108.838536496793,24.742437007374232,0],[108.8385998850076,24.742263090267041,0],[108.83861252595391,24.742082209160241,0],[108.83864022441681,24.741903431082989,0],[108.8387325497595,24.741733679630219,0],[108.8387627788492,24.741555255675109,0],[108.838792714008,24.74137679002601,0],[108.8388143145045,24.74119716046809,0],[108.8388236869403,24.741153240535962,0],[108.838852164597,24.74101980056972,0],[108.83888239336881,24.7408413756801,0],[108.8389124558506,24.74066292824207,0],[108.83891836532329,24.740627648621491,0],[108.838942352037,24.740484457353041,0],[108.83897261916481,24.740306038542489,0],[108.8390026715165,24.740127589330541,0],[108.8390121097279,24.740071691778461,0],[108.83903280195361,24.739949151408439,0],[108.83909271136289,24.73959222605157,0],[108.8390966697223,24.739528694203528,0],[108.8391039930375,24.739411154774668,0],[108.8391313480024,24.739232328844771,0],[108.83916599278,24.739054552579809,0],[108.83919725505019,24.738876485609261,0],[108.83922392403019,24.738697986667919,0],[108.8392506913259,24.738519713750609,0],[108.839257396757,24.738339010193162,0],[108.83927311650579,24.738278585533109,0],[108.8393030142378,24.738163661242051,0],[108.8393296541211,24.737986021820429,0],[108.8393473606852,24.73780752788835,0],[108.83936247557931,24.73762903943506,0],[108.8394852439217,24.737462290101352,0],[108.8395055365319,24.737284178858129,0],[108.8395198857407,24.737118000499979,0],[108.8395209404121,24.737105784452329,0],[108.8394870079302,24.736923548134168,0],[108.83951723810959,24.736746913139491,0],[108.83958460270389,24.736572409109922,0],[108.8395967606623,24.736393900163119,0],[108.8395650140157,24.736213331557561,0],[108.8395634149466,24.73603463966473,0],[108.8395578932317,24.735856002232872,0],[108.83954431029,24.73567740362061,0],[108.83954599974069,24.73549930172954,0],[108.8395274273831,24.735321147199159,0],[108.8395256399465,24.73514323809114,0],[108.8395242014729,24.734965335149209,0],[108.8395262246861,24.73478732525496,0],[108.83952629046981,24.734609257711291,0],[108.8395243880878,24.73443115153519,0],[108.839515711649,24.734253259316748,0],[108.83949714002731,24.73407590816262,0],[108.8394805095335,24.733898534396712,0],[108.8394730000992,24.733809810501409,0],[108.8396371536512,24.733798190472051,0],[108.8396293310666,24.73370877144205,0],[108.8396122880732,24.733530040503819,0],[108.8395933839586,24.733351452680068,0],[108.839572691457,24.733172946177881,0],[108.8394215720766,24.733188157273059,0],[108.8394002505095,24.733011456985121,0],[108.8393763260424,24.73283335219006,0],[108.8393510561159,24.732655933760931,0],[108.8393245158484,24.732478464659462,0],[108.8392839997817,24.732302604788959,0],[108.8392588169928,24.732124581921589,0],[108.839238692541,24.7319456307222,0],[108.83919325775079,24.731769940067061,0],[108.8392024251781,24.73158642325334,0],[108.8391719121736,24.731408227973962,0],[108.83914168336889,24.73122980360716,0],[108.83911190679289,24.731051151018171,0],[108.8390327327789,24.7308792121205,0],[108.8390185467493,24.730698003326111,0],[108.83899621030859,24.73051777715164,0],[108.83897414159919,24.730337375245789,0],[108.83894375515639,24.73015790633826,0],[108.83891123140219,24.72997850263684,0],[108.838882488627,24.729798416979989,0],[108.8388547568257,24.729618004288479,0],[108.83882792339141,24.72943727512278,0],[108.8388017117281,24.72925625179321,0],[108.8387820383753,24.729074374919779,0],[108.8387792693002,24.728890916704529,0],[108.8387538285802,24.72870942323512,0],[108.8387439702126,24.7285267223241,0],[108.83873308297891,24.728344165278109,0],[108.8387550186245,24.728159919804629,0],[108.83872577041851,24.728003696616121,0],[108.8387210909799,24.727978699459111,0],[108.8387314064488,24.727795473147552,0],[108.8387431349397,24.727612497105252,0],[108.8387397031847,24.727430122209238,0],[108.83874086501621,24.727247706269331,0],[108.8387465112561,24.72706533114107,0],[108.8387335423363,24.72688300596419,0],[108.838747790045,24.72670076326153,0],[108.838751062025,24.726518497991279,0],[108.8387642784368,24.7263364894356,0],[108.838788746522,24.726154989360861,0],[108.8388142039817,24.725973800599149,0],[108.8388250257848,24.725792124984661,0],[108.8388034499948,24.72560854259595,0],[108.8387322765536,24.72542110315381,0],[108.8386405970565,24.725230809306328,0],[108.8385048352617,24.725035492712561,0],[108.8384492529791,24.724845466304309,0],[108.8385079635882,24.724665689451339,0],[108.8386018825562,24.724490244634062,0],[108.8388059963231,24.72432744257863,0],[108.838926950956,24.724157412505129,0],[108.8390166280229,24.723984906944722,0],[108.8390558731828,24.7239893074907,0],[108.8390652124376,24.723920720890629,0],[108.839075094412,24.72384891306351,0],[108.8390850714091,24.7237771281743,0],[108.8390963987372,24.72369639791798,0],[108.8391078240859,24.723615695998792,0],[108.8391121402156,24.723585506624669,0],[108.839120617609,24.723526057639159,0],[108.8391347931919,24.723427490885321,0],[108.839146456247,24.723346871584141,0],[108.8391638658222,24.72322712340916,0],[108.8391900059549,24.723048109879841,0],[108.8392281238589,24.722787386593069,0],[108.83927821895389,24.722444739593559,0],[108.83932480994321,24.722126062193009,0],[108.8394647252119,24.721169038776431,0],[108.839409233021,24.721071194999411,0],[108.8393722400596,24.720884533031288,0],[108.8393793228293,24.720748784141239,0],[108.83951039375989,24.7205826211076,0],[108.8395253505055,24.720402295235878,0],[108.8395310106385,24.720220834321552,0],[108.83953004775729,24.720038567335411,0],[108.8395408017455,24.71985772785791,0],[108.83953665496369,24.71967507246147,0],[108.83955721483019,24.719495429256231,0],[108.83954163609209,24.7193113790472,0],[108.83956101987739,24.719131592565869,0],[108.8395592835373,24.718949230585061,0],[108.839570439018,24.718768441192971,0],[108.8395972576874,24.718589561838161,0],[108.8396276330501,24.718411116634119,0],[108.8396576156637,24.718232623067919,0],[108.8396795668296,24.718053149867981,0],[108.8397102248465,24.717874739166369,0],[108.83974928900589,24.717697355630619,0],[108.83978009138769,24.71751912915947,0],[108.8397443621605,24.717396693958982,0],[108.8399790519469,24.717179692445988,0],[108.839915277248,24.71699094083613,0],[108.8398003509172,24.716797300289858,0],[108.8396771047769,24.71660425236033,0],[108.8395841628668,24.71641617749334,0],[108.8394469856,24.716225732227372,0],[108.83971980925681,24.716074357512252,0],[108.8399462656684,24.7159159949219,0],[108.84008851075539,24.71574845086181,0],[108.840145179569,24.715573420390669,0],[108.84010604731139,24.715392423265371,0],[108.8401019823856,24.71521393518686,0],[108.84010788609331,24.71503605387203,0],[108.84009273650339,24.7148576423055,0],[108.8400859748119,24.71467975879116,0],[108.84008031738369,24.71450207671338,0],[108.84008440693771,24.71432452510486,0],[108.8400888042756,24.71414689232947,0],[108.84007907468749,24.71396940907329,0],[108.8400479336769,24.7137926306736,0],[108.840039071158,24.713615483777289,0],[108.8400280343545,24.713438455571708,0],[108.8400182167632,24.713261380814021,0],[108.8400042047376,24.713084541676078,0],[108.839994906313,24.712907359285019,0],[108.83998393005611,24.71273019982393,0],[108.8399708424716,24.71255311266086,0],[108.8399622626643,24.71242395269676,0],[108.83995906265309,24.712375774435529,0],[108.83998136604551,24.71219447923092,0],[108.83999744286579,24.71201308257281,0],[108.839994239066,24.711833410634309,0],[108.8399363187266,24.711660878624379,0],[108.8399081902088,24.711484468721519,0],[108.8399058238036,24.711303943521528,0],[108.8399079192356,24.71112209342235,0],[108.8398573951785,24.71094882034199,0],[108.8398045693411,24.710776229037339,0],[108.8397507180311,24.7106041011257,0],[108.8396878141145,24.710434077540238,0],[108.8396383284221,24.71026156044211,0],[108.83957565686541,24.710092095180929,0],[108.8394900949985,24.7099741299323,0],[108.8394453160322,24.709820684350131,0],[108.8394434230139,24.70981676359791,0],[108.83938050431421,24.709645440918258,0],[108.8393600946776,24.709573339336821,0],[108.83931052782251,24.70940141653816,0],[108.839258121735,24.70923019205436,0],[108.8392414697915,24.709177166465452,0],[108.8392026248184,24.709056479786248,0],[108.8391732356471,24.708948413488759,0],[108.8391215791786,24.708774117304849,0],[108.8390477260774,24.70856283622107,0],[108.83903599675639,24.708512201459019,0],[108.8390314136679,24.70840575941218,0],[108.839075632383,24.70830692610188,0],[108.8391001467471,24.708274504135929,0],[108.83912074878,24.708253429569119,0],[108.83910889107911,24.708221828473349,0],[108.83909286980111,24.708179269977052,0],[108.83908001449591,24.708145230794841,0],[108.8390639004661,24.708102689964988,0],[108.83903477422589,24.708026137002129,0],[108.83902178372669,24.70799212113759,0],[108.8390022471439,24.707941103941408,0],[108.838969565112,24.707856093403461,0],[108.8389334614816,24.707762599269039,0],[108.8388972225962,24.707669115809811,0],[108.838854255933,24.707558637433319,0],[108.8388178145378,24.707465146054918,0],[108.83877468474439,24.707354634258358,0],[108.83839970859739,24.70639414239794,0],[108.83801972641341,24.705420808136552,0],[108.8375843752825,24.704305627626582,0],[108.83716808401211,24.70323924680126,0],[108.83711019920619,24.703258105281069,0],[108.8370719127722,24.7030788922778,0],[108.8369369304727,24.702931182805351,0],[108.8368618879678,24.702763944397379,0],[108.83680280026719,24.7025915093826,0],[108.8367635087738,24.702412623244619,0],[108.8366957553832,24.702243010553708,0],[108.8366290594678,24.702073096739451,0],[108.8365626599556,24.701903000691491,0],[108.83649611695689,24.701732993873058,0],[108.8364297516311,24.701562930058589,0],[108.836364977886,24.701392346397039,0],[108.8362045319025,24.701252932366639,0],[108.8361595359801,24.701248814811251,0],[108.8359978253477,24.70123401560668,0],[108.8359753030245,24.701135925914141,0],[108.83597014451971,24.700945921920582,0],[108.83610872245011,24.70070909014715,0],[108.83600864611491,24.7005500086508,0],[108.83594172305629,24.70038012551024,0],[108.8358752655801,24.70021009169286,0],[108.8358088644859,24.700040038567359,0],[108.8357425838731,24.6998699468197,0],[108.83567634189809,24.699699842181989,0],[108.8356098664372,24.69952981463609,0],[108.8355435311651,24.69935974023393,0],[108.8354109726,24.699019555489571,0],[108.83534410415049,24.69884960671461,0],[108.83523240737129,24.698694131567279,0],[108.8351626537615,24.69852488301466,0],[108.83509308787291,24.69835545373585,0],[108.83501571704,24.6981883986681,0],[108.8349559439127,24.698015576562518,0],[108.8348884812016,24.697845091919291,0],[108.8348315173856,24.69769995774833,0],[108.83481984011721,24.69767004963153,0],[108.8347577957984,24.697502409041942,0],[108.83491961414219,24.697452423465649,0],[108.83485650700911,24.6972808412227,0],[108.8347941462051,24.69710898127002,0],[108.8347326076709,24.696936822423631,0],[108.83467197131721,24.696764346185759,0],[108.8346123131078,24.69659153498344,0],[108.8345537139469,24.696418371216311,0],[108.8344962517854,24.696244839106019,0],[108.8344858949885,24.69621302338183,0],[108.8344699749729,24.69616411846474,0],[108.83427436008751,24.6962169381705,0],[108.8342167136009,24.696063877989609,0],[108.8341806985699,24.69594981340914,0],[108.8341264403993,24.69577402818496,0],[108.8340735801592,24.695597887617819,0],[108.83402212087449,24.695421401622419,0],[108.8339736736561,24.695244202868022,0],[108.8339298237414,24.695067976057139,0],[108.833929352652,24.6950660811525,0],[108.8338725491182,24.694890768525319,0],[108.833832546152,24.69471172457029,0],[108.8338307889008,24.694704980164531,0],[108.8337862593532,24.694534062365172,0],[108.83372761527281,24.69435886821223,0],[108.833699034059,24.694177603254211,0],[108.83365887835851,24.693998694580252,0],[108.833620145895,24.693819529736281,0],[108.8336013190753,24.693729854040289,0],[108.8335920290472,24.693684995194371,0],[108.8335853802904,24.69354822454239,0],[108.8337684510191,24.693515659443541,0],[108.83375001129821,24.693425957240269,0],[108.8337333141652,24.693342429002659,0],[108.833714352017,24.693247561607919,0],[108.8337054262294,24.693201163407021,0],[108.83367999569229,24.6930689529037,0],[108.833655580803,24.69293686764685,0],[108.8336469433608,24.692890139247339,0],[108.8336204337165,24.69274066202723,0],[108.833615196053,24.692711127855869,0],[108.8335847567879,24.692531927740671,0],[108.8335556256081,24.69235254612417,0],[108.8335278035442,24.69217299022332,0],[108.83350129262681,24.691993269054869,0],[108.833501083082,24.691991772601622,0],[108.8334819890255,24.6918554745294,0],[108.833479624971,24.691838600423871,0],[108.8334760938924,24.691813390738389,0],[108.83345220837781,24.69163336339339,0],[108.8334444178704,24.691571182878938,0],[108.8334296371074,24.69145319333396,0],[108.8334083811357,24.691272891387641,0],[108.833393715022,24.691140187719519,0],[108.8333884414812,24.691092462965749,0],[108.833384858041,24.69105833376257,0],[108.8333789580131,24.69100213140597,0],[108.8333698172522,24.690911923420192,0],[108.83335247416871,24.690731318980689,0],[108.8333441005732,24.690637603263589,0],[108.8333363333211,24.690550670848481,0],[108.8333268876338,24.6904370343764,0],[108.83332686831859,24.690436804289309,0],[108.8333213147468,24.6903699903006,0],[108.8332992294073,24.690353160663641,0],[108.8332114591251,24.690286275829919,0],[108.83319523924671,24.690150762441661,0],[108.8332246401705,24.69001261536571,0],[108.8330196310967,24.689842065126491,0],[108.8329465171919,24.6896635556428,0],[108.8330182153733,24.689477930805921,0],[108.8330385719407,24.689295222273032,0],[108.8331854094269,24.689107450776579,0],[108.8331167045604,24.6889291118732,0],[108.8331119897796,24.68879344522988,0],[108.83310588654039,24.68865788649104,0],[108.8331598200832,24.688655826878371,0],[108.8332193267531,24.688653553965288,0],[108.8332148593598,24.68855421784286,0],[108.8332096734933,24.68843687367368,0],[108.8332041758089,24.688310522959579,0],[108.83319835547169,24.68817517027378,0],[108.83315306923809,24.687113646770531,0],[108.8331369572666,24.686735958247471,0],[108.8331285725175,24.68653941512105,0],[108.8331208923282,24.686359379790719,0],[108.83311210625691,24.6861534343081,0],[108.8331074411312,24.686044084431039,0],[108.8330552014295,24.684819492368511,0],[108.8328755976186,24.684491692477931,0],[108.83302826671959,24.684188051295148,0],[108.83301061792891,24.6837743073168,0],[108.83300400669241,24.683619317461709,0],[108.832998592826,24.683492410109238,0],[108.8329944450296,24.683395152910929,0],[108.8329825171318,24.683115528205629,0],[108.83297914993609,24.68303701172891,0],[108.8329782636762,24.683016341564439,0],[108.83297432127971,24.682925455546162,0],[108.832949270828,24.682926388907529,0],[108.8329321603037,24.68283667635361,0],[108.8329336934215,24.6826583582442,0],[108.8329342540225,24.682593144175581,0],[108.8329314940316,24.682536861117939,0],[108.832923233195,24.68236836118988,0],[108.83292078781029,24.68232344077493,0],[108.8329178713638,24.682278551859788,0],[108.8329162686873,24.682251615346981,0],[108.83290665603261,24.682072067250662,0],[108.83289627683421,24.68189268318292,0],[108.8328833159264,24.681713577024912,0],[108.8328678594461,24.681534774476969,0],[108.8328510698617,24.681356214927231,0],[108.83283226588961,24.68117796173345,0],[108.8327297416628,24.681008259429181,0],[108.83271154815181,24.680867882024039,0],[108.832708896881,24.680847427459589,0],[108.832706804787,24.6808312830095,0],[108.8326826970841,24.68065443403831,0],[108.83265592994491,24.680477902216751,0],[108.8325744960225,24.680309102906872,0],[108.8325565598324,24.6801317033221,0],[108.8325356679303,24.67995449073155,0],[108.832489705506,24.679781334038921,0],[108.8324173167115,24.679613207552759,0],[108.8323609707367,24.679442689253069,0],[108.832299045735,24.679273641691552,0],[108.8322584749635,24.679100439671981,0],[108.83221472826951,24.678927874504261,0],[108.83215317827541,24.67875943683072,0],[108.8321060548457,24.67858774250136,0],[108.8320946153549,24.67852583927554,0],[108.8320736209039,24.678412223163,0],[108.8321138773864,24.678216903312631,0],[108.8320630782995,24.67804480233012,0],[108.8320673113171,24.677856717002442,0],[108.8320643704747,24.67784842732874,0],[108.8320576380557,24.677829450544831,0],[108.8320069531364,24.677686576407741,0],[108.8319643191743,24.677652687809481,0],[108.83183602113139,24.677550705470839,0],[108.83119088907149,24.677660260047048,0],[108.8310167328644,24.67762539200281,0],[108.8309214748592,24.677566343774359,0],[108.8308633947037,24.677495658598321,0],[108.83081494242511,24.67742201787512,0],[108.8307706639458,24.6773471281454,0],[108.8307494058684,24.677264335892279,0],[108.8307595345803,24.67717027642939,0],[108.8307855922222,24.677069979487332,0],[108.8313995583117,24.676658351670909,0],[108.8314453563124,24.676497080930641,0],[108.8315503856733,24.676457082857318,0],[108.8314994307833,24.676345427117891,0],[108.8313801218774,24.67609474378542,0],[108.8312563067461,24.675845891633731,0],[108.8311280204354,24.675598938161819,0],[108.8309952950209,24.675353949982149,0],[108.83099298876211,24.675349863468949,0],[108.8308581694983,24.67511099457138,0],[108.83071667890481,24.674870138525112,0],[108.83057086221019,24.67463144570878,0],[108.8304207607253,24.674394886091321,0],[108.8302667161614,24.674160141816959,0],[108.8301093342409,24.673926930583519,0],[108.82994921073249,24.673694959313519,0],[108.82978693632511,24.6734639141972,0],[108.8296230917543,24.67323347064956,0],[108.8296069092579,24.67321087364234,0],[108.82951134299,24.673077423477629,0],[108.8295108803178,24.673076776973311,0],[108.8294582556879,24.673003290558611,0],[108.82929300791049,24.672773055668689,0],[108.8291278303891,24.672542595410921,0],[108.829054850443,24.672440456756359,0],[108.8287462624922,24.672408153155729,0],[108.82854549428249,24.67241671999637,0],[108.82831452894349,24.672447362251809,0],[108.8281450218838,24.672437315279531,0],[108.82805125453341,24.6723850742458,0],[108.8280271222141,24.6722919331505,0],[108.8280671266338,24.672158278014621,0],[108.8283906305096,24.6718618553545,0],[108.8283923821278,24.67183808143988,0],[108.82839305264859,24.671817399906772,0],[108.8283342135372,24.671625785952511,0],[108.8282299718192,24.671439041570149,0],[108.8283188214865,24.6713886372131,0],[108.8281629371543,24.671157164029271,0],[108.8280150855646,24.670932498074109,0],[108.827995316848,24.670902459613711,0],[108.82795844285781,24.670846426658709,0],[108.827758441526,24.670532985828881,0],[108.8275635502208,24.670216787605611,0],[108.8273739049514,24.66989793687879,0],[108.8271895486513,24.669576506552939,0],[108.82701052326441,24.66925256953775,0],[108.8268368707453,24.668926200547951,0],[108.8266686290833,24.6685974725143,0],[108.8265058372783,24.668266461972561,0],[108.8263485333289,24.66793324365813,0],[108.8262271080343,24.667664964953818,0],[108.8261829348497,24.667681446145419,0],[108.8261588399079,24.6676119161551,0],[108.8260306470456,24.667267523176712,0],[108.8258922509344,24.666936750524041,0],[108.825913340496,24.666929611365759,0],[108.8259098931061,24.6669211031628,0],[108.8258586032137,24.66679333967534,0],[108.8257748793276,24.666579843758338,0],[108.8256452293558,24.666237068834938,0],[108.8255202379803,24.665893103653,0],[108.8253991591687,24.66554822404434,0],[108.82528123885059,24.66520268421662,0],[108.8251657188864,24.664856719439911,0],[108.8251228614626,24.664726918805229,0],[108.82506600798089,24.664553826204891,0],[108.8250546698963,24.664519206599561,0],[108.8250357952823,24.664524366426338,0],[108.8250184356435,24.664472532382,0],[108.8249980559272,24.66441210200006,0],[108.8249836869485,24.664368890626012,0],[108.8249692608231,24.66432570032665,0],[108.8249058122769,24.6641074479255,0],[108.8249190869827,24.664103833639771,0],[108.82459473789631,24.66310888506732,0],[108.8245243179542,24.663126705013621,0],[108.8245125504224,24.66303706377365,0],[108.8243507790071,24.662892712561291,0],[108.8242204214675,24.662739809719991,0],[108.824132553332,24.662575339051742,0],[108.8239754500481,24.662429716035419,0],[108.8239035923786,24.662260886607118,0],[108.82386305361879,24.662083532469151,0],[108.82382283644679,24.661906091694089,0],[108.82403271064911,24.6616605661287,0],[108.8240070089626,24.661549818739381,0],[108.8239467442455,24.6615191269997,0],[108.8239463078183,24.66144860289733,0],[108.8240447687519,24.661421798064719,0],[108.8236583881765,24.660236507446939,0],[108.8235995943335,24.66025251371811,0],[108.823558640135,24.6601647538304,0],[108.8235449296027,24.660097840255041,0],[108.8232970674096,24.659976925880819,0],[108.8230784403368,24.6598480504734,0],[108.8230112721843,24.659677945442422,0],[108.8230168641588,24.659522350414079,0],[108.8230181096994,24.659487694184559,0],[108.8230622289271,24.65928729335916,0],[108.8230267755448,24.659108555129421,0],[108.823011024561,24.658924452387549,0],[108.8229909182544,24.658741536206609,0],[108.8229644874927,24.658560340951389,0],[108.8229450725434,24.658377235907349,0],[108.8229133685649,24.658197475961291,0],[108.822847458115,24.657942256504061,0],[108.82290539015349,24.65792648184711,0],[108.82263721457311,24.65710373946666,0],[108.8223582887215,24.65624800277773,0],[108.82224600433049,24.655901334846039,0],[108.8221357661134,24.65555358406899,0],[108.8220741779637,24.6553516899313,0],[108.82202922885391,24.65520433787983,0],[108.8219280683572,24.65485322873803,0],[108.82187634075621,24.65465900249783,0],[108.8218339825781,24.654499955788211,0],[108.821789439068,24.65431503616696,0],[108.821776103127,24.654259668907169,0],[108.8217721340463,24.65424319324266,0],[108.8217484017439,24.654144667396121,0],[108.82167162828689,24.65378770225265,0],[108.8216037018511,24.65342924250708,0],[108.8215446551706,24.65306947124774,0],[108.8214945200022,24.652708573372319,0],[108.8214533211695,24.6523467311067,0],[108.82142107957389,24.65198413121038,0],[108.8213978121472,24.651620957754812,0],[108.8213835299059,24.651257396647669,0],[108.8213782408971,24.650893632908609,0],[108.8213809922691,24.65057532005773,0],[108.8213819472528,24.65052985339344,0],[108.8213667232197,24.650529566472368,0],[108.82136708521629,24.650484047079171,0],[108.82136416006649,24.650374677553138,0],[108.8213712662759,24.650192663840489,0],[108.8212882568245,24.650006273243079,0],[108.8213613242808,24.64982710106014,0],[108.82136779403319,24.64964458077117,0],[108.8213673161888,24.649461330221861,0],[108.82138905627509,24.64927970684008,0],[108.82141329226791,24.649098378545681,0],[108.8214262188655,24.649010834323509,0],[108.8214400184369,24.64891737696454,0],[108.8214692300337,24.648736732814321,0],[108.8214681028892,24.648695649437631,0],[108.82143028563679,24.64872358344844,0],[108.82141378320679,24.64874269685108,0],[108.8213845540136,24.64881301761892,0],[108.82138437174309,24.64881444673297,0],[108.82137146664,24.648865571119419,0],[108.8213324326174,24.6489262979868,0],[108.82124637743151,24.649012989695638,0],[108.8212336725816,24.649024221361721,0],[108.8212008901569,24.64906763399161,0],[108.8211639593593,24.649131001544738,0],[108.8211618892749,24.64916576703542,0],[108.8210932756602,24.64915767517488,0],[108.8210952281388,24.649122896786231,0],[108.82111984836,24.64902774188721,0],[108.8211663241262,24.648963998117939,0],[108.8211850829469,24.64894795704075,0],[108.8212366837778,24.64888055537487,0],[108.8212480058764,24.648835060041879,0],[108.8212482723922,24.648801511352762,0],[108.8212481799014,24.648800055755459,0],[108.82127714006729,24.648684972835309,0],[108.82128157045931,24.648667369776369,0],[108.8213089233668,24.648629267764729,0],[108.82139085312311,24.64857226225735,0],[108.8214641509868,24.648551632423992,0],[108.8214904816615,24.6483702926573,0],[108.8215359601385,24.648191787517579,0],[108.8215925512004,24.6480153647021,0],[108.82163051017319,24.647836151366452,0],[108.8216747230834,24.64765811078205,0],[108.8217309821932,24.647482644813628,0],[108.821663733603,24.64728242772312,0],[108.8216247963353,24.647086604700171,0],[108.82159692074011,24.646892305489772,0],[108.8215989286771,24.6467042089835,0],[108.8213360564057,24.646455129929819,0],[108.8214920972727,24.64630216908953,0],[108.8215950751553,24.646138072275221,0],[108.8217409153486,24.645985129023028,0],[108.8219486358888,24.645847838241458,0],[108.8220852621079,24.645694009818321,0],[108.82220297376141,24.6455358604528,0],[108.822287871205,24.645369962727429,0],[108.8222887123092,24.645277288405349,0],[108.82236794880779,24.645295818593819,0],[108.8224520811721,24.64499039454104,0],[108.82254383889109,24.64464089626345,0],[108.8226291838579,24.64429062236535,0],[108.8227063541303,24.643939279181819,0],[108.8226839938727,24.643618017082709,0],[108.8226554733581,24.643568573567379,0],[108.8226251083757,24.643519057990542,0],[108.822534705555,24.643416444649141,0],[108.82234953694039,24.64321411233767,0],[108.8224747395419,24.64305369023764,0],[108.8226013991638,24.642891233435229,0],[108.82278689513311,24.642732290227549,0],[108.82284931857239,24.64267558030506,0],[108.8228981843932,24.642635206346569,0],[108.822916733755,24.6425918965439,0],[108.82293867844319,24.642368870723729,0],[108.8229602721571,24.642100885445728,0],[108.8229766893454,24.641832593581459,0],[108.82299063013041,24.641470061216172,0],[108.8229951185252,24.64110732871649,0],[108.8229901520041,24.64074460101514,0],[108.8229757329912,24.64038208482145,0],[108.8229524844012,24.640029218377169,0],[108.8229518757439,24.64001998407,0],[108.822934635637,24.64002112199206,0],[108.8229069479104,24.639713960679689,0],[108.8228724571816,24.639407376413239,0],[108.822831178154,24.639101495488831,0],[108.8227831294458,24.638796438763951,0],[108.8227283257831,24.63849233614382,0],[108.8226757930325,24.638233627502981,0],[108.8226850936833,24.638223065219609,0],[108.8226903369052,24.638217454045162,0],[108.82283571009231,24.63806187817811,0],[108.82284345034731,24.63805359479187,0],[108.8229081010968,24.6379980128184,0],[108.8229231814872,24.637985048317478,0],[108.8229400612185,24.63806130707119,0],[108.82297292312261,24.638209777125109,0],[108.8230374475591,24.6385373732667,0],[108.8230257747545,24.638539220055868,0],[108.8230204282156,24.638540066293391,0],[108.82308284295149,24.638904077448849,0],[108.8231357532115,24.639269346636588,0],[108.8231791298651,24.6396356609833,0],[108.8232129458269,24.640002818435519,0],[108.82323718381581,24.6403706060516,0],[108.8232518305476,24.640738818088121,0],[108.8232568766646,24.64110724516738,0],[108.8232523187223,24.641475676072119,0],[108.82323815922589,24.6418439031616,0],[108.82322148380641,24.642116411302791,0],[108.82319955181779,24.642388606985609,0],[108.82318838930949,24.64250181086242,0],[108.82329076840141,24.642510226077832,0],[108.8233387922477,24.642675605887419,0],[108.82334381136231,24.64272226307537,0],[108.82334290469591,24.642786897181381,0],[108.8233290835673,24.642970626045539,0],[108.823303875734,24.643153207607028,0],[108.8232437330483,24.643331235726631,0],[108.8231475893392,24.643503457798179,0],[108.82319118365371,24.643602545547139,0],[108.8232614814366,24.643659622049189,0],[108.8232516591804,24.643704872811089,0],[108.8230095917682,24.64375085899745,0],[108.8229635627489,24.64398362710098,0],[108.8228852144951,24.644340341771439,0],[108.8227988055004,24.64469499083441,0],[108.82270619276269,24.645047752785011,0],[108.822621523652,24.645355133410089,0],[108.82272281198711,24.645378824603281,0],[108.8226681311002,24.645459551660949,0],[108.8226106970975,24.645632955353729,0],[108.82260144129989,24.645817651228139,0],[108.8225957851088,24.646003012571821,0],[108.8225516287431,24.646178852262409,0],[108.82249462482019,24.646351335475309,0],[108.82241412188689,24.64651806595165,0],[108.82238839980489,24.646697369611779,0],[108.8223195929498,24.646866495082431,0],[108.822242691716,24.64703383406356,0],[108.8221609558135,24.647200331926591,0],[108.8221401076663,24.64737963596184,0],[108.822171517616,24.647568550786289,0],[108.8221722733727,24.647609903398511,0],[108.8221748442763,24.64775061402894,0],[108.8221109064481,24.647893245640962,0],[108.8220998386663,24.64791793624504,0],[108.8220357356327,24.6480878600458,0],[108.8219810452462,24.64825986007888,0],[108.8220083209949,24.64824305826712,0],[108.8221700391782,24.64813889702458,0],[108.8223374514358,24.648043045680229,0],[108.82245679199529,24.647970140978849,0],[108.8224885539518,24.64794340076045,0],[108.8225907814236,24.6478336237294,0],[108.8226003133007,24.647827191976681,0],[108.8225841736225,24.647691164956839,0],[108.8225591638741,24.64764252825255,0],[108.8225005554627,24.647545294605539,0],[108.8224692907857,24.647364457590552,0],[108.8224185548177,24.64718958039569,0],[108.8224172241646,24.647182764846551,0],[108.8224351899583,24.64698479726842,0],[108.8224380792023,24.6469703468152,0],[108.82248557796311,24.646796249201142,0],[108.82249745671589,24.646777021061268,0],[108.8225000759271,24.646772615853092,0],[108.8225638295588,24.646804955732311,0],[108.82256080502739,24.64680915553177,0],[108.8225496038217,24.646825363046741,0],[108.8225099891331,24.64697639522759,0],[108.8225107071944,24.646989059301639,0],[108.8225451282716,24.64714361593645,0],[108.8225468433709,24.64715031383124,0],[108.8225967366895,24.647325449258709,0],[108.8226814624351,24.64748992146108,0],[108.8227116637383,24.647595850340039,0],[108.822733140081,24.64767397505668,0],[108.82271924698939,24.647855196389049,0],[108.82265845413311,24.64797257340161,0],[108.82257549754139,24.648036124575562,0],[108.8225508879508,24.648072249264111,0],[108.82243732779359,24.648153185591092,0],[108.8222503323688,24.64825606359593,0],[108.8220655844482,24.648326619492622,0],[108.82194618194271,24.648385471441379,0],[108.8219329155651,24.64843327129093,0],[108.8218856125753,24.648566258256579,0],[108.8218717102972,24.6486053430169,0],[108.821876402348,24.648662277781369,0],[108.8218867102828,24.64878735686402,0],[108.8218766909996,24.648965745838449,0],[108.82187444349459,24.6491446330476,0],[108.821857444719,24.649321797259031,0],[108.8218389711578,24.6494988025244,0],[108.8218295307814,24.649676465230179,0],[108.82190319256689,24.649858894911969,0],[108.8218901015704,24.650035349862939,0],[108.82189110459331,24.650212398467708,0],[108.82186708921409,24.6503885692075,0],[108.8218644088889,24.650494700583849,0],[108.82182440440771,24.650538188042571,0],[108.8217604033463,24.650581488030419,0],[108.8217072507956,24.650741308032419,0],[108.821640000156,24.65089315725567,0],[108.8216452110791,24.651251514951991,0],[108.8216592819067,24.651609673438369,0],[108.8216822046009,24.651967449500731,0],[108.82171396718429,24.652324661750459,0],[108.8217545546978,24.652681126105591,0],[108.8218039452854,24.65303666122853,0],[108.8218621151144,24.653391085791039,0],[108.8219290334368,24.653744218501249,0],[108.82200466654,24.654095878082082,0],[108.822034612136,24.654220195162338,0],[108.82203641140831,24.654227667136169,0],[108.8220673744796,24.6543562070222,0],[108.82208897678279,24.65444588688748,0],[108.8221817740482,24.65479431454914,0],[108.8222818334069,24.65514159113231,0],[108.82238751021779,24.655488012689361,0],[108.8224971700968,24.655833935703509,0],[108.82260918390109,24.656179765381211,0],[108.8228362297817,24.656876336770559,0],[108.8230688439065,24.65758997938778,0],[108.823127539981,24.657574003668739,0],[108.8232321716098,24.657715067632282,0],[108.8233274567984,24.657858678769131,0],[108.8233493422527,24.657890398977742,0],[108.82343762200711,24.65805475609967,0],[108.82354540399579,24.65821380475953,0],[108.82372907626591,24.658352192754268,0],[108.82386990819769,24.65850224394141,0],[108.82401752052409,24.658650448737511,0],[108.8241114174229,24.658718087041539,0],[108.8242073182972,24.658787169489489,0],[108.824196544313,24.658978493147892,0],[108.82421068879179,24.659163033335791,0],[108.8241497099559,24.659368025228549,0],[108.8241234567884,24.659563562847289,0],[108.823982015481,24.659790459216389,0],[108.82392335618709,24.659994819023328,0],[108.8239164375837,24.660067348708491,0],[108.8239374718505,24.660110466805619,0],[108.8239602091684,24.66015434197611,0],[108.8239092713291,24.660168208250351,0],[108.8242956540238,24.661353498177078,0],[108.82434026962871,24.6613413527465,0],[108.82437686167,24.661449131737019,0],[108.8244522486963,24.6615463525878,0],[108.8246025159424,24.661693835258209,0],[108.82473565649,24.66184598048336,0],[108.8248677462073,24.661998411195409,0],[108.8249840354239,24.662155142471711,0],[108.8250784834286,24.662317821598791,0],[108.8251007431499,24.662500152282639,0],[108.82498542167011,24.662719939750431,0],[108.8248964852724,24.662932542802562,0],[108.8248941240679,24.662980283860222,0],[108.82489598426289,24.663026875136879,0],[108.82484562817839,24.663040586893189,0],[108.8250007507031,24.6635164293176,0],[108.8252092365657,24.663742257028389,0],[108.8253743531854,24.663979892043219,0],[108.82579259293151,24.66410135131726,0],[108.8258659419395,24.664128362147011,0],[108.825896849741,24.664166909300359,0],[108.8258839478993,24.664236166122951,0],[108.8257555655959,24.66432758593999,0],[108.8256325979019,24.6643987963348,0],[108.825557710096,24.66474835377479,0],[108.82553142133931,24.665132241137432,0],[108.8256487852465,24.6654761498813,0],[108.8257691327544,24.665818943486361,0],[108.82589320215379,24.666160372344692,0],[108.826021724703,24.666500167927,0],[108.8260745437578,24.666635567243489,0],[108.82616208910009,24.666606783534679,0],[108.8262270717793,24.666716046055619,0],[108.82628153993829,24.666804955728558,0],[108.8264579152376,24.667116299122441,0],[108.8266087460055,24.66744550065274,0],[108.8266631755393,24.667811777596651,0],[108.8265896912246,24.6678401466188,0],[108.8267454307509,24.668170048542429,0],[108.82690660293621,24.668497765560709,0],[108.827073170763,24.668823222030522,0],[108.8272450962304,24.6691463432165,0],[108.8274223403664,24.669467057096469,0],[108.8276048622037,24.669785288950688,0],[108.8277926217793,24.670100966761758,0],[108.8279855741894,24.670414018539219,0],[108.8281836642582,24.670724462621529,0],[108.8282627223052,24.670844594775151,0],[108.82828187137279,24.670873692365092,0],[108.8283864684141,24.671032630819031,0],[108.8285932874014,24.67133884653467,0],[108.828827623009,24.671501595175741,0],[108.8289688207765,24.671654308233389,0],[108.829043772429,24.671802086902989,0],[108.82917931009951,24.6719362772661,0],[108.8292441704089,24.6720372564623,0],[108.8292740713442,24.672309734353679,0],[108.8293469473093,24.672411671264928,0],[108.8295119465609,24.6726418822104,0],[108.8296455183242,24.67282798335776,0],[108.8296771995392,24.672872124051619,0],[108.8297666663419,24.672997056292939,0],[108.8298423439321,24.6731027337006,0],[108.83000681996781,24.6733340672166,0],[108.8301700450379,24.673566463635758,0],[108.8303314256345,24.673800257543391,0],[108.8304903592428,24.674035766425341,0],[108.83064623042451,24.674273296105969,0],[108.8307984067644,24.674513125424241,0],[108.8309463271535,24.674755262009441,0],[108.8310898594375,24.674999593764952,0],[108.83115048584141,24.6751070093217,0],[108.8312289646282,24.675246054117661,0],[108.83136360471811,24.675494575586089,0],[108.8314937426984,24.675745092488452,0],[108.8316193444933,24.67599753461284,0],[108.8317403740742,24.67625183536882,0],[108.83179358670711,24.676365741650351,0],[108.83197923071479,24.67639324305236,0],[108.83200171084439,24.676454194156371,0],[108.83207222153909,24.6767045813128,0],[108.8321560591168,24.676871322144841,0],[108.83224301002519,24.67703732800291,0],[108.8323871374604,24.677185387599611,0],[108.832513183877,24.6773407681735,0],[108.8325309551622,24.6775298743793,0],[108.8325962654028,24.67770429780796,0],[108.832649054453,24.677882295000259,0],[108.83262087850041,24.67808175018709,0],[108.8325835426625,24.678281740009119,0],[108.8326620810208,24.678451367892681,0],[108.8327082034005,24.678629168197141,0],[108.832799137082,24.67879684598325,0],[108.83283727198661,24.678976715339239,0],[108.8329066527529,24.679150073354052,0],[108.8329463995945,24.67932968728439,0],[108.8329608395037,24.679513890197029,0],[108.83297664581519,24.67969734709531,0],[108.83304129745009,24.6798724419137,0],[108.833069085663,24.680053747931119,0],[108.8330897477892,24.680235962794871,0],[108.8331187754101,24.680416870133129,0],[108.8331787819362,24.680594012736869,0],[108.83324349144991,24.680771306146529,0],[108.833355854386,24.68094455806985,0],[108.833426017008,24.68112348213236,0],[108.8334909637794,24.68130367183678,0],[108.83351156071581,24.681487540747561,0],[108.8335302927071,24.68167115911492,0],[108.8335021050185,24.6818571466865,0],[108.83340893967009,24.68204561720772,0],[108.83335851901,24.68223057988104,0],[108.83335186969749,24.682258205826962,0],[108.8333458133109,24.68230398315896,0],[108.8333472958164,24.682349389156791,0],[108.8333401119842,24.682576758328619,0],[108.8333400909235,24.6828214850322,0],[108.833311975406,24.68291288115465,0],[108.8332359301434,24.682915713437161,0],[108.8332402758121,24.68301596025675,0],[108.8332468391035,24.68316934984524,0],[108.8332704142737,24.68372201265354,0],[108.8332777666247,24.683894356846238,0],[108.8332867037665,24.68410385556157,0],[108.83332114902061,24.68491130581592,0],[108.8333270387089,24.685049381686571,0],[108.8333661160227,24.685965379351181,0],[108.833371446233,24.686090320069809,0],[108.83338042260191,24.68630075010573,0],[108.8333953505979,24.68665065845882,0],[108.833403704192,24.686846463303961,0],[108.8334150392124,24.687112175626449,0],[108.833459605638,24.688156797706512,0],[108.8334658087194,24.688301077987809,0],[108.833471300838,24.688427295114881,0],[108.83347607811351,24.688535460845731,0],[108.833480939507,24.688643645064911,0],[108.8335820574146,24.68863985099453,0],[108.8335918086329,24.68877475573656,0],[108.83359812893831,24.68890974271633,0],[108.8336068149857,24.68908963785389,0],[108.83361618106839,24.6892694181752,0],[108.83362615802839,24.689449084064108,0],[108.8336366075701,24.68962863989929,0],[108.8336479050278,24.689808066444609,0],[108.8336599506212,24.689987365156639,0],[108.8337324886854,24.6901179031601,0],[108.8335824590647,24.690352549627111,0],[108.83358552860371,24.690389480122121,0],[108.83358809868579,24.69042039584042,0],[108.8335973673762,24.690531897432269,0],[108.8336057678634,24.690625915395511,0],[108.83361314245811,24.690708451907231,0],[108.83361338370111,24.690711148805779,0],[108.83363058383379,24.6908902599956,0],[108.83363964547711,24.6909796866434,0],[108.8336490457913,24.691069224248931,0],[108.83365403025211,24.6911143245768,0],[108.8336688102505,24.69124806571282,0],[108.8336720376347,24.69127544632418,0],[108.83368033739011,24.6913458405804,0],[108.83368988016881,24.691426782564768,0],[108.8337003317355,24.69151021191735,0],[108.83370584445861,24.6915542134011,0],[108.8337122535215,24.691605366690862,0],[108.8337259596685,24.6917086721637,0],[108.83372603143449,24.69170921159321,0],[108.8337335575721,24.691765940210129,0],[108.8338289886549,24.691710025419692,0],[108.8340000599791,24.6915840064898,0],[108.83404045602489,24.691629413776042,0],[108.8340232435211,24.6916421258581,0],[108.8338639640985,24.69174933969542,0],[108.8337447155895,24.691846535595911,0],[108.833760906408,24.691962107898469,0],[108.8337871848564,24.692140248735541,0],[108.83379684722119,24.69220261291143,0],[108.8338147616046,24.692318224374311,0],[108.83384363761,24.692496029392331,0],[108.83386437665931,24.69261812294857,0],[108.8338738098478,24.69267365387558,0],[108.8339052782753,24.692851090601639,0],[108.8339322743264,24.692997139228009,0],[108.8339362451336,24.693018622723478,0],[108.8339380398795,24.693028331461861,0],[108.83397209461759,24.69320536923372,0],[108.83398536067951,24.693271737699838,0],[108.8340074404648,24.693382195803,0],[108.8340255975334,24.693470526501279,0],[108.8341307673501,24.693452316464889,0],[108.8341813556415,24.693580163229619,0],[108.8341907936351,24.69362406432753,0],[108.8342098314851,24.69371183583101,0],[108.8342488201403,24.69388721216475,0],[108.83428898129149,24.6940623680201,0],[108.8343303336502,24.694237293362079,0],[108.8343729324378,24.69441197073095,0],[108.83441709433789,24.6945863252446,0],[108.83446228745569,24.69476045915799,0],[108.8345092497496,24.6949342013637,0],[108.83455720074861,24.695107717786652,0],[108.8346069138566,24.695280818164662,0],[108.83465726833251,24.695453762392908,0],[108.8347091598783,24.695626326128188,0],[108.8347622145768,24.69579859449874,0],[108.83479725082221,24.695910426527892,0],[108.8348088714405,24.695944612971051,0],[108.8348023293363,24.696074377716339,0],[108.8347210904038,24.696096313409871,0],[108.83473536119681,24.696140151465642,0],[108.8347471272689,24.696176295107321,0],[108.83480411377769,24.696348389920651,0],[108.83486225866911,24.696520211959,0],[108.834921485956,24.696691775184469,0],[108.83498171769931,24.696863097181009,0],[108.83504287794131,24.697034196424379,0],[108.8351048887356,24.697205089596078,0],[108.8351676741421,24.697375797880159,0],[108.8353426730975,24.69732174035569,0],[108.8354056257442,24.697491835553549,0],[108.8354137924731,24.697517759592628,0],[108.83544385740549,24.697669857007771,0],[108.83551463860179,24.69783778446476,0],[108.8355715237402,24.69801025139715,0],[108.83563930135691,24.698179352791069,0],[108.8357009371491,24.698350549258979,0],[108.835718069536,24.698536326922191,0],[108.83578392050489,24.69870641841014,0],[108.83584994579761,24.698876544096962,0],[108.8359168205329,24.69904644204383,0],[108.83602603655891,24.699202547930629,0],[108.8360873271025,24.69937426518338,0],[108.8361565865613,24.699543386915359,0],[108.8362197675973,24.699714487840382,0],[108.83628416749561,24.69988519196388,0],[108.8363515659783,24.700054920651858,0],[108.8364063055122,24.700228772168739,0],[108.83644887362691,24.700326168728129,0],[108.836479641988,24.700396564754161,0],[108.8365142445538,24.70048903530569,0],[108.8365435772342,24.700567421177961,0],[108.8365458492148,24.700572489027891,0],[108.83661856170239,24.700734677304709,0],[108.8366487293121,24.7008062321202,0],[108.8366698926243,24.700856426390231,0],[108.8366896181773,24.7009032136787,0],[108.83674756997441,24.701076018925878,0],[108.83681583448249,24.70124546448568,0],[108.83688326206941,24.7014151827821,0],[108.8369483806343,24.70158565324661,0],[108.8370145800414,24.701755771904839,0],[108.83702435620491,24.7017806749023,0],[108.83708130024181,24.701925720617989,0],[108.8371520415506,24.702094359582361,0],[108.83721772880109,24.702264645280511,0],[108.83730325415679,24.70235862971991,0],[108.8373202659042,24.702401006910961,0],[108.8373870125354,24.70257094899145,0],[108.8374555242285,24.70274030434604,0],[108.8375229949288,24.702910004894569,0],[108.8375895478944,24.703080012036281,0],[108.8375982421454,24.703103126417609,0],[108.8376278968545,24.70316829439663,0],[108.83767227465979,24.70322009123263,0],[108.8376753761202,24.70322254737431,0],[108.8378446999648,24.703295494279779,0],[108.8378248105939,24.70334088488875,0],[108.8376932519697,24.703294204848991,0],[108.8376351310435,24.703259432410722,0],[108.8375756530363,24.70319579310134,0],[108.8375436377147,24.703116895267812,0],[108.837414736634,24.70315889064355,0],[108.83783780808579,24.704242634643482,0],[108.8382778002082,24.7053696980461,0],[108.83865662394381,24.706340060022679,0],[108.839034624246,24.707308293176819,0],[108.8390910368701,24.707452918422369,0],[108.8391374160077,24.707572107848328,0],[108.8391638632134,24.70764025791723,0],[108.8391902573245,24.707708443483309,0],[108.83921329990071,24.707768136043772,0],[108.8392362873806,24.70782786140586,0],[108.8392559410085,24.707879080125231,0],[108.8392788064225,24.70793886935224,0],[108.8392983448592,24.707990146483,0],[108.8393178232285,24.70804145283358,0],[108.83933723758351,24.708092789328809,0],[108.8393565820075,24.70814415780724,0],[108.8393758535419,24.70819555918818,0],[108.839395047252,24.708246994401989,0],[108.839410978963,24.708289884662541,0],[108.8394300180034,24.708341386634491,0],[108.8394489663913,24.708392925219322,0],[108.8394646842966,24.7084359042326,0],[108.8395555032052,24.708408257614192,0],[108.8395841356129,24.708591040768471,0],[108.8396818757831,24.708753448246679,0],[108.8397403987537,24.708927699472088,0],[108.83983984874131,24.709090953038949,0],[108.83981728020051,24.709287345952351,0],[108.8398965252113,24.70945641955441,0],[108.8399734119354,24.70962657603199,0],[108.840069835124,24.70979265652495,0],[108.8401515653985,24.70996294104193,0],[108.84033987035509,24.710300420675971,0],[108.8403699278623,24.7104424847821,0],[108.84040717919341,24.7106198103239,0],[108.8404405976034,24.710797763949021,0],[108.8404729766693,24.71097588858072,0],[108.8405080201068,24.71115357579999,0],[108.8405426451033,24.711331331247742,0],[108.8405927460977,24.711513842156059,0],[108.8406263617026,24.71167707847556,0],[108.84063842943409,24.711866702846049,0],[108.8406514398755,24.711931372058089,0],[108.8406531461694,24.71193985166779,0],[108.84067486757409,24.71204480013942,0],[108.840704070234,24.7122239607451,0],[108.84071527089969,24.71231211349339,0],[108.8407275557947,24.71240352168747,0],[108.8407515302539,24.7125827359447,0],[108.8407676493141,24.712762831940442,0],[108.8406993656578,24.712855288342141,0],[108.84072635172831,24.713037797790921,0],[108.84073121416139,24.713221769947989,0],[108.84074716424981,24.713405093194321,0],[108.8407605166809,24.713588618757608,0],[108.84077126824231,24.71377231145075,0],[108.84078045324679,24.713956116730721,0],[108.84078774555481,24.71414003281502,0],[108.8407915322377,24.7143240443708,0],[108.84079225564651,24.714508096561669,0],[108.8407902534754,24.714692148678289,0],[108.840787777086,24.7148762215029,0],[108.8407720771021,24.7150598827764,0],[108.8407658899508,24.715243830150161,0],[108.84073971346071,24.715426762058,0],[108.84071348670911,24.715609430646339,0],[108.8405297649811,24.715780434911839,0],[108.84057532100771,24.715966925057749,0],[108.8406957573994,24.71616087897965,0],[108.84079718438269,24.716354747967749,0],[108.8407971179453,24.71653948518647,0],[108.84074436566161,24.71671841532984,0],[108.8405996379076,24.716886404505029,0],[108.8404757251531,24.7170554973927,0],[108.84043115790141,24.717233081651042,0],[108.8404204660976,24.717414438131911,0],[108.8404737744423,24.717603400701,0],[108.8404546108725,24.717783382862429,0],[108.8404537620051,24.717965431632081,0],[108.84039957466921,24.718140971852382,0],[108.840209711099,24.718299964292751,0],[108.8402329610342,24.718484950916221,0],[108.8402263810642,24.718666297869021,0],[108.8402010617599,24.718845360293521,0],[108.840175135087,24.719024348479451,0],[108.840149266703,24.71920334355352,0],[108.8401226643422,24.71938224884893,0],[108.8400967275753,24.71956123526456,0],[108.840070603805,24.719740199249781,0],[108.8400444226009,24.719919156327759,0],[108.840018162203,24.7200981039122,0],[108.8399916959989,24.7202770255605,0],[108.839965553172,24.72045598781828,0],[108.8399393410336,24.720634940527152,0],[108.83991327720059,24.720813912258119,0],[108.8398868757446,24.720947304019919,0],[108.839873317825,24.721082263191612,0],[108.8397439482959,24.72106648408376,0],[108.8396850845436,24.721469193961411,0],[108.8395673602685,24.72227450977708,0],[108.8395205790311,24.722594500852072,0],[108.8394605720576,24.723004953284359,0],[108.8394496257515,24.72307982640751,0],[108.83942350111469,24.723258737879849,0],[108.839407410399,24.723369382008482,0],[108.8393957623485,24.723449855904661,0],[108.83938417550971,24.723530322235071,0],[108.8393726617299,24.72361077912797,0],[108.839371859357,24.723616398524481,0],[108.8393675564289,24.723646484018222,0],[108.839358689938,24.72370905498542,0],[108.8393498837184,24.723771624711731,0],[108.8393403610721,24.723839809741548,0],[108.8393795795223,24.723844359301541,0],[108.8393662002748,24.723930490284548,0],[108.8393664015512,24.724024281550129,0],[108.839437690114,24.724213252892731,0],[108.8395066603954,24.724401061831141,0],[108.8396972025531,24.724599989497229,0],[108.839870453057,24.72479472583499,0],[108.83982463053211,24.724967335643171,0],[108.83965602643011,24.725129777761762,0],[108.8394718527083,24.725292812375049,0],[108.8393681211186,24.725463525516879,0],[108.8392531428582,24.72563495690358,0],[108.83917603353621,24.725809944241639,0],[108.8391525144101,24.725988281357829,0],[108.83918760614981,24.726168888510351,0],[108.8391895750885,24.726347927933009,0],[108.8391963827542,24.726526935759431,0],[108.8391679235841,24.726705386267209,0],[108.83916979609241,24.726884341362179,0],[108.83918490582251,24.727063190780221,0],[108.8391875837365,24.727241977064171,0],[108.8392027842909,24.727420503692191,0],[108.8392252915441,24.727587946478049,0],[108.8392267250268,24.727598609479259,0],[108.83923202918029,24.727777114748751,0],[108.8392371291026,24.727955669903348,0],[108.8392423708069,24.72813428835272,0],[108.8392354306953,24.72831373957807,0],[108.8392305455687,24.728493367966049,0],[108.8392686123729,24.728670021622229,0],[108.8392736696009,24.72884911771958,0],[108.8392991066014,24.729026551582031,0],[108.8393562283426,24.72920084716359,0],[108.8393920411428,24.729377063827972,0],[108.83942113822189,24.729554034831121,0],[108.8394510755632,24.72973101465945,0],[108.8394703640806,24.729909433446441,0],[108.839484272235,24.730088775136061,0],[108.8395093222223,24.730266918819641,0],[108.8395130883596,24.730448110979211,0],[108.8395432138463,24.730625969857041,0],[108.83955801213121,24.73080610363435,0],[108.839604448498,24.730981976354311,0],[108.8396213207253,24.731162136414969,0],[108.8396496444162,24.731340828615661,0],[108.8396779188994,24.73151968627792,0],[108.83971295766079,24.73169776220708,0],[108.83973835404861,24.731877340084029,0],[108.83979408645671,24.732053001764029,0],[108.8398221875332,24.7322326177255,0],[108.839862416123,24.732410892911961,0],[108.8398973258081,24.732590124064451,0],[108.8399290238238,24.73277001773447,0],[108.83996168375469,24.732949927667871,0],[108.8399836047552,24.733131584931179,0],[108.83983304552891,24.733146740040642,0],[108.8398539786601,24.733327319594949,0],[108.83987311959829,24.733508149303091,0],[108.8398903808266,24.733689150217089,0],[108.8398980670305,24.733779721860319,0],[108.8400430210627,24.73376946101191,0],[108.84006515236111,24.73404314902114,0],[108.84007423003391,24.734225922645219,0],[108.840088529857,24.734408457571622,0],[108.8400977461004,24.734591248462142,0],[108.8401026844877,24.73477417706092,0],[108.8401073758112,24.734957107942041,0],[108.8401087651836,24.73514008440306,0],[108.8401057659422,24.735323049343549,0],[108.8400899575512,24.735505822465019,0],[108.8400774542813,24.73568843352901,0],[108.84002896657439,24.73586984881906,0],[108.84006910518021,24.736053908042908,0],[108.84016981821669,24.736241648483009,0],[108.8402736216909,24.736431496516769,0],[108.8403986578447,24.73662473610446,0],[108.8404661710977,24.736816211000558,0],[108.8405575701174,24.737011105925,0],[108.84034786041541,24.737180612923488,0],[108.8401350995385,24.737346247834729,0],[108.8399536518419,24.737511928171109,0],[108.839863698311,24.737685491890481,0],[108.839907414228,24.737873928195508,0],[108.8399382157808,24.73804961827113,0],[108.8399260638887,24.73813921413765,0],[108.83990283127569,24.738318516314472,0],[108.83988138690459,24.738497998036209,0],[108.8398634894338,24.73867783902071,0],[108.8398592958436,24.7387248326407,0],[108.8398492682536,24.738816967669621,0],[108.8398432922092,24.73885891516203,0],[108.8398325108448,24.738908291847839,0],[108.8398151494056,24.738993424969848,0],[108.83980904434161,24.739034708784128,0],[108.8398041103914,24.73907964384259,0],[108.8397973462732,24.739214115117129,0],[108.83979085453061,24.73939458366215,0],[108.839716863761,24.73949675141197,0],[108.8397057096094,24.739677840054551,0],[108.8396747204248,24.739856158332358,0],[108.83964771735791,24.740035032914442,0],[108.8396101031385,24.740212425988741,0],[108.8395933212048,24.740392728272489,0],[108.8395442448351,24.740568520918671,0],[108.8395067381723,24.740745928704872,0],[108.8394917923361,24.740926486987139,0],[108.8394515696438,24.741103515479519,0],[108.8394305162202,24.74128322148729,0],[108.8393792804609,24.741458712019071,0],[108.83934766515711,24.7416369434414,0],[108.83930882819961,24.741814165433968,0],[108.8392918210974,24.7419944364229,0],[108.8392720871832,24.74217432638271,0],[108.83922895105709,24.74235094864364,0],[108.8392035063783,24.74252991819883,0],[108.8391681520588,24.74270724431733,0],[108.8391427016238,24.74288567226,0],[108.8391164755373,24.74306371275949,0],[108.83908832025369,24.743241219714381,0],[108.8390547743513,24.743417785516542,0],[108.8390556954,24.74341790132436,0],[108.839053235178,24.743432642000379,0],[108.8390492909043,24.743457786657821,0],[108.839044631723,24.743487902961519,0],[108.83904386737041,24.74349287127383,0],[108.839040210905,24.743518040498529,0],[108.83903915866181,24.743522972508359,0],[108.83902987510071,24.743547451060412,0],[108.83902894553241,24.743552398632321,0],[108.83902560854079,24.743577597663219,0],[108.8390210827351,24.74360770509486,0],[108.83901665976769,24.743637818269629,0],[108.83901044550279,24.74367276558398,0],[108.83900628725679,24.743697843733941,0],[108.8390055436347,24.743702808319089,0],[108.8390012884045,24.743727869860152,0],[108.8389998839579,24.74373275689997,0],[108.83899257195669,24.743757465438311,0],[108.838988657874,24.743770469301829,0],[108.8389838050643,24.743787056784718,0],[108.8389824134843,24.74379194646049,0],[108.8389755387377,24.743816707616009,0],[108.83897407494629,24.743821589571471,0],[108.8389649467738,24.743846102455379,0],[108.83896319512689,24.743850953524241,0],[108.8389566913787,24.74387576315425,0],[108.8389558102392,24.74388071045454,0],[108.8389516083698,24.74390577169526,0],[108.83894509278289,24.743945460852771,0],[108.8389423869391,24.74396587737175,0],[108.838938194297,24.744001003839539,0],[108.83893462917661,24.74403021491003,0],[108.83888111336741,24.744208814323471,0],[108.83887061675431,24.74423327708676,0],[108.83886827469991,24.744238087225881,0],[108.83885578417,24.744262381507578,0],[108.8388535479812,24.744267206400121,0],[108.8388432138207,24.744291721512511,0],[108.8388414286773,24.744296590821691,0],[108.83883316378331,24.744321309198479,0],[108.8388315052631,24.74432619314501,0],[108.83882452426541,24.744351037937609,0],[108.8388235531571,24.74435598393508,0],[108.838819234763,24.744381068391469,0],[108.83881832300349,24.744386020375739,0],[108.83881675366931,24.74439388368717,0],[108.838813548673,24.744411068566851,0],[108.8388077904298,24.744441070048481,0],[108.8388068964918,24.744446026446511,0],[108.83880260252479,24.744470185482069,0],[108.8388016753543,24.744476081792978,0],[108.83879760137761,24.744501206405548,0],[108.83879666690029,24.74450616122494,0],[108.8387905813165,24.744531132801,0],[108.8387837541873,24.744561086100529,0],[108.8387982316713,24.7447468543541,0],[108.8387992472385,24.744780350250242,0],[108.8387999553976,24.744790574054232,0],[108.83880094559851,24.744810862460859,0],[108.8388012294826,24.744821054336089,0],[108.83880187352059,24.744841313987639,0],[108.83880231362861,24.744851512210229,0],[108.8388036765492,24.744871809363289,0],[108.838804539872,24.744882028687861,0],[108.8388053885143,24.7449022862914,0],[108.83880483078541,24.744912416978462,0],[108.8388026099132,24.744932488649859,0],[108.838801687288,24.744942597908459,0],[108.838801377909,24.744962780748459,0],[108.8388013808618,24.744972942600711,0],[108.8388021156934,24.74499318007852,0],[108.8388025922842,24.745003364555981,0],[108.8388025982199,24.7450069004595,0],[108.8388023213701,24.74503369821667,0],[108.8388022334107,24.745053880719951,0],[108.8388029156485,24.745064071268111,0],[108.8388033280918,24.745069410327559,0],[108.8388042179499,24.745084320013181,0],[108.8388045145159,24.745094486541021,0],[108.838805370814,24.74511470618706,0],[108.8388251575394,24.74530488336034,0],[108.8388285034363,24.745320032962251,0],[108.83882947272279,24.745327776447031,0],[108.83883048493919,24.74533793987176,0],[108.83883204874741,24.745358121253851,0],[108.8388325246524,24.7453646677911,0],[108.83883265555851,24.745368266185061,0],[108.83883312353321,24.745398523491492,0],[108.8388331339836,24.7454186395447,0],[108.83883371658951,24.745448891695769,0],[108.8388341720769,24.745459023933051,0],[108.83883671651439,24.74547921156152,0],[108.83883865304171,24.7454893851588,0],[108.8388415029135,24.74550957107758,0],[108.8388428155384,24.745519720182529,0],[108.8388701778125,24.745701440726,0],[108.83887195626021,24.745882326818752,0],[108.8388596484137,24.746075698671849,0],[108.8387897395872,24.7463139744114,0],[108.8387669833082,24.746545963310648,0],[108.83877375617161,24.7465761076929,0],[108.838780722632,24.74660622932597,0],[108.83878163729339,24.74660995603206,0],[108.8387887533755,24.746636300768881,0],[108.83879619693271,24.74666636917858,0],[108.83880215397549,24.746696465767329,0],[108.83881000544881,24.746726483146261,0],[108.838817605765,24.746756488389579,0],[108.83882477099741,24.74678544079331,0],[108.8388249855785,24.746786483131189,0],[108.8388318680466,24.74681542718718,0],[108.8388321626755,24.746816466368859,0],[108.8388379638983,24.746845436336,0],[108.8388407372865,24.746875576920338,0],[108.8388436579973,24.746897622031781,0],[108.83884489516009,24.74690668739586,0],[108.8388514393483,24.7469355981378,0],[108.8388517122193,24.74693663563577,0],[108.83885805301929,24.746963225731939,0],[108.838858692282,24.746966568519358,0],[108.8388654992275,24.74699545070813,0],[108.8388657661679,24.746996488239262,0],[108.83887194266239,24.7470254019406,0],[108.8388721917499,24.74702643054448,0],[108.83888008664169,24.7470552524796,0],[108.8388804058924,24.74705627798258,0],[108.8388851424926,24.747085243975881,0],[108.8388852473671,24.747086288733119,0],[108.8389336296391,24.747265198757621,0],[108.839133794245,24.747182298445949,0],[108.8391955395697,24.747133169075411,0],[108.839229644715,24.747075420973719,0],[108.8392297143036,24.7470748906902,0],[108.8392168073909,24.7470142373128,0],[108.83917499559131,24.7469485705211,0],[108.8390750083497,24.7467926329333,0],[108.8389703660735,24.746639428572671,0],[108.8388653410418,24.74648644924363,0],[108.8388057071102,24.746391347050039,0],[108.8389280095181,24.746319521296218,0],[108.8389622610228,24.746429529441439,0],[108.8390912488009,24.746568436616709,0],[108.8391982522748,24.746720253738189,0],[108.8393035693647,24.746873062373218,0],[108.8393508517505,24.7469355155164,0],[108.8393664920485,24.747100396416389,0],[108.8393659193772,24.74710167245221,0],[108.839249686804,24.74720807919061,0],[108.8391765867934,24.747241500826942,0],[108.839020119723,24.7473527690252,0],[108.8389728260186,24.747412178789151,0],[108.8390014810488,24.747555921104691,0],[108.83901219936619,24.74758521107821,0],[108.8390141558812,24.74759113908798,0],[108.8390211850538,24.7476146813641,0],[108.839028303848,24.74764435799041,0],[108.83903554210561,24.747674012282189,0],[108.83903651362721,24.747678255020631,0],[108.83904287610331,24.747703644372262,0],[108.83904988607929,24.747733307162779,0],[108.83905594882209,24.74776308087381,0],[108.8390563956676,24.747765589725621,0],[108.83906092212391,24.747792986161421,0],[108.839066119624,24.747822862209279,0],[108.8390716343694,24.747853464068971,0],[108.8390766252022,24.74788259292237,0],[108.83908153329349,24.747912501281888,0],[108.8390869687784,24.747942338984561,0],[108.8390920911739,24.74797221635389,0],[108.8390964787952,24.748002194427482,0],[108.83910116073589,24.748032133841519,0],[108.8391066979234,24.748061952919048,0],[108.83911281086181,24.748091689333521,0],[108.839118223598,24.748121522647839,0],[108.83912923966081,24.7481811593213,0],[108.839140097155,24.748240586548551,0],[108.8391470373533,24.748269859749129,0],[108.8391544544188,24.748290800926839,0],[108.83915641265629,24.748298602058011,0],[108.8391635749494,24.7483275318848,0],[108.8391700884589,24.748356413889269,0],[108.839173543688,24.7483759013113,0],[108.8391753025471,24.7483853663597,0],[108.839180968919,24.748414103256358,0],[108.8391903308447,24.748460135338739,0],[108.8391925160817,24.748471120879461,0],[108.83919834851579,24.74849941361196,0],[108.83920485628509,24.74852743806677,0],[108.8392087764867,24.74854285705494,0],[108.83921182410759,24.748555226141651,0],[108.8392191028926,24.748582803947471,0],[108.8392271703193,24.74861005777521,0],[108.83923537783549,24.74863712215037,0],[108.8392437096375,24.74866399896688,0],[108.839252487449,24.7486906087895,0],[108.8392561557792,24.748702228756159,0],[108.8392607323276,24.748717199930852,0],[108.83927103209381,24.74874316571724,0],[108.8392809971692,24.748769192956349,0],[108.839284856001,24.748779003717019,0],[108.83929106570621,24.748795169965859,0],[108.8392971787929,24.74881034376898,0],[108.83943387742529,24.748807890942459,0],[108.8394371674071,24.74880791945483,0],[108.8396045476172,24.748843861297861,0],[108.8396493889047,24.748856380770661,0],[108.839735889093,24.748945065369661,0],[108.8397826104615,24.749004344828691,0],[108.8399014202581,24.74914886262545,0],[108.8400208662477,24.749292983169681,0],[108.8401322091032,24.749442178062761,0],[108.840242011672,24.74959233747596,0],[108.84035589083091,24.74973994453293,0],[108.8404703411999,24.749887193524319,0],[108.840582972706,24.750035581918489,0],[108.8406078104246,24.75006996330432,0],[108.8406918628432,24.750186312991069,0],[108.840725044089,24.750233665594781,0],[108.84080126950251,24.75032708955214,0],[108.8408576294957,24.750364392138732,0],[108.8409539370419,24.750398902304351,0],[108.840983373045,24.750402944662461,0],[108.84114346436419,24.75043212548178,0],[108.84125376150391,24.75046792273211,0],[108.8413251915962,24.750477141942039,0],[108.8413865990571,24.750468902023659,0],[108.8413942489918,24.75046415773361,0],[108.8414805068156,24.75041065606057,0],[108.8414939456362,24.750397112095389,0],[108.84154603194089,24.7503465600645,0],[108.84159347447211,24.750386482476191,0],[108.84155081682771,24.750444967888289,0],[108.84153308747069,24.750462282218241,0],[108.8415326304866,24.750481763557449,0],[108.8415315425909,24.750528220645268,0],[108.8417411418078,24.750506177194371,0],[108.8417643402389,24.750504498728,0],[108.8417974080038,24.7505001541669,0],[108.8418303306226,24.750499503418659,0],[108.8418341653839,24.750499686792029,0],[108.84186318174631,24.750500712656549,0],[108.8418960651924,24.750500263419251,0],[108.84192893303219,24.750499698714979,0],[108.8419617461344,24.750500693298829,0],[108.8419946042782,24.750498983090051,0],[108.8420306744672,24.750497758539979,0],[108.8420602297483,24.750496755646989,0],[108.8420929660757,24.7504986795266,0],[108.84212570838029,24.750499583298222,0],[108.8421911457319,24.750502592598359,0],[108.842219987432,24.750502050457751,0],[108.8422238657389,24.750502094558389,0],[108.84223177095249,24.750502376910461,0],[108.84245278075031,24.75050117790656,0],[108.8425467769151,24.750501274117418,0],[108.8426817470083,24.750501412480268,0],[108.8429153022488,24.750506663452931,0],[108.8432092632335,24.75056048322848,0],[108.8434259418549,24.750563021827109,0],[108.8436743563183,24.750597188572961,0],[108.8438730539161,24.75059421197242,0],[108.8440728363186,24.75059509983608,0],[108.8442763732085,24.750616771130652,0],[108.8443181630186,24.750618761769651,0],[108.84415184473291,24.750651729780589,0],[108.84395744195341,24.750670619078829,0],[108.84356694970769,24.75068993869121,0],[108.84337100467781,24.750687154524471,0],[108.84317413430649,24.750661943762751,0],[108.8429792469887,24.750661056052589,0],[108.8427840390745,24.7506435599495,0],[108.84258868022771,24.750587252238311,0],[108.8425580809223,24.750586917867189,0],[108.8423951805339,24.75058513549364,0],[108.8422018558251,24.75056908682744,0],[108.8420082927901,24.75057341080548,0],[108.841901650067,24.75058869083259,0],[108.8418134483792,24.750601327854319,0],[108.841616885943,24.75064599784795,0],[108.8414042949471,24.750649804139361,0],[108.8413914327176,24.750650034334448,0],[108.84116371116269,24.750599349828629,0],[108.840973604905,24.750603232402469,0],[108.8407567549724,24.750593466793681,0],[108.8407562496752,24.750593443449979,0],[108.840468980218,24.750580231452489,0],[108.840183791324,24.7505666741359,0],[108.8401031755898,24.750562274919979,0],[108.83996897954439,24.7505549524119,0],[108.83982846051261,24.750547284274369,0],[108.83978905799179,24.75054513456789,0],[108.8397392128272,24.750543016288479,0],[108.8396875383532,24.75054081977688,0],[108.8393366693149,24.75052590558294,0],[108.8393385999848,24.75051414142234,0],[108.8393502622874,24.75042268705857,0],[108.8393549346121,24.750363895959111,0],[108.8393550139417,24.750362902528469,0],[108.8393576007963,24.75033035780779,0],[108.83935947081559,24.75023730271106,0],[108.8393547188596,24.75014383334679,0],[108.8393461172366,24.7500737135007,0],[108.8393422146541,24.75005047871667,0],[108.8393212613349,24.749958126479349,0],[108.83929200322549,24.74986780401488,0],[108.8392546147696,24.749780019472361,0],[108.8392093541154,24.749695380732369,0],[108.8391565366128,24.749614476397319,0],[108.8390965278397,24.749537867706241,0],[108.8390297435834,24.749466085827081,0],[108.8389566488336,24.74939962915446,0],[108.8389004438645,24.749356409467818,0],[108.8389077120566,24.74942128752927,0],[108.8389147221145,24.7494842307111,0],[108.838925576915,24.749582568584881,0],[108.83896874650389,24.749629055946031,0],[108.8390208983194,24.749695634379648,0],[108.8390668010756,24.749765945303491,0],[108.8391061351645,24.749839501241521,0],[108.8391386282718,24.7499157918845,0],[108.8391640249463,24.7499941687128,0],[108.8391822084441,24.750074324558209,0],[108.8391856002594,24.750094517349989,0],[108.83919868640869,24.75015545946707,0],[108.839210357471,24.750238846484741,0],[108.8392160725751,24.750324135475129,0],[108.8392166319905,24.75041082095062,0],[108.8392129288643,24.750498537726362,0],[108.83921118379391,24.7505205710327,0],[108.8391965799992,24.750519951407892,0],[108.8388171778067,24.750504558466069,0],[108.8388037360417,24.750504013542582,0],[108.8384919548071,24.750463921204879,0]],[[108.8405333077188,24.75037296935708,0],[108.8406544305725,24.75028496943246,0],[108.8406155948455,24.7502340746854,0],[108.8405000523008,24.750087509886409,0],[108.8403868745127,24.74993946391411,0],[108.8402757582853,24.74979012623864,0],[108.84016713773541,24.749639226324419,0],[108.8400556076263,24.749490148965592,0],[108.83994028595041,24.749343445241731,0],[108.8398386454522,24.74918817471514,0],[108.8397325449898,24.74903569682661,0],[108.83968874231709,24.748974590151779,0],[108.8396136823531,24.74890695773809,0],[108.8395806881185,24.748891003853171,0],[108.8394415609517,24.74887525904709,0],[108.839331689585,24.74889536136439,0],[108.83933288872311,24.748898461793249,0],[108.8393433890794,24.74892426396125,0],[108.8393543943853,24.748949890881569,0],[108.83936596077849,24.748975311547351,0],[108.8393802651396,24.749005700765661,0],[108.8393898911948,24.749025840582188,0],[108.8394020698745,24.749051023109178,0],[108.8394146547231,24.7490760408712,0],[108.8394284577959,24.749100523719861,0],[108.8394427091731,24.74912478650154,0],[108.83945683527919,24.749149088800131,0],[108.8394705750875,24.74917356929058,0],[108.8394845612704,24.74919793646276,0],[108.839500063073,24.749222334862431,0],[108.8395153945293,24.74924521313994,0],[108.8395313350254,24.749268548388329,0],[108.8395463309176,24.749292387225431,0],[108.8395612146558,24.749316305225371,0],[108.8395888613437,24.749362459609038,0],[108.8395901675465,24.749364720813428,0],[108.8396049517257,24.749388825325511,0],[108.8396215771084,24.749411837164828,0],[108.83963666649,24.749430752963669,0],[108.8396563684632,24.7494568980357,0],[108.8396733149651,24.749479737456319,0],[108.8396868390837,24.749497704239591,0],[108.8396904476421,24.749502478338432,0],[108.8397077281315,24.74952514888108,0],[108.8397254860178,24.749547515239669,0],[108.8397386309032,24.749563768081909,0],[108.8397615267626,24.7495919606529,0],[108.8397796690015,24.749614149723961,0],[108.83979842811721,24.74963590203248,0],[108.839835445873,24.74967995017289,0],[108.8398469398652,24.749693395786629,0],[108.8398543053554,24.749701777739379,0],[108.8398732616252,24.749723591220128,0],[108.83989237662369,24.74974534061861,0],[108.839902709575,24.74975767878491,0],[108.83991106674991,24.74976755909934,0],[108.8399304689147,24.749789232860429,0],[108.8399503245592,24.749810573683391,0],[108.8399602932178,24.74982106873825,0],[108.8399706031435,24.749831597085389,0],[108.83999114843211,24.74985244296008,0],[108.84000348334391,24.74988171926973,0],[108.84001326617491,24.749890156270009,0],[108.8400238407809,24.749903146638111,0],[108.84004213498829,24.749926900130081,0],[108.84006064777439,24.749950669545861,0],[108.84006763829539,24.749959735138891,0],[108.8400803446353,24.749973381561251,0],[108.8400999586232,24.74999641089131,0],[108.8401214123672,24.750017543230609,0],[108.84012604447371,24.750026933479148,0],[108.8401345561885,24.750048767564859,0],[108.8401570787274,24.750069191594481,0],[108.84017995520691,24.750089327475521,0],[108.840186112892,24.750094347251,0],[108.8402021554858,24.750110484503679,0],[108.84022450812139,24.750131658728371,0],[108.8402478145442,24.75015178135515,0],[108.84025255100239,24.75015581249971,0],[108.8402700409506,24.750173586375261,0],[108.8402937430274,24.750193595742019,0],[108.8403216396916,24.75021555311201,0],[108.8403657451385,24.7502536576112,0],[108.840390617937,24.75027282538537,0],[108.8403927253238,24.75027441859358,0],[108.84041624533231,24.750291014894088,0],[108.8404424352491,24.750308475460759,0],[108.8404689817911,24.750327075956509,0],[108.840492733715,24.75034757969815,0],[108.8405121446644,24.750359949049209,0],[108.8405206731076,24.750366032451321,0],[108.8405333077188,24.75037296935708,0]]]}},{"type":"Feature","properties":{"id":"project-redline-罗城段-04","name":"罗城段项目红线4","section":"罗城段","sourceName":"罗城段最新红线1115坐标报盘","sourceFile":"罗城段.kmz","stroke":"#ff0000","stroke-opacity":1,"stroke-width":4,"fill":"#ffffff","fill-opacity":0},"geometry":{"type":"Polygon","coordinates":[[[108.8225318266625,24.63761979916945,0],[108.8225255259008,24.637594521974052,0],[108.8225236484281,24.63758698631948,0],[108.8224538486574,24.637329493201879,0],[108.82237914618091,24.63707315165464,0],[108.8222995652429,24.636818040074981,0],[108.8223161382334,24.63681357841719,0],[108.8221994849725,24.6364669123416,0],[108.8220738084686,24.636122824930531,0],[108.8219749518058,24.635869761181318,0],[108.8218712253923,24.635618332634081,0],[108.8217920655058,24.635434975578342,0],[108.8216787578155,24.635476625715452,0],[108.8216651580219,24.635404875141891,0],[108.8216557112344,24.63536030837993,0],[108.821620365272,24.635228960969471,0],[108.8215080711463,24.63507912264242,0],[108.8214136426767,24.634922829598558,0],[108.82132134331231,24.634766014815149,0],[108.8212330758179,24.634607714620468,0],[108.8210653343065,24.634287340466479,0],[108.8209806241609,24.634127418328362,0],[108.82089856937419,24.633966049907251,0],[108.82083366983839,24.6338293470029,0],[108.8207886655633,24.63387898469631,0],[108.8207616640908,24.633900138633209,0],[108.820703136006,24.633958947841752,0],[108.8206784864477,24.634002241954288,0],[108.8206495339923,24.63405826187774,0],[108.8206064132054,24.634192008450079,0],[108.8205273884231,24.634310479919559,0],[108.82035672594471,24.63432953881059,0],[108.82022933145009,24.634295569775169,0],[108.8201281445029,24.634256462885059,0],[108.8199429251445,24.634184820224188,0],[108.8197491321629,24.63414975760961,0],[108.81976441951279,24.634084524143891,0],[108.81995706800041,24.63412446773129,0],[108.8201680361843,24.634086236622991,0],[108.8202790918519,24.63408322869477,0],[108.8203156203645,24.634084214716069,0],[108.8203556627423,24.634070215175839,0],[108.8203827557431,24.6340464248353,0],[108.82039946137439,24.6340113510498,0],[108.8204404243522,24.633899225886559,0],[108.8204933719187,24.63381809559872,0],[108.82060444238491,24.633702474327091,0],[108.8206583740352,24.63366407481772,0],[108.8207669111284,24.633625575858279,0],[108.8206097747932,24.633502772785668,0],[108.8205741859387,24.633315077895581,0],[108.82045503983031,24.633172499729849,0],[108.8203590031229,24.633017075908331,0],[108.8202479001089,24.632870334520749,0],[108.8201467455347,24.632717695404921,0],[108.82006248905461,24.632554300999178,0],[108.8198897244083,24.6324467021905,0],[108.8196583859724,24.632379475745211,0],[108.8192491135421,24.63243573262492,0],[108.8191598451065,24.632281390495208,0],[108.81913482744091,24.632080865750421,0],[108.8190748116898,24.63190251945619,0],[108.8189734538949,24.631752755793951,0],[108.8188694326369,24.63160433176883,0],[108.8188007904275,24.63142773847683,0],[108.8186614195469,24.631305367315068,0],[108.818566894758,24.631146937838039,0],[108.8184125356412,24.631037140016169,0],[108.81828291894,24.630907171266511,0],[108.8182194012368,24.630719301743731,0],[108.8180891777882,24.63058828442902,0],[108.8180036119815,24.63041609151561,0],[108.81788607132511,24.630271668059311,0],[108.8177863636075,24.630109007130208,0],[108.81751464961521,24.630112891069281,0],[108.8173068287784,24.630057301047572,0],[108.8171664744161,24.62993479835183,0],[108.8170393294661,24.629797897393232,0],[108.81690805344179,24.629664141309451,0],[108.816779405205,24.629526669628831,0],[108.81664729581431,24.62939193836236,0],[108.8165125748116,24.629259221605508,0],[108.8164043964815,24.629097809015182,0],[108.8162595645702,24.628974872037581,0],[108.8160477210762,24.62892282541484,0],[108.8158960581606,24.6288071145,0],[108.8157665232696,24.6286679956086,0],[108.8156539581686,24.62851092490283,0],[108.8155454481424,24.62834956489754,0],[108.8153694439133,24.628259605866621,0],[108.8152464572736,24.628113559531268,0],[108.815100045533,24.62799229547997,0],[108.8149603037817,24.627863974583342,0],[108.814721478709,24.627840470405289,0],[108.8145714386627,24.62772304403266,0],[108.8144220187923,24.627604962371361,0],[108.8142726825686,24.627486791633309,0],[108.8141232573733,24.627368716007929,0],[108.81397420027309,24.6272502509619,0],[108.8138263695047,24.627130488216618,0],[108.8137250771475,24.626961496658978,0],[108.81360009866469,24.62681756032346,0],[108.81348425801011,24.626663957636389,0],[108.8132640646343,24.62662074565781,0],[108.8131076538584,24.626510059503339,0],[108.8129349269874,24.62641663496483,0],[108.8127917208984,24.62629197861499,0],[108.8126610944751,24.626154018276459,0],[108.8125283438205,24.626018304459411,0],[108.81242981815819,24.62584638930031,0],[108.81210155366161,24.625917498281321,0],[108.81202573810531,24.625867662361209,0],[108.8120550361763,24.625726175833918,0],[108.8122092908267,24.625176933216331,0],[108.8122567337364,24.62502979143698,0],[108.8122871281214,24.624935304277422,0],[108.8122975982026,24.624916985434581,0],[108.8124244276601,24.62512032005089,0],[108.81243880856741,24.625284592241481,0],[108.8125332740876,24.625460804694949,0],[108.81265056606109,24.62561287111345,0],[108.812819166194,24.625710661366679,0],[108.8129629189159,24.625834735203441,0],[108.8132541834474,24.625802763817742,0],[108.8134400950966,24.625882239888409,0],[108.8135589961438,24.626032604232449,0],[108.81370806512309,24.626151056141168,0],[108.8138510767216,24.6262759148699,0],[108.8140084755308,24.62638555495116,0],[108.81418815038489,24.626471629395059,0],[108.814320619822,24.626607642019469,0],[108.8144390831981,24.62675847018669,0],[108.8145407843664,24.626927031142088,0],[108.81463919314351,24.627099075444,0],[108.81474286438861,24.62726555289861,0],[108.8149630917144,24.6273087290894,0],[108.81513261197721,24.627405546636432,0],[108.8153161319506,24.62748755459295,0],[108.8154786927261,24.627591735140221,0],[108.8154926902172,24.627600367006739,0],[108.8156436038439,24.62769342927092,0],[108.8158006764057,24.627803414903362,0],[108.81595369350271,24.627917691389129,0],[108.81603542005411,24.62810738515898,0],[108.81625930283241,24.628146692127029,0],[108.81640731754619,24.62826626182007,0],[108.8165399335021,24.628402122623189,0],[108.8167072162108,24.62850130841138,0],[108.81686689971831,24.62860853439355,0],[108.8169941831728,24.628750401629429,0],[108.8171112939947,24.628903524218771,0],[108.8172333730292,24.629051698014472,0],[108.8173366803544,24.629219443851191,0],[108.8174921440483,24.629333143890321,0],[108.8176752124587,24.629419459150469,0],[108.8178488937435,24.629516636350719,0],[108.81798811543131,24.629648987061969,0],[108.8181187464231,24.62978983213619,0],[108.8182125871638,24.629965098020811,0],[108.8183238645112,24.630122394865172,0],[108.8184733083596,24.63024419972367,0],[108.81868248269789,24.630314146824279,0],[108.8189455127818,24.6303409630277,0],[108.8193051888655,24.63029212964296,0],[108.8194449851979,24.630431211997461,0],[108.8195767053691,24.630575447688251,0],[108.8197444846284,24.630694231881449,0],[108.8198413016284,24.630805267326451,0],[108.8197256317434,24.631015203446839,0],[108.8198700241129,24.631327358225409,0],[108.8199291107358,24.6315201385274,0],[108.82001788792731,24.631690251802929,0],[108.82009583422671,24.6318665482138,0],[108.8202484505893,24.631992512645681,0],[108.82037652572269,24.632135322161869,0],[108.82048000694959,24.632293871266072,0],[108.820486963018,24.63251080302993,0],[108.82065158024329,24.63263106307889,0],[108.8208028809719,24.632760707298619,0],[108.8209185288047,24.632911726777291,0],[108.8210256576676,24.63306771255575,0],[108.82112214062531,24.633229480599841,0],[108.82121168376879,24.633394705115538,0],[108.82123032162851,24.633454939184048,0],[108.82124032306049,24.63345235330582,0],[108.8213534330207,24.633432980399832,0],[108.8213727233375,24.633413687482271,0],[108.8214305090804,24.633299578952268,0],[108.8214341712025,24.633286144361229,0],[108.8214859128329,24.633111793457928,0],[108.82150499701,24.633060379762529,0],[108.8215760488868,24.63293703869056,0],[108.8215846705489,24.632927500270121,0],[108.8217128684706,24.632833049366241,0],[108.8217435254212,24.632817745749989,0],[108.82180904125789,24.63278512862448,0],[108.82184502608411,24.632843771088549,0],[108.82178067018449,24.63287827762689,0],[108.8217506551053,24.632894628522489,0],[108.8216504921199,24.63297605152826,0],[108.82164396292529,24.632984037557222,0],[108.8215903924948,24.633084381761162,0],[108.8215738007235,24.63313649681281,0],[108.8215043395185,24.633305866682392,0],[108.821501621321,24.63331956693774,0],[108.8214466310495,24.633468490303251,0],[108.8214295917485,24.633499149861439,0],[108.821315338107,24.6335760863148,0],[108.821276069469,24.6335958530413,0],[108.8213404355136,24.63374909309065,0],[108.8214010801204,24.633926764188679,0],[108.82153146856,24.634071226422758,0],[108.82165031257639,24.634221960599621,0],[108.8217795931758,24.634368939149219,0],[108.8218763268456,24.634530830750659,0],[108.82196543517389,24.6346961681622,0],[108.82198920296869,24.63488767268867,0],[108.8220309185868,24.635070820906972,0],[108.82205087025569,24.63521189444489,0],[108.822099710378,24.635322078369722,0],[108.82205818158219,24.635337157141539,0],[108.82205092319261,24.635339824672538,0],[108.8221831476331,24.63564993999001,0],[108.8223080572899,24.635962609273321,0],[108.822425585819,24.636277662288109,0],[108.8225356788609,24.636594949496459,0],[108.82263828210171,24.636914328581209,0],[108.8227333510541,24.637235649948611,0],[108.82279106038889,24.637448779399339,0],[108.8227766289163,24.637457972338449,0],[108.8226741381808,24.63752326344035,0],[108.82258397898561,24.6375807000565,0],[108.8225658371296,24.637594301448161,0],[108.82254619057009,24.637609030455259,0],[108.8225318266625,24.63761979916945,0]]]}},{"type":"Feature","properties":{"id":"project-redline-宜州段-01","name":"宜州段项目红线1","section":"宜州段","sourceName":"宜州段全线报盘0905","sourceFile":"宜州段.kmz","stroke":"#ff0000","stroke-opacity":1,"stroke-width":4,"fill":"#ffffff","fill-opacity":0},"geometry":{"type":"Polygon","coordinates":[[[108.8120257381111,24.625867663263911,0],[108.81194055340789,24.62581166797608,0],[108.8117994235033,24.625684819328018,0],[108.81175073311221,24.625460184987929,0],[108.81167221726361,24.625267099620189,0],[108.81148869006191,24.6251850997549,0],[108.811223041348,24.625189971215129,0],[108.8110906483257,24.62505388039871,0],[108.8110291878201,24.62484275634209,0],[108.8108503626556,24.62491020679262,0],[108.81079290587169,24.624896527752639,0],[108.81076915721761,24.62479990345923,0],[108.8107146957493,24.62476831605753,0],[108.8106544779466,24.624686818615238,0],[108.81057932814571,24.62448994916911,0],[108.8104610487928,24.62433858146542,0],[108.8102693529615,24.62426426571416,0],[108.8100952138594,24.62417095100756,0],[108.8100077667858,24.623987159474389,0],[108.8098798980609,24.623845667373239,0],[108.8097017946365,24.623755536712881,0],[108.8094886966672,24.623699839382649,0],[108.8092933400232,24.623624670008759,0],[108.8092278369442,24.623448454820409,0],[108.8091587862649,24.623390581863809,0],[108.8091726855462,24.6233408368515,0],[108.8091176778092,24.623261198335019,0],[108.80889743199459,24.6232077755643,0],[108.8086824072109,24.623146794691259,0],[108.80854258310281,24.623014252178852,0],[108.808533828779,24.622763255115931,0],[108.8083783155225,24.6226468546006,0],[108.8080815112008,24.622653380953921,0],[108.8079621022578,24.622502831486681,0],[108.8079712014153,24.622244422695118,0],[108.8079061540833,24.62205174393662,0],[108.8077579660805,24.621928783848009,0],[108.8076299466025,24.621789233196129,0],[108.80744850831481,24.62169178925479,0],[108.8073427906545,24.621534410589319,0],[108.80716139347111,24.621435125389549,0],[108.806987036086,24.621329146335459,0],[108.8068748036814,24.6211763845456,0],[108.806778159799,24.621012744158719,0],[108.80666819139761,24.620859224396551,0],[108.806614286494,24.62066708646196,0],[108.8064221913243,24.6205708628879,0],[108.8062873212458,24.620434521749541,0],[108.806195981434,24.6202691535702,0],[108.8060255045133,24.620155485611232,0],[108.8059637823437,24.61997159153475,0],[108.80593090199589,24.619770985850739,0],[108.8057421809748,24.619667354395009,0],[108.8055837093564,24.619543816994351,0],[108.8054511482048,24.619403944723839,0],[108.805340458272,24.619250923361939,0],[108.8052025572853,24.6191132080901,0],[108.80502274424489,24.61899802987223,0],[108.8049585763555,24.61881833348259,0],[108.8050775878055,24.61854182884079,0],[108.804925686306,24.618411534662339,0],[108.80477057421,24.61828176934721,0],[108.8047085117921,24.618104136042991,0],[108.8046496474536,24.617925638835018,0],[108.8045122368319,24.617785656178171,0],[108.80449791806549,24.617773750736909,0],[108.8044758795007,24.617755426597839,0],[108.8043668473412,24.61766477369774,0],[108.804354377139,24.6176544047449,0],[108.8041643369623,24.617536660359612,0],[108.8040408103212,24.617386935637189,0],[108.803868837856,24.617257907599772,0],[108.80373125034509,24.617112401289759,0],[108.8036445341704,24.616944451027081,0],[108.8036230630137,24.616749580192408,0],[108.8035719604289,24.6165678218726,0],[108.80353087130329,24.616382703327961,0],[108.80352580087,24.616184491407591,0],[108.8035113125208,24.615991166637581,0],[108.8035058458871,24.61579569120865,0],[108.8034896039742,24.615605317806569,0],[108.80345130608841,24.61542362462912,0],[108.803356101493,24.615261742514889,0],[108.80325886520281,24.615100057142278,0],[108.8032104974787,24.614922207327009,0],[108.8031612971569,24.614744927949278,0],[108.80312030254549,24.614565439987938,0],[108.8031692200484,24.614550660168149,0],[108.80307159204069,24.614274164035891,0],[108.8030156182184,24.61410941280246,0],[108.80293027924419,24.61384843941347,0],[108.8028486708258,24.61358647019691,0],[108.8027708070541,24.613323550220809,0],[108.8026967010267,24.61305972365555,0],[108.8026263668396,24.6127950364714,0],[108.8025598146271,24.612529532854069,0],[108.8024970555164,24.612263257886411,0],[108.8024476639423,24.612040809865881,0],[108.8024246256491,24.612044960733471,0],[108.8024006544168,24.61191960276123,0],[108.8023471811824,24.611743760374321,0],[108.8022921930156,24.611567862846972,0],[108.8022314160241,24.611392489951211,0],[108.8021786420756,24.611215516236811,0],[108.8021419189115,24.611036035797209,0],[108.8021152489722,24.610855163899,0],[108.80210090007159,24.610672855961688,0],[108.80212004695819,24.610487139483951,0],[108.80212314748989,24.61030381863786,0],[108.8020856282225,24.610124860570672,0],[108.80203827937081,24.60994670324623,0],[108.8020016007864,24.609767457205169,0],[108.8019249046045,24.60959142600591,0],[108.80187462893591,24.609413029633821,0],[108.8018891005643,24.609229790800772,0],[108.8018771936014,24.609048791387941,0],[108.80187908494381,24.608867022435039,0],[108.8019208699387,24.608682758779889,0],[108.8019314861082,24.6085008422199,0],[108.8018030360209,24.608398184018679,0],[108.801782040014,24.60821592764211,0],[108.80181805262851,24.608146461530541,0],[108.801793829054,24.607967344010611,0],[108.8017390057467,24.607790570514869,0],[108.8016192729217,24.607673577164469,0],[108.80158134541639,24.607441768497939,0],[108.8014853666524,24.6072696754147,0],[108.8014334989652,24.607094844976061,0],[108.801509303887,24.6069094460297,0],[108.8015545425307,24.6067262238519,0],[108.8014842842058,24.606553965766182,0],[108.8015077859159,24.606432393543852,0],[108.8015195701972,24.606371432121868,0],[108.8016895701586,24.60617309708984,0],[108.8016278425944,24.605999982956138,0],[108.80155896739581,24.605828412623609,0],[108.8014715163047,24.60566006645233,0],[108.8014190580744,24.605487585317778,0],[108.80138521914679,24.605312602833131,0],[108.8013802033954,24.605132985676491,0],[108.8013741144912,24.60495307722859,0],[108.801376055697,24.6047712528391,0],[108.80136100223071,24.60459194819958,0],[108.80136070718849,24.604409372894771,0],[108.8013523631858,24.60422775852491,0],[108.8011590974793,24.604084672553029,0],[108.8010314754091,24.604102711473651,0],[108.8009993651559,24.603895127209089,0],[108.80107095364821,24.60383918901891,0],[108.8009929096385,24.60375570212458,0],[108.80088086423341,24.60359899631062,0],[108.8010133804016,24.603383399816352,0],[108.8010342519667,24.603193013276631,0],[108.80098139180809,24.60302071549054,0],[108.8008880608684,24.602859364776268,0],[108.8007997402879,24.602697266954209,0],[108.8006927351378,24.602541101058168,0],[108.8005972779011,24.602382350502332,0],[108.8005181163547,24.602219237844281,0],[108.8004333333331,24.60205820424644,0],[108.8003570219626,24.601894813634878,0],[108.8002772961477,24.601732767253139,0],[108.8001793188422,24.601577200207259,0],[108.8001070600656,24.601413159596621,0],[108.8000649549825,24.601238319000458,0],[108.8000152125387,24.601065768601678,0],[108.7999697207426,24.600891186997021,0],[108.7999375852792,24.600710891376028,0],[108.7999264376778,24.600571834136488,0],[108.79992252233269,24.60052299062302,0],[108.799918926134,24.600510526668842,0],[108.7998721110764,24.600348282549891,0],[108.79981401838261,24.600176219668,0],[108.7997602990139,24.600001854106729,0],[108.799694138459,24.599832347252509,0],[108.79957435160431,24.5996863725403,0],[108.799644492878,24.59965513081136,0],[108.7995336120112,24.599449929728411,0],[108.7994583127077,24.59931376067038,0],[108.79933189802679,24.599090601587939,0],[108.7991461718911,24.59877428048982,0],[108.7989544577914,24.5984609600189,0],[108.7987568146103,24.59815073462719,0],[108.798553302215,24.5978436987611,0],[108.79834398144671,24.597539945056131,0],[108.79812891610069,24.597239565229049,0],[108.7979081709459,24.596942649185781,0],[108.797681812735,24.596649288626971,0],[108.7974499111515,24.59635957072388,0],[108.79726316761,24.596133725826629,0],[108.7971937433262,24.59618240355686,0],[108.7971203975883,24.59613867958036,0],[108.79707773112889,24.5961124416877,0],[108.7970366361139,24.5960908192931,0],[108.7968619373667,24.595989931362041,0],[108.7966552687716,24.5959140485644,0],[108.7964495411417,24.595839695156052,0],[108.7961157599578,24.595839733670381,0],[108.79630311194479,24.595433698092041,0],[108.796261100727,24.595342577512231,0],[108.7956933285416,24.595557778256339,0],[108.7956209544391,24.595276063689649,0],[108.7957506755578,24.594928858812811,0],[108.79572357116589,24.5947305754039,0],[108.7956909152919,24.59455885284039,0],[108.7955451819884,24.59443883010745,0],[108.7953558139733,24.594358196789731,0],[108.7951316028457,24.594310968975179,0],[108.7950041654952,24.594176773551631,0],[108.7949260072286,24.593995737359482,0],[108.79480456838171,24.593854206011049,0],[108.7945853886003,24.59359786270473,0],[108.7946591916246,24.593525010253121,0],[108.79452174915529,24.593409406758191,0],[108.79430306366361,24.5932283606384,0],[108.7940825887457,24.59304886640448,0],[108.79386063060559,24.59287063355735,0],[108.7936374894897,24.592693366214618,0],[108.7934134616445,24.59251676039203,0],[108.7932351512728,24.59237685168954,0],[108.7931888383809,24.592340512133031,0],[108.7931873312407,24.592339331164,0],[108.7927764661908,24.59201750431459,0],[108.79274944401961,24.5920463474165,0],[108.7925180176055,24.5918770741977,0],[108.7923608157611,24.591767339339309,0],[108.7921783650721,24.591684555767319,0],[108.7920765781795,24.59161733337459,0],[108.7920491231322,24.591599201822682,0],[108.7920177401347,24.591578475688468,0],[108.79190839732691,24.59141765616468,0],[108.7917495078182,24.59130972416364,0],[108.7915356864643,24.591260423995291,0],[108.7913387912625,24.591193059190889,0],[108.7911625204855,24.5911036780444,0],[108.790983372572,24.591017369382641,0],[108.7907600018644,24.590978263260119,0],[108.7907380897351,24.590968774078078,0],[108.7905750348629,24.590898164825671,0],[108.790433174191,24.59077205647127,0],[108.790298213094,24.590638584214609,0],[108.7901754424949,24.590492099843338,0],[108.7901693377882,24.590478043705769,0],[108.7901672701659,24.590473283570731,0],[108.790147104819,24.590426854003429,0],[108.7901447587043,24.5904214516752,0],[108.7900930871827,24.590302477066459,0],[108.7900570881951,24.59006337552022,0],[108.78992530085441,24.58992651630912,0],[108.7897138087539,24.589874732266772,0],[108.789599800177,24.589848275013519,0],[108.789500234763,24.589825168749421,0],[108.7893605545399,24.58969673506575,0],[108.78923002658161,24.589558531655069,0],[108.7891144145345,24.58940440865344,0],[108.7889884347012,24.589261350613562,0],[108.78887293895291,24.589107104027,0],[108.7887630178347,24.588946906159482,0],[108.7886019814374,24.588841266769489,0],[108.7883974929623,24.58878200826409,0],[108.78833181540161,24.5887223035739,0],[108.7882595032432,24.588656568968052,0],[108.78825707556069,24.58865436183553,0],[108.7881464367653,24.58849493096098,0],[108.7880175815454,24.58835494378398,0],[108.7878361084929,24.588271119612589,0],[108.78769111230019,24.588148360552029,0],[108.7875551997567,24.588015907140569,0],[108.787423840951,24.58787859379974,0],[108.7872567246482,24.587779445620679,0],[108.78706630487331,24.58770517042305,0],[108.7868384572795,24.58767084368537,0],[108.7867491585796,24.58748863687207,0],[108.78662722391,24.58734126486307,0],[108.7864973447558,24.587202373070369,0],[108.78633687048161,24.587096134211219,0],[108.7861606157809,24.587006741474848,0],[108.7859840778906,24.5869176497145,0],[108.7858179858824,24.58681740943608,0],[108.785667900455,24.586700085923692,0],[108.7855410740368,24.586557937392239,0],[108.7854028784232,24.586427922216728,0],[108.7852535185841,24.586309822639649,0],[108.785128426936,24.586165822193749,0],[108.7850028020606,24.586022390434461,0],[108.7848018787882,24.5859593285327,0],[108.7845552138356,24.5859450857416,0],[108.78439154563451,24.585842260191381,0],[108.7841534181517,24.58581890512361,0],[108.78398735451511,24.585718635523641,0],[108.7838280218638,24.585611181883252,0],[108.7836673919777,24.585505112402821,0],[108.7835124221421,24.585393002837261,0],[108.7833494998554,24.58528938052984,0],[108.78319743940089,24.585174165404862,0],[108.7830523227783,24.58505153860715,0],[108.7829288727025,24.584905788115,0],[108.7828955419879,24.584663853055918,0],[108.7828105359817,24.584477070638378,0],[108.7827058304036,24.584311315220418,0],[108.782565713052,24.584183354703988,0],[108.7824401509407,24.584039858959819,0],[108.7823112046372,24.58389997630649,0],[108.782174042085,24.58376886121615,0],[108.7819906267838,24.583687113428169,0],[108.7818041835303,24.583621050037731,0],[108.7817754107746,24.583650464517412,0],[108.7816926779751,24.583717386388042,0],[108.7816436426384,24.5837578264941,0],[108.7815345983215,24.5838340124709,0],[108.7815026185277,24.58385318025865,0],[108.7813738556361,24.583940426839892,0],[108.78120989682139,24.58404119933169,0],[108.78116261007069,24.583981136874009,0],[108.78131810079719,24.583869608852861,0],[108.7814323565164,24.5837639358778,0],[108.7814572809442,24.583740531129731,0],[108.7815394181809,24.583651750751748,0],[108.7815862332332,24.58361751321268,0],[108.78159300883949,24.583556477003128,0],[108.7813987453641,24.583486307388011,0],[108.781162979463,24.583460431925079,0],[108.7810164614062,24.583339304368341,0],[108.7809498870659,24.583132852838268,0],[108.7809169169238,24.583079703280269,0],[108.78088259661909,24.58302437788193,0],[108.7808463148677,24.5829658895024,0],[108.7808324159859,24.58294315556487,0],[108.7807551274732,24.58281673529385,0],[108.78074364914529,24.582797959062908,0],[108.7806923409934,24.582727040129111,0],[108.7806747186745,24.582763915550121,0],[108.78062652962291,24.58280375242364,0],[108.7805027058201,24.582875801160949,0],[108.78047420786309,24.582885861868689,0],[108.7804641700412,24.582889405697021,0],[108.7804154673926,24.5829066007571,0],[108.7802970011456,24.582919877361078,0],[108.78019683310021,24.582918824627331,0],[108.78005635713831,24.582908104594569,0],[108.78001269973819,24.582906431337769,0],[108.77990341704221,24.582910696732149,0],[108.77985137162371,24.58293826248369,0],[108.7797851593657,24.58301012154342,0],[108.7797464976005,24.58307482813586,0],[108.7796489228259,24.5832317949397,0],[108.77958770452609,24.58320013306567,0],[108.779677287868,24.58303903338658,0],[108.77971844148389,24.58297561476331,0],[108.77979999228241,24.58288447406261,0],[108.77986624604451,24.582851212471368,0],[108.7799955870952,24.582800412431581,0],[108.780058723273,24.582786620116629,0],[108.7801995965464,24.582776878320139,0],[108.7802998446641,24.58277382406072,0],[108.78038005084569,24.582767364622111,0],[108.780441911329,24.582752115411019,0],[108.78052775373381,24.582702523409971,0],[108.7805588043226,24.58267314610632,0],[108.7806155523444,24.582623721994612,0],[108.7805156472689,24.58250465880969,0],[108.7805075177008,24.582494970271679,0],[108.7803726466084,24.582361413194619,0],[108.7801670160017,24.58230337682393,0],[108.7799316379439,24.58227708752576,0],[108.779893030049,24.582171103174751,0],[108.77985884911691,24.582077271187519,0],[108.7797719419093,24.581892524274121,0],[108.7795639801368,24.58183697535026,0],[108.7793733687265,24.581762908651061,0],[108.77919167242869,24.581679327609791,0],[108.7790063731381,24.58159959170899,0],[108.778800860088,24.5815414300488,0],[108.7786261718455,24.581450368047491,0],[108.77849251113661,24.581315520150859,0],[108.77834105127749,24.58119966936821,0],[108.7782721581807,24.580995698377439,0],[108.7781480811274,24.580850621290359,0],[108.7781206384293,24.58060241195118,0],[108.7779394261551,24.58051831498064,0],[108.777768678604,24.580423050069172,0],[108.7775516227163,24.58037720460996,0],[108.7772392535546,24.580433087121691,0],[108.7769788420409,24.58043351533043,0],[108.77708922845341,24.580038208426359,0],[108.7770082367135,24.579847154268151,0],[108.77690781380279,24.57967683520755,0],[108.7767410499582,24.579577318275909,0],[108.7765331612737,24.5795215895388,0],[108.7763858103375,24.5794924150463,0],[108.7763133891761,24.579478076305879,0],[108.77613735628491,24.579387368496381,0],[108.77599294877849,24.579262592280909,0],[108.7758551845518,24.579130472180118,0],[108.77577579877369,24.578937219861231,0],[108.7756716829406,24.578770381856209,0],[108.7755302370329,24.578642373434722,0],[108.7753775801925,24.5785256346686,0],[108.77525801065821,24.57837544938598,0],[108.775075565326,24.57828778935016,0],[108.7748969974427,24.578195079047781,0],[108.7747748194879,24.57814276608643,0],[108.7746381984208,24.578196605198691,0],[108.77447283130709,24.578200821882159,0],[108.7744172129305,24.5781564481662,0],[108.7743937103867,24.57811459679187,0],[108.77435237917381,24.5780279210123,0],[108.77430161889539,24.577948706125191,0],[108.7742497014102,24.577870407133648,0],[108.77417894833221,24.577807009943079,0],[108.7741033343865,24.577747459016059,0],[108.7740925626612,24.577740296026679,0],[108.7740336886594,24.577705522427831,0],[108.7739685725024,24.577684526971868,0],[108.7739603506148,24.577682816087311,0],[108.77388423119331,24.57767754065339,0],[108.7738346689172,24.577684314901109,0],[108.7738005070243,24.5776908258602,0],[108.773703031669,24.57770865565648,0],[108.7736029154381,24.577719069364189,0],[108.7735826787448,24.57766225253139,0],[108.77366860933451,24.57761201038269,0],[108.7737540647429,24.577560437272929,0],[108.7737811247528,24.57753398687214,0],[108.77386301811249,24.577481577100709,0],[108.7740162044898,24.5774691662901,0],[108.7740322574532,24.577475180938741,0],[108.77414185026529,24.577550525932551,0],[108.7741971690823,24.577657528307292,0],[108.7742032233093,24.57766842491392,0],[108.7742530805839,24.57774835494207,0],[108.774313427052,24.577819985362829,0],[108.7743779163857,24.577888337356679,0],[108.774447019162,24.57795303927637,0],[108.7745698072243,24.57797763511633,0],[108.77446193669719,24.577816435099681,0],[108.7743610639414,24.577649992894688,0],[108.7741867701569,24.577550240902429,0],[108.7740125859452,24.577449319084341,0],[108.7738189638617,24.577364048498271,0],[108.7736785191246,24.577232128732039,0],[108.77359604128689,24.57705191581071,0],[108.7735143332785,24.576872600724329,0],[108.7734104102019,24.57671258839131,0],[108.773284158906,24.576570969380139,0],[108.7731670605816,24.576422373805769,0],[108.7730583164542,24.576267743740651,0],[108.7729808015699,24.57614317724401,0],[108.7729194316607,24.576071491913179,0],[108.7729414975838,24.576055038104059,0],[108.77296218615319,24.576039670139661,0],[108.7728065482745,24.575862843664812,0],[108.7726225699766,24.575648624429832,0],[108.7724416648464,24.575432229827172,0],[108.7722638607338,24.575213694932138,0],[108.7720891904453,24.5749930584056,0],[108.77191768183479,24.574770356225489,0],[108.7717493647516,24.57454562797049,0],[108.7715842680353,24.5743189096134,0],[108.7714491677184,24.574128487603161,0],[108.7714031420321,24.574155471638271,0],[108.77129405837481,24.574062408250121,0],[108.77116542837869,24.57392082025742,0],[108.77112808942709,24.5737279430131,0],[108.7709512343533,24.57361258719531,0],[108.7706139180807,24.57358140707089,0],[108.7704508912479,24.573453877705809,0],[108.7702841733977,24.573326928536058,0],[108.7701798513818,24.573167184820822,0],[108.7703155084164,24.572889059415271,0],[108.7703473763096,24.572665758477861,0],[108.77029803436091,24.572483368150991,0],[108.77018897184649,24.572329441569391,0],[108.7699797576315,24.572220450018889,0],[108.7699806626558,24.572218158738131,0],[108.7699910145099,24.57219194606078,0],[108.7700773754587,24.571973276667538,0],[108.7699228803897,24.5718388412712,0],[108.76983935161449,24.571673033771908,0],[108.76979728802981,24.571490167309481,0],[108.7697218970951,24.571316685431459,0],[108.769782839774,24.57129198005817,0],[108.7696833664185,24.57108431414099,0],[108.7696661280487,24.571047450102508,0],[108.7696406900848,24.5709930496779,0],[108.7696075916633,24.570922267428639,0],[108.76956646574359,24.570834318931709,0],[108.76945187313861,24.570583626642609,0],[108.76942875584319,24.570532094083529,0],[108.7694258016213,24.570525506485328,0],[108.7694227153228,24.570518627974561,0],[108.769404350598,24.570477689240011,0],[108.7693391809715,24.570332409076919,0],[108.76922797663291,24.570080830839981,0],[108.7691178474886,24.569829052022211,0],[108.7690083788943,24.569577226403808,0],[108.7689191609287,24.569371582051609,0],[108.76883018005979,24.56940391391073,0],[108.7686278143843,24.569185972633569,0],[108.7685051198129,24.569036245181419,0],[108.7684177344417,24.568873706318978,0],[108.76832538425531,24.56871296932065,0],[108.76824266890939,24.568548735542961,0],[108.7681942441646,24.56837206126961,0],[108.7681978070997,24.5681765244443,0],[108.7682137397458,24.567976500186351,0],[108.7682075545505,24.5679107585057,0],[108.7682111910089,24.567860877658269,0],[108.768203936153,24.567814949496629,0],[108.768016760533,24.567640055851729,0],[108.768147439461,24.567592642773828,0],[108.7680318826143,24.56732626255868,0],[108.767632454337,24.566405489430661,0],[108.7676275567015,24.566394198449022,0],[108.767615563913,24.566366551534252,0],[108.7674922064449,24.566082182700761,0],[108.76736374979539,24.56612879036226,0],[108.7673300197476,24.565898223617989,0],[108.7672804955742,24.56578993311571,0],[108.7671830946208,24.565631029200979,0],[108.7671314509486,24.565455523664639,0],[108.7670983138851,24.565273302243529,0],[108.76697011151749,24.565125573896289,0],[108.7667600369188,24.565007550781651,0],[108.7664591253663,24.56496239155679,0],[108.7663909722188,24.564952163414961,0],[108.7663813176372,24.564950714859741,0],[108.76637458918,24.564758912583891,0],[108.7663765511155,24.564749921173469,0],[108.76641243522261,24.56458544047441,0],[108.7664206103978,24.56454797189614,0],[108.76642838848529,24.564529125402139,0],[108.7665148937795,24.564319520663389,0],[108.76655751079851,24.564109815051431,0],[108.7664231615214,24.56396431563947,0],[108.76625721495689,24.56383028277909,0],[108.7661687609054,24.563756011228261,0],[108.7660956801116,24.5636946483933,0],[108.7660379639395,24.56352134437175,0],[108.76600938026,24.56333747182444,0],[108.7659922480828,24.563149446195169,0],[108.7659785108862,24.56296018639836,0],[108.7659938586626,24.562760375496659,0],[108.76580433086821,24.562634896308062,0],[108.765353732625,24.56260413946087,0],[108.7652383800562,24.562451749250041,0],[108.7655243190995,24.5621537606484,0],[108.7656337943867,24.56191980089454,0],[108.76551217528571,24.56176968333062,0],[108.7653583703657,24.561631244572329,0],[108.7652204746616,24.561487033945259,0],[108.7650607610862,24.56135073819971,0],[108.764946970116,24.5611977818861,0],[108.7648742471242,24.561029923927251,0],[108.7648402164526,24.5608480286349,0],[108.7648278847971,24.56065826047983,0],[108.76482543448741,24.560464907011021,0],[108.7648208558746,24.56027232625723,0],[108.7648096441339,24.56008215158133,0],[108.764802433539,24.560031350820928,0],[108.7646392870484,24.559835600742129,0],[108.7647631508799,24.559790659971782,0],[108.7643582272602,24.558857131233069,0],[108.76429448216381,24.558710371539672,0],[108.7642488905577,24.55860559234581,0],[108.7641849334662,24.55845898804127,0],[108.7641391316277,24.558354341674431,0],[108.7640747970871,24.558207953178421,0],[108.76403975106621,24.558128547255912,0],[108.7640186433584,24.558136352893779,0],[108.76398246329779,24.55805254909821,0],[108.7638913206097,24.557892016722619,0],[108.7637846711029,24.557737532741829,0],[108.7636839806361,24.557581110073642,0],[108.7635994525927,24.557418761956711,0],[108.7635276549652,24.557251616185361,0],[108.7634565067148,24.557084261256531,0],[108.763396895511,24.556912270918492,0],[108.76333237936289,24.55674213526197,0],[108.7632616344666,24.556574468533942,0],[108.7631309579856,24.556432218777068,0],[108.7630919021815,24.55639951132261,0],[108.7630514843479,24.556367461634569,0],[108.7630391388457,24.556247272589069,0],[108.7631198086418,24.556189224584578,0],[108.7630563448122,24.5560675917521,0],[108.7629268118642,24.55582547574166,0],[108.76279445051679,24.5555846422783,0],[108.762659275761,24.55534512016656,0],[108.7625213035582,24.555106935497761,0],[108.76245127204849,24.554988353485449,0],[108.7622960649079,24.555002958671331,0],[108.762229611316,24.5548951129034,0],[108.76223686815629,24.554840313647968,0],[108.7621825474735,24.5546628280226,0],[108.7620979899351,24.554500493519729,0],[108.7619873519607,24.554351852802871,0],[108.7618615496304,24.554211647196169,0],[108.76170609703721,24.554088250640969,0],[108.7614707284981,24.554010612666211,0],[108.7612966667774,24.553900470859212,0],[108.761203526844,24.55374481345536,0],[108.7611730598899,24.55355213012961,0],[108.7611571555391,24.553349376212761,0],[108.76111961137789,24.553158054737469,0],[108.7610105836375,24.553009424962742,0],[108.76088192102679,24.552873068689038,0],[108.76073681937309,24.552747502770469,0],[108.760576922357,24.55263212846851,0],[108.7604285080161,24.552510170992289,0],[108.7603082272301,24.552391199495869,0],[108.7602955378844,24.552378647571341,0],[108.76021374068731,24.552212983970929,0],[108.760200017848,24.552172899776259,0],[108.7601988663904,24.552095019959619,0],[108.7601996902376,24.552039302613821,0],[108.7601947974739,24.55199389912201,0],[108.760168129768,24.5518947627399,0],[108.7601498010211,24.55182770684188,0],[108.7601239583759,24.551772926502721,0],[108.7601098197519,24.55173851636863,0],[108.7600677021823,24.55164170390541,0],[108.7599471816751,24.551499787201791,0],[108.75982555684909,24.55135866225508,0],[108.7597028326731,24.551218334454081,0],[108.759579016111,24.551078812788539,0],[108.75945411311839,24.550940102642269,0],[108.7593281316462,24.550802213000051,0],[108.75920107666261,24.55066514925068,0],[108.7590729541389,24.550528919486158,0],[108.758943771017,24.550393529085341,0],[108.7588981774512,24.550346208061491,0],[108.7588786993127,24.550327623702461,0],[108.7588068694082,24.550264425349141,0],[108.75866977053209,24.550135623992279,0],[108.75853171035131,24.550007760783579,0],[108.758392693833,24.549880841111928,0],[108.7582526994487,24.549754895776559,0],[108.75813359166111,24.549649177009321,0],[108.75805930497179,24.549684341654839,0],[108.7579283065399,24.549734664201239,0],[108.7577220105304,24.549814409291031,0],[108.7576929750294,24.5498640322545,0],[108.7576741757523,24.5498834943401,0],[108.7576173994027,24.549936872221831,0],[108.7575775280505,24.549974357074081,0],[108.7575600739795,24.549984124973491,0],[108.7575303608577,24.549984537884249,0],[108.7574735947851,24.54995270958263,0],[108.7574346106512,24.549908018003691,0],[108.757424347748,24.549892333727239,0],[108.7573983211928,24.549819153042321,0],[108.7572870802223,24.549606433510441,0],[108.7572725786159,24.549573203896148,0],[108.7572037119091,24.54938178848672,0],[108.7571944290635,24.549366421551579,0],[108.7571095887327,24.549225170906428,0],[108.7570734221712,24.54917413769596,0],[108.7570432703214,24.549156345138069,0],[108.75700722424619,24.549116334790259,0],[108.75698557613021,24.5490947702586,0],[108.75695719212651,24.549073058994171,0],[108.75685834193909,24.549006736405151,0],[108.7568300649625,24.548987229094951,0],[108.75678152167541,24.548959480293028,0],[108.7567435075063,24.5489835867745,0],[108.7567166753316,24.548975244629759,0],[108.75662303599179,24.548951123684748,0],[108.75657884232869,24.548941809719949,0],[108.75653459704991,24.548930471131779,0],[108.7565200619473,24.548925837128891,0],[108.7564843943054,24.548913505789312,0],[108.75647798481771,24.548919400412139,0],[108.7564663835239,24.548931481454758,0],[108.7564470446591,24.548951328864309,0],[108.75642510361671,24.548975199345222,0],[108.7563575055629,24.549044946466822,0],[108.7562706145067,24.54913381671043,0],[108.7561052392558,24.5490695822694,0],[108.755945931515,24.549011689735512,0],[108.7558911980824,24.548992815026359,0],[108.75580753990511,24.548969996750721,0],[108.75577617177881,24.5489542511511,0],[108.75559050722531,24.548958903829408,0],[108.755542961124,24.548962144664468,0],[108.7554951359393,24.548960480433571,0],[108.755453008572,24.548955372530589,0],[108.7554159085505,24.54894544762508,0],[108.7553744004725,24.5489249248382,0],[108.75531068673109,24.548884114737881,0],[108.7552505214353,24.548836265238862,0],[108.75510176443569,24.548776309419772,0],[108.75498844181909,24.54872204298259,0],[108.7549089487337,24.548675444749339,0],[108.7547934642589,24.548613492133718,0],[108.7547224918338,24.548558172996749,0],[108.7546918709257,24.548529372357649,0],[108.75466034382281,24.5484962520718,0],[108.75461904655469,24.548430251041712,0],[108.75451061937351,24.548270325245628,0],[108.7543889171848,24.54812396733023,0],[108.75427676587761,24.5479678488289,0],[108.7541773821783,24.547825123676692,0],[108.75398670317129,24.54778827830614,0],[108.75382108614041,24.547792266100451,0],[108.7537866124584,24.54779812940496,0],[108.7537428292511,24.547828996697788,0],[108.75369326507651,24.5478465872312,0],[108.75358688608139,24.54790300198766,0],[108.75353574071281,24.547905220204768,0],[108.7534745201598,24.547863094170818,0],[108.75336290360811,24.547780255809691,0],[108.7533429882734,24.547750235937521,0],[108.7533232320198,24.5477070242692,0],[108.75331858047289,24.547655454385641,0],[108.753321776244,24.54763661966911,0],[108.7533184066107,24.547583208989629,0],[108.753296515411,24.547497488407881,0],[108.7532863203265,24.5474325530041,0],[108.7532917384663,24.547392028519251,0],[108.753285318791,24.5473130996639,0],[108.7532762029663,24.547242794718059,0],[108.7532900823044,24.547190720589519,0],[108.7532558498966,24.547118627297088,0],[108.75322449464591,24.547015158949581,0],[108.7532382507671,24.54696972156362,0],[108.7532769419947,24.546827100307219,0],[108.75329454840831,24.546770965035439,0],[108.7533340186244,24.546687576597488,0],[108.75336379940239,24.546571369200208,0],[108.7533864051375,24.546494832940031,0],[108.7534033371862,24.546444118434518,0],[108.75341309009271,24.546393712432391,0],[108.7534418811433,24.54631886680162,0],[108.7534526686632,24.546284708759039,0],[108.7534710274761,24.546247824486109,0],[108.75349366734631,24.546190571706919,0],[108.75351610866559,24.5461603898143,0],[108.7535611197419,24.54609080196829,0],[108.7535618108691,24.546089525634869,0],[108.7535721434207,24.54607371647047,0],[108.7535434898968,24.546050952366809,0],[108.7535073821513,24.545979462500551,0],[108.7533797512679,24.545970490505649,0],[108.75326808087119,24.545945938425451,0],[108.7531748382463,24.54590364271337,0],[108.7531030394755,24.5458409559152,0],[108.7530688953569,24.545804400728489,0],[108.7530290656356,24.54576042352301,0],[108.7529986950442,24.545713855112769,0],[108.75298627066159,24.54569403586914,0],[108.7529369010179,24.545620412080218,0],[108.75291617802191,24.545586453852842,0],[108.752904299689,24.545544021564289,0],[108.7529015380709,24.545512241354139,0],[108.75288794728939,24.545470944248471,0],[108.7528814608562,24.54544410172922,0],[108.75286063288689,24.545386096525348,0],[108.752848497113,24.545356747286469,0],[108.7528441052639,24.545349966080941,0],[108.7528026943892,24.545355387135569,0],[108.7527718198447,24.54535764108309,0],[108.7527420748242,24.545360305553672,0],[108.75270131190059,24.545371274364172,0],[108.7525823073056,24.545388415839181,0],[108.7525275613733,24.54541474881141,0],[108.7525084654656,24.545416112483661,0],[108.7524479499552,24.54541598027334,0],[108.7523910320071,24.545409758180359,0],[108.7523679575139,24.54540710638928,0],[108.7523336011499,24.54541185928522,0],[108.7522187083418,24.545491785280309,0],[108.7520969302125,24.54550941235135,0],[108.75202578308971,24.54550409343457,0],[108.7519959285203,24.545512727298071,0],[108.7519567742799,24.545511626223171,0],[108.7519063681214,24.545497626766551,0],[108.7517571194055,24.54545608790394,0],[108.75172843347261,24.5454347634948,0],[108.7517010762264,24.54541248998316,0],[108.7516974333377,24.545404022280291,0],[108.75170368618279,24.545337876291629,0],[108.7517336733999,24.545267203835522,0],[108.75172366144869,24.545242934527678,0],[108.7517180512843,24.545198636493382,0],[108.7517218250544,24.545145262352928,0],[108.7518218338754,24.54501397848404,0],[108.7518283190803,24.544919930889481,0],[108.7518443542812,24.54487531548865,0],[108.7519483870102,24.54474644077747,0],[108.751966500643,24.544724845094379,0],[108.751972608862,24.544664100976082,0],[108.75197055994251,24.5446366052561,0],[108.75193769362291,24.54461413447213,0],[108.7519251485501,24.5446087922596,0],[108.7517501314868,24.5445177666367,0],[108.7515857354381,24.544415555129881,0],[108.7514609615546,24.54434099405972,0],[108.7513590688972,24.54431072070896,0],[108.7513311103619,24.54430359829124,0],[108.75119349304219,24.544277953401291,0],[108.7511899210441,24.544276738940731,0],[108.75114631106349,24.5442714656613,0],[108.7511105965803,24.54427184669386,0],[108.7510749694524,24.544257724575768,0],[108.75103097147711,24.54423518535954,0],[108.7509875705469,24.544208491401029,0],[108.7509355724784,24.54416918366563,0],[108.75087340754089,24.544088483011141,0],[108.7508484873709,24.544039332204839,0],[108.7508505330526,24.54401193613878,0],[108.75083828618941,24.543973603088379,0],[108.7508226200471,24.54391742611779,0],[108.7508126814221,24.543838100247889,0],[108.7508161044438,24.543801846744032,0],[108.75082786003141,24.543772393704671,0],[108.750820261021,24.543726170927389,0],[108.7508073128225,24.543668655179129,0],[108.750800147484,24.543650526587118,0],[108.75075203974809,24.543641503886921,0],[108.7506958591205,24.543631833466058,0],[108.750453973277,24.543542394005271,0],[108.7501598803224,24.54343908943072,0],[108.74974998351919,24.54345775319122,0],[108.7494046220143,24.54340845099658,0],[108.7492419579974,24.543166747626181,0],[108.7491935230221,24.542804738214389,0],[108.74907894590829,24.542512414001578,0],[108.7489664759634,24.54228668608356,0],[108.74894692808139,24.542238438081618,0],[108.74893609147151,24.542181016373839,0],[108.74880670359271,24.542110774836051,0],[108.7486380927386,24.54201300349143,0],[108.7484891634202,24.541894506368141,0],[108.7483613662301,24.54175375608909,0],[108.748245611302,24.541600321849749,0],[108.74806563524569,24.541610887781228,0],[108.7478120287804,24.5414098929909,0],[108.74778737321979,24.541256891273338,0],[108.74758822966859,24.541191275401129,0],[108.74734960103061,24.54116724074699,0],[108.7471465680465,24.5411057203907,0],[108.74701429390581,24.540969685407429,0],[108.74694897319,24.540763143190379,0],[108.74688175585911,24.540558597287891,0],[108.7467017322475,24.540472847106241,0],[108.7464402783325,24.540472849660439,0],[108.7462765959807,24.54036988924118,0],[108.7461541676908,24.5402234871698,0],[108.746113403688,24.539991085543811,0],[108.7459084125832,24.539931628720019,0],[108.74573482935681,24.539839095607171,0],[108.745571920286,24.539735323502761,0],[108.74538385331,24.5396580431792,0],[108.7451408594728,24.539638606204079,0],[108.7449253072359,24.539590270666849,0],[108.7446773110324,24.539544909816009,0],[108.744690482024,24.539224165172659,0],[108.7446180457236,24.53903468377591,0],[108.74452917626169,24.538906116399279,0],[108.7444336426766,24.538731394293428,0],[108.74431121415761,24.538584987013952,0],[108.7442016402093,24.53842505704338,0],[108.7440413215195,24.538318556748159,0],[108.7438916054368,24.538200893790659,0],[108.7437366983042,24.538088695367431,0],[108.743598134346,24.537959288253919,0],[108.7434580680948,24.537831461910852,0],[108.74330116197351,24.537721369969908,0],[108.7431526379554,24.53760245095684,0],[108.743075899426,24.537531833824179,0],[108.74300027222939,24.53743507284565,0],[108.7430148585989,24.53741972278053,0],[108.7425500372763,24.53705035831943,0],[108.7422758720699,24.53683249494264,0],[108.74217838424561,24.536935155620629,0],[108.7419385341843,24.53668673423811,0],[108.74177765692281,24.536572482234181,0],[108.7416225918231,24.536460452939551,0],[108.7414717659846,24.53634395837922,0],[108.7413237435438,24.536224513222582,0],[108.741193124612,24.5360867413375,0],[108.741081637355,24.535928823351849,0],[108.7407725326903,24.535979003932962,0],[108.7403901040218,24.536106394417459,0],[108.74034404304651,24.5358795787536,0],[108.7404055354464,24.535539306874409,0],[108.7403348307663,24.5353382016364,0],[108.74018321369461,24.535221986752031,0],[108.7399171025808,24.535224345098381,0],[108.73956083462009,24.535361300704231,0],[108.7394927085373,24.535387489630612,0],[108.7393884453636,24.535237073809089,0],[108.739380834566,24.535226093904861,0],[108.73934367737129,24.534989372530958,0],[108.7392982431374,24.5347630156097,0],[108.7391888318745,24.534601736735851,0],[108.7390853023293,24.53443553963384,0],[108.7389846136535,24.53426773336583,0],[108.7388714638695,24.53411282523674,0],[108.7387014314762,24.534010661907651,0],[108.7385537303405,24.53388753269326,0],[108.7384281070541,24.533744821016128,0],[108.73829644177729,24.53360770338141,0],[108.7381055509359,24.53352043398948,0],[108.7380377465456,24.533498067816911,0],[108.7379550753696,24.533470797463721,0],[108.73789194285941,24.5334499719382,0],[108.7376384664561,24.533409023328559,0],[108.73745171735069,24.533311487472279,0],[108.737580755501,24.532967815078731,0],[108.73749409331189,24.532795846042969,0],[108.737327310163,24.532684672863589,0],[108.73720983271789,24.532536366532629,0],[108.73713210169051,24.532359921085831,0],[108.73696484249849,24.53224734421925,0],[108.7366427593968,24.532239376299831,0],[108.73661261189019,24.53203005093328,0],[108.7365889387099,24.531818972383221,0],[108.73646608357529,24.531674186250822,0],[108.7363995413471,24.531493775012759,0],[108.7362940484886,24.531338590885049,0],[108.73603213508861,24.531277767681161,0],[108.7358657691496,24.53115668122053,0],[108.7358707286343,24.53093537363025,0],[108.7359021907879,24.530701989676238,0],[108.7357930408747,24.530642258692549,0],[108.7357880147636,24.530639508138769,0],[108.7357086166969,24.53059605850358,0],[108.735705609698,24.530571647315391,0],[108.7356840689698,24.53039681642008,0],[108.7355945504998,24.5302336664639,0],[108.735408733785,24.530120287235651,0],[108.7351818948555,24.5298161550365,0],[108.7350753285686,24.52966016542792,0],[108.7349722002629,24.52950225417095,0],[108.7348403802786,24.529357146461439,0],[108.7347336232006,24.52919994060165,0],[108.73460727682949,24.529050795068081,0],[108.7345040832783,24.52889097896125,0],[108.7344623203321,24.52870551612147,0],[108.73440107921211,24.5285287378119,0],[108.7343736814714,24.52833921301303,0],[108.7343717941903,24.528141141306659,0],[108.7343339345698,24.527957895529941,0],[108.7342959771625,24.527775461790888,0],[108.7341881468878,24.5276179763306,0],[108.734097367358,24.52745398199766,0],[108.73406284839371,24.527271199232722,0],[108.73405021501441,24.527241417394681,0],[108.73403276888,24.5272141514821,0],[108.7340383951495,24.527130739236728,0],[108.73406994504531,24.527075950021619,0],[108.734006093792,24.526903840605641,0],[108.7339441280884,24.526731155954248,0],[108.7338840529613,24.526557913197792,0],[108.7338258744241,24.526384129461722,0],[108.7337695994766,24.526209821866669,0],[108.7337152311771,24.5260350084551,0],[108.733662777512,24.525859706342711,0],[108.73361224350759,24.52568393265954,0],[108.733563632227,24.5255077063506,0],[108.7335169506642,24.525331043633479,0],[108.73349399942759,24.525281139808929,0],[108.7334478143147,24.525246315731,0],[108.73342596108741,24.525219122615621,0],[108.7334130784086,24.525190018086079,0],[108.73340091687579,24.525168695420721,0],[108.73337947819429,24.525133360128311,0],[108.7333808293893,24.52510130029145,0],[108.733379954226,24.525069717099129,0],[108.73339131678949,24.52503571009958,0],[108.7334142797084,24.524999465648168,0],[108.7334210623068,24.524940937671939,0],[108.7334107597585,24.524896488182868,0],[108.733400579438,24.52485201462688,0],[108.733380582541,24.52476299893954,0],[108.7333496004884,24.524620386730941,0],[108.73333272205529,24.524540069280661,0],[108.73331443158359,24.524450747375209,0],[108.73329429761939,24.524361725113611,0],[108.733271000623,24.524263956065958,0],[108.7332523730576,24.52418386105548,0],[108.733232135121,24.52409476074638,0],[108.73321238107989,24.524005550653349,0],[108.73319121183221,24.5239072963962,0],[108.73317432869609,24.52382681283272,0],[108.7331560313589,24.523737288711629,0],[108.73313822092609,24.52364766382037,0],[108.73311919147611,24.5235489631172,0],[108.7331040056068,24.523468128245732,0],[108.7330876392011,24.523378217375711,0],[108.73307176467659,24.523288213836871,0],[108.733054871296,24.52318910733306,0],[108.7330414933143,24.52310794138204,0],[108.7330270984688,24.52301767606772,0],[108.7330131975264,24.52292732710297,0],[108.7329984798763,24.522827850719,0],[108.7329868843219,24.522746389924759,0],[108.73297447109719,24.522655806230048,0],[108.73296189196471,24.52256519625616,0],[108.73294533963841,24.522465652941779,0],[108.73293224285911,24.5223841154744,0],[108.73291816147319,24.522293423417061,0],[108.73290209620011,24.522213351094258,0],[108.732899014354,24.52217981781563,0],[108.73289345986851,24.522089521268349,0],[108.7328847411945,24.521999278907568,0],[108.7328765147,24.52190899804409,0],[108.732868782368,24.5218186804739,0],[108.73286154421309,24.521728328905311,0],[108.73285479925821,24.521637945148662,0],[108.73284854850441,24.521547531907419,0],[108.7328427919613,24.52145709098717,0],[108.7328375296435,24.521366625096171,0],[108.7328327625472,24.521276136035169,0],[108.7328284897003,24.521185626517219,0],[108.7328247111121,24.52109509834785,0],[108.7328214277842,24.52100455423054,0],[108.7328186387445,24.520913996878321,0],[108.7328163449837,24.520823427189178,0],[108.73281454651659,24.520732847871368,0],[108.73281324237109,24.5206422616379,0],[108.73281243453,24.520551670284721,0],[108.7328121210346,24.52046107652961,0],[108.7328123018994,24.5203704830808,0],[108.7328025443631,24.52034502938778,0],[108.7327985000542,24.520312093883138,0],[108.73279715382461,24.5202812568239,0],[108.73279035031049,24.52026493822623,0],[108.7327821555547,24.520257133064209,0],[108.7327544052293,24.52024653855905,0],[108.73260081829621,24.52018407868843,0],[108.73260786907539,24.520153041069339,0],[108.7326149821607,24.520122028424542,0],[108.73262535689859,24.520095353037849,0],[108.73263968110849,24.520060268249939,0],[108.7326512295391,24.520040988868139,0],[108.7326690383741,24.52002979938792,0],[108.7326810694519,24.520005101117821,0],[108.7326948974333,24.519968336897769,0],[108.73271389759211,24.519937817209279,0],[108.73272564771619,24.519915038658759,0],[108.73274332073071,24.5198767003126,0],[108.7327519296128,24.51984601983418,0],[108.73276034713891,24.519825046728862,0],[108.73277267505379,24.519784848476021,0],[108.732778130116,24.519754132757139,0],[108.7327846369427,24.519734966318609,0],[108.7327941608176,24.519708250817139,0],[108.7327649152916,24.519697243790059,0],[108.7327437308271,24.519684099605339,0],[108.7326234851087,24.51965120291656,0],[108.7325889604985,24.519645624487179,0],[108.73240764226929,24.519628770910622,0],[108.7323848093023,24.519603423079559,0],[108.7323585809545,24.519570750502631,0],[108.732317761246,24.519541385120139,0],[108.7322988063851,24.5195312208853,0],[108.73229799318879,24.51953085831234,0],[108.7322850930141,24.519508286085291,0],[108.7322802942374,24.5194987040367,0],[108.7322700661159,24.51946846887633,0],[108.7322626713446,24.519441543014789,0],[108.73226223476,24.519439593372329,0],[108.7322552982055,24.519412050508969,0],[108.73224893686439,24.5193858598924,0],[108.732242168091,24.519364109207071,0],[108.7322411574641,24.5193610086264,0],[108.7322319565139,24.519337575267581,0],[108.73222318365571,24.519315647435331,0],[108.73221446410921,24.519295255836582,0],[108.7322071624528,24.519276388433351,0],[108.732198939627,24.519259127893619,0],[108.7321929913095,24.519247160015642,0],[108.7321907804497,24.5192434847855,0],[108.7321842797226,24.51922933130399,0],[108.7321773820311,24.51921682818303,0],[108.7321166125831,24.51921041103471,0],[108.7320419854351,24.51919376694881,0],[108.73203709892231,24.519192706443079,0],[108.73200320934581,24.51918566774555,0],[108.7319983819385,24.519184760420568,0],[108.7319642309341,24.51917704952545,0],[108.7319592082065,24.519175640310841,0],[108.73193115472441,24.5191729561742,0],[108.73192200426971,24.51916009744858,0],[108.7319169745423,24.519158672016861,0],[108.73188174980891,24.519148205679059,0],[108.73187681623379,24.519147026232361,0],[108.7318309217074,24.51910381175119,0],[108.731823884293,24.519102609104021,0],[108.7317947064552,24.5190916656513,0],[108.73179027564581,24.51909091618424,0],[108.73178292371691,24.519088905287081,0],[108.7317476884438,24.519073037771339,0],[108.7317395272228,24.519068952649171,0],[108.7317037080222,24.519051587571841,0],[108.7316957791754,24.519048098043051,0],[108.7316681052299,24.519035637862729,0],[108.7316179527604,24.51901434304763,0],[108.73161005697079,24.51901093821315,0],[108.73156057207311,24.51894782442081,0],[108.7315479874772,24.518943077345291,0],[108.7315366747391,24.51893832410288,0],[108.7315228190396,24.518931668439009,0],[108.7315042294854,24.518922196550129,0],[108.7314920583713,24.51891524112639,0],[108.7314567495318,24.51889176726365,0],[108.7314422316593,24.518878791889179,0],[108.7314153483585,24.518876933422479,0],[108.7313948398747,24.518872103771908,0],[108.7313879353793,24.518871700302849,0],[108.73139858053941,24.518892719064109,0],[108.7314125668219,24.5189207342493,0],[108.7314248315996,24.51894931748696,0],[108.7314361922907,24.51897819850187,0],[108.73144855852151,24.51900674874615,0],[108.7314677588648,24.51903666603803,0],[108.7314040555712,24.519129178849841,0],[108.7313842809035,24.519127369879079,0],[108.7313583227604,24.519157830146732,0],[108.73134272999231,24.519192855068781,0],[108.73132600475149,24.519226228015281,0],[108.73130122088961,24.519247844587539,0],[108.73127376308589,24.51926555975836,0],[108.73124775120991,24.519285384883311,0],[108.7312161138245,24.519297003214209,0],[108.73117616905211,24.51929650345636,0],[108.73113939377861,24.51930062669819,0],[108.7311062208844,24.519310004580412,0],[108.731075654248,24.519323185783868,0],[108.731045540385,24.51933702650885,0],[108.73101703365739,24.519353212027909,0],[108.7309869287446,24.519367067142159,0],[108.7309495046111,24.519370242877891,0],[108.730923553481,24.51939665597726,0],[108.7308906451423,24.519399921766389,0],[108.7308557307185,24.51940675864271,0],[108.73081656242449,24.51943251353422,0],[108.7307826726599,24.519425101724771,0],[108.7307494924424,24.51943441817745,0],[108.730732357446,24.519428551082761,0],[108.7307153531677,24.519428393293779,0],[108.7306742734765,24.519431622774039,0],[108.7306073587425,24.51943716742311,0],[108.7305738483455,24.51943870456974,0],[108.7305401926434,24.51943678575417,0],[108.7305181956808,24.51943648871519,0],[108.7304730517494,24.519437008780809,0],[108.7304085951104,24.519447529177452,0],[108.7303711964789,24.519553580178691,0],[108.7303370142595,24.519539278034479,0],[108.7303030067161,24.51952907445861,0],[108.7302587457055,24.519506866879251,0],[108.7302480212645,24.51948388853387,0],[108.73022710303761,24.519441307390931,0],[108.7301590157137,24.519453623683489,0],[108.7301255188822,24.519455461283329,0],[108.73009178790269,24.519451785965821,0],[108.7300577793154,24.519441565186408,0],[108.7300519391936,24.51946859762705,0],[108.7300139702879,24.5194729619907,0],[108.729993569065,24.51946245599542,0],[108.72996319836911,24.519449298980341,0],[108.72991102702611,24.51942525002222,0],[108.7299029844734,24.519391835439482,0],[108.729868796281,24.51938689932545,0],[108.7298532132462,24.519381336977411,0],[108.72983992594141,24.51938509803697,0],[108.7297937064786,24.519395180595222,0],[108.72973163312361,24.519408838897888,0],[108.7296894491912,24.519443313375731,0],[108.72965757778751,24.519469796417781,0],[108.7296167906273,24.5195036890651,0],[108.7295435858023,24.519564827483212,0],[108.72946861500979,24.519626027666519,0],[108.7293921584827,24.519684727134621,0],[108.729390558865,24.519685902132359,0],[108.7293980516136,24.519697774188948,0],[108.7293932778648,24.519710943220009,0],[108.7293822955215,24.5197208553214,0],[108.72937494765461,24.5197260410707,0],[108.7293464623218,24.519745643112831,0],[108.7293224341889,24.51976150785649,0],[108.7293173448338,24.5197647932153,0],[108.7292875721573,24.5197834328098,0],[108.72925706850521,24.519801424140319,0],[108.7292331501649,24.51981477506234,0],[108.729225832599,24.519818716658161,0],[108.7292271148786,24.5198391425734,0],[108.7292266844626,24.519859103720581,0],[108.7292225117053,24.519890233814792,0],[108.72920319376161,24.51991901048736,0],[108.7291692328676,24.51994850970901,0],[108.7291316953406,24.51996233627937,0],[108.7290935928697,24.519974704908488,0],[108.7290687503008,24.519982483034511,0],[108.72905526493371,24.51998630637075,0],[108.729016245624,24.51999574364272,0],[108.728971827475,24.520005112197278,0],[108.72896119058861,24.52004599621247,0],[108.7289667720036,24.52004949000322,0],[108.72898924200349,24.520061119102539,0],[108.7290131834058,24.520070384892328,0],[108.7290384365687,24.520076127197,0],[108.7290515892205,24.520078594981619,0],[108.72906421779921,24.520081555494588,0],[108.72909165962309,24.520085943009349,0],[108.729109512035,24.520087714623109,0],[108.729120749133,24.520088421349978,0],[108.7291511887581,24.520089064174091,0],[108.7291828583221,24.520088932801759,0],[108.72921554793631,24.520087564229168,0],[108.72922878147941,24.520086951398589,0],[108.7292489792609,24.52008528659908,0],[108.72928234455691,24.5200819981923,0],[108.729299072101,24.520080183147989,0],[108.729315591568,24.52007787710469,0],[108.72934898799041,24.5200728028784,0],[108.7293832987928,24.520069552308829,0],[108.72941837309349,24.520067457181391,0],[108.72945409820269,24.52006614068765,0],[108.7294904169933,24.520064595625929,0],[108.7295045662546,24.52006415889571,0],[108.72952577067331,24.520064232417329,0],[108.7295647903112,24.52006561726931,0],[108.7296021786035,24.52006815108459,0],[108.72964196561711,24.520071873959051,0],[108.72967053940189,24.520130944040009,0],[108.72975832470431,24.52016086299529,0],[108.7298026327113,24.520180419993771,0],[108.7298577705975,24.520209952425461,0],[108.72989146392391,24.52022876270188,0],[108.7299862835919,24.520282546192409,0],[108.7300501688452,24.520318879134489,0],[108.7300072984815,24.520382128803519,0],[108.72997529829971,24.520363311266191,0],[108.7299469285698,24.520346923534721,0],[108.7299186948471,24.52033033563044,0],[108.7298887821978,24.52031622398076,0],[108.7298636986374,24.520303987465649,0],[108.72985913380229,24.52030173640248,0],[108.7298367337476,24.520291645395719,0],[108.7298292432254,24.520288368506058,0],[108.72979968508361,24.520275836754639,0],[108.72977042341449,24.520264406733052,0],[108.7297142768612,24.52024303465851,0],[108.72969381276469,24.520237547358381,0],[108.7296860971702,24.520235960609089,0],[108.7296581035199,24.520230003268448,0],[108.72963101252719,24.520221959799091,0],[108.7296085854899,24.520213854051921,0],[108.729604128706,24.520212200083851,0],[108.7295762561825,24.5202050035589,0],[108.7295476649138,24.52020081217243,0],[108.7295187574172,24.520199101281442,0],[108.7295037645393,24.520198181636282,0],[108.72948932738041,24.520197635752879,0],[108.7294590484055,24.520197819146748,0],[108.7294279985301,24.520198983044779,0],[108.7293959348179,24.52019870110589,0],[108.7293631564215,24.520199394884578,0],[108.7293354958573,24.5201995105289,0],[108.7293163111145,24.5202004355993,0],[108.7292620842821,24.520200838517461,0],[108.7292575856319,24.520200990256448,0],[108.7292447670731,24.520198454071451,0],[108.72924375092271,24.52019848696786,0],[108.72921031838,24.5202043187596,0],[108.7291759007247,24.520209236297291,0],[108.729140467338,24.520213234311669,0],[108.7291133138622,24.520214701601279,0],[108.729103954559,24.520214856961712,0],[108.72906655655279,24.520214065392619,0],[108.7290341475703,24.520211406278989,0],[108.72902848608641,24.520210795382692,0],[108.72899092643389,24.520203025357119,0],[108.72895406987389,24.52019329564985,0],[108.7289178835682,24.52018172919502,0],[108.7288954112601,24.52017363529535,0],[108.7288821202355,24.520168735234009,0],[108.72887169097331,24.52016438647426,0],[108.7288682442508,24.520164549370019,0],[108.7288581019891,24.5201591502187,0],[108.7288489485245,24.52015393677237,0],[108.7288399125386,24.520148562067192,0],[108.7288308461947,24.520143227229411,0],[108.728821581854,24.52013812174507,0],[108.7288123181257,24.520132951258649,0],[108.7288030853269,24.52012766868031,0],[108.7287998289157,24.520125757021109,0],[108.7287939393252,24.520122208741679,0],[108.7287849684139,24.52011648254609,0],[108.72877619131459,24.520110485489351,0],[108.7287675904643,24.520104251961119,0],[108.7287591904736,24.52009777191223,0],[108.7287444267983,24.5200859529945,0],[108.728731678139,24.520076031870641,0],[108.72872473532411,24.520070707534149,0],[108.7287208642299,24.52006777872564,0],[108.72871778370749,24.5200653967812,0],[108.72871080364349,24.52006011505355,0],[108.7286966640328,24.52004974023756,0],[108.72868950153109,24.52004464806625,0],[108.7286822517701,24.520039652911031,0],[108.7286749539213,24.52003470312556,0],[108.728667529673,24.5200299074189,0],[108.7286600182226,24.52002521865835,0],[108.7286524156597,24.520020643182111,0],[108.7286447523486,24.520016142024939,0],[108.7286369823354,24.5200117885321,0],[108.7286291212985,24.52000756366996,0],[108.7286212024991,24.520003417626249,0],[108.72861318003621,24.51999943277351,0],[108.7286051691226,24.519995397310151,0],[108.7285971072443,24.51999142167444,0],[108.72858904992,24.51998738011498,0],[108.72858093374251,24.519983399324019,0],[108.7285645840644,24.519975454556871,0],[108.72855639417929,24.51997135405367,0],[108.7285481237908,24.5199673243538,0],[108.7285397321444,24.519963484818032,0],[108.7285312668911,24.519959714246738,0],[108.7285226902105,24.519956127472749,0],[108.72851292610341,24.519956579952339,0],[108.72850545621689,24.519957555787471,0],[108.7285030560512,24.519957824661262,0],[108.72849321395989,24.519959469156191,0],[108.7284834166033,24.519961513356151,0],[108.7284749307364,24.519963406782718,0],[108.72845868500571,24.520006673138351,0],[108.72845619895639,24.520006422437621,0],[108.7284160716727,24.520024104373292,0],[108.7284128705994,24.520024429471881,0],[108.7284008330241,24.520025220620148,0],[108.7283724779831,24.5200263893468,0],[108.72836070544049,24.5200259135463,0],[108.72833281505309,24.5200250118048,0],[108.7283209310433,24.52002488410092,0],[108.72829269028411,24.520024995131749,0],[108.7282521078879,24.520026043202449,0],[108.728250574742,24.520025914285419,0],[108.728240363609,24.520025335247411,0],[108.72821345793921,24.520021344911139,0],[108.7282024349057,24.520018744000559,0],[108.7281753235056,24.520015695323789,0],[108.7281633274456,24.520015814601059,0],[108.7281385173422,24.52000921058557,0],[108.72813782424851,24.520008969282781,0],[108.7281274943183,24.520005070467541,0],[108.7280941179677,24.51998949825856,0],[108.7280699072098,24.51998107860215,0],[108.7280590630067,24.519979030208571,0],[108.7280334173375,24.519981360286419,0],[108.7280302557149,24.51998151095432,0],[108.728019875079,24.5199785720077,0],[108.72799643269791,24.51996958711684,0],[108.7279868207158,24.519965275878771,0],[108.7279645629888,24.519954505932,0],[108.72795493435289,24.5199505576808,0],[108.72793662218579,24.519943312922031,0],[108.7279321232689,24.519941705147829,0],[108.7279223227728,24.519938412222938,0],[108.727899516587,24.519930237632369,0],[108.72789748104969,24.519929398859372,0],[108.72788778032729,24.51992561164241,0],[108.7278580651609,24.519915064523818,0],[108.7278420972868,24.519909154457078,0],[108.7278269995562,24.519902703050668,0],[108.7278202823984,24.51989971482292,0],[108.72779697957461,24.519888915586979,0],[108.7277948324505,24.519887890479929,0],[108.7277653461246,24.519873045112021,0],[108.72775424802821,24.519867516886841,0],[108.7277378528232,24.519859537040752,0],[108.72773569010521,24.51985854541007,0],[108.7276796711982,24.519828240969169,0],[108.72767759234461,24.51982707650647,0],[108.727668277805,24.51982232326742,0],[108.7276451821793,24.519810146302621,0],[108.72763320459239,24.519805076396551,0],[108.7276242852908,24.519801102134309,0],[108.7276065565959,24.519792876834341,0],[108.7275976810635,24.519788792222979,0],[108.72758882596639,24.519784657860871,0],[108.7275855582223,24.519783172331191,0],[108.7275799805757,24.51978049546593,0],[108.7275692104016,24.519733739405151,0],[108.7275705920717,24.519712198358491,0],[108.7275660493324,24.519710003991811,0],[108.7275642705111,24.519709192864639,0],[108.72755705029439,24.519706232327589,0],[108.727550309766,24.51969678587076,0],[108.72754168033261,24.519692084388488,0],[108.72753344144959,24.519688890433741,0],[108.7275230273396,24.51968561578764,0],[108.7275134848457,24.519683768712358,0],[108.7275081153545,24.519681254239892,0],[108.7275046015497,24.519679704896131,0],[108.7274956209875,24.519675885292919,0],[108.7274775440729,24.5196683576823,0],[108.7274694851197,24.519664880293341,0],[108.7274615996933,24.51966155011964,0],[108.72745366436649,24.519658293309469,0],[108.727450403915,24.5196570451669,0],[108.7274456558534,24.519655178584681,0],[108.72743757811109,24.5196522077317,0],[108.727429402126,24.519649482902,0],[108.72742115131889,24.5196469588448,0],[108.7274128335109,24.519644622883749,0],[108.7274044758929,24.519642399056121,0],[108.7273960630466,24.519640351532018,0],[108.7273943114164,24.519639978109261,0],[108.72737915500279,24.519636520484671,0],[108.727362260253,24.51963242757154,0],[108.7273537652005,24.519630497799849,0],[108.72734522188379,24.519628754228421,0],[108.72733657604449,24.519627198924319,0],[108.7273280243635,24.519625716289251,0],[108.72731938274261,24.51962437943121,0],[108.7273107226812,24.519623095924281,0],[108.7273020348631,24.519621961505671,0],[108.72729331405959,24.51962109626739,0],[108.727284569862,24.519620452317021,0],[108.7272775083172,24.5196200268484,0],[108.7272670502789,24.51961957441716,0],[108.7272582782953,24.51961941718568,0],[108.7272476927251,24.51961943660735,0],[108.7272407350775,24.519619404238689,0],[108.7272231722832,24.519618733273528,0],[108.7272143719286,24.51961844708185,0],[108.7272055360925,24.519617825234722,0],[108.7271966436644,24.519616800127039,0],[108.7271876907658,24.519615555037319,0],[108.7271787359483,24.519614833555892,0],[108.7271698165878,24.51961478626318,0],[108.72716092524649,24.51961514958975,0],[108.727152084032,24.519615992941421,0],[108.72714326452039,24.519617006809241,0],[108.727134448213,24.519618063090729,0],[108.7271255994422,24.519618965156528,0],[108.72711675308631,24.5196199439446,0],[108.727107943603,24.519621157271519,0],[108.7270974034907,24.519623074060672,0],[108.7270905114645,24.519624499322859,0],[108.7270731561387,24.519628157870091,0],[108.7270645097752,24.519630110669979,0],[108.7270558986789,24.519632190588322,0],[108.7270473308421,24.519634414739,0],[108.7270302584474,24.519639056826961,0],[108.727021752913,24.519641476574471,0],[108.72701333160239,24.51964412882726,0],[108.7270049764012,24.519646952285068,0],[108.7269966581859,24.519649858617949,0],[108.72698015968631,24.519655977555519,0],[108.7269719473649,24.519659109969108,0],[108.7269638059722,24.519662393703879,0],[108.7269557214604,24.5196657882034,0],[108.7269476938088,24.519669289856751,0],[108.7269318408995,24.519676655998609,0],[108.72692706245959,24.519678939524329,0],[108.7269240006231,24.519680482643651,0],[108.7269163536689,24.519684638766371,0],[108.7269088201755,24.51968896406062,0],[108.7269012791933,24.519693359805689,0],[108.7268670173967,24.51971386579137,0],[108.72683782009381,24.51972898589537,0],[108.7268234883869,24.519735780474921,0],[108.7268081048441,24.519743265312719,0],[108.726778676445,24.519758010068539,0],[108.72674962155,24.519773360575879,0],[108.7267375444297,24.519780138872122,0],[108.7267212947618,24.519789894697759,0],[108.726693409207,24.519807144382,0],[108.7266659210546,24.519825037619309,0],[108.7266562628561,24.51983206425453,0],[108.7266391002525,24.5198440163641,0],[108.72660964491919,24.519858717884869,0],[108.7265793568798,24.519872065661708,0],[108.7265703357027,24.519876449560009,0],[108.7265498198541,24.51988663395619,0],[108.72649067606289,24.51991565801913,0],[108.7264841226179,24.51992036946821,0],[108.7264625434285,24.51993250622106,0],[108.72643132406979,24.519944343624609,0],[108.72640068240121,24.5199571180118,0],[108.7263700994925,24.51996998780233,0],[108.726339728735,24.51998320232185,0],[108.7263094247086,24.51999652574785,0],[108.7263055298136,24.519998199250779,0],[108.7262781814199,24.520008325319509,0],[108.7262444679441,24.520016112278849,0],[108.72621205130611,24.520026005442951,0],[108.7262099309157,24.52002688229549,0],[108.7261809414706,24.52003802191712,0],[108.7261511603307,24.52005219409611,0],[108.72612176138951,24.520067626485741,0],[108.726094133928,24.520084654546309,0],[108.7260655121443,24.520100707894,0],[108.7260356851568,24.520114805342288,0],[108.7260067127622,24.52013029072576,0],[108.725977775222,24.520145832809821,0],[108.7259518585257,24.52015956386667,0],[108.7259487012136,24.520161152563769,0],[108.7259180654293,24.520173938561989,0],[108.7259163650879,24.520174763738,0],[108.72588450401641,24.520123038219928,0],[108.725853297362,24.52007237480073,0],[108.7258184343073,24.520015775273158,0],[108.7258273560619,24.52000953763255,0],[108.7258508340332,24.519995551111929,0],[108.7258552905888,24.519992367312959,0],[108.72588276594929,24.519974453519051,0],[108.7259120201991,24.519959425404579,0],[108.7259365712948,24.5199508583811,0],[108.7259445623434,24.519949735724229,0],[108.7259789331938,24.51994301453453,0],[108.7260114324951,24.519933254630921,0],[108.726033232969,24.51992390098269,0],[108.7260414676165,24.51991949562338,0],[108.7260696003064,24.519902647498689,0],[108.72607890821391,24.519897330604039,0],[108.7261265738463,24.519870101550779,0],[108.726156597982,24.519856324518418,0],[108.7261869537837,24.519843084830519,0],[108.72620459066491,24.519834326252258,0],[108.72621703268381,24.519829395993039,0],[108.7262248556236,24.519826324173351,0],[108.7262273031202,24.5198253626926,0],[108.7262480668869,24.51982173929434,0],[108.7262519277262,24.519810025482741,0],[108.7262761112673,24.519796921106789,0],[108.7262774047968,24.519796220659959,0],[108.72629569552331,24.519797182530208,0],[108.726324923788,24.519782112935179,0],[108.7263530225439,24.5197652098537,0],[108.7263792161019,24.519750056455742,0],[108.72638140018169,24.519748759511849,0],[108.7264100925607,24.51973282041611,0],[108.7264381703705,24.519715882212349,0],[108.72646137524509,24.51969955515905,0],[108.72646500313191,24.519696923306011,0],[108.7264920759351,24.519678355036259,0],[108.7265214465871,24.51966351762989,0],[108.7265447046595,24.51965095300303,0],[108.7265502225857,24.519647712616329,0],[108.7265791280745,24.519632120024749,0],[108.7266087765878,24.519617731739942,0],[108.7266315798966,24.519608106864109,0],[108.726639387274,24.51960490690659,0],[108.726670312698,24.519592592415169,0],[108.7267027371585,24.51958271265844,0],[108.7267247639855,24.519575504580171,0],[108.7267338747231,24.519570741986051,0],[108.7267628807684,24.519555312274729,0],[108.7267925760639,24.51954100136625,0],[108.7269811515378,24.51944377501842,0],[108.72698281143271,24.5194427830153,0],[108.7269908183477,24.519437395598882,0],[108.726999099157,24.519432450116579,0],[108.7270088676535,24.519426251660331,0],[108.7270152992172,24.51942197319725,0],[108.7270231945637,24.51941640305683,0],[108.7270315241814,24.51941153768308,0],[108.72703646621819,24.519408535673421,0],[108.72703997730871,24.51940687302881,0],[108.72705673713349,24.519397304290809,0],[108.7270649900553,24.519392314704209,0],[108.727072932204,24.519386819264628,0],[108.7270806034377,24.519380885486932,0],[108.72708786529461,24.519374286543322,0],[108.72709078980991,24.51937168785572,0],[108.72709507237271,24.51936759939305,0],[108.72710238302361,24.519361077850832,0],[108.72710972755419,24.519354613921511,0],[108.7271161741557,24.519350377811389,0],[108.7271177434112,24.519349239094019,0],[108.72712600727979,24.519344266603792,0],[108.727134324934,24.51933938142146,0],[108.727142955349,24.51933500478976,0],[108.7271447029963,24.519334173052929,0],[108.7271603426685,24.5193264558414,0],[108.7271688186925,24.519321828082781,0],[108.7271738682999,24.51931900158813,0],[108.7271771911267,24.519317032007191,0],[108.7271853673397,24.519311917300438,0],[108.7271933702439,24.519306521768,0],[108.7272013402693,24.519301071325359,0],[108.72721194468041,24.519294731608571,0],[108.7272204724871,24.519290186651279,0],[108.72722891265251,24.519285501285669,0],[108.7272370639546,24.51928034516936,0],[108.7272529950546,24.5192694334892,0],[108.7272611483489,24.519264280973051,0],[108.7272695287526,24.519259499298141,0],[108.7272780864367,24.51925500294259,0],[108.72730057406881,24.5192435270296,0],[108.7273039557266,24.519241836114549,0],[108.727312706648,24.519237654790949,0],[108.72732153923749,24.519233604875861,0],[108.7273306517092,24.519229837077191,0],[108.727339639738,24.519226392162391,0],[108.7273578857049,24.519219594916969,0],[108.7273672252294,24.519216531075589,0],[108.727376632416,24.519213565308089,0],[108.7273953171543,24.5192073978737,0],[108.7274046425043,24.519204271808061,0],[108.7274251224519,24.519197136987259,0],[108.7274324101265,24.519194511843182,0],[108.7274415948677,24.51919112916713,0],[108.72745075965091,24.51918770776815,0],[108.7274599064649,24.519184250344949,0],[108.72746902138159,24.51918073710398,0],[108.72748719930679,24.5191736070535,0],[108.7274962553565,24.519169981249981,0],[108.72750527652779,24.519166296032051,0],[108.7275232530497,24.5191588049424,0],[108.727532219358,24.519155017073,0],[108.7275409885618,24.519150928632278,0],[108.72756189387211,24.519139185871619,0],[108.72758275629261,24.51912736387224,0],[108.7276077201996,24.519113083744209,0],[108.7276119520125,24.519110638531242,0],[108.7276304685318,24.51909994003476,0],[108.72763114679,24.51909657940767,0],[108.7276412308799,24.51909036313981,0],[108.7276594548381,24.51907923814337,0],[108.72766877701859,24.519073509426011,0],[108.72769655797219,24.519056994914621,0],[108.7277101594679,24.519049702744692,0],[108.72772510381419,24.51904153925544,0],[108.7277408837945,24.519030271664182,0],[108.7277508159201,24.519022172066361,0],[108.7277532334296,24.519020634746369,0],[108.7277780161081,24.519004877650129,0],[108.727806577684,24.518989416483389,0],[108.72782131818821,24.518979956704911,0],[108.7278332836276,24.5189714582059,0],[108.7278602600999,24.51895387236064,0],[108.7278875308599,24.51893667237422,0],[108.7279007215617,24.5189283024706,0],[108.72791449342,24.518919072142449,0],[108.7279414281368,24.518901435929951,0],[108.72796838370721,24.518883823986609,0],[108.727979960904,24.51887644767168,0],[108.7279951444458,24.518865964720089,0],[108.7280213427032,24.51884741394186,0],[108.72804735120791,24.518828641093521,0],[108.72805693434741,24.518821800701438,0],[108.7280857054505,24.51885656701543,0],[108.7281200489542,24.518898066286042,0],[108.7281522054565,24.518936922896259,0],[108.7281420645497,24.518943546615649,0],[108.72811734926179,24.51896516414936,0],[108.7280912747912,24.518985163273179,0],[108.7280756871245,24.51899589373442,0],[108.72806395216369,24.51900363282375,0],[108.7280086538502,24.519039747232139,0],[108.727994624544,24.519049336303,0],[108.7279815787918,24.519058545983071,0],[108.7279545286998,24.51907739787152,0],[108.7279270969173,24.519095767718291,0],[108.7279142213587,24.519103691947262,0],[108.72789893134789,24.519113170635151,0],[108.72787101636,24.519130909066821,0],[108.7278434564782,24.519149142297412,0],[108.7278324385877,24.519156323617061,0],[108.7278157952684,24.51916725865328,0],[108.72780133972429,24.51917685788721,0],[108.7277881789413,24.519185459646948,0],[108.72775801492109,24.5192000736274,0],[108.7277473515127,24.519204387877931,0],[108.72772733819581,24.519213901064191,0],[108.727716270121,24.519219224741889,0],[108.727711299037,24.51922283266406,0],[108.7276997317192,24.5192310755588,0],[108.7276956487781,24.51923367081687,0],[108.7276897164119,24.519236900604771,0],[108.7276836929959,24.519240426033331,0],[108.7276804460475,24.519243746687849,0],[108.7276783729712,24.519245981080321,0],[108.7276744221404,24.519252496378069,0],[108.7276715033848,24.519259517659659,0],[108.7276690051311,24.519266565801651,0],[108.72766839991939,24.519268561106731,0],[108.7276666373547,24.519273482414519,0],[108.7276643330064,24.519280275946421,0],[108.72766236722229,24.51928708951182,0],[108.72766136115069,24.51929178238483,0],[108.72766082989619,24.5192939407324,0],[108.7276597307861,24.51930081060322,0],[108.72765900849809,24.519307661504492,0],[108.72765860962009,24.519314471124851,0],[108.7276585259054,24.51931501228049,0],[108.7276584886859,24.519321226142178,0],[108.7276586328526,24.519327923910129,0],[108.7276590273146,24.519334563597361,0],[108.7276597115349,24.519341144110779,0],[108.72766067858051,24.519347660970041,0],[108.7276620467313,24.519354091938581,0],[108.7276635461848,24.51935967819534,0],[108.7276636660342,24.519360442253269,0],[108.7276655532165,24.519366703708648,0],[108.7276677545596,24.519372859831851,0],[108.7276703202035,24.519378878784568,0],[108.7276711240858,24.519380538690669,0],[108.7276732500234,24.519384738901181,0],[108.727676490727,24.51939043863316,0],[108.7276801071506,24.51939592801612,0],[108.7276826818842,24.519399585310278,0],[108.7276838443568,24.51940131570765,0],[108.727687863671,24.519406515167759,0],[108.727692293717,24.51941141563967,0],[108.7276969534561,24.519416107369459,0],[108.7276972922993,24.51941651829571,0],[108.7277018270749,24.519420585919551,0],[108.7277068467874,24.51942490307405,0],[108.7277120577062,24.519429010769191,0],[108.7277174636793,24.519432891834011,0],[108.72772307830741,24.519436509189831,0],[108.72772882214591,24.519439946273479,0],[108.7277339885443,24.519442834556742,0],[108.7277355817494,24.519443798240491,0],[108.7277349701003,24.519444847486639,0],[108.7277405527295,24.519447363631571,0],[108.7277525076605,24.5194531305682,0],[108.727761340449,24.519457163919931,0],[108.72777010776871,24.519461308626092,0],[108.7277787236373,24.519465712250931,0],[108.7277874127863,24.51946999003848,0],[108.72779991371981,24.519475986346571,0],[108.727805362489,24.5194787315324,0],[108.7278053116849,24.519478819344961,0],[108.7278314855473,24.51949111143615,0],[108.7278617916264,24.519505247785361,0],[108.7278918455161,24.519518941188021,0],[108.7279199670688,24.519531209424049,0],[108.72792214519529,24.519532135979311,0],[108.72795218056871,24.519545867374809,0],[108.7279819906574,24.519560057549239,0],[108.72798648603811,24.519562423655849,0],[108.7280064905444,24.51957517158122,0],[108.72801002966931,24.519577689450159,0],[108.7280336351713,24.519593759299308,0],[108.72805182206829,24.519590577799811,0],[108.7280681785203,24.519578485883429,0],[108.72807161010709,24.519576213334371,0],[108.72811648808521,24.519557446021651,0],[108.7281208155264,24.519558579767509,0],[108.7281480359501,24.5195653238202,0],[108.7281786443441,24.51957438153628,0],[108.7282088231577,24.519583548747349,0],[108.7282111610897,24.519584295781129,0],[108.72823920539621,24.51959137347254,0],[108.7282697191747,24.51959788133593,0],[108.72829954477319,24.519606539272459,0],[108.7283282473861,24.519613813279239,0],[108.7283568349651,24.519622014065149,0],[108.72838394294649,24.51962995928524,0],[108.7283851109439,24.519630079130518,0],[108.728413833276,24.519635637785981,0],[108.7284418632362,24.51964210614705,0],[108.7284669593305,24.51964749452425,0],[108.72846971661539,24.51964789738431,0],[108.7285249557183,24.519656751259109,0],[108.7285349382396,24.519658073448991,0],[108.7285435626232,24.519659156645432,0],[108.7285521841379,24.519660084580892,0],[108.7285607999433,24.519660878032539,0],[108.7285880696181,24.519663152213859,0],[108.72859504492109,24.51966367914628,0],[108.7286035613713,24.51966418329,0],[108.7286120625315,24.51966460264784,0],[108.7286205414686,24.5196649327395,0],[108.72862899254081,24.519665050817181,0],[108.72863742165281,24.519664954144119,0],[108.7286456901267,24.5196647210271,0],[108.7286542415145,24.519664439600071,0],[108.7286626296477,24.519664081323739,0],[108.7286783900357,24.519663273080361,0],[108.7286857947267,24.51966280129059,0],[108.7286941341593,24.51966221123898,0],[108.72871081413309,24.51966088127125,0],[108.7287191309256,24.519660129733978,0],[108.7287274452289,24.51965928883526,0],[108.7287357343905,24.519658365906562,0],[108.7287440083137,24.519657367219359,0],[108.72875227785261,24.51965629272123,0],[108.7287687569773,24.51965401401608,0],[108.72877701587539,24.51965297658106,0],[108.7288474582794,24.51967990053215,0],[108.7288796693984,24.519712758790028,0],[108.7288922842622,24.519729080197429,0],[108.7289004911861,24.519740579601809,0],[108.7289294233553,24.519733077852759,0],[108.72895805523849,24.519724666666431,0],[108.72896799622249,24.519721525794449,0],[108.728985803978,24.51971403083272,0],[108.72901368461309,24.519703852054882,0],[108.72904118350679,24.519692840968279,0],[108.72904910335311,24.51968947694461,0],[108.72906444662129,24.519682732336641,0],[108.72906825911291,24.519680979718739,0],[108.7290950249231,24.519668271369131,0],[108.7291215401759,24.5196547219527,0],[108.72912765786251,24.51965146322803,0],[108.7291478170968,24.51964039821457,0],[108.7291738529338,24.519625336278459,0],[108.7291996528599,24.51960957764636,0],[108.7292041146203,24.519606799965889,0],[108.7292252299781,24.519593170101221,0],[108.7292506122548,24.519576172187239,0],[108.7292572179268,24.519571640919128,0],[108.7292627476763,24.519567726920219,0],[108.7292732416816,24.51956278777087,0],[108.7293181065136,24.519556985572141,0],[108.7293680435774,24.51951913351763,0],[108.7294409288855,24.51946075013846,0],[108.72950038287109,24.5194114456932,0],[108.7295136270216,24.5194003815631,0],[108.7295814646517,24.51934397699095,0],[108.72954762850409,24.519323965758051,0],[108.7295283874579,24.5193081151809,0],[108.72952834968611,24.519306017354872,0],[108.72953406819509,24.519263036501489,0],[108.7295357638921,24.519256117693931,0],[108.7295351110255,24.51925583648169,0],[108.7295046247051,24.519238361138761,0],[108.7294850716147,24.51921341136466,0],[108.72946847688929,24.5191920736638,0],[108.72946548904569,24.519188481590991,0],[108.72944679006321,24.519162947209409,0],[108.72942662467879,24.519138415655458,0],[108.72940959950721,24.51911173750862,0],[108.7293946186705,24.51908366193943,0],[108.72937903239909,24.519055999146939,0],[108.7293684894893,24.51903503210335,0],[108.7293631738921,24.519028523636528,0],[108.7293618330829,24.519023936886409,0],[108.72935539808751,24.5190149584684,0],[108.729354452505,24.51899867367975,0],[108.72935321938461,24.518994452025861,0],[108.72933720050879,24.518718589832879,0],[108.7293304543028,24.51868817964419,0],[108.7293267512337,24.518672990588581,0],[108.7293254837095,24.51865768323599,0],[108.72932412648269,24.51862701138085,0],[108.7293252363686,24.518596220173411,0],[108.7293243723668,24.518565524267981,0],[108.7293248173799,24.51853476425924,0],[108.7293247405655,24.518504030244159,0],[108.72931762090489,24.518381425017829,0],[108.7293077782663,24.51835116520536,0],[108.7292978665846,24.518320909336751,0],[108.7292953525164,24.51831289506806,0],[108.72928780595331,24.518290660506459,0],[108.7292783904643,24.518260380571931,0],[108.72927320682911,24.51822989421693,0],[108.729325997479,24.518138295344158,0],[108.729346912569,24.518158551444881,0],[108.72937240212,24.5181613793601,0],[108.72939617020479,24.518160340052859,0],[108.72943982131051,24.518157861327548,0],[108.72947358546389,24.5181552128199,0],[108.7295076435779,24.518147766531769,0],[108.72954140594631,24.51814515141967,0],[108.72957509794151,24.518143677726052,0],[108.7296421717861,24.518145800800461,0],[108.7296757304001,24.51814651781951,0],[108.7297094548739,24.518144517631111,0],[108.72974320543121,24.51814207947157,0],[108.7297770074979,24.518138822254169,0],[108.7298445970851,24.518132523626171,0],[108.7298784071552,24.5181291155869,0],[108.72991221006,24.51812583396082,0],[108.72994602829679,24.518122303091911,0],[108.7299799159231,24.5181176325996,0],[108.7300137999547,24.518113023504629,0],[108.7300476434485,24.518109083541649,0],[108.73008153743631,24.51810432001183,0],[108.730115532283,24.51809788678753,0],[108.73014931984871,24.518094856149421,0],[108.73018307947081,24.518092283337118,0],[108.73021661368411,24.518093390345442,0],[108.7302501145945,24.51809505180065,0],[108.73028362621859,24.51809651820091,0],[108.7303173245203,24.518094945008059,0],[108.7303511148304,24.518091878201279,0],[108.7303848987172,24.5180888953745,0],[108.73042390954,24.51806923768109,0],[108.7304563185364,24.518067383621169,0],[108.73069098061551,24.518199918847309,0],[108.7307267805346,24.51828309439075,0],[108.7307530082621,24.518345456260079,0],[108.7307632383294,24.518374742728572,0],[108.73076713467761,24.51840625627776,0],[108.7307727914191,24.518424138690389,0],[108.7307925676847,24.5184187401198,0],[108.73079843799179,24.518417084018651,0],[108.73082478103861,24.518410003400579,0],[108.73085737899881,24.518402253331271,0],[108.7308592049494,24.51840183012191,0],[108.730890523824,24.5183959061997,0],[108.7308947279939,24.518395349598659,0],[108.7309235825048,24.51838933739981,0],[108.7309253453581,24.518388752901689,0],[108.7309750385284,24.5184248626256,0],[108.7309894762485,24.518424005482711,0],[108.73100982692149,24.518421871180681,0],[108.7310235425367,24.51842002179113,0],[108.7310432041613,24.518416980843089,0],[108.7310571480924,24.518414856808889,0],[108.7310769819925,24.5184122582758,0],[108.7310912374145,24.5184109325725,0],[108.7311100070996,24.51841011852607,0],[108.73111555544349,24.518409947203128,0],[108.7311262411997,24.518409355581049,0],[108.7311359221261,24.518408363488671,0],[108.7311511953226,24.518406265504581,0],[108.73116014823211,24.51840496458399,0],[108.731185053263,24.51840174654826,0],[108.7311941323663,24.518400768201371,0],[108.7312193178615,24.518398272812512,0],[108.73122840698279,24.518397320594978,0],[108.7312532979978,24.518394068311181,0],[108.7312621547503,24.518392520494981,0],[108.7312861613453,24.51838699844561,0],[108.7312948788765,24.518385093810249,0],[108.7313091063597,24.5183833746196,0],[108.7313225443207,24.518388958950808,0],[108.7313318788292,24.51838863566255,0],[108.7313569260795,24.518385782526089,0],[108.7313654442984,24.518383367891939,0],[108.731371235668,24.51838137271444,0],[108.7313967501361,24.5183723009191,0],[108.7314025004595,24.51837020392778,0],[108.7314079413208,24.51836817072645,0],[108.7314333094925,24.518357861953639,0],[108.73145857456279,24.518348152204581,0],[108.7315204860887,24.518324224218411,0],[108.731526204342,24.518322042518712,0],[108.7315520032481,24.518313701454879,0],[108.7315560754045,24.518312670625079,0],[108.7315842796212,24.518305126765679,0],[108.73158824861559,24.518303831927231,0],[108.7315919432211,24.51830269369324,0],[108.73161617235471,24.51829556450749,0],[108.731620210471,24.51829444898182,0],[108.7316479509268,24.518285713913791,0],[108.73165185080251,24.51828424066284,0],[108.7316769860748,24.518268822469029,0],[108.731680477307,24.518266303097391,0],[108.73168208811531,24.518265193020149,0],[108.73170562056509,24.518250902012571,0],[108.7317094062772,24.5182491395286,0],[108.7317362092072,24.518237998628251,0],[108.7317400990617,24.518236499243692,0],[108.7317657851907,24.518222492985078,0],[108.7317694186538,24.5182203394412,0],[108.7317947932699,24.518205533039779,0],[108.7317984928423,24.518203549795778,0],[108.7318246497076,24.51819075003667,0],[108.7318553855371,24.5181782205591,0],[108.7318573326346,24.518177249679219,0],[108.7318591612314,24.5181764328428,0],[108.7318840550592,24.518160393786282,0],[108.7318875302512,24.518157832058129,0],[108.731912954918,24.518143153586,0],[108.731916803722,24.518141552384481,0],[108.73194388204681,24.518131116971158,0],[108.73194769479009,24.51812942295976,0],[108.7319762691186,24.518111349275951,0],[108.731988256636,24.51809531593273,0],[108.7320006522302,24.5180880635359,0],[108.732037555902,24.518068023854632,0],[108.73233155867359,24.517825218067848,0],[108.73236218629251,24.51780119691254,0],[108.73240225600389,24.51776665793891,0],[108.7324408819585,24.517735323529148,0],[108.7324622682535,24.517720036248289,0],[108.73248295635079,24.517703967857329,0],[108.7325044147161,24.51768868924837,0],[108.7325269186703,24.5176743751223,0],[108.7325494335537,24.517659904762859,0],[108.73257019636431,24.517643622044009,0],[108.7325917681043,24.517627989894379,0],[108.7326136781507,24.51761250505427,0],[108.7326356476467,24.517596893536389,0],[108.7326581255994,24.51758150433335,0],[108.7326800233142,24.517565427334851,0],[108.7327008306094,24.517548313845651,0],[108.7327436032036,24.517515721546118,0],[108.732764973223,24.517497131113071,0],[108.73280584720391,24.51746383483728,0],[108.7328288111344,24.517443779604829,0],[108.7328492050398,24.51742497994687,0],[108.7329117639697,24.51737381748287,0],[108.7329402337195,24.51735886044683,0],[108.73296804852239,24.5173415639313,0],[108.7329904917182,24.517321900292519,0],[108.7330357913155,24.51728168719853,0],[108.7330579967215,24.51726083848185,0],[108.7331017374151,24.51721759064894,0],[108.7331293055524,24.51718908486172,0],[108.7331743227449,24.517142902261931,0],[108.7331989490375,24.517117554156311,0],[108.73322249245091,24.517093659331081,0],[108.73324365252169,24.51706867201052,0],[108.73322274931181,24.5169725107522,0],[108.7332113367704,24.51692861365413,0],[108.7332100577471,24.516899332613381,0],[108.7332032164406,24.51686576883391,0],[108.73319368014479,24.516845755897631,0],[108.7331664853952,24.516791865214142,0],[108.7331502194359,24.51675530853819,0],[108.7331340585165,24.516718657463059,0],[108.7331151651462,24.516681111486221,0],[108.7331072278543,24.516646393884511,0],[108.7330868234678,24.516626464430431,0],[108.73307208676771,24.516606878474779,0],[108.7330566883073,24.516566773347112,0],[108.7330616537686,24.516535036260318,0],[108.7330662974139,24.516504124051341,0],[108.73307149579951,24.5164710380157,0],[108.73307367205371,24.516437979299059,0],[108.7330779449144,24.516413736657238,0],[108.7330849652482,24.51637342422438,0],[108.7330937699262,24.516342018755822,0],[108.73310224543791,24.5163156125511,0],[108.7331145065083,24.516280120659779,0],[108.73312565565151,24.516249406145231,0],[108.7331335644639,24.516224815428728,0],[108.7331537912454,24.516189841837289,0],[108.7331691082548,24.51616049370659,0],[108.7331798809309,24.516138871784829,0],[108.7331974560535,24.51610111703593,0],[108.73321117976739,24.516071302694321,0],[108.73322088088641,24.5160513840627,0],[108.7332393856972,24.516011970037471,0],[108.733252511436,24.515981983462559,0],[108.7332764354541,24.51592119378979,0],[108.7332897490471,24.515891275811171,0],[108.73331731664381,24.515828907559751,0],[108.7333414192808,24.515768132355511,0],[108.73335389423519,24.515737889842761,0],[108.7333663137519,24.51570761690461,0],[108.7333857507663,24.515660021153838,0],[108.733407800983,24.515625926078108,0],[108.7334243811414,24.515593909551161,0],[108.7334543404789,24.515555861674379,0],[108.73348074105959,24.51553689732706,0],[108.73351135708729,24.515519508561471,0],[108.7335623216841,24.5154718471137,0],[108.7335828666357,24.515444808060479,0],[108.7336249617293,24.515383893893329,0],[108.7336473137053,24.515369497290958,0],[108.7336664707105,24.5153374257815,0],[108.733684290483,24.515309729214351,0],[108.733701844487,24.515281974355229,0],[108.73371837555931,24.515253928362942,0],[108.73373469619069,24.515225836448639,0],[108.73374657760181,24.5152050396334,0],[108.7337664886292,24.51516944098287,0],[108.7337824892699,24.515141300967649,0],[108.7338044962311,24.51511508079949,0],[108.7338249118764,24.515088391709991,0],[108.73383952597869,24.51505987656445,0],[108.7338483502898,24.515042089053431,0],[108.7338677371298,24.515002549693861,0],[108.733881718717,24.514973860679561,0],[108.73389553624349,24.514945126421178,0],[108.7339085115333,24.514916122721811,0],[108.7339238347694,24.514887902029649,0],[108.73395620360481,24.5148320733615,0],[108.7339715221074,24.51480389060341,0],[108.73398655299,24.514775624383422,0],[108.7340007712627,24.514747093092421,0],[108.734014753291,24.514718489825761,0],[108.73402995536679,24.51469031214187,0],[108.73404508137349,24.514662119479588,0],[108.734058937966,24.51463349786107,0],[108.7340732938782,24.5146050561696,0],[108.73408498229951,24.514575687681241,0],[108.734096187229,24.514546148214318,0],[108.73410351434261,24.51451523194611,0],[108.7341102095419,24.51448407229849,0],[108.7341206173701,24.51445422074185,0],[108.7341313484676,24.514424476845608,0],[108.73414054792811,24.514394174370231,0],[108.73415005778971,24.514363972395891,0],[108.73416088464769,24.5143342397675,0],[108.7341705466563,24.51430407316197,0],[108.73418002072231,24.51427382622191,0],[108.7341899021076,24.51424371812988,0],[108.7341978809205,24.51421289167028,0],[108.73420620770131,24.514182178167591,0],[108.7342137007807,24.5141511347,0],[108.7342192001973,24.514119318240251,0],[108.7342245857359,24.514087431919151,0],[108.7342282781465,24.514054872252888,0],[108.7342313433962,24.514022037588269,0],[108.7342354507411,24.51399245500302,0],[108.7342392157036,24.513956930327279,0],[108.7342419460566,24.513923856255129,0],[108.7342489839648,24.513892424105581,0],[108.7342612433342,24.513863014006532,0],[108.73427316148189,24.513833464736422,0],[108.7342820344527,24.51380964383409,0],[108.7342978808154,24.513774700431089,0],[108.7343120151551,24.513746018758312,0],[108.73432753309849,24.51371789367289,0],[108.73434374436719,24.51369005499755,0],[108.7343614481014,24.513662829252912,0],[108.7343696403515,24.513642763518359,0],[108.73438791986059,24.51360476868167,0],[108.7344043775197,24.513577056089829,0],[108.7344212348047,24.51354951758929,0],[108.7344419940125,24.513523605825981,0],[108.7344417117173,24.513488962973192,0],[108.7344592266949,24.513460336153241,0],[108.73448878117421,24.5134395137587,0],[108.7344987990197,24.513409140473669,0],[108.7345156486159,24.51338164442981,0],[108.7345316960743,24.51335381646221,0],[108.73454698587911,24.51332567079875,0],[108.7345804162839,24.513270616813848,0],[108.7345968654617,24.51324298729639,0],[108.73461383992669,24.513215592645619,0],[108.7346293988912,24.513187587396772,0],[108.7346448846685,24.513159553614351,0],[108.73465411221041,24.513143957794661,0],[108.7346612419544,24.51313190648214,0],[108.7346781077225,24.513104488881691,0],[108.7347119808379,24.51304974055353,0],[108.7347295678917,24.51302266970615,0],[108.734748964367,24.5129964223905,0],[108.7347662220994,24.512969224047829,0],[108.7347833215873,24.512941962377869,0],[108.73479949709829,24.51291428632495,0],[108.7348154579423,24.51288651562318,0],[108.734831086377,24.512858593972162,0],[108.7348456324726,24.512830172947851,0],[108.7348607137791,24.5128019966718,0],[108.73487574856991,24.512773797149048,0],[108.7348913166135,24.512745845092169,0],[108.7349054015648,24.51271719610439,0],[108.7349187830164,24.512688209298521,0],[108.73493159391759,24.512659859005609,0],[108.7349494173188,24.51263204852647,0],[108.7349671590386,24.5126051240483,0],[108.73498298029141,24.5125772853993,0],[108.7349977734989,24.51254895162738,0],[108.7350129327685,24.5125207894008,0],[108.7350255006651,24.512496467485381,0],[108.73505300261979,24.512448523500741,0],[108.73510380463451,24.5123254044365,0],[108.735203154197,24.51216502949401,0],[108.73530359675711,24.51200567379254,0],[108.73540497299049,24.511847256858129,0],[108.7355027558029,24.511687363304279,0],[108.73560041586811,24.511527781737989,0],[108.7357015887754,24.511370496754932,0],[108.735805182071,24.51121496479735,0],[108.73590894891061,24.511059965453949,0],[108.7360135406207,24.51090585935961,0],[108.73611843949151,24.510752357446851,0],[108.73622649929951,24.510601043676271,0],[108.7363432761457,24.5104548339262,0],[108.7364599307657,24.510308690585731,0],[108.7365614486976,24.510154238015289,0],[108.7366502821536,24.50999288702257,0],[108.7367449962111,24.50983498108673,0],[108.73684254696541,24.50967881801138,0],[108.7369490523852,24.509527736110339,0],[108.73707234625751,24.509385927434661,0],[108.73717375872531,24.509232252251071,0],[108.7372769968172,24.509079688406061,0],[108.7374145473535,24.508945553676931,0],[108.7375737936667,24.508822689365971,0],[108.7376881985351,24.508675825761941,0],[108.7378076825328,24.508531520939819,0],[108.7379259728112,24.508386438267461,0],[108.73802472946819,24.508231256168521,0],[108.73814332830079,24.508086049046408,0],[108.7382244390693,24.507922032056062,0],[108.7382738027118,24.507742678071178,0],[108.7383558234239,24.507579615288559,0],[108.73844171905181,24.50741851235113,0],[108.7385658391717,24.507275384029029,0],[108.73856184872579,24.50699251807066,0],[108.7385954829663,24.506846641167449,0],[108.738711860152,24.50677151654342,0],[108.7388268633719,24.506790489394,0],[108.7389613786257,24.50688680520436,0],[108.7390525743135,24.50691451395485,0],[108.739152881266,24.5069318757639,0],[108.7392601584508,24.506968741756491,0],[108.7393999040173,24.507019297843289,0],[108.7394952125768,24.507113170051749,0],[108.7394742294447,24.50722692191319,0],[108.7394023711125,24.50731516730476,0],[108.7390418563852,24.50751072958996,0],[108.738964190544,24.50764677805229,0],[108.739020966366,24.50767490175852,0],[108.7389490466868,24.50779645448527,0],[108.7388951179706,24.507768955066279,0],[108.7388589058547,24.50783317034092,0],[108.7387535052291,24.5079872931483,0],[108.7386490240538,24.508141779709678,0],[108.7385388845762,24.50829311888625,0],[108.73843882035359,24.508449674481319,0],[108.73841451186119,24.508623332312151,0],[108.7383929763317,24.508664026548772,0],[108.7383406396511,24.508740691067061,0],[108.7382955516906,24.508821050307589,0],[108.7382459214321,24.508899094511179,0],[108.7381966879399,24.50897734078163,0],[108.738148592425,24.509056167361091,0],[108.738102521632,24.5091335035022,0],[108.73810145034339,24.509135398212511,0],[108.73805364613349,24.5092115836745,0],[108.7380455668536,24.50923141794598,0],[108.7380219564501,24.509294627121129,0],[108.73801550077739,24.509338886587859,0],[108.7380051263796,24.509382515228712,0],[108.73797660694549,24.509469141556728,0],[108.7379674743721,24.509506290448289,0],[108.73795285411271,24.509557476967011,0],[108.73794137625249,24.509612873026789,0],[108.7379295317771,24.50964671663715,0],[108.737899302318,24.50971508762068,0],[108.7378935484676,24.5097320388435,0],[108.737870419586,24.5098206266699,0],[108.7378347303697,24.509904792797322,0],[108.7378262609669,24.50992491062415,0],[108.7377946208949,24.509990481808622,0],[108.73776608897521,24.510039190532261,0],[108.7377439841993,24.510072364780662,0],[108.7376880576805,24.5101438900717,0],[108.7376841151022,24.51014847187728,0],[108.7376241521556,24.51022017666066,0],[108.7375592647431,24.51028833507819,0],[108.7374931843031,24.510355633553271,0],[108.73737155074539,24.510497814513538,0],[108.7373032525711,24.51057737145404,0],[108.737258498808,24.51055120065401,0],[108.7371440112167,24.510698627662329,0],[108.73702221459931,24.510841563849919,0],[108.7369097064668,24.510989625588049,0],[108.736807500489,24.511143379393982,0],[108.73672836218491,24.5113100996885,0],[108.7366426727083,24.5114725078464,0],[108.73656254516359,24.511637504102161,0],[108.7364755346299,24.51179797046251,0],[108.7363756650355,24.511950728575549,0],[108.7362456761599,24.512086751985471,0],[108.736144376959,24.51223825577064,0],[108.73603344428859,24.512384455825519,0],[108.73591333974569,24.512526004378049,0],[108.7357774153342,24.5126602354742,0],[108.73569505727571,24.512762409325472,0],[108.7356726106933,24.512810596899069,0],[108.7356547098619,24.51283898108894,0],[108.73563743072729,24.512864839941908,0],[108.7356203673277,24.51289080968337,0],[108.7356030773786,24.51291667761279,0],[108.7355855381344,24.51294243481335,0],[108.7355727329571,24.512963612722011,0],[108.73555138883,24.512994415016689,0],[108.73553223702091,24.513019441614571,0],[108.7355163947517,24.513046031004329,0],[108.7355008611737,24.513072766940351,0],[108.7354843244,24.51309904013517,0],[108.7354730127076,24.51311694277523,0],[108.7354517327465,24.513151827013,0],[108.73543624473329,24.513178597928011,0],[108.73542253154859,24.513206180799671,0],[108.73541203750359,24.513235220381642,0],[108.7354021933205,24.513264537553891,0],[108.7353819644774,24.51332287391163,0],[108.7353701276128,24.513351248381959,0],[108.73535597684371,24.513378584218621,0],[108.735337040168,24.513403802934171,0],[108.735316043041,24.51342813163696,0],[108.73527035851011,24.513475254269519,0],[108.735245811657,24.513498124247871,0],[108.7352213421798,24.51352106696875,0],[108.735201007633,24.513545830265571,0],[108.73518061782541,24.5135705938289,0],[108.7351598354557,24.513595213055041,0],[108.7351423717673,24.51362126864996,0],[108.7351268547423,24.513648161547451,0],[108.7351140696686,24.51367621111028,0],[108.7351023310376,24.51370469612074,0],[108.73509186728811,24.513733704839389,0],[108.7350878345277,24.51374876803278,0],[108.7350838336327,24.513763711906851,0],[108.7350788550811,24.513794961634868,0],[108.735075647742,24.513826908692149,0],[108.73506921884579,24.513857495637641,0],[108.7350636156355,24.513888392720879,0],[108.7350601930563,24.513920146733032,0],[108.73505868301559,24.513952637107689,0],[108.7350558296487,24.51398454271871,0],[108.73505254781669,24.514016237365642,0],[108.73504863281831,24.514047642602769,0],[108.73503851938121,24.514142295426119,0],[108.735035901057,24.514174068991569,0],[108.7350327445324,24.51420559511428,0],[108.73502685342871,24.514236025066239,0],[108.73501319625289,24.514263432492982,0],[108.7350031908298,24.51428762005316,0],[108.73499018854559,24.514319900984152,0],[108.734944890692,24.51443305834534,0],[108.7349365745165,24.514454032885791,0],[108.734923581455,24.514490109861129,0],[108.7349026675693,24.514547280418149,0],[108.73489209536839,24.514575813896862,0],[108.7348742238141,24.514621854885661,0],[108.7348594105288,24.51466102995462,0],[108.7348164545616,24.514774815025579,0],[108.73479880288021,24.514822703781931,0],[108.7347885161012,24.51485112121334,0],[108.73476828661281,24.51490723038739,0],[108.7347587313548,24.5149350366994,0],[108.73474934842881,24.51496261557967,0],[108.7347399411934,24.514989917431151,0],[108.734731310132,24.515017158629519,0],[108.7347228109023,24.51504416446863,0],[108.7347144781166,24.515070948321348,0],[108.7347069727863,24.515097666757761,0],[108.7346922043486,24.51515067905693,0],[108.7346859722272,24.515176614019769,0],[108.73467368835669,24.515227094625612,0],[108.73466874323189,24.515254107533949,0],[108.7346640184398,24.515279645166672,0],[108.7346577552325,24.515330777140729,0],[108.7346529702268,24.51537785937084,0],[108.7346522402551,24.51540792293935,0],[108.734651562512,24.51543373336354,0],[108.73465112945919,24.515453773074171,0],[108.73465251718839,24.515485405256,0],[108.7346537173936,24.5155112598007,0],[108.73465464322879,24.515529806957389,0],[108.73465804953879,24.515562929694958,0],[108.7346614287674,24.5155886806476,0],[108.73467111155639,24.51563979908844,0],[108.7346764932813,24.5156652920336,0],[108.7346908537894,24.515715519247621,0],[108.7346985739923,24.515740500679559,0],[108.7347167105427,24.5157896948078,0],[108.7347261910197,24.515814164832172,0],[108.7347590441027,24.515886400600369,0],[108.7347847715255,24.51593425688673,0],[108.7347980934985,24.515958427443941,0],[108.7348273550021,24.5160063974141,0],[108.7348423765266,24.51603064184221,0],[108.73485828415021,24.516054722165752,0],[108.73487460271549,24.51607888263722,0],[108.7348910175364,24.516103305340359,0],[108.7349081422464,24.516127634308759,0],[108.7349431828888,24.516176777680251,0],[108.7349797166621,24.516226297442611,0],[108.73499819184229,24.51625141154064,0],[108.7350168940455,24.516276707790169,0],[108.73503604834,24.516302203150019,0],[108.7350555124044,24.5163281962231,0],[108.73509452922229,24.516382193272062,0],[108.7351144733146,24.516409961527469,0],[108.7351338126341,24.516438759160959,0],[108.7351533692872,24.516468108220351,0],[108.7351720705397,24.51649662097719,0],[108.7351911780831,24.516529500194039,0],[108.7352094959502,24.516561476887158,0],[108.73522598526191,24.51659053845605,0],[108.7352435723602,24.516628511206711,0],[108.73525952445389,24.516663426157809,0],[108.7352727650764,24.516693085827431,0],[108.73528700814541,24.516736635849082,0],[108.7352990374422,24.51677466004616,0],[108.7353080303929,24.516804675331532,0],[108.7353179068037,24.51685373538923,0],[108.7353216173137,24.516872971312839,0],[108.73532566925709,24.516929842419032,0],[108.7353273871221,24.51697425240593,0],[108.7353284809774,24.517017744620929,0],[108.7353228595483,24.517062980282109,0],[108.73531684559541,24.51710706232647,0],[108.7353108424401,24.517147575719068,0],[108.7353040651721,24.517174777216368,0],[108.7352976094314,24.517194157464878,0],[108.7352832660947,24.51723662533896,0],[108.73527023776469,24.51727294354254,0],[108.7352419524188,24.517330717882249,0],[108.7351998578136,24.517344049058,0],[108.7351808175154,24.517351058744559,0],[108.73515469407749,24.517369511979322,0],[108.7351424047027,24.517379034547869,0],[108.7351251402557,24.517401433903778,0],[108.7351163316326,24.517412078793338,0],[108.73511345201329,24.517415234415679,0],[108.73509410096619,24.517431583724481,0],[108.7350773495985,24.51743702770062,0],[108.7350443871098,24.5174464785349,0],[108.735032007978,24.5174539748422,0],[108.735008847253,24.517469145640689,0],[108.7349990280477,24.517474504386559,0],[108.73499560966521,24.51747528386591,0],[108.7349700992182,24.51748717374802,0],[108.73495685427019,24.51749255639805,0],[108.7349321847764,24.517520774859332,0],[108.7349332325219,24.51757315313905,0],[108.7349287163524,24.517580451355691,0],[108.7349078105015,24.517613135477848,0],[108.734906174955,24.51761592303205,0],[108.7348831194097,24.5176469755048,0],[108.7348810498849,24.5176492849054,0],[108.7348659220863,24.517679061088351,0],[108.7348615729742,24.51768624293658,0],[108.7348596712184,24.517688896373109,0],[108.73483399958511,24.5177238028095,0],[108.73480934401761,24.51776138187147,0],[108.7347932595367,24.51778852394683,0],[108.7347970689834,24.517875322641771,0],[108.7347879662109,24.517885111325739,0],[108.7347853170903,24.517889559470479,0],[108.7347567847164,24.517916292719871,0],[108.7347532823475,24.517919090264911,0],[108.7347340769081,24.517935387362652,0],[108.7347212250771,24.517947804167239,0],[108.73471653333959,24.517954779142681,0],[108.73469729239559,24.51795903633775,0],[108.73468613023731,24.51795880089745,0],[108.7346775270376,24.51795829390662,0],[108.7346579224981,24.5179567002928,0],[108.7346520810863,24.51795618617421,0],[108.7346374393791,24.51796301188352,0],[108.7346295084,24.517970184982829,0],[108.73462303051249,24.517974414339029,0],[108.73461463254689,24.518013268359351,0],[108.734613515129,24.518016414490958,0],[108.7346063801039,24.518033032872509,0],[108.73459362516959,24.518067544174009,0],[108.73458621214181,24.518083188930291,0],[108.7345706290067,24.518109852788911,0],[108.7345632131735,24.5181202651778,0],[108.7345619253623,24.518121598499519,0],[108.7345583020667,24.51812820626359,0],[108.73458173893211,24.518205450330729,0],[108.734573808697,24.5182195412509,0],[108.734567494476,24.518233422086521,0],[108.7345504782345,24.51825629050645,0],[108.7345432163731,24.518266542356841,0],[108.7345332818074,24.5182809228861,0],[108.73452739250951,24.51828761751111,0],[108.734521643798,24.518293375292512,0],[108.7345010492285,24.518311414222161,0],[108.73449022110221,24.51832026700281,0],[108.73447885574009,24.51832938058611,0],[108.73447334069679,24.5183337496908,0],[108.7344516770553,24.518351034598631,0],[108.7344461289504,24.518355318101349,0],[108.7344421925375,24.51835830823363,0],[108.7344243170451,24.518372220957971,0],[108.7344187218709,24.51837638552486,0],[108.7344090994001,24.51840779052521,0],[108.7344038174362,24.518411009283341,0],[108.7343980449008,24.518414368550609,0],[108.73437470251361,24.518427697611521,0],[108.7343662750619,24.518432306575232,0],[108.7343457348002,24.51844475895923,0],[108.7343400744616,24.518448408366108,0],[108.734317323024,24.518463250271608,0],[108.7343113050801,24.51846598060542,0],[108.73428598437729,24.518474232243729,0],[108.73427984821789,24.518476656214151,0],[108.734254978262,24.518486064794061,0],[108.73424879503391,24.518488369828319,0],[108.7342358049584,24.518493317853341,0],[108.7342294621178,24.518504151106679,0],[108.73423470460079,24.518534538581,0],[108.7342383105713,24.518564665898982,0],[108.7342395029047,24.518594434830511,0],[108.7342394360072,24.518596166644041,0],[108.7342392603786,24.518603976347091,0],[108.7342389003306,24.518613500380361,0],[108.734237877176,24.518633374138641,0],[108.7342379267572,24.518662951829221,0],[108.7342374894297,24.51869245154348,0],[108.7342373334528,24.5187219742631,0],[108.73423679733141,24.51873753408373,0],[108.73423632027669,24.518751372962019,0],[108.7342320395438,24.518780345208981,0],[108.7342310123904,24.518786291250841,0],[108.734227854587,24.51880932872557,0],[108.7342202224755,24.518837883955481,0],[108.7342073135992,24.51886580404144,0],[108.73418876768881,24.5188930699716,0],[108.73416716500709,24.518920016751672,0],[108.7341424157888,24.518946649330839,0],[108.73408477667139,24.51901550948649,0],[108.7340102264731,24.51902757909231,0],[108.7339764034687,24.519052721998051,0],[108.7338592082362,24.519113945536709,0],[108.7338150144151,24.51911153343546,0],[108.733773897975,24.51913371009741,0],[108.7336689125286,24.519118519827661,0],[108.7335120318797,24.51912249722546,0],[108.7334670163085,24.5191241965615,0],[108.7334559985771,24.519138315070609,0],[108.73342101284049,24.51916528888054,0],[108.7334193363974,24.51919570820688,0],[108.7334196010424,24.51922480097603,0],[108.73341957527749,24.51922631141387,0],[108.733420014511,24.5192569226745,0],[108.7334223531934,24.519287702546,0],[108.73342775725141,24.519318753692151,0],[108.73343734516681,24.519350164562869,0],[108.73345454358849,24.519382228147219,0],[108.7334693278911,24.51940892393451,0],[108.7334706527152,24.519414130014081,0],[108.7334710397632,24.519444588058541,0],[108.7334647037208,24.51950486795937,0],[108.7334604576684,24.519534918811459,0],[108.7334418735843,24.519701448651912,0],[108.733341143476,24.519761883102809,0],[108.73343952421379,24.51982312012117,0],[108.7334975880745,24.519857348477679,0],[108.7336122763647,24.519895077758271,0],[108.7336210973907,24.519900956957851,0],[108.733640250211,24.519915446072,0],[108.7336836297906,24.51994818397911,0],[108.73370373099461,24.51995912605523,0],[108.7337439469604,24.519981813586941,0],[108.7338526811473,24.520018129027878,0],[108.7338549696024,24.52002088304268,0],[108.7338607319744,24.52002645843006,0],[108.7338984661617,24.520058283959209,0],[108.73394680952759,24.520090578766158,0],[108.73397465593089,24.5201216010697,0],[108.7339936074217,24.520150333912142,0],[108.7339948700167,24.520152127867689,0],[108.7340108809248,24.52018236907438,0],[108.7340213918271,24.520212281348019,0],[108.7340195954345,24.520241562881509,0],[108.7340175730216,24.520270834681281,0],[108.7340094411026,24.520299831971549,0],[108.73400022606241,24.520323621109132,0],[108.73399799499251,24.52032870545564,0],[108.7339796609276,24.520357320853549,0],[108.7339584215207,24.520385871841491,0],[108.73395221802291,24.520390818430091,0],[108.7339459188957,24.520400194408829,0],[108.73356166375839,24.520398975535919,0],[108.733520435581,24.520409297672881,0],[108.73345604000851,24.520430879655919,0],[108.733417748398,24.52045973192406,0],[108.73338335485251,24.520488833355572,0],[108.73334506095679,24.52052732435267,0],[108.73332964502789,24.5205427741285,0],[108.7333084641803,24.52057090496098,0],[108.733275590169,24.520602047339281,0],[108.73325290128091,24.5206500154517,0],[108.73325019882959,24.520748632210552,0],[108.7332482574696,24.520838295337541,0],[108.73324680557189,24.520927965112531,0],[108.7332459183592,24.52100867318293,0],[108.7332453731016,24.521107320078411,0],[108.733245391513,24.521196999857668,0],[108.7332459003304,24.52128667815548,0],[108.7332467774269,24.521367386675941,0],[108.7332483881588,24.52146602308958,0],[108.7332503671457,24.521555685212132,0],[108.73325283550371,24.52164533683057,0],[108.73325547673051,24.52172601239953,0],[108.7332592432449,24.521824599513209,0],[108.7332631816225,24.521914206971161,0],[108.7332676103149,24.52200379579541,0],[108.7332720145167,24.52208440682131,0],[108.7332779356199,24.52218290582136,0],[108.7332838322136,24.522272423412009,0],[108.73329021808711,24.522361913346121,0],[108.73329638311679,24.522442427339211,0],[108.733304455636,24.522540798518509,0],[108.7333123082792,24.52263019014088,0],[108.7333206491673,24.522719545083842,0],[108.733328572888,24.52279993135955,0],[108.7333387946374,24.52289813500586,0],[108.73334859919,24.522987364568309,0],[108.73335889194431,24.523076549326319,0],[108.7333685721982,24.523156773588891,0],[108.7333809380366,24.52325477090676,0],[108.7333926913502,24.52334380321528,0],[108.73340493183041,24.523432781696329,0],[108.73341636352011,24.523512813275079,0],[108.7334308692876,24.52361056456121,0],[108.7334445672271,24.5236993644263,0],[108.7334587493192,24.523788100547691,0],[108.7334719283234,24.523867906961389,0],[108.7334885688785,24.52396537341972,0],[108.73350420434279,24.52405390476325,0],[108.73352032391119,24.52414236333512,0],[108.733535245127,24.524221913009839,0],[108.7335540123625,24.52431905495564,0],[108.7335715812211,24.5244072834903,0],[108.73358963116981,24.524495429336891,0],[108.7336062875153,24.524574689805309,0],[108.7336368622526,24.524715424398629,0],[108.7336565959538,24.52480326864864,0],[108.7336666427051,24.52484715694666,0],[108.7336768087236,24.524891021191969,0],[108.73368502809,24.524926096639149,0],[108.7337272761993,24.525101241673749,0],[108.73377143549931,24.525275991918061,0],[108.733817503919,24.525450329325238,0],[108.73386547445359,24.525624235872382,0],[108.73391534504231,24.52579769531798,0],[108.7339671086855,24.525970690541708,0],[108.7340207603462,24.526143202608161,0],[108.73407629598989,24.526315215285241,0],[108.7341337086218,24.52648671235518,0],[108.7341929931994,24.52665767397966,0],[108.7342541437249,24.526828085741482,0],[108.73431715417919,24.526997929612449,0],[108.7343627749338,24.52701242608093,0],[108.7344018599276,24.527022637372689,0],[108.7344548559321,24.52707716131923,0],[108.73446046735251,24.527108465050819,0],[108.73447625221679,24.52713648016357,0],[108.7345105282579,24.5273150670968,0],[108.73455028984409,24.527492441085251,0],[108.7346456796965,24.527650566434691,0],[108.7347453137796,24.52780661817787,0],[108.7348696343789,24.527952757400989,0],[108.73503142172861,24.52808324614675,0],[108.7351368040943,24.52823443985557,0],[108.7352091589706,24.52839859733248,0],[108.7352614669735,24.528571367269471,0],[108.73530460693929,24.52874874800828,0],[108.735326133985,24.528936627507829,0],[108.735373082348,24.52911436068306,0],[108.73546726159751,24.529270941307431,0],[108.735540340062,24.529437501802761,0],[108.7356507805503,24.529586142714241,0],[108.7357430849619,24.529743466227089,0],[108.7357981082949,24.5299200052255,0],[108.735923350979,24.530060559951622,0],[108.7360451361439,24.530202299602269,0],[108.7361598300956,24.530347385060491,0],[108.7361651072392,24.530348509417209,0],[108.73628694694629,24.530374470212681,0],[108.7364018664381,24.530398957090661,0],[108.736429395346,24.530404822409029,0],[108.73642517801871,24.530423486701871,0],[108.7364099787623,24.530490763818548,0],[108.73637522141691,24.53064460231862,0],[108.7364774593707,24.530796257184161,0],[108.7365740968157,24.53095136979055,0],[108.73664405941651,24.531123174545289,0],[108.7367703487926,24.531260598055908,0],[108.7369555878568,24.531359728367018,0],[108.7370603629647,24.531509645238589,0],[108.73714459933839,24.53167356031782,0],[108.73727676421819,24.53180554535205,0],[108.7373845646888,24.531954105694041,0],[108.7374187986094,24.53215543687184,0],[108.7375870358203,24.532261730690269,0],[108.7377459692067,24.53237355315342,0],[108.7379013005711,24.53248700177285,0],[108.73796066686511,24.5326737594456,0],[108.73808069366051,24.532814697951459,0],[108.73824907222181,24.53291690533802,0],[108.738284261898,24.532970403679709,0],[108.7383512579797,24.533072256750881,0],[108.73846029113641,24.53322279447621,0],[108.73855837081349,24.533383482158609,0],[108.7387625614261,24.533452715601118,0],[108.73890968935081,24.533570361391671,0],[108.7389928117813,24.53374579270799,0],[108.7392082441396,24.533800500195412,0],[108.7393714112264,24.533901830865929,0],[108.7395040353299,24.53403206383858,0],[108.7396660607119,24.53413415808863,0],[108.7397846458168,24.53427926211236,0],[108.74000580445281,24.534322077250529,0],[108.74023071911169,24.534359665637432,0],[108.74028800432021,24.534568756693471,0],[108.7403231715858,24.534802940011549,0],[108.74042413276641,24.534970392823471,0],[108.7405915685484,24.535068871923809,0],[108.74072642024051,24.535201750525172,0],[108.7409049348701,24.535288945493861,0],[108.7410235526516,24.53543935289726,0],[108.7411876765032,24.5355418413657,0],[108.7413693008627,24.535625901468091,0],[108.7415208505336,24.535741632482051,0],[108.7416545952249,24.5358761126243,0],[108.74179010758471,24.536008731494949,0],[108.7419298199702,24.536136927746629,0],[108.7420723220015,24.536262186115572,0],[108.7422166332194,24.536390126548319,0],[108.74254446226919,24.53654965712558,0],[108.74244738386309,24.53665188624645,0],[108.7428551581236,24.53697592134851,0],[108.74285661365749,24.536977078731461,0],[108.74291706178229,24.53702511350772,0],[108.7431442587316,24.537205652577459,0],[108.7434522318206,24.53711918740218,0],[108.7434879554571,24.537124713087739,0],[108.7435911466613,24.537140674176719,0],[108.7437860919331,24.537210708124491,0],[108.7438544559775,24.537240623126291,0],[108.7439707931584,24.537291529700749,0],[108.74413151453849,24.537397603829891,0],[108.74427014999419,24.53752693518263,0],[108.7443236201953,24.537587593612582,0],[108.744363453379,24.537632780235651,0],[108.7443960130357,24.53766971727795,0],[108.744416649091,24.537691559549451,0],[108.7444179937126,24.537692982873779,0],[108.7444246890085,24.537700068938861,0],[108.74446632758711,24.53774414074816,0],[108.74451328609329,24.53779384293523,0],[108.7445264065919,24.53780772931383,0],[108.7445454808842,24.53782964156655,0],[108.74459571972641,24.537887355717292,0],[108.7446064059926,24.537899631859,0],[108.7446380802738,24.537936018023181,0],[108.744651449298,24.537951376456508,0],[108.7447573213548,24.538127316663878,0],[108.7447627765614,24.538384792888088,0],[108.7449064294846,24.53850884209545,0],[108.74507983470851,24.538601560362491,0],[108.74524216030019,24.538705946193769,0],[108.7454002923448,24.53881474897943,0],[108.7455687012594,24.538912727329379,0],[108.74569905620071,24.539050781803329,0],[108.74583717135521,24.5391806639721,0],[108.7459860881163,24.539299171149018,0],[108.7461362939011,24.539416321275532,0],[108.746285560373,24.539534459894458,0],[108.74643853642991,24.53964869274289,0],[108.7465697404763,24.5397858539067,0],[108.7466976209034,24.53992650700399,0],[108.7468529722686,24.540038238759038,0],[108.7470398284659,24.540116800611649,0],[108.74721445947161,24.540208228351489,0],[108.7473897851271,24.54029892662718,0],[108.7475667989313,24.540387845123622,0],[108.7477334717114,24.540487654936371,0],[108.7479090364377,24.540578100439831,0],[108.7480826477173,24.540670603769339,0],[108.74828572552779,24.5407320748048,0],[108.748246921732,24.541048274073109,0],[108.7483997395554,24.541162675343251,0],[108.7486251004526,24.541200679295731,0],[108.74882588240889,24.541264569519338,0],[108.748860487678,24.54150345553542,0],[108.7489356039581,24.54169968569844,0],[108.74906011813179,24.541843900302769,0],[108.7492295419656,24.541871980978641,0],[108.7492808796368,24.541886750400209,0],[108.74935609222049,24.541876376867979,0],[108.74966182018279,24.54189858068931,0],[108.7498177787503,24.542147344028631,0],[108.7499819567908,24.542387452245361,0],[108.7502167370903,24.542553206817541,0],[108.7504753290808,24.542693885920471,0],[108.7507580416159,24.542809162905961,0],[108.7508523838646,24.54312281743378,0],[108.75095325348,24.543360764391039,0],[108.7509953962726,24.543385218587609,0],[108.75109759764091,24.54342637514511,0],[108.7511300087326,24.54342799301887,0],[108.751212342802,24.543456925900671,0],[108.751260385185,24.5434761950138,0],[108.75128577449421,24.543469877442391,0],[108.75139303894871,24.5434898300118,0],[108.7514184509001,24.5434959314619,0],[108.7514571985773,24.543458869979862,0],[108.7515266511454,24.543471838525811,0],[108.75161292547359,24.5434910596047,0],[108.7516352493076,24.543486548314512,0],[108.7516756978381,24.54349478650791,0],[108.7517655079305,24.543510462821509,0],[108.7518073565125,24.543502237737389,0],[108.7518266907833,24.543503160543452,0],[108.7520314978504,24.543515918825509,0],[108.7520677192132,24.543552428707741,0],[108.7520716377352,24.543624193270819,0],[108.7520136124506,24.54372214054661,0],[108.7520577785475,24.543786130288311,0],[108.7520595525491,24.543792010089462,0],[108.75204114182689,24.543828312187419,0],[108.75207415292221,24.543881889249739,0],[108.752079318741,24.543897001726531,0],[108.75203629331951,24.543982823360619,0],[108.7520923870088,24.5440608103442,0],[108.752139159755,24.544133578049841,0],[108.7521379742422,24.54416019347055,0],[108.7522333350495,24.54427960678381,0],[108.75223502261041,24.544283897267889,0],[108.75222895720739,24.544299659779568,0],[108.7522965603887,24.544382068712629,0],[108.7523352398745,24.54443353207143,0],[108.7523915697453,24.54443488588177,0],[108.7524690643767,24.544443548349019,0],[108.75250812433,24.544451234437581,0],[108.7525422518263,24.544459282762752,0],[108.7525866098111,24.544462868270781,0],[108.7526550469501,24.544487821766118,0],[108.75269838802561,24.54451582362077,0],[108.752797746028,24.54457012731708,0],[108.752850755673,24.5446111274186,0],[108.752874205089,24.544631479320248,0],[108.7529159191792,24.544675416477869,0],[108.75294322526361,24.544701677478809,0],[108.75296802817471,24.544720771392619,0],[108.7529889949012,24.544742674864679,0],[108.7530025130108,24.54476304203682,0],[108.7530057161171,24.54477470493568,0],[108.7530075730585,24.5448207603595,0],[108.7530168894484,24.54485809406075,0],[108.7530292651212,24.544891095525031,0],[108.7530405069305,24.544930563642819,0],[108.7530431412065,24.544945967675019,0],[108.7530431174209,24.544949919136752,0],[108.753080775458,24.544963941264541,0],[108.7531139103733,24.54497398949454,0],[108.7531343174382,24.544983139862559,0],[108.7531665293981,24.544995471235431,0],[108.7531775283658,24.54500020629213,0],[108.753204159836,24.545011974230459,0],[108.7532152581034,24.545000280518622,0],[108.7532580735041,24.545007465578529,0],[108.7533030448292,24.5450153900414,0],[108.7533475280555,24.545025038476322,0],[108.75337170790181,24.54503067270258,0],[108.7533998681582,24.545036327659751,0],[108.75344037615061,24.54503029437587,0],[108.7535272424999,24.54502844927962,0],[108.753580922059,24.545025889819669,0],[108.7536237682377,24.545027979492819,0],[108.75366018495239,24.545040539804781,0],[108.75369329616,24.545054538464321,0],[108.7537209347966,24.545071005512678,0],[108.7537459306881,24.5450921385472,0],[108.7537723734775,24.545121373758889,0],[108.7537869672004,24.54515193024957,0],[108.7537976909279,24.545187730307919,0],[108.7538129023478,24.545219420271309,0],[108.7538105529102,24.545273999720791,0],[108.753794459462,24.545340470312759,0],[108.75381020101121,24.545419584565121,0],[108.753817348331,24.545443031197411,0],[108.75381345286191,24.545464329422671,0],[108.7538317558778,24.545492301742868,0],[108.75385869148,24.54553049337526,0],[108.7538726310312,24.545551817077651,0],[108.75388875157741,24.545572127819671,0],[108.7539040384344,24.545570518512221,0],[108.7539413134656,24.54557671999434,0],[108.7539687905432,24.545597340456759,0],[108.7539957894266,24.545615230677392,0],[108.7541260305007,24.545610182917279,0],[108.75417481659331,24.545621244955061,0],[108.7542190465568,24.545628599600011,0],[108.7542452592084,24.545631685880611,0],[108.7542947636509,24.545647013395921,0],[108.7543231699518,24.5456627569955,0],[108.7543743706166,24.545684299564471,0],[108.75440712526969,24.545692270370381,0],[108.7544369782786,24.545649732317919,0],[108.7544451139123,24.54563988773203,0],[108.7544714046368,24.545610976471131,0],[108.7544971481764,24.545587276818,0],[108.7545015550814,24.54558302808455,0],[108.75453478034051,24.54556094392289,0],[108.7545728368725,24.54554253143877,0],[108.75461265217859,24.5455304005127,0],[108.7546555268224,24.545523689728419,0],[108.7546988552326,24.545521561733668,0],[108.7547580000283,24.545527979437619,0],[108.754815491513,24.545555146101592,0],[108.7548365675116,24.54556092742941,0],[108.7548752029394,24.54558500265998,0],[108.754902993872,24.545591086182618,0],[108.7549870355578,24.545598737780761,0],[108.75498720937721,24.545588698318468,0],[108.75498693050071,24.545564198148,0],[108.7549897551617,24.545477466637941,0],[108.7549920367434,24.545382610378191,0],[108.754995636465,24.54528752273189,0],[108.7550497378121,24.54525714597122,0],[108.755086212788,24.54524016311289,0],[108.75513101121609,24.54522428324865,0],[108.75517028651331,24.54522237402459,0],[108.7552055528441,24.545225071748479,0],[108.7552342042415,24.545234275323189,0],[108.7552621356852,24.545252299668451,0],[108.7552906674014,24.54527711781418,0],[108.7553063849535,24.54530294713209,0],[108.7553251932472,24.54534273194032,0],[108.7553547266503,24.545388799425659,0],[108.7553738609479,24.545414127744,0],[108.7554321730163,24.545491458643369,0],[108.75548471528489,24.545583577504718,0],[108.75551010622959,24.545658249517039,0],[108.7555174134755,24.545696479613259,0],[108.7555359667555,24.545769300937891,0],[108.7555579611642,24.545831849764149,0],[108.75557467757621,24.54586755826465,0],[108.7556150948248,24.545846350507851,0],[108.75564814376909,24.54584115204138,0],[108.7556774941128,24.545847888417509,0],[108.7557407776948,24.54587545540042,0],[108.75576789990281,24.54588307408158,0],[108.7558731914871,24.54588017744555,0],[108.7559075999701,24.54588939716335,0],[108.7559439638985,24.545902293903811,0],[108.7560044604448,24.545925906254709,0],[108.7560534891353,24.545944630817129,0],[108.7561041366851,24.545963400507311,0],[108.75613993977331,24.545981186602539,0],[108.7561889901758,24.546013569631551,0],[108.7562450211805,24.546059283760179,0],[108.7563331076349,24.546157623618029,0],[108.75637271967931,24.54621413751628,0],[108.7564052225877,24.5462574410062,0],[108.7564397082641,24.546302552680821,0],[108.7564602575531,24.546340282964529,0],[108.7565021445625,24.546416867102032,0],[108.7565225429765,24.546445396394489,0],[108.7565382243359,24.546482732215139,0],[108.7565256848232,24.546533838468051,0],[108.7565202853939,24.546552125500039,0],[108.75654907923921,24.5465950530631,0],[108.75661370343509,24.54660119337245,0],[108.75671076245889,24.546536752702181,0],[108.7567839965114,24.546511934125562,0],[108.75691188226629,24.546411444322519,0],[108.75698215999461,24.546387393386858,0],[108.75702683114061,24.546341397833949,0],[108.7570877541156,24.54635459437047,0],[108.7571044956069,24.546358220609321,0],[108.7571699834976,24.546376894649349,0],[108.75727470574709,24.546411444178471,0],[108.75731364156189,24.54642115720408,0],[108.7573429416973,24.546432645582751,0],[108.7573735415948,24.546448729649288,0],[108.7574045168176,24.546471106704189,0],[108.7574275460359,24.54649444267087,0],[108.75746904564561,24.546543386248139,0],[108.7575284450333,24.546638939168069,0],[108.75757251203321,24.54671635791502,0],[108.7576301326519,24.54679375819148,0],[108.7576763282442,24.54684712686344,0],[108.75766536749769,24.546907306034459,0],[108.75770755605789,24.546954578696621,0],[108.7578208267324,24.54724193806474,0],[108.757570985844,24.547445946003389,0],[108.75754130274881,24.547503026208489,0],[108.7575233731568,24.54753890042295,0],[108.757496097933,24.5475586334688,0],[108.7574849027622,24.547613654582719,0],[108.75745739851691,24.547671185130021,0],[108.7574221123959,24.54772694836355,0],[108.7574013676342,24.547814708749328,0],[108.7573818127571,24.547846359920531,0],[108.7573585861834,24.54789950596761,0],[108.7573423326842,24.547931823028911,0],[108.75732380261449,24.547989182086479,0],[108.757307325222,24.548019553938659,0],[108.7572723391294,24.5481318946132,0],[108.757268088287,24.548143889143979,0],[108.7572872548932,24.54816344936004,0],[108.75730478650129,24.54818060653982,0],[108.757312717854,24.54818080412295,0],[108.75732887392959,24.548179760635559,0],[108.7573674948101,24.5481865710683,0],[108.7574079901112,24.548195714711749,0],[108.7574472979793,24.548203028115559,0],[108.75748998632029,24.548193275179951,0],[108.7575684387225,24.548211434314641,0],[108.7576166667277,24.548224505730861,0],[108.75765187315049,24.5482336785939,0],[108.75768260036359,24.548221914803651,0],[108.757737887953,24.54824466158767,0],[108.75777484422311,24.54826582137396,0],[108.7578007318203,24.54828303850563,0],[108.75782531599209,24.548301461036939,0],[108.7578571979144,24.548331252227982,0],[108.757885119207,24.548358908456841,0],[108.75792003237591,24.54839383819743,0],[108.7579576825144,24.548431909281781,0],[108.7579705847035,24.548446645910161,0],[108.75799448534779,24.5484730142462,0],[108.7580262483892,24.548506166033579,0],[108.75807033202641,24.548553180786779,0],[108.7581009851814,24.54858360731842,0],[108.75814233601351,24.548622743947849,0],[108.75818094997091,24.548661704751421,0],[108.75820715014839,24.54869346444735,0],[108.7582252178365,24.548718824818909,0],[108.75823962366511,24.5487434859186,0],[108.75825645726439,24.548771569770949,0],[108.7582523794797,24.548801503812388,0],[108.758269373235,24.54885573411531,0],[108.7582796843212,24.54888813161141,0],[108.758286218337,24.548939246769709,0],[108.75829040272809,24.549001250080011,0],[108.7582754293913,24.549032741099289,0],[108.7582725193077,24.54907583046251,0],[108.7582649410494,24.549121571210531,0],[108.7582611748219,24.549160318136991,0],[108.758247554778,24.54923157210408,0],[108.7582681004955,24.549317622731849,0],[108.7583641536564,24.549408738936592,0],[108.75850104043241,24.549540368182591,0],[108.7586368955476,24.54967288718311,0],[108.758771712066,24.549806291462058,0],[108.75890548499819,24.5499405720198,0],[108.7590382074136,24.550075725282969,0],[108.7591049401418,24.55014441985838,0],[108.7591228342997,24.550164660586049,0],[108.75916661135621,24.550214357700611,0],[108.759290557621,24.550356462762782,0],[108.75941335005319,24.5504993300318,0],[108.7595349826863,24.55064295231854,0],[108.75965545152179,24.550787321521192,0],[108.7597815016655,24.55092737984511,0],[108.7599064958514,24.551068227868079,0],[108.7600303868517,24.551209890205062,0],[108.7601531686839,24.551352356958649,0],[108.7602748353922,24.551495622745112,0],[108.7603912024146,24.551634651471179,0],[108.76047481040089,24.551617623641359,0],[108.7605322825948,24.551648130102649,0],[108.7605466699253,24.551657480417521,0],[108.76058493867789,24.551695055675879,0],[108.760743286227,24.551855804601239,0],[108.7608926192906,24.5519819070891,0],[108.7610573911587,24.55209854288313,0],[108.7611742499536,24.55224702568669,0],[108.7612850299835,24.55239939924672,0],[108.76140094653439,24.5525484986807,0],[108.7615199484147,24.552695755266392,0],[108.7616667950338,24.552826265889241,0],[108.76179991816871,24.552965649326161,0],[108.76192682557431,24.553109123718219,0],[108.7619387769479,24.55313720471106,0],[108.7619467064833,24.553155835289711,0],[108.7619537399551,24.553172362477749,0],[108.7619569087565,24.553179805877171,0],[108.7619796531494,24.55323324740862,0],[108.762001014876,24.553283437000712,0],[108.7620278901525,24.553484089714281,0],[108.76206170750039,24.5536794253354,0],[108.76212021360089,24.55385988339355,0],[108.7622136114848,24.554020623183568,0],[108.76236713418071,24.55414912589017,0],[108.7624674301854,24.55430650850197,0],[108.7625659909136,24.554464807080411,0],[108.7626632265417,24.554623790255349,0],[108.7626754481723,24.55464362951848,0],[108.7627603570246,24.55478329838871,0],[108.7626810753404,24.55487409271014,0],[108.76275177215641,24.554993803294959,0],[108.7628910562746,24.555234252426452,0],[108.7630275163889,24.55547605177528,0],[108.76316113752461,24.555719175245329,0],[108.7632919027111,24.555963593139509,0],[108.76330923865051,24.555996698516239,0],[108.7634680549014,24.555966852741069,0],[108.7636177552763,24.5560662904808,0],[108.7636274396073,24.556192881705751,0],[108.7636376001611,24.556216875841852,0],[108.7636618290104,24.556265538526681,0],[108.7637025897491,24.55631360648853,0],[108.7637035639523,24.556314587353921,0],[108.76376488547371,24.55633694646064,0],[108.763878809417,24.556316682000261,0],[108.7638663934149,24.5564184539953,0],[108.76369377521949,24.55659381737086,0],[108.7637999890168,24.55674955487731,0],[108.76391866913031,24.556900565519161,0],[108.7640292210608,24.557055101870731,0],[108.7641469954347,24.557207053057279,0],[108.764290477233,24.557349414789162,0],[108.76444423580411,24.55748828297639,0],[108.76444216461481,24.5576858455156,0],[108.7644002022608,24.55789749915251,0],[108.764453906734,24.558161099198941,0],[108.76435246165789,24.558198201185981,0],[108.7643819138643,24.558265310178179,0],[108.7644278189573,24.558370191562759,0],[108.7644918903968,24.558517058783789,0],[108.76453754322441,24.558621977517468,0],[108.7646013436156,24.558768865014841,0],[108.7646468633356,24.55887377625897,0],[108.7650654376405,24.5598388057857,0],[108.76511654769379,24.559820262065362,0],[108.7651914293389,24.55994363058829,0],[108.7653382866287,24.560084590137709,0],[108.765466106588,24.560232456558751,0],[108.7656299930397,24.560367236666728,0],[108.7658151856929,24.560494286422529,0],[108.7659235641527,24.56064920689062,0],[108.7659899111934,24.560819377076289,0],[108.7660343211961,24.560997507221391,0],[108.7660072377633,24.561201576498139,0],[108.76601983817631,24.561391248353239,0],[108.7660198764258,24.56158547793342,0],[108.7660165936409,24.56178091150263,0],[108.7660347725549,24.5619685590101,0],[108.7661883017407,24.56207914507727,0],[108.7662209812832,24.562154483830291,0],[108.76619601270011,24.5622985430454,0],[108.7663449667947,24.562438741554239,0],[108.76649937949389,24.562576960402708,0],[108.7666813182818,24.562705190974519,0],[108.76671420059149,24.5627329745473,0],[108.76675640034139,24.56276863141122,0],[108.76684214627269,24.562841081128461,0],[108.7670316182454,24.562966578223929,0],[108.767098605195,24.563130821634939,0],[108.7671006292653,24.56313578276125,0],[108.7670912687303,24.563182954723349,0],[108.7670890258229,24.56319426131509,0],[108.76707021569869,24.563289059771929,0],[108.7670590968178,24.563345094827579,0],[108.767059234589,24.563346810248952,0],[108.7670698561661,24.56347895540193,0],[108.76707426673779,24.56353383352792,0],[108.7670310913289,24.56374374253345,0],[108.7670121847172,24.563944846278989,0],[108.7670773985113,24.56411542966045,0],[108.7673279168682,24.564218778103729,0],[108.7674659460488,24.56436294082873,0],[108.767464234447,24.56437769140673,0],[108.76744241594309,24.564565721980621,0],[108.767435759173,24.564762381425279,0],[108.76741173355281,24.56496534202622,0],[108.76743651992879,24.565150592195359,0],[108.7675880110345,24.565289870954789,0],[108.76766278588239,24.56545698481191,0],[108.7676781963896,24.565645637293141,0],[108.7677038830039,24.565762575555279,0],[108.7678550961534,24.56595051619751,0],[108.7677353562693,24.56599396166423,0],[108.7678032533193,24.56615048152522,0],[108.76780395913509,24.566152109192348,0],[108.767850280471,24.56625888928216,0],[108.7683068475985,24.56731137552454,0],[108.76839059167359,24.567504419734451,0],[108.7685085529848,24.56746162014252,0],[108.7685555932586,24.56757167147412,0],[108.76853332090231,24.56769543969703,0],[108.7685350514241,24.5677433721312,0],[108.7685651625787,24.5677810084179,0],[108.7686108493745,24.567832416989,0],[108.7687598945578,24.56797258347731,0],[108.7688880290893,24.56812033667541,0],[108.76904035079239,24.56825931438323,0],[108.76912828806439,24.56842165237143,0],[108.76913229576741,24.568614443202371,0],[108.76915448039971,24.56880063875586,0],[108.7691545336607,24.568994863463519,0],[108.7692314714884,24.56925831454895,0],[108.7691623339817,24.5692833991507,0],[108.7692515222308,24.569488973092248,0],[108.7693608580674,24.56974049227307,0],[108.76947070730461,24.569991630485109,0],[108.76958148063611,24.5702422339681,0],[108.7696078784039,24.570301080949928,0],[108.769617462585,24.570322446033689,0],[108.7696419429578,24.570377020175069,0],[108.7696451993973,24.570384278771019,0],[108.7696679704968,24.57043504031456,0],[108.7696935877601,24.570492147160088,0],[108.7697773783992,24.570675455887741,0],[108.76980058097421,24.570726216105442,0],[108.7698074333919,24.5707412063986,0],[108.76982309745711,24.57077470490448,0],[108.7698279343951,24.570785047325192,0],[108.769848536439,24.57082910529396,0],[108.76992341925509,24.570989242618669,0],[108.7700219930239,24.571195029843331,0],[108.7700828006805,24.571170379205441,0],[108.7701793074779,24.571332025381139,0],[108.7703205787942,24.5714694088064,0],[108.7704873303805,24.57159453158631,0],[108.77055840939281,24.571760369890331,0],[108.7705513524496,24.571961828439161,0],[108.7705894886855,24.572144242607461,0],[108.77062040936531,24.572207114157951,0],[108.7706327940444,24.572232296996461,0],[108.77063505208091,24.572236889449531,0],[108.7706594905877,24.57228658065841,0],[108.7706698771275,24.572307698720241,0],[108.7706849641754,24.572337328196571,0],[108.7707526241855,24.57247020656845,0],[108.7710497070312,24.572527272771971,0],[108.77126765370519,24.57261994069172,0],[108.7712930427782,24.57280889258713,0],[108.7713028750567,24.57300744447549,0],[108.7713581641403,24.573183526285391,0],[108.7713807386403,24.573378364015451,0],[108.7714435273485,24.5735525052942,0],[108.7715729969465,24.573689678845611,0],[108.7716554173803,24.573853473310539,0],[108.7717094526498,24.5739758832324,0],[108.7716693956894,24.573999368423539,0],[108.7718029487886,24.574187609004959,0],[108.7719661542,24.57441172968521,0],[108.7721325435721,24.574633883018649,0],[108.7723020870837,24.574854033940529,0],[108.7724747578466,24.5750721428573,0],[108.77265052405821,24.575288173811529,0],[108.7728293578586,24.575502089922789,0],[108.77301122743251,24.575713853428169,0],[108.773165082984,24.575888654956429,0],[108.7732416776813,24.575889358642069,0],[108.77338732385709,24.576017268358939,0],[108.7735491909158,24.57612627420475,0],[108.7737059967924,24.57623829485339,0],[108.7738432260433,24.576365209181208,0],[108.77388912546689,24.57641693717866,0],[108.773984041165,24.5763779176633,0],[108.7739932489016,24.576411400100561,0],[108.77405324930859,24.576475842972052,0],[108.77406052574111,24.576484998231539,0],[108.774111932482,24.576537488661859,0],[108.7741863533652,24.57661554117453,0],[108.7743099872453,24.57672239371875,0],[108.77432923236159,24.576740727935849,0],[108.774439772988,24.576804770909661,0],[108.7744981436624,24.57684941214178,0],[108.7745621969415,24.576898610975881,0],[108.77465337458329,24.576970714655719,0],[108.774839761901,24.57704239626467,0],[108.7748463181115,24.577047110976739,0],[108.7748921814817,24.5770755389981,0],[108.77491187055681,24.577083696921651,0],[108.77495370927031,24.577089184319089,0],[108.77504405274981,24.577097051837828,0],[108.7751818061069,24.5771541213578,0],[108.77527209558311,24.577201805467219,0],[108.775355410211,24.577252454829029,0],[108.77540032123061,24.577367657589939,0],[108.7754206253133,24.57738959357679,0],[108.775441459324,24.577514930797129,0],[108.77538583549349,24.577601500551442,0],[108.77537648264649,24.577612036781321,0],[108.775327385964,24.577777032243009,0],[108.7754530969829,24.5779154691549,0],[108.775590421794,24.57804304933153,0],[108.7757222535899,24.578176623901609,0],[108.7759339540909,24.578228971459971,0],[108.7761092102115,24.578317909665358,0],[108.77627342564919,24.578418183447649,0],[108.7764041886571,24.578553713730741,0],[108.7765501040906,24.5786738362756,0],[108.7766885781742,24.57880225263812,0],[108.77681085422221,24.57894835681736,0],[108.7768980476811,24.579098935295828,0],[108.776910006561,24.579119587075908,0],[108.7770187392555,24.57928095320473,0],[108.7771634000627,24.579404058837941,0],[108.7773593898967,24.579472382714819,0],[108.777484175296,24.579486617671058,0],[108.7775655344539,24.579529868827681,0],[108.777651069594,24.5797160776688,0],[108.77777672389981,24.5798594679718,0],[108.7779237692906,24.579980029230271,0],[108.77807832934209,24.580092570360119,0],[108.77820167292521,24.580238427684542,0],[108.7783935592423,24.5803111307226,0],[108.7785790680809,24.5803906406667,0],[108.77874870500889,24.580487091179531,0],[108.7789377155337,24.580562865067041,0],[108.77913838419509,24.58062619547113,0],[108.77944597577959,24.580575410782259,0],[108.7795994149659,24.580689149528411,0],[108.779726261087,24.58083126991934,0],[108.7798407944934,24.580986531991769,0],[108.7799504912426,24.581146955625,0],[108.7799784515924,24.581394616602012,0],[108.78006175359521,24.581557871512789,0],[108.7800701250753,24.581574277040989,0],[108.780090550216,24.581612008835631,0],[108.78016533828119,24.58175016095867,0],[108.780225446079,24.58177795018247,0],[108.78034675872659,24.58183403563034,0],[108.78050971233191,24.581937620584931,0],[108.7806205091992,24.58209687163162,0],[108.7807718427277,24.582212857014461,0],[108.7809326465765,24.582284053182779,0],[108.781012260647,24.582165617516448,0],[108.78102799108009,24.582106900969588,0],[108.7810252288681,24.582030653357279,0],[108.7810146155385,24.581989298663149,0],[108.7809695183886,24.581869705093482,0],[108.7809393355451,24.58178472388801,0],[108.7808929921915,24.58169753078888,0],[108.78087368756179,24.581634209555919,0],[108.7808577380071,24.58151030678356,0],[108.7808601078705,24.581472660936289,0],[108.7808581970194,24.581396773606691,0],[108.7809453501917,24.581395555303612,0],[108.7809463529359,24.581471454561679,0],[108.7809436144419,24.581505210595111,0],[108.78097016773449,24.581613673823519,0],[108.7809940086952,24.5816674511905,0],[108.7810411577598,24.5817406502682,0],[108.7811015551321,24.5818125528906,0],[108.7812004768671,24.581908849101929,0],[108.7812461090213,24.581981288645391,0],[108.7812750080185,24.582137127332938,0],[108.78123118090031,24.582256692802151,0],[108.7811623767353,24.58235105142121,0],[108.7814618649199,24.58230891314636,0],[108.78165859996869,24.582376442916281,0],[108.7818081126114,24.58249437577026,0],[108.78193874078561,24.582632462756351,0],[108.7819820890431,24.58286370368879,0],[108.782078069888,24.58303876984111,0],[108.78211522743121,24.58310099884368,0],[108.7821197077846,24.583093582112259,0],[108.782270410846,24.5829746375894,0],[108.7824018605282,24.582839910986969,0],[108.782407599453,24.582833906820749,0],[108.7824813760501,24.582894382842088,0],[108.78248859722611,24.582911009957,0],[108.7823430552754,24.583034185218882,0],[108.7822310053094,24.58318481393492,0],[108.7821886926728,24.583223715326739,0],[108.782280437853,24.583377794698372,0],[108.7824190250565,24.583507387500919,0],[108.7826096035536,24.58358149103471,0],[108.7827559958973,24.583702753969039,0],[108.78290147057329,24.58382499738887,0],[108.7830498867023,24.58394410007152,0],[108.7832149135612,24.58404547391666,0],[108.7833848413345,24.584141616867381,0],[108.7835164683901,24.58427864007961,0],[108.7836038711859,24.584462864783131,0],[108.78377618982709,24.584556456317749,0],[108.78394566268,24.584653085747281,0],[108.7841179759499,24.58474668412811,0],[108.7842981763896,24.5848318637808,0],[108.7844817742609,24.584913416350489,0],[108.7846549424812,24.585006103291789,0],[108.784808673187,24.585119534332058,0],[108.78496218645451,24.585233198346309,0],[108.7851099893044,24.58535295749239,0],[108.78524712423931,24.5854841033318,0],[108.78533176873511,24.585671274328462,0],[108.78544553580021,24.585827361821369,0],[108.7856013806672,24.585938535859722,0],[108.7857638623049,24.586042628296,0],[108.7859178532108,24.586155785060448,0],[108.7860548404921,24.5862329559457,0],[108.7863822917114,24.586167241054252,0],[108.7865847170102,24.58632438756829,0],[108.7865620002282,24.586634897760931,0],[108.7866552375306,24.586756328722011,0],[108.7867515495892,24.58693104865214,0],[108.7869219595522,24.5870266802919,0],[108.78707921550961,24.587136352219009,0],[108.7872755373031,24.587204326123128,0],[108.78741477620861,24.58733322910005,0],[108.7875373727633,24.587479893755908,0],[108.7876482030716,24.58763911920817,0],[108.78782276403621,24.587730320890369,0],[108.7881188328094,24.587691829645252,0],[108.7882732759939,24.587804503976638,0],[108.7883608177244,24.58798858770324,0],[108.7884123560119,24.588211099101819,0],[108.7885826149702,24.588306892973129,0],[108.78858491843791,24.588308498622538,0],[108.788664811081,24.58836419731848,0],[108.7887398935693,24.588416542205039,0],[108.7888488050215,24.588577816050861,0],[108.7890487830866,24.588641886624391,0],[108.7892091585915,24.58874823133328,0],[108.7893957142352,24.588826631483521,0],[108.7895302487329,24.588960556440512,0],[108.78961570521309,24.589146867422869,0],[108.78975837817229,24.589272106638148,0],[108.78989837997931,24.58940019703801,0],[108.7899825748554,24.589461624698171,0],[108.79000561762621,24.589478436517979,0],[108.790052821947,24.589512875770762,0],[108.7901894326567,24.5895847510397,0],[108.79022698316869,24.589604507261271,0],[108.79041623395629,24.58958336476806,0],[108.7905173830863,24.589572064975648,0],[108.7906802333281,24.589675768087751,0],[108.79083588943659,24.58978715050285,0],[108.7908894312137,24.589898092373559,0],[108.7908966803508,24.589913112014429,0],[108.7909112273595,24.589924506732661,0],[108.7909178271897,24.58992967636684,0],[108.79099083214081,24.589986860658751,0],[108.7910096399348,24.59015674794874,0],[108.7911054978028,24.5903319583208,0],[108.79128851659669,24.590414132731,0],[108.7915062405593,24.590459263775649,0],[108.7916217417568,24.590613509099679,0],[108.79174673638489,24.590757619891761,0],[108.791895785853,24.590876055600159,0],[108.7920538276078,24.590984892855911,0],[108.7922317365734,24.591072523847579,0],[108.79240503356991,24.59116507716454,0],[108.79259510166931,24.591239729118868,0],[108.79272361774279,24.59138008226822,0],[108.7927682424755,24.59142545195537,0],[108.7928567845584,24.591515471917148,0],[108.7929387525507,24.591705510353361,0],[108.79296318037871,24.59174882156919,0],[108.7929846063001,24.59179533436123,0],[108.7929466779094,24.59183581890067,0],[108.7933590935684,24.5921588603387,0],[108.7935270501457,24.592290645547429,0],[108.7935840272914,24.592335352258491,0],[108.79358953513049,24.59233969429566,0],[108.79362241944889,24.59236561828008,0],[108.7936251490566,24.592367769565818,0],[108.7937327718091,24.59245261048585,0],[108.793733486212,24.592453173640472,0],[108.79380866227611,24.592512435792528,0],[108.7940327062676,24.59269042122046,0],[108.7942558590737,24.592869612546341,0],[108.7944778145732,24.59305031290446,0],[108.7946982626508,24.593232818230049,0],[108.7948369527449,24.59334947118618,0],[108.79490654314,24.593280758252721,0],[108.7949938324705,24.593342054700489,0],[108.79501937576,24.593383765424338,0],[108.7951307585701,24.593541061907231,0],[108.7952717188589,24.593669534663778,0],[108.795409416467,24.593800987309379,0],[108.79557137602519,24.593910198105831,0],[108.7958278283709,24.59393546091658,0],[108.795968070288,24.594066623341611,0],[108.7959865084261,24.594303176337409,0],[108.7961416090433,24.594419994030179,0],[108.79630364633719,24.59453159043332,0],[108.7964251541264,24.594677251083951,0],[108.79656792878831,24.59480542046979,0],[108.7966581303602,24.594975559131761,0],[108.7968455740088,24.595068847430358,0],[108.7969886695319,24.595197655639652,0],[108.797140437675,24.595320343251942,0],[108.79719785826831,24.5955133590171,0],[108.79737443845271,24.595618146371031,0],[108.7972389729137,24.59571641831625,0],[108.79732688404179,24.59581837844361,0],[108.7973619967669,24.595859469323191,0],[108.7974831373888,24.596002878654581,0],[108.7975205197403,24.596047656896371,0],[108.7976597000721,24.596216609201448,0],[108.79789428990119,24.596509683362012,0],[108.7981232715086,24.59680644385222,0],[108.7983465751874,24.597106799890678,0],[108.7985641332026,24.597410660685352,0],[108.79877587978029,24.59771793362809,0],[108.7989817511303,24.598028527905509,0],[108.7991816844134,24.598342347282411,0],[108.79937562076,24.59865929911318,0],[108.7995634992896,24.598979285346111,0],[108.7996836321514,24.599191161776019,0],[108.7997675515801,24.599342776816339,0],[108.7998797175711,24.599550355930049,0],[108.7999551054081,24.599516776072321,0],[108.8000337500812,24.59968440286368,0],[108.8000848455721,24.599863625467179,0],[108.80017752004569,24.600024902662359,0],[108.8002773378217,24.60018347061262,0],[108.80037595757921,24.600342873572089,0],[108.80046358220029,24.600506902784009,0],[108.80053679491689,24.600676569451359,0],[108.8006007598688,24.6008495928947,0],[108.80068519716581,24.601015049886009,0],[108.8007702507541,24.60118049902956,0],[108.8008538352171,24.601346698886879,0],[108.8009334744507,24.601514457948159,0],[108.8009813236298,24.6016598718449,0],[108.8009910900132,24.601689551549541,0],[108.801048146981,24.601864658927258,0],[108.8011079210915,24.6020387949125,0],[108.8011644940531,24.602213819047591,0],[108.8012223113693,24.602388394188839,0],[108.80127742013541,24.602563688757961,0],[108.8013265614491,24.602740545210452,0],[108.8013476689577,24.602924625651792,0],[108.8014762596729,24.603080850339861,0],[108.80172342552579,24.60320928449055,0],[108.80168247840609,24.6034092432397,0],[108.80163939858021,24.603608141784509,0],[108.8016154194637,24.60380129557311,0],[108.8017022534795,24.603969832780059,0],[108.8017740777163,24.60414212041837,0],[108.80185370967151,24.604313363476741,0],[108.8019407079571,24.604483863100189,0],[108.8020290103414,24.60465490638531,0],[108.80207209947091,24.60471662080451,0],[108.80209072384331,24.604743295842241,0],[108.8021218242661,24.604787839072308,0],[108.80213476467929,24.60480637281691,0],[108.8021456463507,24.604821958359281,0],[108.8021511879676,24.60483843357321,0],[108.8022053713362,24.60499952715465,0],[108.802245299506,24.6051805388645,0],[108.80227661946709,24.605362908121759,0],[108.8022740363277,24.605549924838929,0],[108.80224904573529,24.605625700220219,0],[108.80224134677231,24.605649043618168,0],[108.8022412353843,24.605649382738431,0],[108.8022099125736,24.60574435788277,0],[108.8021574974111,24.605935881259651,0],[108.8021440526657,24.60609145664289,0],[108.80214141541229,24.60612197690077,0],[108.8021447187954,24.606305248366009,0],[108.802115964018,24.60649128154682,0],[108.8021661340221,24.606669206354461,0],[108.80221670912741,24.60684730411003,0],[108.8022855378794,24.60702405334008,0],[108.80241199134269,24.607196520546861,0],[108.8026144231561,24.60736384488607,0],[108.802691363626,24.60754109950409,0],[108.8027545641782,24.607719236218148,0],[108.80269842736691,24.607905314416129,0],[108.8025488009408,24.608097124353431,0],[108.802312282553,24.60829423067327,0],[108.8022937578627,24.608476479194351,0],[108.8023272441156,24.608655108491991,0],[108.80235745756841,24.608833800362561,0],[108.802390570656,24.609012101221939,0],[108.802416159808,24.609190732868161,0],[108.80243058149949,24.609370021664521,0],[108.80243246954819,24.609550195167841,0],[108.8024284527189,24.609633623152948,0],[108.8026337631146,24.609667122014869,0],[108.8026474202471,24.609742634421991,0],[108.8025052434885,24.609946160922021,0],[108.8026658477859,24.610068824926469,0],[108.8025903328429,24.610255726796129,0],[108.80251730347,24.610443467555811,0],[108.8025375928375,24.61062151715241,0],[108.8025985911779,24.610794436927549,0],[108.8026316023187,24.610970540953709,0],[108.8026613327966,24.6111470325881,0],[108.8026891742492,24.611323811427638,0],[108.80271472960131,24.611501014099488,0],[108.802729934606,24.611680066617321,0],[108.80272371041541,24.6118631865299,0],[108.802758401126,24.611984746318559,0],[108.802704391753,24.611994489703989,0],[108.8027532184951,24.612214393123661,0],[108.8028152585445,24.612477617854651,0],[108.8028810492788,24.612740079580849,0],[108.80295057858839,24.61300173412749,0],[108.80302383634429,24.613262538211739,0],[108.8031008084498,24.6135224458635,0],[108.8031814818127,24.61378141381525,0],[108.803265844322,24.6140393978913,0],[108.80334193137359,24.61426215799149,0],[108.8034176836175,24.614475591856529,0],[108.80343842084829,24.61446932627068,0],[108.8035248732471,24.614631865349448,0],[108.8036236808463,24.614790042260189,0],[108.8036888304928,24.614958675633339,0],[108.8037732015263,24.615120834778679,0],[108.8039125951842,24.615263606120958,0],[108.8040511918429,24.615405384060971,0],[108.80412184430379,24.615570727125579,0],[108.8041538519971,24.6157505670099,0],[108.8041430186004,24.615947623543629,0],[108.80419887518519,24.616120077040371,0],[108.80429388894279,24.61627716786651,0],[108.80445576671249,24.616406393865709,0],[108.80459871568981,24.616536377199729,0],[108.80460296684559,24.61654024254798,0],[108.8045938889789,24.61659117559914,0],[108.8045862714734,24.61663391122152,0],[108.8045815929018,24.6166601643247,0],[108.80457151694409,24.61671669515928,0],[108.8045651072359,24.61675265921993,0],[108.80455973713011,24.6169530979688,0],[108.8047163680484,24.617082244285712,0],[108.8047419967094,24.61727038806497,0],[108.8047824367586,24.61735207424308,0],[108.8048441341891,24.617329424062319,0],[108.8049006286156,24.61733748477241,0],[108.804981316359,24.617299714125551,0],[108.8050164654298,24.61732415178022,0],[108.8049854319169,24.617515756445989,0],[108.8049284219754,24.617585443016551,0],[108.80506120861349,24.61772345318435,0],[108.8051964343603,24.61785941360117,0],[108.8052692298692,24.618026480506071,0],[108.8053361391231,24.618197093226389,0],[108.8054137127796,24.61836265759359,0],[108.80555470681909,24.618494184133979,0],[108.8057272344216,24.618434561677208,0],[108.8057762773895,24.61850897508447,0],[108.80587815467391,24.618523641390752,0],[108.8058812740923,24.618729297570379,0],[108.8059330547635,24.61880434983469,0],[108.8058323434806,24.618967322987661,0],[108.8059981403466,24.619082461572141,0],[108.80614516628739,24.619207488006651,0],[108.8062038959599,24.61938549688622,0],[108.8063310529697,24.619522084404458,0],[108.8066400305036,24.61954303882781,0],[108.8066339339053,24.619762707859621,0],[108.8066196471497,24.61999057249691,0],[108.80670221107729,24.6201566753618,0],[108.806843037625,24.620125866276052,0],[108.80688409907251,24.6202183072748,0],[108.80695444438039,24.620303387356682,0],[108.80689360387809,24.62036770496751,0],[108.80694764568869,24.62043559053815,0],[108.80705732010649,24.62058408796257,0],[108.8071955281344,24.620712302112491,0],[108.8072917868226,24.620870812250882,0],[108.80744959157779,24.62098409717732,0],[108.8076488017669,24.6210650340161,0],[108.8077924076086,24.62118693105905,0],[108.80792223814581,24.62131916964497,0],[108.8080601364037,24.621444864182269,0],[108.8081760249937,24.621588209743742,0],[108.80829353902151,24.621730588672651,0],[108.80829857329191,24.62184729152073,0],[108.8084169879574,24.621850183085861,0],[108.8085783178024,24.62203015268134,0],[108.80852023638781,24.622146197235491,0],[108.8086144906645,24.6221877932413,0],[108.8087172622878,24.62234556774813,0],[108.8088839991055,24.622446528583762,0],[108.80903802299569,24.622558267642852,0],[108.8091740432022,24.622686372462169,0],[108.8093067795417,24.622817757300119,0],[108.8094462515752,24.622943078211151,0],[108.8095734209993,24.623080785714389,0],[108.8096922327276,24.623227463422651,0],[108.80980843064781,24.623224981890079,0],[108.8098911040511,24.62329427210301,0],[108.8101733571703,24.623275145233251,0],[108.81029061610511,24.623423311294239,0],[108.81031348830579,24.623670235705369,0],[108.8104560908037,24.623794330001509,0],[108.8106309631261,24.62388484999785,0],[108.8107335756314,24.624051485105891,0],[108.8109432531672,24.624105542569751,0],[108.8112026755399,24.6241070054078,0],[108.8112310900333,24.624331013620431,0],[108.8113485426243,24.624250435830021,0],[108.81141009378391,24.624275018364582,0],[108.81148778285529,24.624318794400729,0],[108.8113834495626,24.624536406934968,0],[108.8115106838795,24.624609554243079,0],[108.8116377175254,24.624751313897178,0],[108.8117841672789,24.62487253436927,0],[108.81189725681411,24.624865306951339,0],[108.812049891463,24.624812352838561,0],[108.81228433331449,24.62489571915474,0],[108.8122975982085,24.624916986337279,0],[108.8122871281214,24.624935304277422,0],[108.812256729868,24.62502980409614,0],[108.8122092908267,24.625176933216331,0],[108.8121321641581,24.6254515549942,0],[108.8120550361822,24.625726176736631,0],[108.8120257381111,24.625867663263911,0]],[[108.7750971491528,24.577610135153542,0],[108.7753030615896,24.57754764278469,0],[108.775309377924,24.577541926594709,0],[108.7753461690024,24.57741023172375,0],[108.77533669662709,24.57739380900448,0],[108.7752249675754,24.577353685629131,0],[108.7751903750796,24.577357571227392,0],[108.7750558088869,24.57737619670246,0],[108.7749658894404,24.577378397129049,0],[108.77482974417769,24.577352323907149,0],[108.7747659484011,24.577325625683748,0],[108.77463091715749,24.5772222400142,0],[108.77461589882159,24.577203713484469,0],[108.7745194494709,24.577067222450719,0],[108.77445693680779,24.57697446186021,0],[108.7744155950916,24.576913960312378,0],[108.7743755541597,24.576858861311191,0],[108.7742720240597,24.576795400636549,0],[108.7742290482922,24.57676647099947,0],[108.77435508054241,24.576902605239479,0],[108.7744639019464,24.57705404181112,0],[108.7745818228731,24.577198165313039,0],[108.77471353560639,24.57733035571842,0],[108.7748550854637,24.577453654820872,0],[108.7750088489686,24.57756539719945,0],[108.7750971491528,24.577610135153542,0]],[[108.7338704175438,24.517429733484509,0],[108.73388493617109,24.51742805055332,0],[108.73391867293719,24.51742413823181,0],[108.7339509886361,24.517419683035239,0],[108.7339825651477,24.517412997102969,0],[108.73401925651351,24.51740473534808,0],[108.7340597373171,24.517406399924582,0],[108.7340950211324,24.51740790199818,0],[108.7341293958719,24.517407313186549,0],[108.73415460260711,24.517406820427031,0],[108.7341725763263,24.51741950248411,0],[108.7341949204078,24.517416430023559,0],[108.7342103204705,24.5174153088015,0],[108.73421609536609,24.517414739049968,0],[108.7342506773719,24.51741076476555,0],[108.7342895435723,24.5174084668103,0],[108.7343256592178,24.517413707613549,0],[108.73435933613671,24.517415458480791,0],[108.7343898932228,24.517416049133612,0],[108.73442138591381,24.5174131099601,0],[108.73444138169179,24.51741141024965,0],[108.7344737927716,24.517408938737528,0],[108.73450595487959,24.517406921614381,0],[108.7345354257526,24.517403976911162,0],[108.734562189721,24.51739791913068,0],[108.7345896318991,24.517389374559119,0],[108.73461693597361,24.517380667255889,0],[108.73463653000719,24.51737266552232,0],[108.7346488729257,24.517357243215681,0],[108.7346678878047,24.517334999692672,0],[108.7346857022051,24.517312987701182,0],[108.7346990032254,24.517294853357321,0],[108.7347167229921,24.51727268925703,0],[108.73473320101181,24.517251973806481,0],[108.7347440302003,24.517235179449418,0],[108.7347639001641,24.517214230818819,0],[108.7347749688125,24.517201455271231,0],[108.734780174102,24.51718811877199,0],[108.7347848562578,24.517164574636471,0],[108.7347861620031,24.51715377401138,0],[108.7347847126956,24.517127511737989,0],[108.7347845462851,24.51709805558237,0],[108.7347865180176,24.517080971232861,0],[108.7347868768022,24.5170551226457,0],[108.7347872157722,24.517035366863009,0],[108.7347865122136,24.517016702173379,0],[108.73478502786909,24.517000191653018,0],[108.7347820511244,24.516982409192352,0],[108.7347776484763,24.516965117552271,0],[108.7347739018103,24.51695084785727,0],[108.7347579348164,24.51693812179554,0],[108.7347431125613,24.516901672019049,0],[108.7347429083141,24.516900315266689,0],[108.73473300186841,24.516884562540248,0],[108.7347147382789,24.516855968156179,0],[108.73471450543,24.5168551225036,0],[108.7347025383022,24.516840991229241,0],[108.7346821402716,24.516816264713981,0],[108.7346683195981,24.516804251301359,0],[108.734645556341,24.516786125520369,0],[108.7346066686499,24.5167624666902,0],[108.7345817381722,24.516752413071,0],[108.73455773319741,24.516743371447269,0],[108.73453541423289,24.516737166201121,0],[108.7345139599956,24.516734248195629,0],[108.73446202525049,24.51673386903855,0],[108.734439392262,24.51673712349406,0],[108.7344143808162,24.51674029473179,0],[108.7343887427417,24.516743794007489,0],[108.73436878346951,24.51674886984361,0],[108.7343448535739,24.516755795790662,0],[108.73432336532029,24.516765018203149,0],[108.7342961447152,24.516773467759879,0],[108.7342762353048,24.51678270956603,0],[108.734251843624,24.516794389859658,0],[108.7342514551751,24.516794613827969,0],[108.7342514694125,24.51679570519223,0],[108.7342095599012,24.516826100913971,0],[108.734195653298,24.516836474449988,0],[108.7341922415398,24.516843654427738,0],[108.7341540801459,24.516866516444871,0],[108.73415000083919,24.516869191299492,0],[108.7341329650414,24.51689020550609,0],[108.7341292889398,24.516895704931649,0],[108.73411792135239,24.516911379738179,0],[108.73408362273391,24.516964096087289,0],[108.7340662199404,24.516990728124721,0],[108.73404836358191,24.517018435744831,0],[108.7340391664539,24.5170306649965,0],[108.73401519279049,24.517057749674919,0],[108.73398757861629,24.5170845758129,0],[108.733968984754,24.517087251746531,0],[108.7339552387318,24.51710234499766,0],[108.733931440704,24.51712790676012,0],[108.7339067404417,24.5171522162687,0],[108.73388988211779,24.517170333540118,0],[108.7338670690293,24.517195764116689,0],[108.7338449423216,24.51722181154631,0],[108.733820582986,24.517249951587811,0],[108.73380994220661,24.517258945141919,0],[108.73382124806029,24.517289531551409,0],[108.7338333453492,24.5173233595235,0],[108.7338445631669,24.517356793655249,0],[108.7338558077698,24.517389741972242,0],[108.7338675771926,24.517422499962379,0],[108.7338704175438,24.517429733484509,0]]]}},{"type":"Feature","properties":{"id":"project-redline-宜州段-02","name":"宜州段项目红线2","section":"宜州段","sourceName":"宜州段全线报盘0905","sourceFile":"宜州段.kmz","stroke":"#ff0000","stroke-opacity":1,"stroke-width":4,"fill":"#ffffff","fill-opacity":0},"geometry":{"type":"Polygon","coordinates":[[[108.7396581438785,24.505276727574671,0],[108.7396130348167,24.50515857445815,0],[108.7396656791891,24.504997296108879,0],[108.7396901946836,24.5049116586327,0],[108.7395359155399,24.5047848882012,0],[108.7395877471165,24.504651973093129,0],[108.7396802768357,24.50455554303581,0],[108.7400487805038,24.504345285694921,0],[108.7400809622041,24.50416421343234,0],[108.7401251551872,24.503987754949691,0],[108.7401602429449,24.5038084838647,0],[108.740188236065,24.503723079318881,0],[108.740216545138,24.503636710878421,0],[108.7402838006586,24.50346867393834,0],[108.7403554774057,24.50330205699084,0],[108.7404339629321,24.503137531708049,0],[108.7405077671865,24.50297138271571,0],[108.7405729647495,24.502802473745739,0],[108.74063694430291,24.502633163578569,0],[108.740709597899,24.502466385493118,0],[108.7407748245851,24.50229731469825,0],[108.7408331824254,24.502126223805721,0],[108.7408689688056,24.50201909754173,0],[108.74088115019219,24.501975652112179,0],[108.7409365326738,24.5017342870307,0],[108.7408714520669,24.50179302749908,0],[108.7407451603323,24.50193176286416,0],[108.740614776213,24.50206734771518,0],[108.74048867321621,24.502206228192129,0],[108.74043909861651,24.502260273011689,0],[108.74034782926989,24.50233888862995,0],[108.7403177650601,24.5023632083088,0],[108.7401794233421,24.502445756856961,0],[108.7401491234717,24.50239108631926,0],[108.7402774565652,24.502316699060021,0],[108.74030614703079,24.502295343561059,0],[108.7403869865494,24.5022201770983,0],[108.74043529953489,24.50216516169856,0],[108.7405605195178,24.502025602208558,0],[108.7406831406668,24.501884044022042,0],[108.740806215447,24.501742834685519,0],[108.74083995132121,24.501705015104921,0],[108.7409672681312,24.5016003356968,0],[108.7411620696419,24.50153690865794,0],[108.7412426862594,24.5012773508816,0],[108.7413693876571,24.5008506874101,0],[108.7413856435625,24.500794827061259,0],[108.74149948993519,24.500387686451042,0],[108.7415192805193,24.500314816109189,0],[108.7416255250308,24.499909954277769,0],[108.7416427709601,24.499841602083588,0],[108.7417451455574,24.499424328185089,0],[108.7417539396172,24.499386618295361,0],[108.741849429149,24.498968489824779,0],[108.741857124775,24.4989340876149,0],[108.7419462010573,24.49851294647992,0],[108.741960123079,24.498444960847269,0],[108.7419908759496,24.498287049086908,0],[108.7420056063941,24.498211411307089,0],[108.742039993644,24.49803483880989,0],[108.7420538152422,24.497960517198418,0],[108.7421275464731,24.4975464621618,0],[108.7421374426492,24.4974872999953,0],[108.7422075947978,24.497052852027981,0],[108.74227595479761,24.4965736811357,0],[108.7422951665626,24.496439018793922,0],[108.74229829769411,24.496411260727879,0],[108.74230461815,24.49635523876448,0],[108.7424213277461,24.495320693098261,0],[108.7424324718522,24.495186633709409,0],[108.7424347045325,24.495159773785581,0],[108.7424709205105,24.494724122966922,0],[108.7424951401169,24.4943637570923,0],[108.74249992068749,24.494282745289588,0],[108.7425127754384,24.494038662765082,0],[108.7425200623169,24.4939002827552,0],[108.7425202321522,24.493896276379139,0],[108.7425347666483,24.4935148867903,0],[108.74253733485639,24.49343428938991,0],[108.7425461573887,24.493060137297238,0],[108.7425470563915,24.492994997013572,0],[108.7425501917712,24.4926489306131,0],[108.74255020045931,24.492647218036581,0],[108.7425504495223,24.492594876651189,0],[108.7425504637623,24.492591925462019,0],[108.7425503536105,24.492571653647641,0],[108.742548415601,24.49221639049027,0],[108.7425472961225,24.492132924185189,0],[108.7425396583441,24.49175048619205,0],[108.7425393628894,24.491741162143281,0],[108.74252640078021,24.491365409058591,0],[108.7425202285379,24.491213909476059,0],[108.7425068734849,24.49094427312383,0],[108.7424970525006,24.490773666515949,0],[108.7424569457952,24.49073648042955,0],[108.74231332160539,24.49061265259494,0],[108.742360256182,24.490565695983118,0],[108.7424909021166,24.490667717334372,0],[108.7424738709055,24.49040503673557,0],[108.7424546436805,24.49013544095077,0],[108.7424338776643,24.489865853619659,0],[108.74241178493629,24.489596270087869,0],[108.7423885735859,24.48932667849871,0],[108.742364455652,24.48905706787896,0],[108.742339639215,24.488787425469479,0],[108.742314336273,24.488517733978242,0],[108.7422888862469,24.48824934948717,0],[108.7422716869754,24.488250715932089,0],[108.7422209441328,24.48771712654532,0],[108.7422117174626,24.48762010446303,0],[108.742206395509,24.4875641396573,0],[108.7421947686156,24.487441874665031,0],[108.74246574024249,24.48734964404348,0],[108.742512071271,24.48783683244076,0],[108.7425579684964,24.48831945676141,0],[108.74265170719011,24.489305141384069,0],[108.7426773385835,24.489575002683718,0],[108.742702747844,24.48984498151577,0],[108.7427276904256,24.4901150962354,0],[108.7427519198129,24.49038536611042,0],[108.74277518848049,24.49065580680276,0],[108.7427888206462,24.490823044504559,0],[108.7429744259767,24.49084772746102,0],[108.7430351156884,24.490861630188761,0],[108.74315462966,24.490928552274259,0],[108.74321536583651,24.4909726790742,0],[108.7432767624781,24.491072107424781,0],[108.7432138087856,24.491094663933509,0],[108.74316151077289,24.4910142110163,0],[108.7431132497553,24.490976594898338,0],[108.7430106322509,24.490934287339481,0],[108.7429626092449,24.490925923007641,0],[108.7429054435337,24.490919279155229,0],[108.7427972488903,24.490926432169079,0],[108.74281785151319,24.49119725336768,0],[108.74283674975629,24.491468277931549,0],[108.7428536940545,24.491739511602891,0],[108.7428684347928,24.49201095199939,0],[108.74288072037039,24.492282594943021,0],[108.7428892412333,24.49252346780036,0],[108.7428903353769,24.492554383717749,0],[108.742890965583,24.49257920739154,0],[108.74289132599191,24.492593369906508,0],[108.7428916916992,24.492607762598919,0],[108.7428930211605,24.492660095314211,0],[108.7428971505193,24.492822616746089,0],[108.7429013122234,24.49309089531679,0],[108.74290282033969,24.493359196862141,0],[108.74290167374291,24.49362750062463,0],[108.7428978742565,24.49389578402657,0],[108.74289701152421,24.493931634114091,0],[108.7428957524387,24.493983980457049,0],[108.7428955223516,24.49399351381895,0],[108.7428952870295,24.4940033315756,0],[108.7428939453621,24.494059085335959,0],[108.7428914207446,24.4941640245047,0],[108.74288231306279,24.4944322003935,0],[108.74287055402669,24.494700290012769,0],[108.74284287645079,24.49515869355594,0],[108.7428422911147,24.49516837942468,0],[108.74283284920941,24.495324770127521,0],[108.74280311100119,24.49570146967169,0],[108.7427681298916,24.4960777923541,0],[108.7427350965596,24.496386518611221,0],[108.742729102838,24.49644253988447,0],[108.742727911387,24.496453675854639,0],[108.742726271432,24.4964667233651,0],[108.7427248284277,24.496478198204219,0],[108.7427241423,24.496483659657049,0],[108.7426498083816,24.49707501159542,0],[108.74261138436179,24.497344660424972,0],[108.7425702590031,24.497613974961169,0],[108.74252643511529,24.497882932619419,0],[108.7424799622849,24.498151244271181,0],[108.7424799165004,24.498151511712791,0],[108.7424768602729,24.498168168188649,0],[108.74246445751081,24.498235757306169,0],[108.74246342890341,24.498241365785109,0],[108.74245314454291,24.4982974072331,0],[108.7424531273472,24.49829750301004,0],[108.74243070695,24.498419688748822,0],[108.7423788102607,24.49868744113758,0],[108.7423242312214,24.498954747186929,0],[108.7422669746103,24.49922158339912,0],[108.7422070442301,24.499487928086548,0],[108.7421444458457,24.499753757746351,0],[108.7420791852331,24.500019050680969,0],[108.7420112671816,24.500283785197588,0],[108.74194069647049,24.500547937797769,0],[108.7418674808543,24.5008114876766,0],[108.741791626099,24.50107441133056,0],[108.74171313798131,24.501336687061428,0],[108.7416320222727,24.50159829226817,0],[108.74162394793539,24.501623840262621,0],[108.7416903283753,24.5016046059084,0],[108.7417328160776,24.501591012886081,0],[108.7417600845375,24.501643145898889,0],[108.7417196542457,24.501660671165769,0],[108.7415943285,24.501716839838132,0],[108.7417545177842,24.501761274762519,0],[108.7416536294165,24.50201629489889,0],[108.74159795981031,24.5021911825231,0],[108.7415646796904,24.50237259452102,0],[108.741518636368,24.50255056198289,0],[108.7414778767703,24.502730314411259,0],[108.7414456346016,24.502912961667722,0],[108.74139655385341,24.503090706578771,0],[108.74139369109839,24.50309615162903,0],[108.7413094202627,24.503256443875561,0],[108.74122255573791,24.50342200376393,0],[108.74113185795611,24.50358603780257,0],[108.7410458797071,24.503751389216589,0],[108.7409428167269,24.503910616169239,0],[108.7408550464922,24.504074816227629,0],[108.7407770757127,24.5042423255071,0],[108.7407014090583,24.504410607938,0],[108.7406115917784,24.504573601885561,0],[108.7405206883989,24.504735989038441,0],[108.740426503634,24.504896917125571,0],[108.7404150096512,24.5052090099339,0],[108.74037469797079,24.5053384627009,0],[108.7402501959622,24.50537579654808,0],[108.74015025580719,24.505361408233028,0],[108.7400234055922,24.50532376582844,0],[108.7399380100627,24.505306310720769,0],[108.7397997452027,24.505305655899232,0],[108.7396581438785,24.505276727574671,0]],[[108.7413144767346,24.50148467881224,0],[108.7415262000076,24.501502172704122,0],[108.74165596492431,24.5010753305728,0],[108.7417787140832,24.500646754288478,0],[108.741894420495,24.500216540594469,0],[108.7420030561905,24.49978478714079,0],[108.7421045971369,24.499351589751619,0],[108.7421990222731,24.498917046041189,0],[108.7422863085765,24.49848125543787,0],[108.7423200242868,24.498297399124979,0],[108.7423322462257,24.498230756095289,0],[108.74236643695529,24.4980443146415,0],[108.74243939030779,24.497606323049439,0],[108.74250515152259,24.497167378252609,0],[108.74256370547759,24.496727580539421,0],[108.7425782689261,24.496602596030751,0],[108.7426150399952,24.496287027474509,0],[108.7426591419278,24.49584581933458,0],[108.7426960040419,24.49540405546346,0],[108.7427117411199,24.49516903963589,0],[108.7427256161448,24.49496183521854,0],[108.7427479719851,24.49451925703401,0],[108.7427630663189,24.494076422949139,0],[108.7427636874903,24.49404126195266,0],[108.74277089683611,24.493633430473931,0],[108.742771461247,24.4931903807283,0],[108.7427647602116,24.492747373011142,0],[108.7427584538338,24.492547405002981,0],[108.74275079340291,24.492304506625111,0],[108.742748210737,24.492241356890769,0],[108.742746668984,24.492205273070962,0],[108.7427450808725,24.4921691903817,0],[108.7427434473996,24.49213311062362,0],[108.74274176756821,24.492097031996089,0],[108.7427400433515,24.492060954489411,0],[108.74273827476,24.492024879909032,0],[108.7427350756721,24.49196175306426,0],[108.7427317454121,24.491898631377769,0],[108.74272978450421,24.49186256496434,0],[108.74272778315689,24.49182649965233,0],[108.74272418366429,24.491763391024371,0],[108.74272046287039,24.491700288408861,0],[108.7427166247159,24.49163719088363,0],[108.74271267216579,24.491574099336852,0],[108.7427080185973,24.491502002603809,0],[108.7427038313435,24.49143892394563,0],[108.7426989174354,24.491366842032541,0],[108.7426945102706,24.4913037752874,0],[108.7426893527885,24.491231707209,0],[108.7426847395347,24.491168654114379,0],[108.74267867395071,24.491087592699369,0],[108.7426731614791,24.491015547127191,0],[108.7426670321817,24.490937072428149,0],[108.7426374319388,24.490938403307052,0],[108.74264013497189,24.490989476254249,0],[108.7426424556166,24.491034564885339,0],[108.74264515774919,24.491088675620741,0],[108.7426473393366,24.49113377035146,0],[108.7426494568205,24.491178868105351,0],[108.74265150822291,24.4912239679894,0],[108.7426534935486,24.491269070906331,0],[108.7426554118061,24.491314175958269,0],[108.7426712523088,24.491781544918819,0],[108.7426713997931,24.49178969249694,0],[108.7426716674544,24.491797641779819,0],[108.7426742939295,24.491949063085251,0],[108.7426797433707,24.49224907366812,0],[108.7426797830545,24.49226540618908,0],[108.7426800577628,24.49228127443882,0],[108.7426802473835,24.492455845431209,0],[108.7426805224723,24.49256836847216,0],[108.7426808843483,24.492716666519609,0],[108.74268055725631,24.492741265601591,0],[108.7426805830077,24.49276496831413,0],[108.7426778536087,24.4929447607644,0],[108.7426746726146,24.49318422598996,0],[108.74267372083359,24.493217018874152,0],[108.742673241476,24.49324861508487,0],[108.7426676001765,24.493427959631909,0],[108.7426611104749,24.49365165457051,0],[108.7426592755249,24.49369264072158,0],[108.74265803443021,24.4937321091226,0],[108.742649632828,24.493908099942882,0],[108.7426435020222,24.494045087633339,0],[108.74264020123179,24.494118856552159,0],[108.7426372228304,24.494168065234561,0],[108.7426349660761,24.494215342074959,0],[108.742624005449,24.494386476890629,0],[108.742611948177,24.494585734419321,0],[108.7426075676712,24.494643137112721,0],[108.7426040416173,24.494698207388971,0],[108.7425907576564,24.494863467631539,0],[108.7425763585595,24.495052192441371,0],[108.7425703099354,24.49511785184,0],[108.7425652662518,24.49518059760771,0],[108.74256452471261,24.495180655419709,0],[108.74253343765,24.495518133993659,0],[108.7424831956468,24.495983461523451,0],[108.742425641778,24.496448080190049,0],[108.7423962476249,24.496658296624251,0],[108.7423971528558,24.496658392379839,0],[108.7423788218608,24.496782921448421,0],[108.74236078920249,24.496911892424109,0],[108.7423436274845,24.497022017641751,0],[108.74232786361409,24.497129105424129,0],[108.74230811363429,24.497249904937721,0],[108.7422886501037,24.497374802465568,0],[108.7422691202058,24.497488401391021,0],[108.7422510643911,24.49759884063425,0],[108.742230022198,24.49771582871978,0],[108.7422092406172,24.49783671543668,0],[108.7421872173864,24.4979538166674,0],[108.742166770311,24.498067499525469,0],[108.7421445523302,24.49818068012274,0],[108.7421368939161,24.498221401474119,0],[108.74212345507669,24.498292856756692,0],[108.742122575882,24.498297534658061,0],[108.74209795323181,24.498418053852461,0],[108.7420750004294,24.498534980884351,0],[108.7420517201285,24.4986443579477,0],[108.7420286740137,24.498757166142969,0],[108.742001337295,24.49888107316653,0],[108.74197577282131,24.499001184404008,0],[108.74195155433149,24.499106729336081,0],[108.74192755508039,24.499215512283051,0],[108.7418973867519,24.499342788750759,0],[108.741869110506,24.499466011557711,0],[108.7418440731125,24.499567710229162,0],[108.7418192391832,24.499672480885341,0],[108.7417861283743,24.499803068657439,0],[108.7417550355121,24.499929362919779,0],[108.74172928598421,24.50002725362285,0],[108.7417037483757,24.500127976135289,0],[108.74166759103581,24.50026180259378,0],[108.7416335708558,24.5003911390587,0],[108.74160723628,24.500485191376288,0],[108.741581107678,24.500581903105569,0],[108.74154178526889,24.500718948965691,0],[108.7415047435062,24.500851241425242,0],[108.7414779335834,24.50094148821891,0],[108.7414513411353,24.50103416867822,0],[108.7414087525312,24.501174355889731,0],[108.74136858142521,24.501309572367092,0],[108.74136773860261,24.50130935713549,0],[108.7413144767346,24.50148467881224,0]]]}},{"type":"Feature","properties":{"id":"project-redline-宜州段-03","name":"宜州段项目红线3","section":"宜州段","sourceName":"宜州段全线报盘0905","sourceFile":"宜州段.kmz","stroke":"#ff0000","stroke-opacity":1,"stroke-width":4,"fill":"#ffffff","fill-opacity":0},"geometry":{"type":"Polygon","coordinates":[[[108.7420793610264,24.486228257859509,0],[108.7420322123815,24.485732442817032,0],[108.7420494103071,24.485731072800942,0],[108.7419843729362,24.48504712826016,0],[108.7419790502373,24.484991163427392,0],[108.7419782165212,24.48498239089027,0],[108.7419739324356,24.484937335323089,0],[108.7419731408408,24.48492901666723,0],[108.7419322211079,24.48449869502522,0],[108.7419268994483,24.484442730180628,0],[108.7419184533185,24.484353902160588,0],[108.74191502399751,24.484317837490181,0],[108.7419043176631,24.4842052481878,0],[108.7418060218565,24.48421307668864,0],[108.74180408896559,24.483968557359649,0],[108.7417679974435,24.483790192110909,0],[108.7417853585432,24.483607570563429,0],[108.7417388107541,24.483430038432729,0],[108.7416916044598,24.48325255826337,0],[108.74169342844679,24.48307117394695,0],[108.7416743101151,24.482891456932279,0],[108.7416257375647,24.482714086346942,0],[108.74161314462251,24.482533848884469,0],[108.7416662190269,24.48234838252829,0],[108.7416246908552,24.48228510701097,0],[108.7416882823622,24.48217835936493,0],[108.7415734513616,24.482006261161789,0],[108.7416141168767,24.481842106707159,0],[108.7414922390079,24.481667787925449,0],[108.7414557710959,24.481462191703748,0],[108.7415241496184,24.481253629870029,0],[108.741508137312,24.48110524679689,0],[108.7413729921652,24.48091195649452,0],[108.74148437629771,24.480694211077989,0],[108.741428168244,24.48056788561037,0],[108.7413979645507,24.48038904801453,0],[108.7414132917913,24.4802065844616,0],[108.7413881984651,24.480027339906059,0],[108.7413355781555,24.479850286907791,0],[108.7413574019327,24.47966730578338,0],[108.74134107497051,24.479487362781811,0],[108.74125493340939,24.479312979383071,0],[108.741398391646,24.479120311506978,0],[108.7413215566972,24.47894518733818,0],[108.74126080421119,24.478790903892371,0],[108.74125235817471,24.478769455110921,0],[108.7411694403321,24.478594815684669,0],[108.7410721061525,24.478421323912169,0],[108.74095229654129,24.47824962143013,0],[108.74090854231009,24.478071863011369,0],[108.7408914896118,24.47789197763251,0],[108.7408690953762,24.477714920609611,0],[108.7407056774817,24.47651208407958,0],[108.7406879877029,24.47644808017602,0],[108.74066136027859,24.476153177526509,0],[108.7406291546597,24.476090998832738,0],[108.7405985835469,24.475978592416219,0],[108.74055850716,24.475675449338411,0],[108.740552212219,24.4755994550551,0],[108.7405404504611,24.475524258522391,0],[108.74050466149851,24.475332094312868,0],[108.7404501815674,24.475184427610451,0],[108.7403881749175,24.47503899508569,0],[108.740318936321,24.47489559758003,0],[108.7402374219559,24.47475719015651,0],[108.7401471369644,24.47462267772832,0],[108.740050409218,24.47449071008306,0],[108.7399540255511,24.47435496714181,0],[108.7398502806106,24.474220380503439,0],[108.7397438030506,24.4740809692661,0],[108.73962513728711,24.47394615037231,0],[108.73949282366659,24.473819327125732,0],[108.73933690354271,24.473721399303152,0],[108.7391740639832,24.473630350804271,0],[108.7389984703651,24.473562532073931,0],[108.7388126927289,24.4735231186755,0],[108.7386273934121,24.473481307681169,0],[108.738442258321,24.47342434370044,0],[108.7382482364109,24.473398535690951,0],[108.738249434423,24.473390851848549,0],[108.73824977577679,24.473390863722241,0],[108.7382714346988,24.473251884244469,0],[108.7383808051821,24.473274160832059,0],[108.7384299269589,24.473278814662631,0],[108.7386263765852,24.47329810075972,0],[108.7388226845607,24.473319640586119,0],[108.7390187481822,24.47334510114262,0],[108.7392148399931,24.473370984700431,0],[108.739411144893,24.47339466602644,0],[108.7396070472914,24.47342524616495,0],[108.7398051093267,24.47342348938621,0],[108.740002712912,24.473428182116312,0],[108.74014259382869,24.473570821250579,0],[108.7401555810895,24.473626095113211,0],[108.7402243499119,24.4738190232404,0],[108.740297303645,24.47401270900485,0],[108.7403459665663,24.4742262065814,0],[108.7403461873629,24.47422651785503,0],[108.74047519354821,24.47440823720332,0],[108.7404754222468,24.474408550243538,0],[108.7406398432807,24.474564387947961,0],[108.7408421637746,24.474676294540739,0],[108.7409894519889,24.4746875483474,0],[108.7410260117429,24.475072090705069,0],[108.74097677274629,24.4751036516748,0],[108.74098274847159,24.475166530385408,0],[108.7410765620621,24.475159032368161,0],[108.7412731052523,24.47514338215198,0],[108.7413513926482,24.4751371526816,0],[108.7413511811729,24.475111826753508,0],[108.7413508650918,24.47507419941152,0],[108.7413506187013,24.475074066109,0],[108.7413506176067,24.475073879242789,0],[108.7413063118598,24.475049909840148,0],[108.7412977797714,24.47496017028962,0],[108.7412892297498,24.474870229509548,0],[108.7412806797423,24.47478028872764,0],[108.74127755360431,24.474747397513472,0],[108.74129826148091,24.474753254145892,0],[108.7414765734126,24.474885215136162,0],[108.74167530059989,24.47506139405013,0],[108.7417510511448,24.475154668327679,0],[108.7417987646526,24.475213420503639,0],[108.7422062801232,24.475348364539741,0],[108.74251619366311,24.475388692084291,0],[108.7427404262058,24.475402518054711,0],[108.742749752846,24.475392661904131,0],[108.7428125620464,24.475326285478491,0],[108.7428556008049,24.475289107631419,0],[108.7429163493175,24.475095519702052,0],[108.74298316858309,24.474924236203371,0],[108.7430265546819,24.474757737891061,0],[108.7430940135024,24.474568596389279,0],[108.7430999007921,24.474509724568779,0],[108.74321176210231,24.47434156778888,0],[108.74329417680489,24.474399151254239,0],[108.7433185315269,24.474398151254981,0],[108.74331861575931,24.47439804973137,0],[108.74336728904269,24.4744481699036,0],[108.7432793526206,24.474630286761951,0],[108.74322718372539,24.47475723866285,0],[108.7432089493432,24.474817352028769,0],[108.74314241540129,24.475005417448941,0],[108.7430433377768,24.47516077245076,0],[108.743056114202,24.475412581733409,0],[108.7430336169559,24.475496800799149,0],[108.7430051635791,24.47560331665133,0],[108.7428070270807,24.475668236113751,0],[108.74270925163781,24.475702078291679,0],[108.7425601670639,24.475693206569879,0],[108.7422865538895,24.47568854222105,0],[108.74208556439019,24.4757449093652,0],[108.7420759839892,24.475753052378881,0],[108.742072390722,24.47575610601189,0],[108.7419402765546,24.475849132538549,0],[108.7419292253763,24.475889572722242,0],[108.7418977926051,24.47600459076881,0],[108.7417998180283,24.47612403133974,0],[108.7417751635233,24.4761547243825,0],[108.7417250749924,24.4762170802373,0],[108.7417143748031,24.47628073498748,0],[108.74173015997729,24.476368406770639,0],[108.7417737934677,24.476548032482619,0],[108.7417778025614,24.476730860715779,0],[108.7417239067623,24.476881314037009,0],[108.7417202043697,24.476896217837911,0],[108.7418501502101,24.477074869082241,0],[108.74185167789641,24.4770911491936,0],[108.74186136269689,24.477194353113219,0],[108.7418701026462,24.47728747873364,0],[108.7417856596345,24.477478119503289,0],[108.74178145606071,24.477641267223881,0],[108.7418701044168,24.477819492847779,0],[108.741995327699,24.47799295457213,0],[108.7420255747906,24.478056528294172,0],[108.7420383287869,24.478211417317219,0],[108.7419533752573,24.478315713412069,0],[108.7419748097001,24.4785306764496,0],[108.7419753937148,24.478711873003469,0],[108.7419007199033,24.478899063333991,0],[108.741805347719,24.479087901687191,0],[108.7418674423913,24.479264200245389,0],[108.7420272417056,24.47943271649094,0],[108.74209119441279,24.479608866789189,0],[108.7420516037101,24.479793262326709,0],[108.74203953997841,24.47997546706392,0],[108.74193818243791,24.4801647817508,0],[108.7419441429462,24.480345551036908,0],[108.7419034800842,24.480530032137551,0],[108.74207229143769,24.480611979845321,0],[108.7421350324759,24.480869857522631,0],[108.7419950569915,24.481066468472271,0],[108.7420356104774,24.481244482314551,0],[108.7420126575486,24.48142755298883,0],[108.7419774203087,24.48161160300193,0],[108.7420868857949,24.4817841280858,0],[108.7421026147272,24.48196411810035,0],[108.74204765298759,24.482149739219171,0],[108.7420690128081,24.482249719717618,0],[108.7420854125151,24.482314999000831,0],[108.742135950601,24.482492213534979,0],[108.7421637175644,24.48267124162312,0],[108.7421668182493,24.482852234323669,0],[108.7421781548812,24.4830325699709,0],[108.74219580976209,24.4832124033288,0],[108.74218449340459,24.4833945438418,0],[108.742209912041,24.483573758568621,0],[108.7422402547992,24.48375258166719,0],[108.7422439817684,24.483933524317269,0],[108.742255115634,24.484020074088441,0],[108.7422799276047,24.48417217827124,0],[108.7421910244345,24.484179258519472,0],[108.742181651572,24.484180005112989,0],[108.7421953460434,24.48432402374371,0],[108.7421965528986,24.484336706105939,0],[108.7422758806118,24.485170916086741,0],[108.7422910188007,24.485330112012861,0],[108.74229785665609,24.485402012122861,0],[108.7423031785319,24.48545797694246,0],[108.742369532079,24.486155739667229,0],[108.74236442498029,24.48615437090648,0],[108.7422327964576,24.486175754166432,0],[108.7420793610264,24.486228257859509,0]]]}},{"type":"Feature","properties":{"id":"project-redline-宜州段-04","name":"宜州段项目红线4","section":"宜州段","sourceName":"宜州段全线报盘0905","sourceFile":"宜州段.kmz","stroke":"#ff0000","stroke-opacity":1,"stroke-width":4,"fill":"#ffffff","fill-opacity":0},"geometry":{"type":"Polygon","coordinates":[[[108.73665451691321,24.472575150492251,0],[108.7368115555098,24.472578428324528,0],[108.7370135024624,24.472595956437448,0],[108.737178794404,24.472599133147639,0],[108.7372200042082,24.472598700092679,0],[108.73737527835669,24.472591502170818,0],[108.7374268194356,24.472587528567221,0],[108.7375839179844,24.47258247190728,0],[108.7376370348657,24.472579107126919,0],[108.737793605728,24.472557812137008,0],[108.7378473466192,24.47254880468217,0],[108.7378684410003,24.472537971451,0],[108.73818649517339,24.47263755809001,0],[108.73837964814339,24.472664253350668,0],[108.7385710347687,24.47269942851343,0],[108.7387625696864,24.47268884441721,0],[108.73896648552061,24.4726421188515,0],[108.7389924017038,24.472646075303668,0],[108.7389716157798,24.472615453261682,0],[108.7389516832597,24.4725824979177,0],[108.7389336559978,24.472548796600329,0],[108.7389175670798,24.47251444123015,0],[108.73890344269169,24.47247952466423,0],[108.7388972243992,24.47246140143249,0],[108.73888463591609,24.472419916080931,0],[108.7388755841603,24.472378534404768,0],[108.7388692060631,24.472337425830169,0],[108.7388657233687,24.47230196612303,0],[108.73886416897651,24.47227477982733,0],[108.7388641153611,24.47224717543676,0],[108.7388661515039,24.472199234241518,0],[108.7388774443298,24.4721716845083,0],[108.73889363353371,24.472137220953648,0],[108.738911700616,24.472104084302369,0],[108.7389314750973,24.47207247128679,0],[108.7389528360744,24.4720424538157,0],[108.7389756586517,24.47201409569254,0],[108.738935577496,24.471976180697471,0],[108.7388200191609,24.471828598887189,0],[108.7388962086297,24.4717770803864,0],[108.7389200712695,24.471760969470679,0],[108.73894398920091,24.471744869114019,0],[108.7389652144454,24.4717306407081,0],[108.7389892320214,24.471714546176489,0],[108.7390133436142,24.471698506249851,0],[108.73903756214079,24.47168253711466,0],[108.7390618995215,24.47166665315676,0],[108.739086368684,24.471650872368109,0],[108.73911098155919,24.471635210940011,0],[108.7391274770327,24.471624842383552,0],[108.73914848384371,24.47160395624892,0],[108.7391697654641,24.471583174390361,0],[108.7391913485931,24.471562508413079,0],[108.7392132579574,24.471541969931881,0],[108.7392355173081,24.47152157237187,0],[108.7392581504062,24.471501330963608,0],[108.7392734573376,24.471487930412142,0],[108.7393024547964,24.47147738421879,0],[108.7393316179315,24.471467171231279,0],[108.73936094293479,24.471457314939951,0],[108.73939042600909,24.471447840640639,0],[108.73940747036281,24.471442625944618,0],[108.73945795652379,24.471403538478651,0],[108.7394681469107,24.471397012199361,0],[108.7394948950617,24.471391972990851,0],[108.7395412929513,24.471384326131581,0],[108.7395607875583,24.471369684523459,0],[108.73958713405619,24.471350768203209,0],[108.73962136940681,24.471327292235809,0],[108.7396973242864,24.471332625917029,0],[108.7397346452549,24.471288275604628,0],[108.7397676192259,24.47126281067564,0],[108.7398350931021,24.471234172446842,0],[108.73990364205829,24.471214981743969,0],[108.7399694255293,24.471199381294579,0],[108.7400062120866,24.47119186982837,0],[108.7400865912977,24.4711777361594,0],[108.74027262826441,24.471279398536431,0],[108.7402849235432,24.471278449084441,0],[108.74033560507949,24.4712885112397,0],[108.7403915227962,24.471301374270329,0],[108.7403905244341,24.471329170683351,0],[108.7403756183874,24.471689516976841,0],[108.7402351371955,24.47175190264052,0],[108.74019492695859,24.47176702496682,0],[108.7401532134417,24.471792595988159,0],[108.74013207808051,24.471817957879122,0],[108.7401155006834,24.471836741587541,0],[108.7401183926503,24.471857991073811,0],[108.7401800937956,24.471961297924839,0],[108.7402358300067,24.472140250191121,0],[108.740250298696,24.47231696984532,0],[108.7402072663467,24.472495208857421,0],[108.74020509040631,24.472558795603831,0],[108.7402170424559,24.47259712970456,0],[108.7402378087791,24.47263716837244,0],[108.7402379542721,24.472637253422079,0],[108.7402380590307,24.472637456933029,0],[108.74027822533741,24.472660989255129,0],[108.7402924883578,24.47266692184261,0],[108.7403147895003,24.472670700780789,0],[108.7403354502774,24.472673966858888,0],[108.7403316345552,24.472754668971142,0],[108.74032925290371,24.47281781437075,0],[108.7403282007427,24.472848557655841,0],[108.740261169093,24.47284668240933,0],[108.7397780400932,24.472822972154521,0],[108.7393088163514,24.47283275068213,0],[108.7388002974681,24.4727877516163,0],[108.7383477428483,24.472759910624578,0],[108.7379301521224,24.47275677043082,0],[108.7372989851448,24.472689581281241,0],[108.73665451691321,24.472575150492251,0]]]}},{"type":"Feature","properties":{"id":"project-redline-宜州段-05","name":"宜州段项目红线5","section":"宜州段","sourceName":"宜州段全线报盘0905","sourceFile":"宜州段.kmz","stroke":"#ff0000","stroke-opacity":1,"stroke-width":4,"fill":"#ffffff","fill-opacity":0},"geometry":{"type":"Polygon","coordinates":[[[108.740451715097,24.472852013090719,0],[108.7404526759825,24.47282489393767,0],[108.74045345382559,24.47278486348225,0],[108.7404555442844,24.472731977588658,0],[108.74045754749849,24.472683231284218,0],[108.74048870300869,24.472689666065769,0],[108.7405163706445,24.472693556798671,0],[108.7405346354922,24.472695127468491,0],[108.7405556231521,24.47269576216982,0],[108.74056885242371,24.47269578490307,0],[108.7405900493862,24.472692912247791,0],[108.74059673704269,24.472693940216121,0],[108.7406090609081,24.472695830683239,0],[108.74062904127879,24.47269120360011,0],[108.74065485647139,24.472666596884221,0],[108.74068485786481,24.472575588682108,0],[108.740688216444,24.472513726730579,0],[108.7406845001268,24.472332907350989,0],[108.7407057635758,24.472152954951969,0],[108.7407141799679,24.471972554557329,0],[108.7406659071324,24.47186797602625,0],[108.740650729393,24.47182184707464,0],[108.7406504788371,24.47182167497245,0],[108.74065044669349,24.4718215758262,0],[108.7405663838308,24.471763844549749,0],[108.7404991123235,24.471694059419971,0],[108.74050284763381,24.471603847094158,0],[108.7405060988624,24.4715253071405,0],[108.7405926711901,24.471552416215332,0],[108.7406955033549,24.471595657336842,0],[108.74081591283149,24.472862201359209,0],[108.740451715097,24.472852013090719,0]]]}},{"type":"Feature","properties":{"id":"project-redline-宜州段-06","name":"宜州段项目红线6","section":"宜州段","sourceName":"宜州段全线报盘0905","sourceFile":"宜州段.kmz","stroke":"#ff0000","stroke-opacity":1,"stroke-width":4,"fill":"#ffffff","fill-opacity":0},"geometry":{"type":"Polygon","coordinates":[[[108.7410990988383,24.472870122939849,0],[108.7410970817202,24.472848896270921,0],[108.74108150962979,24.472685086218242,0],[108.74099084529171,24.471787740747,0],[108.74101894739781,24.471809098601859,0],[108.74105720955851,24.471852452968609,0],[108.7410574805179,24.471852740523541,0],[108.7411256813776,24.471919798108839,0],[108.7412009857067,24.47201458705764,0],[108.7412578492531,24.472105352540972,0],[108.7412881354855,24.472155884104669,0],[108.7413079016108,24.47225718080346,0],[108.74134569204119,24.472482846484191,0],[108.7413677793479,24.472658102252989,0],[108.7413733857188,24.472688898635479,0],[108.7413884672783,24.472718542646771,0],[108.7413886695751,24.472718726720341,0],[108.741388729448,24.472718844688341,0],[108.7414190547088,24.472746366442,0],[108.74147879329129,24.47277049753291,0],[108.7415332803411,24.472781303431379,0],[108.74158773646469,24.47278581901999,0],[108.7416415240028,24.472782619259981,0],[108.7416645402639,24.472780328833771,0],[108.7416727799543,24.472875874578051,0],[108.7416738822095,24.472891949154469,0],[108.7415890015639,24.472890299323641,0],[108.741101319515,24.472870185172368,0],[108.7410990988383,24.472870122939849,0]]]}},{"type":"Feature","properties":{"id":"project-redline-宜州段-07","name":"宜州段项目红线7","section":"宜州段","sourceName":"宜州段全线报盘0905","sourceFile":"宜州段.kmz","stroke":"#ff0000","stroke-opacity":1,"stroke-width":4,"fill":"#ffffff","fill-opacity":0},"geometry":{"type":"Polygon","coordinates":[[[108.7417632069525,24.472893686356478,0],[108.74176231496089,24.472880672012739,0],[108.7417526368809,24.472771121575231,0],[108.74178657694929,24.47276509514418,0],[108.7418034221143,24.47276156119408,0],[108.74181813444579,24.472757974519279,0],[108.74183653767039,24.472753026414448,0],[108.7418532761332,24.472749463191551,0],[108.7418803330021,24.472739005473858,0],[108.7418982461477,24.472732568405821,0],[108.74192306746291,24.472721025704089,0],[108.7419621837214,24.47270200204083,0],[108.741985646976,24.472686619330869,0],[108.7420067662471,24.4726548512718,0],[108.742010090466,24.472644111045739,0],[108.74200854859519,24.472582831950088,0],[108.7419634419617,24.472455418315612,0],[108.7421180204484,24.472570073678561,0],[108.7423138770113,24.47265754527707,0],[108.7424915233576,24.472703113248478,0],[108.74251098063159,24.472705337738279,0],[108.7425404206632,24.472708696691331,0],[108.7425718179111,24.472712269002621,0],[108.74269600502519,24.472737607648689,0],[108.74274090149321,24.472745349331689,0],[108.7428990465027,24.47279005032788,0],[108.7429420384733,24.47280084181353,0],[108.74309729081649,24.4728526353722,0],[108.7431397233461,24.472865407501779,0],[108.74330956626849,24.4728923555096,0],[108.7433462773062,24.472897131983149,0],[108.7434484654335,24.47291300443948,0],[108.7435505870759,24.472937872265589,0],[108.74314121644269,24.472920468593749,0],[108.7417632069525,24.472893686356478,0]]]}},{"type":"Feature","properties":{"id":"project-redline-宜州段-08","name":"宜州段项目红线8","section":"宜州段","sourceName":"宜州段全线报盘0905","sourceFile":"宜州段.kmz","stroke":"#ff0000","stroke-opacity":1,"stroke-width":4,"fill":"#ffffff","fill-opacity":0},"geometry":{"type":"Polygon","coordinates":[[[108.74239978270479,24.473320681703111,0],[108.7426512680489,24.473314856282851,0],[108.7434632798453,24.473363087985959,0],[108.74391735771709,24.47336564051626,0],[108.7442062311532,24.473378730858681,0],[108.7447761150629,24.4733685763998,0],[108.7447249722098,24.47337569486572,0],[108.7446348309619,24.473396853853011,0],[108.7446023429634,24.473398881759739,0],[108.74456668068071,24.47340021482778,0],[108.74454927894671,24.473403369960369,0],[108.7444889136405,24.473416549787942,0],[108.7444592486508,24.473419923313241,0],[108.7443604045058,24.473429162528848,0],[108.7442617299949,24.473430013291949,0],[108.7441631042077,24.47342841456,0],[108.7440643219436,24.473434594723258,0],[108.74396569110969,24.473433312756441,0],[108.7438670310658,24.473433438273481,0],[108.7437682251162,24.473439620165589,0],[108.7436693843338,24.4734338315526,0],[108.7435705227078,24.47342936281407,0],[108.74347166767861,24.473424840715349,0],[108.7433724702699,24.4734344069209,0],[108.74327397274379,24.473415849511959,0],[108.7431751319578,24.473411398466851,0],[108.7430759863464,24.473418029346639,0],[108.74297680471329,24.47342524713342,0],[108.7428777582972,24.473427271508118,0],[108.7427789983857,24.473419793750558,0],[108.74268054238109,24.473403254322811,0],[108.7426321083498,24.473398503708321,0],[108.742611785431,24.473398381507721,0],[108.7425003919937,24.4733522092108,0],[108.74239978270479,24.473320681703111,0]]]}}]}